Price,Close,High,Low,Open,Volume
Ticker,BAC,BAC,BAC,BAC,BAC
Date,,,,,
2019-01-02,20.94508171081543,21.0961282347804,20.147894035119197,20.206633994318054,71836300
2019-01-03,20.60942268371582,21.012213928764947,20.517117723856536,20.928299019357055,66599600
2019-01-04,21.465354919433594,21.524094884176964,21.00382525312655,21.062565217869917,83829100
2019-01-07,21.448570251464844,21.633183386686014,21.222002059079433,21.448570251464844,57016300
2019-01-08,21.406612396240234,21.64157382767587,21.054171049358683,21.582832269409106,67339400
2019-01-09,21.61639976501465,21.691923028212095,21.305915060698045,21.540876501817202,69707200
2019-01-10,21.59122657775879,21.6331848388273,21.331091761310034,21.44857169121386,65235800
2019-01-11,21.842973709106445,21.851365362229338,21.36465908436662,21.42340065622687,63476000
2019-01-14,22.128280639648438,22.220585610925674,21.490529490021125,21.624792721464352,76715400
2019-01-15,22.279319763183594,22.49749785750435,21.859746874230655,21.994010070652113,80625500
2019-01-16,23.873699188232422,24.100267342925203,23.378603027031502,23.605171181724284,163131700
2019-01-17,24.326841354370117,24.33523300609266,23.5716103053243,23.781396796756134,107428800
2019-01-18,24.586971282958984,24.72123448282363,24.091875133254266,24.352011483467656,97928200
2019-01-22,24.410749435424805,24.58696927062046,24.242919649058358,24.318442892868912,84861400
2019-01-23,24.268104553222656,24.570197652399276,24.01636137093822,24.519847735507092,79425900
2019-01-24,24.402362823486328,24.503061036202247,24.117053088092316,24.125444739197295,59492300
2019-01-25,24.821935653686523,24.9394155674922,24.452711009598104,24.570192523947565,72182100
2019-01-28,24.863893508911133,24.89746011478697,24.578585361685832,24.603758715548846,59963800
2019-01-29,24.662494659423828,24.922631010971237,24.620538009454815,24.788367810418073,51451900
2019-01-30,24.393972396850586,24.729630455179205,24.293275779623936,24.68767379809208,66475800
2019-01-31,23.890487670898438,24.200972416283776,23.479306294959645,24.125449143096642,100201200
2019-02-01,23.814960479736328,24.20096843480378,23.756220521486544,23.999573606285736,64244100
2019-02-04,24.234527587890625,24.310050830417882,23.848521326567692,23.89047797217464,55195900
2019-02-05,24.15062141418457,24.234534730128836,23.974399929505015,24.20936137556312,46622600
2019-02-06,24.108661651611328,24.2513165205783,23.949225080828803,24.05831334507705,35606900
2019-02-07,23.697479248046875,24.033137276948214,23.4121695233448,23.949223970130678,62289200
2019-02-08,23.73943519592285,23.76460854530525,23.378602249701746,23.62195369681187,50031300
2019-02-11,23.840131759643555,23.88208840891519,23.672301961469863,23.781391810445836,47724400
2019-02-12,24.075096130371094,24.21775099627424,23.98278956992089,24.0163561739187,49178100
2019-02-13,24.083480834960938,24.326832241580007,24.049914240644757,24.226135659718086,48951200
2019-02-14,23.82335090637207,24.01635567425645,23.58839108545085,23.798177554441217,47756600
2019-02-15,24.427539825439453,24.595368059982665,24.058315148574106,24.133838414308926,65867000
2019-02-19,24.444316864013672,24.55340671616681,24.125442158848948,24.27648866149568,40841300
2019-02-20,24.67928123474121,24.712847839605825,24.34362318881414,24.419146449215706,42806300
2019-02-21,24.578584671020508,24.712847889663298,24.42753814991142,24.6121496754093,42754100
2019-02-22,24.402362823486328,24.561800993393284,24.30166461077041,24.3771878701714,47887800
2019-02-25,24.561800003051758,24.830326425408725,24.435928442639895,24.435928442639895,61227400
2019-02-26,24.578584671020508,24.86389281022857,24.301664981957966,24.352014889356873,53153200
2019-02-27,24.77998161315918,24.897461539358797,24.511453552419553,24.586976819417583,48128600
2019-02-28,24.526948928833008,24.92336052393191,24.467909075170976,24.881189659520558,62358100
2019-03-01,24.72093391418457,25.007700255231573,24.636590588809252,24.73780290100266,45771500
2019-03-04,24.484783172607422,24.914932835948502,24.265491092744377,24.73781162929479,56893200
2019-03-05,24.526948928833008,24.619726760996404,24.20644617664682,24.476343569796317,39932500
2019-03-06,24.32452392578125,24.59442129720328,24.290785949995882,24.467907105438606,41672000
2019-03-07,24.079933166503906,24.223316374379614,23.8353392287839,24.18114550506375,53908600
2019-03-08,24.164278030395508,24.181147022666767,23.624483147440404,23.666654019402905,40860700
2019-03-11,24.40887451171875,24.510085251727844,24.206451422984856,24.206451422984856,40709300
2019-03-12,24.40887451171875,24.560692230448097,24.366702029451872,24.459479881723297,34450000
2019-03-13,24.704071044921875,24.8896251076417,24.44260652766593,24.50164638358972,54683300
2019-03-14,24.84745216369629,24.99926985247087,24.66189810448035,24.720937959289266,45219100
2019-03-15,24.712507247924805,24.973971800273013,24.67877087231849,24.830588584335995,82346200
2019-03-18,25.15108299255371,25.26916268081628,24.737802474919622,24.77997333252337,58568600
2019-03-19,25.00769805908203,25.420978547540592,24.9149218571603,25.31133336028219,55455100
2019-03-20,24.15583610534668,25.01613514201577,24.12209973989513,24.98239877656422,81689900
2019-03-21,23.76786231994629,24.12210305378645,23.64978261157136,23.995588850711115,77444400
2019-03-22,22.781051635742188,23.675087265614977,22.52802159117894,23.540138552000805,118851600
2019-03-25,22.63766098022461,23.093112336681795,22.44367246930238,22.69670082192137,65568000
2019-03-26,22.949729919433594,23.067811215374785,22.67139807903271,22.899124569010272,59878500
2019-03-27,22.797916412353516,23.084682777946536,22.730442068020764,22.848521768424266,57621700
2019-03-28,23.050949096679688,23.118423453585446,22.789486164759314,22.941303869976164,45872300
2019-03-29,23.270240783691406,23.3461496350762,23.025645238403623,23.236502801424592,83446300
2019-04-01,24.07149887084961,24.24018394695647,23.489531577799625,23.531702444647475,91751100
2019-04-02,24.349830627441406,24.349830627441406,23.911246536528243,24.012457259837163,66694000
2019-04-03,24.32452392578125,24.661895640058788,24.20644422796292,24.518512460401432,63110600
2019-04-04,24.58599090576172,24.720939613990748,24.324527984657408,24.33296248001116,53712100
2019-04-05,24.526948928833008,24.881189659520558,24.44260559129495,24.729371973695127,46383400
2019-04-08,24.602855682373047,24.6281591641002,24.349827299962413,24.366694679065294,35272800
2019-04-09,24.366697311401367,24.518515000734713,24.240183106528715,24.4594751457085,40535300
2019-04-10,24.518518447875977,24.585992807208868,24.24862101054442,24.375135233204134,42669700
2019-04-11,24.518518447875977,24.872759236552557,24.45104408854309,24.670336158553887,50440100
2019-04-12,25.4462890625,25.48845992878869,24.93179612845775,24.93179612845775,100192000
2019-04-15,25.167959213256836,25.420987649038974,25.01614150830133,25.38725127500195,57438800
2019-04-16,25.201692581176758,25.345075773341033,24.459474745024565,24.71250315062488,105168400
2019-04-17,25.328208923339844,25.40411776835337,24.8474523686824,25.159522243595262,94831600
2019-04-18,25.328208923339844,25.437854139073043,25.15108774873649,25.260734573185093,61796600
2019-04-22,25.34507942199707,25.387251901478486,25.117354467659847,25.243868688672883,34763400
2019-04-23,25.36194610595703,25.48002582032902,25.235431896456266,25.29447175364226,41889700
2019-04-24,25.319774627685547,25.44628883413164,25.176391431389195,25.260734771925062,40078100
2019-04-25,25.370378494262695,25.572801534397268,25.21856081198294,25.226995306411293,43243800
2019-04-26,25.598102569580078,25.631838935351766,25.34507258707417,25.446284901819567,40627500
2019-04-29,25.952348709106445,26.28972048126019,25.648713309810326,25.66558230059689,68408600
2019-04-30,25.79209327697754,26.045121672157144,25.648710090718353,25.977647326194894,47764200
2019-05-01,25.522199630737305,26.05355998191587,25.454725274893747,25.775228062971756,56161000
2019-05-02,25.7246150970459,25.775220446796588,25.42941427418924,25.522192089328065,40634100
2019-05-03,25.901737213134766,25.97764604970169,25.72461766695543,25.859566352248798,35256100
2019-05-06,25.69931411743164,25.817395423288403,25.361942405087788,25.395680380679785,39882000
2019-05-07,25.235429763793945,25.44628729804733,24.990834251876663,25.43785280363136,58528400
2019-05-08,25.134218215942383,25.39568272476855,25.024573002578297,25.075178361922077,39903400
2019-05-09,25.058307647705078,25.117349106376693,24.695634053870997,24.81371375378371,44173500
2019-05-10,24.94866371154785,25.05830892294456,24.619726468642384,24.847451385960987,59649900
2019-05-13,23.826902389526367,24.4594750193368,23.658215711424095,24.425737040230192,72547000
2019-05-14,24.13896942138672,24.45103764783026,23.79316161109074,23.919677409140213,52216100
2019-05-15,23.860633850097656,24.029318873401134,23.62447288701485,23.700381710551646,51973200
2019-05-16,24.11366844177246,24.316091487451278,23.97871974465325,24.004021619916,42791500
2019-05-17,23.953420639038086,24.15584372171712,23.8016029248499,23.82690641345315,43772500
2019-05-20,23.953420639038086,24.05463298473543,23.818471917252065,23.953420639038086,41717600
2019-05-21,24.198009490966797,24.24861484542133,23.99558646443345,24.09679717334252,39258700
2019-05-22,24.029329299926758,24.14740902834646,23.911249571507053,24.046198292191185,29177600
2019-05-23,23.413618087768555,23.784727755560304,23.194326084469573,23.725686301479126,59772900
2019-05-24,23.76786231994629,23.83533666883416,23.497964924394807,23.557004778582275,35524400
2019-05-28,23.531705856323242,23.826906793203413,23.51483686365222,23.658220083924547,44273400
2019-05-29,23.40519142150879,23.489534775401506,23.093121494720442,23.21963732991735,49818900
2019-05-30,22.90755844116211,23.556999920729112,22.755740785292936,23.422051250782076,58649300
2019-05-31,22.43524169921875,22.66296821959307,22.334029376147285,22.350898364778413,68304200
2019-06-03,22.502716064453125,22.7641789536001,22.26655504955938,22.426807224262824,50109900
2019-06-04,23.548574447631836,23.573877936207097,22.890698223115944,22.92443620788296,58426400
2019-06-05,23.540132522583008,23.624475849167602,23.160588357309916,23.48109267658834,44874400
2019-06-06,23.64189910888672,23.77757864465304,23.35358474543234,23.540141478822434,38633600
2019-06-07,23.34510040283203,23.565577384183875,23.251821244496387,23.53165710209525,51317200
2019-06-10,23.80301284790039,24.142207581158154,23.607976078453188,23.624936219468093,48305800
2019-06-11,23.94717025756836,24.337245404844417,23.862371171864172,24.065888007109404,38691800
2019-06-12,23.701255798339844,23.972611591377106,23.624936779372103,23.913252713826218,33528900
2019-06-13,23.692771911621094,23.879328584934953,23.582532627575024,23.718210502241075,33404200
2019-06-14,23.77757453918457,23.88781222228848,23.557097555568657,23.667335238672567,37322100
2019-06-17,23.684295654296875,23.930211235181588,23.565577899208265,23.75213460254867,33410100
2019-06-18,24.269405364990234,24.422041771482835,23.599494397295096,23.76061249112435,60170700
2019-06-19,24.0150089263916,24.566200551016106,23.998048785964258,24.337245124879043,61953500
2019-06-20,23.972610473632812,24.260926394643942,23.616455607525417,24.24396625401787,60887200
2019-06-21,23.84541130065918,24.210044598980673,23.81149102133182,23.904770172074123,69444000
2019-06-24,23.726694107055664,24.06588884426359,23.65037508900787,23.811493195709666,40046400
2019-06-25,23.54013442993164,23.76061138559548,23.21789825726607,23.76061138559548,46901300
2019-06-26,23.66733169555664,23.8962887155058,23.61645289692611,23.69277190357583,42312300
2019-06-27,23.92172622680664,24.015005367927213,23.794528427265355,23.811488565179598,35575600
2019-06-28,24.59164047241211,24.820597513264207,24.362683431560008,24.60012054252604,101856900
2019-07-01,24.94779396057129,25.31242886841251,24.80363601136448,24.99867276105372,48029900
2019-07-02,24.718841552734375,24.956278695047317,24.532284837822342,24.879959671354165,32263500
2019-07-03,24.6340389251709,24.795157020685597,24.53228131977802,24.752758288006557,26642300
2019-07-05,24.812116622924805,25.074992318134623,24.718837472163152,24.89691570385286,33092000
2019-07-08,24.761240005493164,24.84603747649317,24.540763022595367,24.600121899258603,30924400
2019-07-09,24.8884334564209,24.94779232265459,24.540758710702615,24.56619730056974,28750100
2019-07-10,24.608596801757812,24.93083132914597,24.55771638895357,24.735794598952936,40574800
2019-07-11,24.896915435791016,25.01563317736731,24.617079603926953,24.6764384747151,37376800
2019-07-12,24.973236083984375,25.041075028964173,24.8969170687061,24.964756013685896,29632900
2019-07-15,24.778194427490234,25.041071719779666,24.659476693816174,25.015631512246163,46462100
2019-07-16,24.583162307739258,24.761240559118626,24.472924622529646,24.735800346804968,54920400
2019-07-17,24.752758026123047,25.117392945973652,24.591639932312976,24.676439014181852,84958300
2019-07-18,24.998674392700195,25.083473477310964,24.7442787562759,24.82907784088667,49468800
2019-07-19,24.930835723876953,25.1089139652674,24.913875583285854,25.049555090606596,44863200
2019-07-22,25.074996948242188,25.10891723383998,24.829081347291158,24.837561418690605,31224300
2019-07-23,25.65162467956543,25.67706488961369,25.18523215053652,25.227630883208978,64030300
2019-07-24,26.007780075073242,26.07561901920738,25.473548592192905,25.4989871853632,53171900
2019-07-25,25.72794532775879,26.194337886435022,25.617706027950028,26.067140062924057,43251900
2019-07-26,26.092578887939453,26.279135578014063,25.79578290391458,25.922980720665816,46978800
2019-07-29,25.880582809448242,26.160418662150978,25.85514259832689,26.050179364699815,39176700
2019-07-30,26.194345474243164,26.202825547254758,25.566834628062125,25.61771344872314,37598300
2019-07-31,26.01626205444336,26.338496658375373,25.939943034515856,26.14345988185315,60607600
2019-08-01,25.007152557373047,26.3469728164241,24.896914887964694,25.90601890397492,76913400
2019-08-02,24.913869857788086,25.015629060541183,24.515316349937745,24.896911338502285,57492300
2019-08-05,23.81148910522461,24.28636165573916,23.497733016326187,24.193084129910826,96207700
2019-08-06,24.099809646606445,24.159168524722404,23.480779035671294,24.09132957581729,65115800
2019-08-07,23.650375366210938,23.68429564903335,22.997426095960577,23.41293985608648,75388500
2019-08-08,24.065893173217773,24.15917234925697,23.80301740677175,23.836937695298143,53141900
2019-08-09,24.023488998413086,24.18460709766893,23.718212940330012,23.972610194535246,53499600
2019-08-12,23.438377380371094,23.61645562223976,23.285739349457387,23.599495481603117,55674700
2019-08-13,23.506214141845703,23.95564812251729,23.217898247438704,23.379016333703294,69919200
2019-08-14,22.403833389282227,22.96350509918658,22.28511563791102,22.844787347815373,106591700
2019-08-15,22.259674072265625,22.751506806118414,22.22575379256159,22.539509910192074,70192000
2019-08-16,22.92110824584961,22.99742726868372,22.420795370562995,22.4971143933971,70841700
2019-08-19,23.12462615966797,23.489261148256762,23.01438684723457,23.438380719099072,44964800
2019-08-20,22.658235549926758,22.946551558247055,22.64127702157326,22.912632884131533,47665000
2019-08-21,22.836307525634766,22.963505348830736,22.717589772972932,22.836307525634766,47785400
2019-08-22,23.056781768798828,23.15005929877948,22.861743404494817,22.971982690937242,49353700
2019-08-23,22.446229934692383,23.082220599132103,22.268153325005052,22.853265189163807,81880700
2019-08-26,22.7091064453125,22.72606496654038,22.46318928731808,22.64126750817746,41499100
2019-08-27,22.446229934692383,22.810864841089753,22.285113464234673,22.776946180038408,52517000
2019-08-28,22.768465042114258,22.963501781879977,22.225751934086066,22.23423200330299,45897900
2019-08-29,23.175500869750977,23.277260092648454,22.827826085747223,22.895665028542883,55432900
2019-08-30,23.32813835144043,23.48077637352353,23.192460469012772,23.31965828161271,41326200
2019-09-03,22.93806266784668,23.090700686212934,22.56494930896017,23.07374054697048,50743100
2019-09-04,23.31118392944336,23.387502959204085,23.03134802612348,23.167025941829582,40862500
2019-09-05,24.002574920654297,24.26718321313569,23.72942903866105,23.77210884587945,63413700
2019-09-06,23.669681549072266,23.976969682687788,23.53310940703611,23.917219574055515,56054100
2019-09-09,24.437898635864258,24.625686539773,23.87453818027453,23.900146065735242,68629300
2019-09-10,25.052471160888672,25.052471160888672,24.59153905910773,24.659825115512167,71066200
2019-09-11,25.146371841430664,25.154907804831105,24.668369287485852,25.0695514269638,53982200
2019-09-12,25.32562255859375,25.436586821149966,24.67690402500383,24.941512364998246,72943900
2019-09-13,25.75240707397461,25.88044324326742,25.496334735388984,25.60729898129123,79657000
2019-09-16,25.71826171875,25.75240556352851,25.300009388622026,25.334153233400535,43391300
2019-09-17,25.55608367919922,25.624369741593767,25.25733154569751,25.47926165549683,48284900
2019-09-18,25.607301712036133,25.735337894982635,25.223191535128233,25.410979456313605,66640400
2019-09-19,25.45365333557129,25.69265536389236,25.393903235508052,25.607297380344253,43035700
2019-09-20,25.257333755493164,25.71826430996672,25.240261831383844,25.581692173228756,167269000
2019-09-23,25.197586059570312,25.28294406021393,24.898833871351886,25.018334095411877,52048300
2019-09-24,24.7025146484375,25.300017470311058,24.531798626148685,25.265875242694484,64806900
2019-09-25,24.967117309570312,25.10368944494985,24.565936865401454,24.565936865401454,45807700
2019-09-26,24.86468505859375,25.035401025817865,24.796398997317727,24.932971119869773,33198100
2019-09-27,25.052471160888672,25.359757600674627,24.932969341129905,25.103685296174994,41336600
2019-09-30,24.89883041381836,25.197582560551083,24.822008386713712,25.17197467549346,39191000
2019-10-01,24.275718688964844,25.18904538028207,24.250110805146065,25.12929527943973,49434400
2019-10-02,23.763572692871094,24.156217147706126,23.737964808746483,24.070860790093754,52293100
2019-10-03,23.73796844482422,23.797718555532406,23.1831438950174,23.695290259480775,53015800
2019-10-04,24.21596908569336,24.241575341970133,23.763572897341657,23.772108858789974,42641800
2019-10-07,24.16475486755371,24.42936480522589,24.053790617741846,24.181826791545777,36742400
2019-10-08,23.584320068359375,23.83185805676532,23.439211985379227,23.789179879210973,58201100
2019-10-09,23.806249618530273,23.959893659053872,23.686749421708843,23.7550354810451,37511400
2019-10-10,24.284257888793945,24.540330248859046,23.93429157027308,23.93429157027308,48239300
2019-10-11,24.676902770996094,25.043941019986995,24.63422458635136,24.7451888432687,70008600
2019-10-14,24.87322425842285,24.890296182981768,24.523257945306757,24.531793907586213,36040100
2019-10-15,25.376832962036133,25.812157241155212,24.847616360174825,25.043938595443755,78656000
2019-10-16,25.75240707397461,26.221873570737657,25.73533515058404,25.92312305174384,87131700
2019-10-17,25.829233169555664,26.068235250464433,25.607303014726483,25.863375393646358,55575900
2019-10-18,25.906051635742188,26.025551845680216,25.69265747338528,25.718263730904425,48872900
2019-10-21,26.477947235107422,26.588911479742848,26.145051245064735,26.17919509145607,61087400
2019-10-22,26.631591796875,26.77669989067594,26.247481657970095,26.435267932507916,58662100
2019-10-23,26.819377899169922,26.836449822582328,26.537697675138112,26.5718398938947,47771200
2019-10-24,26.768163681030273,26.904735811805473,26.631591550255077,26.844985708099852,39491000
2019-10-25,27.075454711914062,27.186420604362002,26.751096253823874,26.768168180057174,43702000
2019-10-28,27.17788314819336,27.510777551112213,27.092525149784613,27.28884740647684,58790300
2019-10-29,27.374204635620117,27.43395474440663,27.15227449722139,27.263240380454935,48266600
2019-10-30,26.990097045898438,27.322989823113904,26.913275009591633,27.322989823113904,45262400
2019-10-31,26.69134521484375,26.990097401296506,26.307235028251863,26.81084543819748,49430900
2019-11-01,27.143735885620117,27.177879731919074,26.776699306315507,27.05837952600912,41985300
2019-11-04,27.6558837890625,27.74124014860364,27.39980819816627,27.519311660114827,54228600
2019-11-05,28.014385223388672,28.24485130823375,27.74124095752854,27.749775291276954,68785600
2019-11-06,27.988779067993164,28.21924515367802,27.886347525820003,27.963169554381622,47524500
2019-11-07,28.36435317993164,28.680175645316805,28.176565265095586,28.261924888265014,68310700
2019-11-08,28.389957427978516,28.39849501775909,28.108278831812168,28.227779039648585,38724000
2019-11-11,28.321672439575195,28.381422542331297,28.14242213130689,28.19363464444847,27784000
2019-11-12,28.244853973388672,28.441176229491873,28.159497603304427,28.278997823877088,37282200
2019-11-13,27.988779067993164,28.074135430334294,27.724169134917254,27.929028963127074,48887800
2019-11-14,27.911951065063477,28.048523169258832,27.732700788832535,27.903413476974873,35554600
2019-11-15,28.108280181884766,28.13388644018348,27.91195793727586,28.09974259169412,36398300
2019-11-18,28.133888244628906,28.193638355249224,27.954637912767964,28.04853187406755,31133700
2019-11-19,28.116819381713867,28.29607298923555,28.014391074656597,28.270463470368355,33183700
2019-11-20,27.90342140197754,28.02292487620814,27.672955300166475,27.98878102642797,43612200
2019-11-21,28.031465530395508,28.202181561648274,27.85221516284196,27.980249744178437,42787600
2019-11-22,28.321672439575195,28.441172645087402,28.11681261859971,28.133884541692368,38783900
2019-11-25,28.569217681884766,28.60335828058758,28.389964072043206,28.44971744608187,50238800
2019-11-26,28.466777801513672,28.509459235664014,28.2704555777399,28.49238731323113,50626600
2019-11-27,28.526531219482422,28.68017528311031,28.43264051938684,28.586284583014727,32097700
2019-11-29,28.441173553466797,28.611889533709448,28.372889115051635,28.48385173449334,19503400
2019-12-02,28.535076141357422,28.80822048995638,28.458254089805372,28.55214807016204,47158800
2019-12-03,28.031465530395508,28.08268131661258,27.78392744788587,28.05707179543531,58745100
2019-12-04,28.296066284179688,28.424100823627825,28.03999069301061,28.236316181209943,46637900
2019-12-05,28.399063110351562,28.51063483959886,28.321821647628724,28.459139439812166,38304500
2019-12-06,28.89682960510254,29.008401298541834,28.81100724024976,28.905413805935833,50908500
2019-12-09,28.75951385498047,28.922580943008096,28.699437540627212,28.750932927464397,32974500
2019-12-10,28.776674270629883,28.862499901301252,28.579280230955312,28.66510586162668,41960100
2019-12-11,28.871084213256836,28.974071708227246,28.733766461991813,28.733766461991813,43107800
2019-12-12,29.763652801513672,29.87522450339253,28.905415992413307,28.9912383637579,64942500
2019-12-13,29.557668685913086,30.00395213132478,29.480427257401196,29.772227845789114,48539600
2019-12-16,29.780818939208984,30.115530782268273,29.780818939208984,29.995378148750962,50777100
2019-12-17,30.072620391845703,30.270014476984166,29.815149988357007,29.909553292968944,50840500
2019-12-18,30.132694244384766,30.270011999936038,30.081198858335462,30.132694244384766,48757900
2019-12-19,29.99537467956543,30.235679918806984,29.943879296622235,30.1670226821294,45409500
2019-12-20,30.003955841064453,30.24426435609857,29.96104465856623,30.24426435609857,109395500
2019-12-23,30.18418312072754,30.201348247570515,29.99537327328122,30.072614707118003,33995400
2019-12-24,30.22709846496582,30.27859057309797,30.141272828223432,30.20134913698646,13805400
2019-12-26,30.48456573486328,30.51889598607761,30.287171701250333,30.3129177527046,26992100
2019-12-27,30.33867073059082,30.65622071595176,30.26142928468055,30.639055586425737,28111300
2019-12-30,30.16703224182129,30.59615074725878,30.115536842559614,30.52749021490988,30705100
2019-12-31,30.22709846496582,30.261425445749488,30.012539283979777,30.064031392111925,29630100
2020-01-02,30.587560653686523,30.604725783468357,30.287179067288793,30.33867118272055,37614200
2020-01-03,29.952468872070312,30.167028095297425,29.83231295697543,30.021126121067745,50357900
2020-01-06,29.909549713134766,29.95246417017468,29.497596462076224,29.531926718142792,42185000
2020-01-07,29.712154388427734,29.969624750153947,29.634912952518544,29.780814897641804,34149000
2020-01-08,30.012535095214844,30.20134492186987,29.65207401903192,29.66923914398471,45311600
2020-01-09,30.06403350830078,30.32150716273807,29.986792066752297,30.295757832946233,39861600
2020-01-10,29.815147399902344,30.098363836977832,29.746486885512212,30.038287523843227,39730400
2020-01-13,30.089784622192383,30.09836555002277,29.74648857853011,29.90097147078676,37956100
2020-01-14,30.31292724609375,30.613308853510105,30.132698281643936,30.29576211511082,66719300
2020-01-15,29.75506591796875,29.85805668299521,29.47184949892927,29.8408915554908,74745500
2020-01-16,29.797988891601562,30.029713268280783,29.69499809713463,29.95247180938771,50368500
2020-01-17,29.78939437866211,29.99537262239495,29.694987820030935,29.96962329573265,54156100
2020-01-21,29.4031925201416,29.626335930584432,29.368865534923536,29.540510282754994,50811000
2020-01-22,29.489013671875,29.566255106187885,29.377441983664564,29.497594598392784,38879700
2020-01-23,29.283039093017578,29.40319172280687,28.948327260343518,29.257293036323766,45717100
2020-01-24,28.785263061523438,29.300203832025705,28.553538732623345,29.283038703153817,47797200
2020-01-27,28.19307518005371,28.433383689940122,27.86694758092257,27.952769944080597,57096200
2020-01-28,28.527790069580078,28.7423492500032,28.278900634550073,28.338976943155483,38834600
2020-01-29,28.33039665222168,28.69943875539136,28.304650594670125,28.605035453064417,37414700
2020-01-30,28.733762741088867,28.768092992937856,28.03858987375538,28.06433919959863,50542800
2020-01-31,28.175914764404297,28.467712123597686,28.02143188370576,28.381889756060037,54845300
2020-02-03,28.296066284179688,28.665108343232784,28.25315182817227,28.321812338653466,48485500
2020-02-04,28.85391616821289,29.094224664068516,28.776674736315204,28.802424062889838,45061600
2020-02-05,29.78939437866211,29.87522001101459,29.24012342725868,29.26586948000787,54604800
2020-02-06,29.75506591796875,30.046866537717094,29.694989608659974,29.986790228408314,39511500
2020-02-07,29.70357322692871,29.74648440789166,29.386026559107002,29.454683793865065,31263000
2020-02-10,29.772228240966797,29.772228240966797,29.50617697449342,29.557669078242846,24373800
2020-02-11,29.840898513793945,30.072622878267016,29.83231431108342,29.909555765907776,32476300
2020-02-12,29.969627380371094,30.42449510905157,29.84947475261482,30.106948410850908,36656700
2020-02-13,29.961050033569336,30.064037544823673,29.652084225892363,29.832313189065946,31775100
2020-02-14,29.909549713134766,30.003956280361113,29.78081616375527,29.9352990421414,26447700
2020-02-18,29.411771774291992,29.89238549954784,29.18862840138589,29.840890119512625,40318000
2020-02-19,29.797988891601562,29.909557341402696,29.53193425010003,29.56626451492234,29632100
2020-02-20,29.909549713134766,30.10694704856081,29.57483790126929,29.57483790126929,42604100
2020-02-21,29.489013671875,29.729318901331435,29.30020054935168,29.63491234006978,46675500
2020-02-24,28.090087890625,28.50204112977732,27.90985896235461,28.476295075428215,79159600
2020-02-25,26.673999786376953,28.115836241163258,26.468023149978908,28.055759926833428,91586800
2020-02-26,26.28779411315918,27.12028490904592,26.227717795302794,26.940054318519874,80012800
2020-02-27,25.00043487548828,26.004571901042983,24.811623386829577,25.360894362532445,121148300
2020-02-28,24.459745407104492,24.67430457734225,23.773156717126287,24.030627066628973,171198800
2020-03-02,25.2064151763916,25.21499610374712,23.550017914126727,24.331013260019994,147776300
2020-03-03,23.816072463989258,25.532546155087584,23.70450239432889,25.206416874039927,138698500
2020-03-04,24.365339279174805,24.391086969362938,23.51568514644542,24.245186665543354,111239800
2020-03-05,23.130231857299805,23.622547942506216,22.802020035561128,23.527538997150028,110878700
2020-03-06,22.2060604095459,22.63791690896828,21.679196600483824,21.998769487511375,119121200
2020-03-09,18.941226959228516,20.288618821038757,18.578467421733237,19.200340208552916,145196000
2020-03-10,20.392261505126953,20.452721142790356,18.6475611023183,20.081324342970518,134863600
2020-03-11,19.58037567138672,20.694564692597552,19.22625343889784,19.727206961496886,127347000
2020-03-12,17.714752197265625,19.753115216828242,17.403815018714944,17.783849165010036,139552600
2020-03-13,20.8673038482666,20.945038142236104,18.552552977622845,19.16579000255985,128357400
2020-03-16,17.654293060302734,18.768481902907716,16.91149940029828,17.144702290867357,121688800
2020-03-17,18.98441505432129,19.5976522608014,17.300175363649252,18.18979887315123,120065700
2020-03-18,17.95659065246582,18.112057579139584,17.015143529366952,17.507459582337617,148272500
2020-03-19,18.310712814331055,18.785754216005067,16.41054391283201,17.498822285792208,122461300
2020-03-20,16.98923683166504,18.863494334354137,16.894227862999976,18.794397351889184,150910400
2020-03-23,15.615930557250977,16.989234322384036,15.503648595105037,16.63511213362915,181898500
2020-03-24,18.163883209228516,18.267527836561843,16.41918272423485,16.773304887860085,147882400
2020-03-25,18.22434425354004,19.08805723572296,17.628381834561324,18.751208052438415,146991300
2020-03-26,19.623559951782227,19.822215205802166,18.284805379910566,18.405724680042947,116111400
2020-03-27,18.65620231628418,19.174430478731335,18.22434578881187,18.725299294783674,91522800
2020-03-30,19.036237716674805,19.30398831924234,18.37117822724388,18.699388483868404,80449100
2020-03-31,18.336624145507812,19.42490257784104,18.103421271278926,18.8462148792369,95213700
2020-04-01,17.07560920715332,17.576562763454028,16.851043592618232,17.21380317803613,83961300
2020-04-02,17.766576766967773,17.95659468794189,16.92013839277976,16.971960713317305,70007400
2020-04-03,17.300174713134766,17.9134102491541,16.997874785949683,17.619747651020255,68293500
2020-04-06,18.474822998046875,18.65620360880043,17.97386945736862,18.163887396958255,97766200
2020-04-07,19.12260627746582,19.761753732687687,18.872130351217606,19.692656755025915,94560300
2020-04-08,20.25406837463379,20.38362498150105,19.355806158537717,19.355806158537717,81212300
2020-04-09,21.471906661987305,21.869213868902005,20.772297914747607,20.789572570892215,125275700
2020-04-13,20.660017013549805,21.4632704444133,20.53909770908501,21.4028107921809,83164700
2020-04-14,20.495908737182617,21.290524749220882,19.951770281528983,21.160968130960665,88991100
2020-04-15,19.165790557861328,19.56309771863762,18.923950342126826,19.139878576653516,99082200
2020-04-16,18.500734329223633,19.183066809083886,18.215709077337355,19.1312444853051,89213300
2020-04-17,20.107236862182617,20.21088148741667,19.269434296632333,19.295346276641652,92800300
2020-04-20,19.433542251586914,19.97768070977456,19.157154358704187,19.494001897229786,74446300
2020-04-21,18.690750122070312,19.321261908936094,18.569830820639417,18.91531571572907,78871300
2020-04-22,18.828943252563477,19.20034011623747,18.785758260351,19.13988046817926,49669500
2020-04-23,18.889402389526367,19.338531858380303,18.87212773565461,18.967135037145926,50614800
2020-04-24,19.15715980529785,19.260804470895312,18.716665858003005,19.096700142465625,47633500
2020-04-27,20.271343231201172,20.42681183259406,19.390357235644462,19.450816881207967,66916700
2020-04-28,20.63409996032715,21.428715867516473,20.599552302137123,21.1177803542,65504900
2020-04-29,21.402809143066406,21.687834372630405,21.169606233222634,21.515091110360533,73493900
2020-04-30,20.772294998168945,21.05732019492788,20.59955340318266,20.910488933118632,55244100
2020-05-01,19.934494018554688,20.262704201500878,19.70129113605517,20.193607234175275,51772600
2020-05-04,19.8049373626709,19.856759676188897,19.37308090608375,19.606283788017205,45886100
2020-05-05,19.57173728942871,20.314531028523614,19.537189624592745,20.279981716285768,45691900
2020-05-06,19.30398178100586,19.934491741764347,19.20033551815445,19.86539478233056,53874600
2020-05-07,19.727203369140625,20.18497181315946,19.528549791461415,19.571734778817184,51884300
2020-05-08,20.357715606689453,20.40090224610696,20.081327704024805,20.27134397525629,45181000
2020-05-11,19.502639770507812,19.969045588349186,19.485365114868838,19.960408260529697,68951800
2020-05-12,18.889402389526367,19.709928679614684,18.87212773565461,19.614919730721702,69588700
2020-05-13,18.025691986083984,18.78575874133639,17.896133711325664,18.70802443544216,112113400
2020-05-14,18.751205444335938,18.820304054805362,17.360628856669738,17.524734761731523,88359100
2020-05-15,18.518007278442383,18.742572857308968,18.33662669084168,18.483457967508222,64484000
2020-05-18,19.8049373626709,19.917219316526833,19.062143730172476,19.36444357926381,86589400
2020-05-19,19.183069229125977,19.865403442468143,19.165796217288616,19.571740825004703,62179000
2020-05-20,19.78766441345215,19.865398714125654,19.554461511431636,19.58901082168732,59789500
2020-05-21,19.77902603149414,20.09860054471598,19.67538140105582,19.70129173496455,57726000
2020-05-22,19.57173728942871,19.822214860947458,19.39899402304324,19.804940204828537,48107000
2020-05-26,20.970949172973633,21.247337029058695,20.469995771969067,20.51318075670677,119485500
2020-05-27,22.43926239013672,22.60336831442874,21.566912099555196,22.51699668862232,117672700
2020-05-28,21.471906661987305,22.577458296812125,21.41144701288306,22.525635975780183,84340800
2020-05-29,20.832754135131836,21.515086412567534,20.78093017932547,21.09186732455775,113811100
2020-06-01,21.25597381591797,21.48053935513703,20.772293432645444,20.970948640640227,58375500
2020-06-02,21.454631805419922,21.92967331314578,21.21279156386025,21.55827644651559,71118100
2020-06-03,22.447898864746094,22.57745547483348,21.92967077699486,22.024679726513064,86744600
2020-06-04,23.29154396057129,23.33503012181592,22.23916193776595,22.360924516363482,94545300
2020-06-05,24.44829750061035,25.231060145452172,24.24825681249475,25.178876411500315,118767900
2020-06-08,24.82227897644043,25.13538296909776,24.474383070769097,24.865765135204036,79598500
2020-06-09,24.543970108032227,24.822287257194454,23.961246428193014,24.10910173976091,77773400
2020-06-10,23.134990692138672,24.439595411707877,23.056714276253267,24.326528740366427,90415300
2020-06-11,20.81279754638672,22.343534194032692,20.59536339175901,21.72602033226671,149875500
2020-06-12,21.552074432373047,21.786902063282426,20.90846952094652,21.769508591323532,73729700
2020-06-15,21.87387466430664,21.891269794047673,20.604060053246872,20.664941348449616,76538900
2020-06-16,22.4392032623291,22.821887824779388,21.62165206563239,22.769704094092358,96796500
2020-06-17,21.743412017822266,22.526174518685732,21.673833165720865,22.526174518685732,58349500
2020-06-18,21.778202056884766,22.169582473981585,21.378122417109704,21.482491523669925,53419000
2020-06-19,21.960851669311523,22.16958827819052,21.299851578415808,22.12610210675823,127563600
2020-06-22,21.41291618347168,21.769508062781505,21.40421861825791,21.647743808679678,55484300
2020-06-23,21.560773849487305,22.100009681016388,21.53468115097159,21.75211532859583,46108300
2020-06-24,20.708423614501953,21.343332459368977,20.595358610257193,21.343332459368977,75437100
2020-06-25,21.49988555908203,21.543373379166223,20.482293793581956,20.612755594943817,65031900
2020-06-26,20.134401321411133,20.96934929362668,20.021336296899158,20.951954164043034,118139200
2020-06-29,20.3431396484375,20.734521803258424,20.090916883357018,20.36053477951643,66269200
2020-06-30,20.656246185302734,20.795403921629276,20.090917674114767,20.177891674041625,61716200
2020-07-01,20.230072021484375,20.934558150982834,20.203979328210064,20.899769552174547,57379900
2020-07-02,20.256162643432617,20.864977160894103,20.195279698684907,20.734517025644543,56000200
2020-07-06,20.577966690063477,20.943256108302688,20.404018716086398,20.71712440568881,59589000
2020-07-07,20.01263999938965,20.34313918795318,19.91696843951214,20.334441622610594,60645800
2020-07-08,20.090913772583008,20.169190191427273,19.743019499325577,20.0300324821243,52922600
2020-07-09,19.80389976501465,20.14309645652728,19.473398978354073,19.951755030859506,79385900
2020-07-10,20.891071319580078,20.917162353129115,19.725624266188635,19.751715299737672,81142900
2020-07-13,21.038928985595703,21.317244434383735,20.751915971671675,21.195481840261703,73598100
2020-07-14,20.995441436767578,21.004139002018256,20.395324364489163,20.778007282173412,67423100
2020-07-15,21.395519256591797,21.630348520973545,21.117203828683415,21.534676970545988,57384400
2020-07-16,20.81279754638672,21.065020303131565,20.473600796012597,20.656244689632217,78067100
2020-07-17,20.19527816772461,20.85627801628945,20.177884700863018,20.769304046419514,66659100
2020-07-20,20.508386611938477,20.612755721892604,20.099611053973817,20.169189907646327,61114000
2020-07-21,21.238971710205078,21.291155451228683,20.604064274595725,20.621457749009448,75499300
2020-07-22,21.14329719543457,21.160692326320298,20.84758660594114,21.08241589622551,52193700
2020-07-23,21.343334197998047,21.430306519629294,20.969347242977157,21.325939070115517,61047600
2020-07-24,21.178085327148438,21.595558473071222,21.108506469494642,21.360729206405598,50217600
2020-07-27,20.995441436767578,21.108508126135476,20.76930971692273,21.06502029988207,54721300
2020-07-28,21.18678092956543,21.36072722814499,20.943254120885246,20.98674028080747,48406500
2020-07-29,21.978240966796875,21.995636094308285,21.0389256467593,21.18678091282497,71393500
2020-07-30,21.60425567626953,21.69992722602728,21.178084972907136,21.499886562089184,61755900
2020-07-31,21.639041900634766,21.699924844912292,21.273752529422648,21.682529717975857,61955800
2020-08-03,21.734712600708008,22.013027985382678,21.473792342298143,21.769502853237615,58284000
2020-08-04,21.75210952758789,21.79559568795909,21.621649387583616,21.70862170832601,37985300
2020-08-05,22.08260726928711,22.25655521760216,21.96084470080092,22.021725985044014,51322600
2020-08-06,22.152189254760742,22.326137227716057,21.986940505233086,22.13479578457786,51999700
2020-08-07,22.708818435668945,22.778397282847827,21.96954214758672,22.0391209947656,63354500
2020-08-10,23.100200653076172,23.31763477504121,22.79579255054698,22.882766531111137,64051100
2020-08-11,23.413307189941406,24.135188435345665,23.291544607959484,23.7264128680558,81441000
2020-08-12,23.248058319091797,23.978637176923513,22.969742879706548,23.900360752235052,61971300
2020-08-13,22.917556762695312,23.195872173094184,22.734911237814362,23.039319340022143,55955500
2020-08-14,23.021928787231445,23.187179217079535,22.543574287907703,22.665336889432066,50931900
2020-08-17,22.526174545288086,22.969740350042372,22.473990820873077,22.882766370090234,57518700
2020-08-18,22.204374313354492,22.604452322783377,22.143491362497635,22.50008486766749,45850100
2020-08-19,22.178281784057617,22.682728911221727,22.08261023375192,22.31743949783456,59856000
2020-08-20,21.83038902282715,22.030428042977842,21.760810161083825,21.882572754411914,49403700
2020-08-21,21.726016998291016,22.117399080117558,21.65643814584304,21.726016998291016,55010700
2020-08-24,22.34353256225586,22.352230126872687,21.778204133288668,21.934755319719088,54579500
2020-08-25,22.61315155029297,22.778401968419182,22.37832227067534,22.647941810484134,57304700
2020-08-26,22.230466842651367,22.560967676822507,22.21307337155623,22.560967676822507,39478000
2020-08-27,22.65663719177246,22.804492476377842,22.126099007275048,22.169585172615683,52934800
2020-08-28,22.874074935913086,23.021930243786215,22.604457018811896,22.961048939172183,46466400
2020-08-31,22.38701629638672,22.73491054884252,22.343530136913735,22.69142438936954,49416200
2020-09-01,22.360931396484375,22.52618184606232,22.091313464250728,22.2478663471255,46109200
2020-09-02,22.63054656982422,22.75230916211659,22.16958557788883,22.204375837910025,57300900
2020-09-03,22.472900390625,23.31366449009466,22.297740716021938,22.945830509785395,86192500
2020-09-04,23.24359893798828,23.43627322698022,22.595509200445836,22.998375748906103,99621400
2020-09-08,22.31525993347168,23.050927990218806,22.23643823664544,22.893284596566325,74978600
2020-09-09,22.341535568237305,22.525451756906378,22.096312312898444,22.455388208301954,53822700
2020-09-10,22.017486572265625,22.67433284633509,21.964939338065076,22.507932992958942,56609600
2020-09-11,22.332773208618164,22.40283674402342,21.97369738086041,22.087549999476536,47708300
2020-09-14,22.551721572875977,22.761912175431736,22.367805422057096,22.481658038690725,47802400
2020-09-15,22.140098571777344,22.62178516165768,22.0612768868229,22.569237928503526,63820200
2020-09-16,22.420358657836914,22.69185471668842,21.938670269707032,22.14010444606157,64598600
2020-09-17,22.20140838623047,22.31526102586026,21.982459588872075,22.008732375469158,48862000
2020-09-18,22.07878875732422,22.40283360723056,21.982452453659807,22.02624153073943,94055800
2020-09-21,21.430706024169922,21.702203714587224,21.045357373387876,21.51828587041916,75218600
2020-09-22,20.966533660888672,21.544558251876513,20.852679370588554,21.25554595638259,68665300
2020-09-23,20.370996475219727,21.246791671899267,20.370996475219727,21.10666457406628,59950300
2020-09-24,20.44105339050293,20.86143454757768,20.099493909185473,20.476084318369377,53570700
2020-09-25,20.57242774963379,20.624974990593493,20.257140962982238,20.3885115710515,42111300
2020-09-28,21.097904205322266,21.290578526990593,20.835166342097583,20.91398636470771,47996900
2020-09-29,20.817649841308594,21.010324161146325,20.60745921863655,21.001566009729167,45695200
2020-09-30,21.097904205322266,21.29933667849096,20.817650039096847,20.826408190597217,56226100
2020-10-01,21.106664657592773,21.37816070191274,20.8964740100115,21.25554990843536,44782200
2020-10-02,21.203001022338867,21.39567703571699,20.642492628031853,20.703798024853334,51682100
2020-10-05,21.562076568603516,21.640896592516615,21.351884270013183,21.474496722598648,44396800
2020-10-06,21.34312629699707,22.061277977236525,21.26430460814674,21.824812910685534,67541100
2020-10-07,21.789777755737305,21.99121186502203,21.544556237306647,21.57082901688347,47648000
2020-10-08,22.10506820678711,22.15761544525994,21.728476045097526,21.851088495462925,52080600
2020-10-09,22.210166931152344,22.324019572794526,21.92991273285147,22.192650626146843,44511500
2020-10-12,22.490413665771484,22.621782568823008,22.105063435766944,22.157610662898307,48362900
2020-10-13,21.85108757019043,22.490417567618678,21.754749578364123,22.455384963155833,61186900
2020-10-14,20.686277389526367,21.535797887018116,20.660002939747585,21.325607300126745,127409500
2020-10-15,21.15045166015625,21.194242418105887,20.563668867204036,20.660006864246622,66832400
2020-10-16,21.229272842407227,21.325610837128128,20.966534982827678,21.194241907338355,58357700
2020-10-19,20.773862838745117,21.299340325619635,20.747590050191864,21.281824019619545,51377900
2020-10-20,21.141691207885742,21.439461647752847,20.913984302666993,20.92274245330384,62476400
2020-10-21,21.062870025634766,21.316851388829775,21.027839092697178,21.21175524912407,41564900
2020-10-22,21.781023025512695,21.816053957910725,21.01908061810978,21.06286970121893,55402000
2020-10-23,21.807296752929688,22.122583510417428,21.64089522309488,22.10506720823555,51007400
2020-10-26,21.492006301879883,21.52703722705405,21.150445176366688,21.430699259544415,59450200
2020-10-27,20.887712478637695,21.36064094158019,20.852679874484505,21.273062772090235,55009300
2020-10-28,20.55491065979004,20.721312198653507,20.248383707208138,20.5023634208398,81942500
2020-10-29,20.616220474243164,20.800136670356043,20.24838641157057,20.458577065891077,57490400
2020-10-30,20.756349563598633,20.87896037274162,20.353482851426403,20.572431679437162,66453400
2020-11-02,21.089143753051758,21.246787121966726,20.55490826293912,20.922742233591908,59756400
2020-11-03,21.62338638305664,21.842335207634722,21.465742962088907,21.527048365699255,65106200
2020-11-04,20.738826751708984,21.141691667075477,20.37975092003138,20.922742907738087,88845500
2020-11-05,21.553314208984375,21.710957566926222,20.896467997857552,20.93149892715224,74722600
2020-11-06,21.290578842163086,21.859845334541358,21.220515299569556,21.833572550097923,55454500
2020-11-09,24.31207275390625,24.758728465968666,23.033411008903656,23.296150547412115,178378800
2020-11-10,24.2244930267334,24.312072873333097,23.8041117675908,24.0756077886479,77694600
2020-11-11,23.944236755371094,24.320828893430615,23.751562446096067,24.303312591556573,48360900
2020-11-12,23.374967575073242,23.55888371190807,23.042164560163133,23.50633648287616,67912600
2020-11-13,23.646469116210938,23.8303852964115,23.436278480076,23.541372962920125,52421000
2020-11-16,24.15442657470703,24.52226054977146,23.80410890094244,24.39964978156546,57396700
2020-11-17,24.128150939941406,24.17194169104428,23.655222521154823,23.865413115109565,46402300
2020-11-18,23.62894630432129,24.460952138176836,23.611430005189415,24.198212662537397,54416700
2020-11-19,23.62894630432129,23.6552207530191,23.339934050430266,23.58515722693783,46423000
2020-11-20,23.480064392089844,23.60267683274443,23.322421018709992,23.41875900698578,40538000
2020-11-23,23.9880313873291,24.101885705395027,23.699019021353337,23.742809786165953,45421200
2020-11-24,25.380538940429688,25.389297090966533,24.452196699327317,24.460954849864162,80387800
2020-11-25,25.424333572387695,25.43309172426087,24.942645242043056,25.144077723786086,57249900
2020-11-27,25.38930320739746,25.485641216064746,25.231659800649833,25.371786902103988,25971600
2020-11-30,24.662389755249023,25.27544699026783,24.609842517244907,25.15283454099612,63567900
2020-12-01,25.12656021118164,25.43308880983036,25.10904390944252,25.170349295082968,50255100
2020-12-02,25.450607299804688,25.55570345572704,24.986436926468336,25.126564020733657,45257500
2020-12-03,25.477041244506836,25.64447989785216,25.230289633306242,25.503479457411206,54013700
2020-12-04,25.81192398071289,25.93529897183609,25.55635957811976,25.73261100617421,66188200
2020-12-07,25.63566780090332,25.688542547175665,25.28316669099123,25.468229143373375,42197800
2020-12-08,25.494667053222656,25.688542241150216,25.353666610937545,25.432979569830152,33869100
2020-12-09,25.380104064941406,25.776668873804645,25.33604205544901,25.776668873804645,54886300
2020-12-10,25.653291702270508,25.67091549604113,25.08928828016618,25.23028871547782,58859600
2020-12-11,25.177412033081055,25.336037930802433,24.93947318649899,25.274350455212485,40538400
2020-12-14,24.86897850036621,25.52110602857294,24.79847827247516,25.485856755056425,40267100
2020-12-15,25.23910140991211,25.39772731958265,24.895413059531123,24.98353875166562,43672700
2020-12-16,25.30960464477539,25.39773034741594,25.062854694411413,25.380104870716234,42463200
2020-12-17,25.406539916992188,25.485852871390755,25.142164522902135,25.30078875084151,43182700
2020-12-18,25.265539169311523,25.64447846210273,25.17741347875533,25.45941434384895,82817200
2020-12-21,26.20848274230957,26.42879614970712,25.31841637472052,25.644480957246373,93397400
2020-12-22,25.74142074584961,26.243736785809343,25.70617147055976,26.243736785809343,39054300
2020-12-23,26.481666564941406,26.746043619086112,25.847164660537846,25.900039399023736,52537200
2020-12-24,26.402359008789062,26.67554885528305,26.20848380750834,26.67554885528305,22632300
2020-12-28,26.552169799804688,26.92229637306424,26.428794835670775,26.64029549455369,32861200
2020-12-29,26.446420669555664,26.657921331307726,26.37592044897164,26.587421110723703,33291900
2020-12-30,26.41998291015625,26.63148357553986,26.38473363968792,26.437608385819352,26370100
2020-12-31,26.71079444885254,26.78129466514048,26.349480630269625,26.446419057987196,28716000
2021-01-04,26.46404457092285,26.93992061134701,26.217292973125822,26.842982183487862,51483900
2021-01-05,26.666736602783203,26.913488238701817,26.358297478099438,26.587423636982862,48507000
2021-01-06,28.332304000854492,28.746490898352842,27.63611286438884,28.111988924536583,107002800
2021-01-07,28.957996368408203,29.627747683872936,28.94037089145966,29.354561195460477,74358500
2021-01-08,28.667177200317383,29.08136744882231,28.29705231913765,29.01086555047443,44641400
2021-01-11,29.143051147460938,29.195927564360684,28.11198454992165,28.279423175055737,51868200
2021-01-12,29.662996292114258,29.93618612063972,29.257620439501547,29.45149394717265,68166200
2021-01-13,29.486745834350586,29.680622709892113,29.160682930525518,29.460309301037046,43172800
2021-01-14,29.953813552856445,30.288687525124892,29.45149587102188,29.504372301140243,48483500
2021-01-15,29.090179443359375,29.636559088028477,28.816992982740473,29.336932733818717,57684300
2021-01-19,28.878684997558594,29.610123841872245,28.376370642795337,28.640746088189232,78130200
2021-01-20,28.499746322631836,28.896311181266782,28.341120379177855,28.86987128288028,53920000
2021-01-21,27.997425079345703,28.623114279456164,27.962174131298944,28.499739323007955,49626600
2021-01-22,27.803550720214844,27.979802114539343,27.539175309585968,27.636113744550226,45314500
2021-01-25,27.459863662719727,27.583238636129085,26.939923873554648,27.556802102317334,48078400
2021-01-26,27.265987396240234,27.697801467114665,27.23954918260625,27.67136325348068,36373000
2021-01-27,26.287796020507812,26.816548540810984,26.146795572541354,26.71079736440718,63809200
2021-01-28,26.719608306884766,27.098547615650627,26.367107210657622,26.807734001156003,51223300
2021-01-29,26.12917137145996,26.878237338373108,26.076296621106682,26.790111633878972,64019100
2021-02-01,26.402359008789062,26.4728609156453,26.058670617154792,26.323047725291747,40985300
2021-02-02,27.34530258178711,27.495115776189824,26.913488475769405,26.948737749292267,53527000
2021-02-03,27.829988479614258,27.962176182772243,27.213110290399875,27.239548503374607,49404900
2021-02-04,28.640748977661133,28.667185516352763,28.006246836188073,28.02387063502974,51751900
2021-02-05,28.526174545288086,29.002052236954462,28.482112543107558,28.984426763739194,42008800
2021-02-08,29.16068458557129,29.328121575586508,28.552620752837687,28.579057287651665,46014100
2021-02-09,29.037303924560547,29.09899140153091,28.720052122018462,29.054929398225703,35868600
2021-02-10,29.06374168395996,29.45149203585399,28.957992199209862,29.18711664312099,45031900
2021-02-11,28.975618362426758,29.354557666981187,28.68480307030637,29.054931318303627,29479900
2021-02-12,29.40743064880371,29.47793254792934,29.00205481397809,29.081367769636632,37468300
2021-02-16,30.2005615234375,30.45612587634817,29.698247236249344,29.94499717052683,52802600
2021-02-17,30.323938369750977,30.45612776371468,29.777562040685137,29.997875456147355,45455300
2021-02-18,30.13006019592285,30.535439417888117,29.98024869345857,30.01549964523221,37541700
2021-02-19,30.438499450683594,30.605936420614658,30.121247624106317,30.138873099106792,54514100
2021-02-22,30.97607421875,31.06419825919581,30.323944889614392,30.359195850479377,56783400
2021-02-23,31.302133560180664,31.628196505949845,30.96725619436254,31.214006168272597,67440700
2021-02-24,32.06001281738281,32.18338780624416,31.372632596743927,31.496010947321597,58139500
2021-02-25,31.66343116760254,32.63280844770191,31.513616359316906,32.57112098597093,74762000
2021-02-26,30.58831787109375,31.751572590771694,30.561881333465376,31.487197129338778,70933300
2021-03-01,31.540063858032227,31.769188290956752,31.055375100976825,31.302125007467136,45901700
2021-03-02,31.310935974121094,31.67224977690119,31.28449944470546,31.416688815214293,41167400
2021-03-03,32.09526062011719,32.5799528819383,31.584135182719024,31.698699113850953,66047000
2021-03-04,32.325523376464844,32.65320581816095,31.811855903912768,32.00669575604125,96512800
2021-03-05,32.70634078979492,33.299711714814734,32.03325959122688,32.794902505095145,74292300
2021-03-08,32.88346862792969,33.41484569318675,32.608921896446176,33.104876301522296,65335500
2021-03-09,32.166107177734375,32.91003711067724,31.714437001282267,32.36980183600988,63946000
2021-03-10,33.09602355957031,33.23772435889682,32.210392719176255,32.360951718818285,53365600
2021-03-11,32.980892181396484,33.46798844132584,32.63549333464073,33.00746002406486,45834000
2021-03-12,33.6008186340332,33.81337143218616,33.28199450442194,33.58310561931945,46069600
2021-03-15,33.432559967041016,33.71596152960116,32.96317676250323,33.680535489677865,50131600
2021-03-16,33.335147857666016,33.40599995411492,32.74177675276903,33.140307970845434,50300400
2021-03-17,33.60968780517578,33.9727962793434,33.060597683403266,33.65396866721316,63796000
2021-03-18,34.4864616394043,35.398663647595995,34.02593322462312,34.10564013061243,95439700
2021-03-19,34.12334442138672,34.46873979950064,33.237713860720255,33.910794978737755,106252700
2021-03-22,33.35284423828125,33.99049927446771,33.12258179655404,33.72481080219409,54701300
2021-03-23,32.679771423339844,33.49454997693796,32.57349331585187,33.0871607001389,49838000
2021-03-24,32.679771423339844,33.46798213927233,32.67091322517615,32.9543147549853,43896800
2021-03-25,33.35284423828125,33.43255111780456,32.44064591139068,32.653195337844686,47517900
2021-03-26,34.256187438964844,34.327036121008895,33.72481049919179,33.963927757201134,66846000
2021-03-29,33.92851638793945,34.21191796718211,33.529981861375305,33.69825049329647,45680000
2021-03-30,34.53074264526367,34.94698677894097,34.211915051187084,34.211915051187084,56705900
2021-03-31,34.265045166015625,34.53073703686846,34.06135054253093,34.20305129705996,49270000
2021-04-01,34.97356033325195,35.000128175061775,34.29162424002272,34.38904416454308,65587000
2021-04-05,35.24810028076172,35.673202600455014,35.07097346961962,35.42522709190382,50328500
2021-04-06,35.15068435668945,35.55807708209517,34.94698968319325,35.008983567369775,42590100
2021-04-07,35.46950912475586,35.558074222466445,35.062119810526255,35.22153360799228,43136400
2021-04-08,35.15953826904297,35.292380842473925,34.734435952920705,35.248099984663604,45285900
2021-04-09,35.41637420654297,35.584642828193914,34.991268485211855,35.34552212685008,45872900
2021-04-12,35.478370666503906,35.761772249053806,35.29238563299469,35.41637678147195,45544600
2021-04-13,34.822998046875,35.26581338661493,34.71672331129304,35.25695856632182,46770400
2021-04-14,35.31895065307617,35.71748511432052,34.46874267628399,34.52188173058749,52023800
2021-04-15,34.3093376159668,35.283530114431414,33.69825022070716,35.18611018890229,118128900
2021-04-16,34.67245101928711,34.911568388820385,34.45989811719626,34.81415182787642,60633400
2021-04-19,34.69015121459961,34.92041707734108,34.56616346316013,34.884991040240415,42321100
2021-04-20,33.72482681274414,34.53960563164692,33.55655477696922,34.53960563164692,50834100
2021-04-21,34.291622161865234,34.34475784226473,33.13144471588931,33.432559292334275,37851800
2021-04-22,33.97279739379883,34.33590587987798,33.80452538275825,34.31819285879932,48093400
2021-04-23,34.699005126953125,34.84070587943962,33.848800612034154,33.93736231543355,48674100
2021-04-26,34.9027099609375,35.29238629970163,34.78757701009746,34.84957089630054,34699800
2021-04-27,35.31895065307617,35.354373310865746,34.99126488582373,35.13296565222031,34304800
2021-04-28,35.45179748535156,35.62006948834599,35.318954901233674,35.3632357626063,34084400
2021-04-29,36.40827560424805,36.4259886221916,35.83261434552693,35.91232123706658,44008700
2021-04-30,35.89460754394531,36.22229330211829,35.84147186952685,36.16915424928716,39203400
2021-05-03,35.92118453979492,36.3551417166347,35.79719339657035,36.19572791090202,41940500
2021-05-04,36.31085968017578,36.381711759726606,35.23038911591738,35.637781816508436,53880000
2021-05-05,36.6562614440918,36.8068204498978,36.098313045845025,36.48799279375679,37471100
2021-05-06,37.20534133911133,37.24962557341212,36.523408725927396,36.73595818555511,39044400
2021-05-07,37.355899810791016,37.41789368389961,36.408275317945154,36.42598833574942,39249200
2021-05-10,37.24076843261719,38.02897917640851,37.22305541407647,37.63930290375124,41271500
2021-05-11,36.815673828125,37.49760998180902,36.611979139894224,36.797960805877075,42964700
2021-05-12,36.47026062011719,37.692431534085756,36.34627290303856,37.53301778972412,47533000
2021-05-13,37.05479431152344,37.276202020512365,36.11602440918151,36.18687649769647,42026100
2021-05-14,37.515323638916016,37.621598395788446,37.12564389969441,37.24963505752813,30932600
2021-05-17,37.85186004638672,37.94927659180429,37.338192585610955,37.40904466781998,32656400
2021-05-18,37.33818054199219,38.037829425271525,37.320467527153355,37.8164218074043,37880300
2021-05-19,37.169925689697266,37.19649353255681,36.58540949789362,36.88652410448419,42672800
2021-05-20,37.08136749267578,37.31163343507829,36.71825893280783,37.10793871890008,36871100
2021-05-21,37.55074691772461,37.72787037332581,37.09907332206682,37.21420627093829,40243800
2021-05-24,37.75443649291992,37.887279066670786,37.417895891607834,37.71015563500296,31390800
2021-05-25,37.20534133911133,38.31237962837617,37.13449264537301,37.80757043874442,52657700
2021-05-26,37.23191452026367,37.41789615185616,36.895373916610886,37.214201501291114,41332800
2021-05-27,37.68358612060547,37.949274658527706,37.30276464416547,37.621592241037376,52981100
2021-05-28,37.54188537597656,37.825286933806545,37.240770798480575,37.781006073848054,38509700
2021-06-01,38.011268615722656,38.330096213245675,37.87842603569677,38.03783983445828,42890700
2021-06-02,38.02898025512695,38.23267490650389,37.727865688219104,38.170681029059295,34180500
2021-06-03,38.46477127075195,38.67821889310622,37.9578369843748,38.03787941867829,46981200
2021-06-04,38.48255157470703,38.589273669375665,38.09123496583256,38.45587189919843,37192600
2021-06-07,38.349143981933594,38.58927122419822,38.295784634297455,38.482549136291944,28401900
2021-06-08,38.135704040527344,38.45587373243029,37.73549192564867,38.11791645846225,41871400
2021-06-09,37.63766098022461,38.002297921862585,37.45089646215903,37.77106614606248,42366300
2021-06-10,37.077369689941406,38.20685585041183,37.015114841088575,38.028983399703094,40123600
2021-06-11,37.22855758666992,37.25523726336126,36.917279990522005,37.184090327972896,31203600
2021-06-14,36.78388214111328,37.27302882426575,36.51707516781509,37.219666072552215,36050700
2021-06-15,36.81056594848633,36.96175873231164,36.3747819681798,36.712735922358505,39247900
2021-06-16,37.015113830566406,37.34417904281619,36.1702222572418,36.71273169040712,63859100
2021-06-17,35.39647674560547,37.44200114435259,35.325329811435346,37.370854210182465,80728200
2021-06-18,34.48933029174805,34.951797236157695,34.23141883973641,34.693882391511764,102774200
2021-06-21,35.352012634277344,35.37869231288655,34.711673206579434,34.79171563504167,48119400
2021-06-22,35.547672271728516,35.80558374496409,34.93401252930406,35.46762984413553,44113200
2021-06-23,35.75222396850586,35.94788059494212,35.63660637608816,35.716648802741254,32039900
2021-06-24,36.312522888183594,36.47260435737722,35.73443828795515,35.96567009246569,37161800
2021-06-25,37.015113830566406,37.20188176466091,36.3214150236388,36.7038395948001,53178800
2021-06-28,36.96175003051758,36.97953761222906,36.5526424364221,36.87281212196016,34416500
2021-06-29,36.36588668823242,37.30860839050348,36.24137697885674,37.024013799749035,38519600
2021-06-30,36.66826248168945,36.78388007425494,36.214690991831844,36.250262765007385,29159800
2021-07-01,36.943965911865234,37.08626318626147,36.65047587506602,36.96175349524409,28045100
2021-07-02,36.59712219238281,36.88171678530506,36.55265153072265,36.79277885461988,28980800
2021-07-06,35.63660430908203,36.35698610717607,35.458731883210554,36.2947312670162,47578700
2021-07-07,35.352012634277344,35.57435233637972,35.005163241819176,35.191927777352866,43499900
2021-07-08,34.48933029174805,34.89843788390978,34.222523352605556,34.3470330313631,52793100
2021-07-09,35.609928131103516,35.78780057444999,35.04073902650255,35.26307873252697,43887200
2021-07-12,36.134647369384766,36.29473221759839,35.25418070420985,35.38758587526601,42624500
2021-07-13,35.44984817504883,36.001249772325764,35.20082875549831,36.001249772325764,54338100
2021-07-14,34.56047821044922,35.1741344669873,33.608864711804316,34.782817876350066,105651700
2021-07-15,34.53380584716797,34.97848527311058,34.08023093283103,34.14248578105221,54697300
2021-07-16,33.72449493408203,34.94291932537385,33.43100819968611,34.88066446072515,60469700
2021-07-19,32.844017028808594,33.12861154110669,32.470484611020964,32.68393219156164,83251500
2021-07-20,33.519920349121094,33.9023447721715,32.559414941730196,32.781754564776556,59462900
2021-07-21,34.20473861694336,34.480441066156196,33.77784680026949,33.840101644828096,49907400
2021-07-22,33.76006317138672,34.15138326031463,33.511043763985306,34.11580808993301,52715600
2021-07-23,33.52882385253906,34.03575804291047,33.404314176677204,33.973503204979544,48659400
2021-07-26,33.9112548828125,34.0090849019681,33.493255125560346,33.493255125560346,32258000
2021-07-27,33.7778434753418,34.009078640341755,33.315376537976135,33.54661170297609,39121400
2021-07-28,33.9112548828125,34.24031671690735,33.573297560084484,33.96461424407201,43331100
2021-07-29,34.400390625,34.66719752418981,34.12468824001139,34.284773058052025,43039100
2021-07-30,34.11581039428711,34.53381019291757,33.840107894159644,34.249212203276365,46210100
2021-08-02,33.76006317138672,34.640529978839545,33.71559590472718,34.15138326031463,49894000
2021-08-03,34.28478240966797,34.35593274493044,33.395423574695336,33.84899848040682,39680600
2021-08-04,34.035762786865234,34.48044220128578,33.67112580274577,33.8223151751841,42289800
2021-08-05,34.70278549194336,34.738360663002865,34.28478571358183,34.30257329911158,34754500
2021-08-06,35.707763671875,35.93899550917413,35.102999306464724,35.102999306464724,58022300
2021-08-09,36.17021179199219,36.428126594223606,35.396470777931675,35.61881042275867,56340100
2021-08-10,36.84613037109375,37.015107298887145,36.09017685040831,36.20579103607184,44987300
2021-08-11,37.30860137939453,37.52204558603193,36.89060166849744,36.997323771816134,58458200
2021-08-12,37.486480712890625,37.61099042178471,37.14852336543873,37.55762766398648,37400100
2021-08-13,37.02400588989258,37.55761978539641,36.84613346051316,37.43311010262114,41344900
2021-08-16,36.72163009643555,36.7305221927491,36.116865768064265,36.60601248854942,38599100
2021-08-17,36.54375076293945,36.970642551030735,36.125751069489205,36.50817559910659,43526900
2021-08-18,36.27694320678711,36.935066763408365,36.161325622600124,36.25915562517109,50342500
2021-08-19,35.743324279785156,36.170216040883645,35.58323944529396,35.68106944333126,51883900
2021-08-20,35.903411865234375,35.992349776007416,35.49430765358159,35.65439250033866,40415000
2021-08-23,36.383670806884766,36.5526477688433,36.10796833908786,36.13465141186486,35364500
2021-08-24,36.89060592651367,37.068478380998364,36.49928924075526,36.55264860225625,35579300
2021-08-25,37.486480712890625,37.75328771661155,36.94397121616485,37.05069333912619,51219900
2021-08-26,37.38864517211914,38.10013154131604,37.37085758880989,37.79774941032803,41184500
2021-08-27,37.788856506347656,37.93115377714202,37.29970645739715,37.45979131112013,46468600
2021-08-30,37.050689697265625,37.91336887071437,37.02401001730652,37.91336887071437,44855600
2021-08-31,37.1307373046875,37.41533190603117,36.78388784633961,37.059586958033954,54654600
2021-09-01,36.632694244384766,37.15741616510553,36.490396946865665,37.130736482019195,52361900
2021-09-02,36.66844177246094,37.08858346436763,36.3287526724083,36.74889436431499,44538900
2021-09-03,36.69525909423828,36.82040681583791,36.364511057150736,36.668442699615404,41812400
2021-09-07,36.936622619628906,37.41039718507753,36.811474878568525,36.87404874909871,43748600
2021-09-08,36.45390319824219,37.08858632064462,36.36451293819557,36.72208079842173,36064400
2021-09-09,36.58799362182617,36.96343682270508,36.257245552953805,36.34663581696688,36266400
2021-09-10,35.998008728027344,36.963436529794144,35.97119233103992,36.847229869502,40514700
2021-09-13,36.596927642822266,36.614806375849945,36.06951695357455,36.292996001391046,42036300
2021-09-14,35.61362075805664,36.927678634248714,35.45271557280783,36.766773448999906,53820400
2021-09-15,35.88179397583008,36.06057788913161,35.461652291074415,35.51528848807073,52358200
2021-09-16,36.15892028808594,36.480730748601204,35.93544118050818,36.18573668978869,42922000
2021-09-17,36.203609466552734,36.35557359787435,35.82816626444994,36.060582997653576,92746000
2021-09-20,34.961063385009766,35.27393269330545,34.29062623007356,35.202421169989165,67566200
2021-09-21,34.978946685791016,35.39908503893139,34.80910040194987,35.10409442545071,38271100
2021-09-22,35.88179397583008,36.22148307010103,35.53316722040283,35.53316722040283,46261400
2021-09-23,37.26736831665039,37.43721459149322,36.33769798128001,36.43602590721748,49779800
2021-09-24,37.66963577270508,37.84841973101816,37.23161865535941,37.29419252926594,39042300
2021-09-27,38.670814514160156,38.822782046096215,38.11658740773054,38.15234487524724,49755400
2021-09-28,38.58142852783203,39.3680758502124,38.492038259161156,38.8227863452676,60781200
2021-09-29,38.5009765625,38.72445564791503,38.20598594296268,38.59930790568585,44260200
2021-09-30,37.946739196777344,38.751261642245055,37.75007656320956,38.751261642245055,47410800
2021-10-01,38.50991439819336,38.822783727464966,37.89310999188657,37.973562592273545,40987100
2021-10-04,38.74233627319336,39.394894825224384,38.50097843997305,38.536735913788,48273400
2021-10-05,39.52897644042969,40.002750947031785,39.03731979015985,39.12671345839972,54070700
2021-10-06,39.5468635559082,39.59155869449124,38.9300590493926,39.19823329091132,47031700
2021-10-07,39.4395866394043,40.11002387185347,39.35913403510959,40.03851234026934,46258800
2021-10-08,39.636253356933594,40.05639515661218,39.260806695301135,39.394895519459965,39389400
2021-10-11,39.13565444946289,40.0563905555513,39.10883805171956,39.868665541287804,36283500
2021-10-12,38.92112350463867,39.332324258022126,38.6797656511256,39.037330189277036,36898300
2021-10-13,38.56354904174805,39.01050719644614,37.839479013550005,38.93005459219968,43908000
2021-10-14,40.28881072998047,40.31562713001166,38.867483557981174,39.66306858576323,82201000
2021-10-15,41.45089340209961,41.719067581149616,40.54803953695998,40.91454504399959,64264900
2021-10-18,41.370445251464844,41.91573473978693,41.14696617658006,41.37938632407147,49542500
2021-10-19,41.54922866821289,41.68331747545697,41.29893319871198,41.5671074031801,32515500
2021-10-20,42.09451675415039,42.22860555694923,41.16484302679553,41.55816836299484,40411000
2021-10-21,41.86210632324219,42.44314993271106,41.66544362556512,42.10346074854714,36848600
2021-10-22,42.523597717285156,42.56829284985976,42.005128041383735,42.005128041383735,36225600
2021-10-25,42.4699592590332,42.89010098498883,42.192847405760226,42.72919578824071,31679500
2021-10-26,42.872230529785156,43.292372336872646,42.40739358386337,42.604056286758876,35674800
2021-10-27,42.04982376098633,43.059946729350045,42.04088268833457,42.443145707161754,45790800
2021-10-28,42.71131896972656,42.90798164346552,42.28223956249431,42.541476103328385,37209600
2021-10-29,42.71131896972656,43.02419171522217,42.47890223623326,42.6845025724058,31756200
2021-11-01,42.773895263671875,43.05994821805641,42.264363225548145,42.99737434741106,36937200
2021-11-02,42.80071258544922,43.28342478666083,42.32693463663894,42.523597310108116,36283400
2021-11-03,43.238731384277344,43.52478433348331,42.55935648241821,42.72919935537796,42553000
2021-11-04,42.30905532836914,43.04206633862438,41.90679235688281,43.04206633862438,47646300
2021-11-05,41.98725128173828,42.74707880131445,41.85316246768593,42.55041611670971,38271200
2021-11-08,42.3179931640625,42.72919379882052,42.237540569434216,42.32693082567911,33815500
2021-11-09,41.90679931640625,42.33587875390963,41.486657541967,41.701198965728814,36900300
2021-11-10,42.219661712646484,42.47889822902572,41.7011920899077,41.79058234589103,39385600
2021-11-11,42.452091217041016,42.80965573002334,42.02300834542953,42.291185992691815,31194800
2021-11-12,41.93360900878906,42.487836100669064,41.79952021413146,42.469957367380076,44268500
2021-11-15,42.05876159667969,42.3626932777086,41.92467619653228,42.246483202898105,35335500
2021-11-16,42.085575103759766,42.26435561052299,41.736944931524484,42.174965357141375,35120800
2021-11-17,41.57604217529297,42.192846553711526,41.522409384139905,42.085577561385605,32963700
2021-11-18,41.406211853027344,41.84423243680559,41.30788049279014,41.754838741125944,30639000
2021-11-19,40.58380126953125,40.914549344792675,40.07426925277012,40.85197547677078,48429500
2021-11-22,41.370445251464844,41.897856004593734,41.039697175440985,41.76377060567491,53697100
2021-11-23,42.46102523803711,42.595114050165286,41.71907305496279,41.89785700112697,49362900
2021-11-24,42.57723617553711,42.89010553013612,42.20178953999808,42.389511152757485,40060000
2021-11-26,40.90560531616211,41.15590418018187,40.00275142136242,40.691067329882095,55110100
2021-11-29,40.75364303588867,41.74589064484856,40.37819642789468,41.49559176951257,50231100
2021-11-30,39.7524528503418,40.422889972432,39.65412152683211,40.011685945935156,77193600
2021-12-01,39.18928909301758,40.85197388723635,39.16247269634306,40.4228944903444,60601600
2021-12-02,40.321041107177734,40.86895511964842,39.52162692889078,39.81804077554519,57821400
2021-12-03,39.40486145019531,40.48272479542076,39.162341940537104,40.41984974770564,74605300
2021-12-06,39.6563606262207,40.31205992641056,39.48569686459315,40.02463019006522,48193100
2021-12-07,40.159366607666016,40.33901107479122,39.907866409550664,40.02463582714703,40740800
2021-12-08,39.66535186767578,40.240211493428035,39.60247681026123,40.1324261702079,50560300
2021-12-09,39.96177291870117,40.17734360359897,39.207268668690354,39.440804148402016,37316700
2021-12-10,39.988704681396484,40.267153765850615,39.584505502812455,40.15936503393949,37700200
2021-12-13,39.144378662109375,39.88091783623443,38.97371488972212,39.764148427722034,38653900
2021-12-14,39.63840103149414,40.25817083921418,39.09946763542902,39.153362002965494,47099400
2021-12-15,39.46773147583008,39.925824966816414,39.180301743868434,39.85396582060966,60057100
2021-12-16,40.41984558105469,40.743204893932365,39.602466618584,40.150380629134204,69487200
2021-12-17,39.41384506225586,40.150384263171766,39.18030623673633,39.970739803487454,124242400
2021-12-20,38.76713180541992,38.946776290254725,38.35395188880337,38.86593644340074,56455200
2021-12-21,39.692283630371094,39.952767879067615,39.10844352371583,39.10844352371583,47845600
2021-12-22,39.77313232421875,40.04260073894716,39.41384681530292,39.593491282977446,35715700
2021-12-23,39.898887634277344,40.48273137385864,39.88092626895412,40.13242650068333,34053500
2021-12-27,40.096492767333984,40.25817244997914,39.80008230010673,40.0156529260114,33879200
2021-12-28,40.150386810302734,40.49171096271314,39.89888318021614,39.943796867811336,32492400
2021-12-29,40.08750915527344,40.527634483075836,40.060560259180285,40.28511497683585,25294900
2021-12-30,39.99768829345703,40.50967281503632,39.952778031753,40.19529755667477,23852200
2021-12-31,39.96177291870117,40.16836291940917,39.77314428637277,39.98871839770483,24253900
2022-01-03,41.47975158691406,41.75820069628473,40.40188815638357,40.50069278959359,58587900
2022-01-04,43.10552978515625,43.5007448975896,42.252221080206105,42.27018587073945,74606700
2022-01-05,42.37797164916992,43.446850999297695,42.36000685844087,43.24026104556376,57791600
2022-01-06,43.23128128051758,43.258226753966035,42.38695323050787,43.09654706040816,52040900
2022-01-07,44.174400329589844,44.29116973159394,43.16839624502737,43.24923607311747,59082600
2022-01-10,43.949859619140625,44.982812926088165,43.419910227769655,44.83011390157424,66839500
2022-01-11,44.201351165771484,44.2372807440497,43.68936666782302,44.00374533810765,40454400
2022-01-12,43.8869743347168,44.354048556142004,43.725294664745256,44.165419990219846,41378000
2022-01-13,43.79715347290039,44.452856306368986,43.68038747915572,43.94086836449124,46337500
2022-01-14,43.03366470336914,43.32109445949738,42.3869460388641,42.6833599022399,72953300
2022-01-18,41.551605224609375,43.042648476560224,41.36298007605472,42.979773427042005,65877400
2022-01-19,41.71328353881836,43.63547481953714,41.632443702589846,43.46481103948077,84451800
2022-01-20,41.093509674072266,42.26119341668284,41.01266984585284,41.937834103805166,46265300
2022-01-21,40.347991943359375,41.336034803913265,40.114456533516886,40.931835607615454,71303600
2022-01-24,40.01565933227539,40.14140945525716,38.2551507576628,39.43181898608374,90672700
2022-01-25,40.80607986450195,40.93182994675156,39.36893117245961,39.78211099311769,73555300
2022-01-26,41.228248596191406,41.731248983804605,40.653385625952794,41.120459861903015,63735800
2022-01-27,40.842010498046875,41.99172948150992,40.50068638991897,41.65040537338201,63402400
2022-01-28,41.201297760009766,41.21926254821221,39.925828635533364,40.71626218427583,51048300
2022-01-31,41.443817138671875,41.56058654842632,40.617457442398525,40.886922411773185,44793700
2022-02-01,42.16239547729492,42.306110369503244,41.228250391157495,41.50669606744238,40326600
2022-02-02,42.117488861083984,42.18036391771469,41.587539507743955,41.964793273961845,41125600
2022-02-03,41.70431137084961,42.47678031328949,41.63245220111855,42.41390525299171,35879900
2022-02-04,43.36601257324219,43.73428222915455,41.92886353222653,42.28815250569724,60297100
2022-02-07,43.57259750366211,43.79715222955003,43.105526689076434,43.617511189986246,44824800
2022-02-08,44.35404586791992,44.92890535900723,43.95882739797277,44.14745595246247,49560500
2022-02-09,44.26422882080078,44.72232240473745,44.039674082990004,44.21033787664356,33861100
2022-02-10,44.05763244628906,45.00974562923344,43.79714816608264,44.6235112624261,47082800
2022-02-11,43.042640686035156,44.407933591837676,42.66539045720645,43.68037860011586,61056000
2022-02-14,42.593544006347656,43.285173058415886,42.16239929072726,43.13247747069837,44791900
2022-02-15,42.925880432128906,43.44684559270796,42.72827118513355,43.11450557166099,42397600
2022-02-16,42.82707977294922,43.33008361802872,42.49473972113897,42.61150571750561,36664600
2022-02-17,41.38093948364258,42.47676750661428,41.27315418797688,42.21628323452547,49442400
2022-02-18,41.28213882446289,41.803107418566526,41.066568212472696,41.38094344930552,37856500
2022-02-22,40.922847747802734,41.300097980551435,40.45577358361437,40.57253955483699,51905600
2022-02-23,40.22224807739258,41.41688106199196,40.03362289869808,41.27316615063894,45704900
2022-02-24,39.1623420715332,39.23420122712405,37.77010348307522,38.62341211033435,80484800
2022-02-25,40.43781280517578,40.734223242222754,39.18928915909885,39.35096882528192,68530700
2022-02-28,39.70127487182617,39.75516581128892,39.01862660954468,39.270130223958795,69955300
2022-03-01,38.14735794067383,39.2880963596667,37.662318910280035,39.26114746257825,74895600
2022-03-02,38.76713180541992,39.108455983962685,38.282092724296035,38.389881471057045,70834600
2022-03-03,38.351932525634766,39.26356787391192,38.099199172665564,38.89349760179332,48733800
2022-03-04,36.96190643310547,37.40418371895749,36.39326076525224,37.39515912755057,75572800
2022-03-07,34.60609436035156,36.20371571182411,34.48875400531146,36.04124551044137,109779000
2022-03-08,34.83174133300781,35.79753434801549,34.45264311078074,35.26499398470589,76553800
2022-03-09,37.04314422607422,37.557632053393036,36.248845840155845,36.38423882342357,78207900
2022-03-10,36.70915985107422,37.44027544562652,36.20370027841247,36.366170410535204,48804400
2022-03-11,36.40229034423828,37.35003086874465,36.366185090706146,37.04314310009448,43946600
2022-03-14,37.187557220458984,38.07211519080056,36.91677473046645,36.91677473046645,54262400
2022-03-15,37.458343505859375,37.71107339636838,36.889697809027595,37.24171542600414,41395300
2022-03-16,38.631736755371094,38.85738942735713,37.83743838588804,38.12627697376176,59477600
2022-03-17,38.839332580566406,38.848360614649415,37.75620262726352,38.2797149789351,50260200
2022-03-18,38.72199249267578,38.74906970632162,38.14431887047292,38.59562412822818,74470600
2022-03-21,38.6678352355957,39.20037558592217,38.36997210802294,39.12816509080662,47106400
2022-03-22,39.87733459472656,40.28351003310737,39.44408194151571,39.55239424402192,52360600
2022-03-23,38.89349365234375,39.723893810555246,38.83933577295266,39.46213933479771,48539300
2022-03-24,38.87543487548828,39.20037521405392,38.71296470620546,39.15524537662778,30360800
2022-03-25,39.47115707397461,39.94953954105963,39.110114936939326,39.24550444713287,38968100
2022-03-28,39.30868911743164,39.489211917692586,38.65881185695268,39.45310666900319,37428600
2022-03-29,39.20939636230469,40.066876970871796,38.91153670689077,39.940512059897074,46355800
2022-03-30,38.812259674072266,39.39895799990843,38.586607001548586,39.20940713816678,36601800
2022-03-31,37.20561218261719,38.71297031894478,37.18755955639222,38.667840474975556,67902500
2022-04-01,36.91678237915039,37.6749755741291,36.42034369425782,37.629842280457495,61929200
2022-04-04,36.85359573364258,37.133402840928596,36.24884478731463,36.53767992958913,53761700
2022-04-05,36.23078918457031,36.79040679636252,36.14052950121829,36.50157167781259,51781700
2022-04-06,35.83364486694336,36.11345197552754,35.51772906142422,35.869750120691805,54159800
2022-04-07,35.55382537841797,36.08636568619625,35.06641490488822,36.00513060727463,54585000
2022-04-08,35.806556701660156,36.194679490157306,35.49064440552796,35.64408998021059,41018900
2022-04-11,35.73434829711914,36.46546401024788,35.55382551623956,35.63506059547609,34198700
2022-04-12,35.355255126953125,36.176634068600514,35.06642001385815,35.71630073991492,42855300
2022-04-13,35.03934097290039,35.21083573637218,34.62414094985123,34.75050587485002,45484200
2022-04-14,33.911075592041016,35.17473164630478,33.775682642232134,34.74147902737639,79032000
2022-04-18,35.06642532348633,35.481628874216824,33.595172319382776,33.77569171001111,80080300
2022-04-19,35.7162971496582,35.996107643735925,35.30109714671898,35.391356819293314,53714200
2022-04-20,35.79753494262695,36.43838761870939,35.75240510292282,36.23981563537399,47064300
2022-04-21,35.12058639526367,36.293979756816164,34.858828434625664,36.10443231353498,46245900
2022-04-22,33.902061462402344,35.0664267286337,33.84790357713168,35.0303249149734,50409800
2022-04-25,33.658348083496094,33.757635794456384,32.43079719014336,33.29730248785612,64301100
2022-04-26,32.90015411376953,33.88399971743371,32.873073456826894,33.28827691248385,44809900
2022-04-27,32.719627380371094,33.31535011356905,32.64741689480263,32.73768000176321,39824900
2022-04-28,33.22509765625,33.35146259021764,32.6383993849017,33.15288715501923,39567800
2022-04-29,32.20515060424805,33.51393683035034,32.07878565498888,33.170943794370714,47385200
2022-05-02,32.62034606933594,32.74671100062965,31.95241616301597,32.521058353837695,46652200
2022-05-03,33.51393508911133,33.965240423409995,32.791847242870745,32.800871834554684,48926000
2022-05-04,34.858821868896484,34.976162215906534,33.649323476477036,33.73055857160917,57860300
2022-05-05,33.884002685546875,34.488750133660666,33.2792517942469,34.344332575664374,48860600
2022-05-06,33.80276870727539,33.95621086130614,33.044575642027084,33.730558204305886,50440100
2022-05-09,32.827938079833984,33.450741436629265,32.54813106973551,33.27924326328086,51242000
2022-05-10,32.2773551940918,33.513934258517594,31.75384280973678,33.17094124885897,60235300
2022-05-11,32.105857849121094,33.324380747027355,32.05169997512162,32.40372099133903,54969300
2022-05-12,31.654550552368164,31.97949088936334,30.923434794129015,31.600392681807012,61231500
2022-05-13,31.74481773376465,32.25028098230921,31.374747472047627,32.069758147601384,49117900
2022-05-16,31.419878005981445,31.744814948117877,31.05883236824801,31.591372790152317,39076500
2022-05-17,32.48495864868164,32.692558683977914,31.979495447621336,32.150990230730514,42635600
2022-05-18,31.48305892944336,32.214171317316065,31.230325618171392,32.150988850294624,47396900
2022-05-19,31.094942092895508,31.44695974656211,30.91441924806505,30.95052450566852,47002700
2022-05-20,30.562400817871094,31.573323902774554,29.750049758367638,31.410853690873864,62406500
2022-05-23,32.37663650512695,32.72865403654218,31.28447866581672,31.37473833529243,69081900
2022-05-24,32.17806625366211,32.457873309817835,31.555262794351137,32.01559608542323,46146700
2022-05-25,32.34955978393555,32.73768256630641,31.853124707912695,32.04267208260012,49343400
2022-05-26,33.09872817993164,33.252173768358205,32.800868480211754,32.94528603469117,60201200
2022-05-27,33.41464614868164,33.44172336593454,33.01749870849831,33.29730580194185,43365600
2022-05-31,33.577110290527344,33.87496995621658,33.04456997363015,33.234117346631095,71609200
2022-06-01,33.09872817993164,33.820819395514846,32.64742289178519,33.8117913615677,35237900
2022-06-02,33.31660461425781,33.325681184241546,32.74468374078058,33.05333906549646,35341900
2022-06-03,32.85362243652344,33.298450586523145,32.79915608637283,33.11688800564534,25235200
2022-06-06,32.81731033325195,33.779586055645986,32.77191709402979,33.31660479753425,40394000
2022-06-07,32.99887466430664,33.053344482189196,32.44511376608389,32.59036315075221,29152200
2022-06-08,32.58127975463867,32.78099893658321,32.24539123656497,32.608512929260876,33590600
2022-06-09,31.328502655029297,32.5358908880618,31.319426084240146,32.44511132809738,49419000
2022-06-10,30.112037658691406,30.901834370008984,29.97586831961536,30.575022415397328,49318200
2022-06-13,29.06805992126465,29.74891703023644,28.813872643905214,29.403948458712268,61216600
2022-06-14,28.55968475341797,29.594586982754574,28.35088899337798,28.97727800500709,49349800
2022-06-15,29.095294952392578,29.494733364786807,28.523375706258292,29.03174856187869,51540100
2022-06-16,28.913728713989258,29.04989977287281,28.01499764754708,28.595995088921672,61363400
2022-06-17,28.977277755737305,29.576433586603972,28.72309048602142,29.077135617957488,80470300
2022-06-21,29.821533203125,30.22097149917818,29.612737486105175,29.857846405133024,53537200
2022-06-22,29.594587326049805,29.903242684258494,29.340401782707932,29.403948168543398,38305600
2022-06-23,29.12252426147461,29.42209953233087,28.37811917448332,29.394866361257847,44091500
2022-06-24,29.331323623657227,29.748915125971646,28.350887787247952,28.369044391220505,79504700
2022-06-27,29.367631912231445,29.59458425610655,28.96819703369772,29.43117829147504,47900300
2022-06-28,29.28592872619629,30.41161386771419,29.22238234739474,29.80338325260851,49863800
2022-06-29,28.922807693481445,29.44933533843874,28.741245123041068,29.258696197834443,35149700
2022-06-30,28.260107040405273,28.641387073589605,27.815280623608402,28.296420249046207,46312300
2022-07-01,28.65046501159668,28.750324602580914,27.806201968025764,28.123935613559095,40236100
2022-07-05,28.35996437072754,28.35996437072754,27.642795872359898,27.96052776508097,47411800
2022-07-06,28.123933792114258,28.369042736923426,27.815278468615816,28.151168696484927,35933700
2022-07-07,28.922807693481445,29.05897702404823,28.56876085427361,28.595995759292368,40137900
2022-07-08,28.85926055908203,29.27685203606911,28.65046308907954,29.058976264630946,31153800
2022-07-11,28.55968475341797,28.859263537182915,28.40535880761295,28.641387743261294,29311900
2022-07-12,28.468902587890625,29.077133207614306,28.12393405533594,28.16024726150337,39527000
2022-07-13,27.996841430664062,28.278261853771653,27.597404818456884,28.205637172598436,44153700
2022-07-14,27.352296829223633,27.43399981484684,26.934705330713047,27.31598535311834,51707800
2022-07-15,29.276851654052734,29.62182017807107,27.78804486820857,27.824356341968485,77801700
2022-07-18,29.28592872619629,30.302677713056948,29.140679365647326,30.030335594904884,56382900
2022-07-19,30.275440216064453,30.520549154335537,29.667209618257477,29.8669287819638,46874900
2022-07-20,30.284517288208008,30.36622025964451,29.91231563233448,30.121111345335,35514900
2022-07-21,30.547786712646484,30.56593985260672,29.912319460482497,30.03941221831171,31244000
2022-07-22,30.34806251525879,30.811043693938895,30.039407241799598,30.502388420479708,27115400
2022-07-25,30.620410919189453,30.847363271211034,30.357145359720082,30.665800696990154,30381000
2022-07-26,30.00309944152832,30.665799876130045,29.921396458466848,30.329911373774205,30645700
2022-07-27,30.493318557739258,30.65672453038831,29.91232108299513,30.175586645931723,30344800
2022-07-28,30.248212814331055,30.638571183488082,29.86693447962985,30.411618804351136,40176500
2022-07-29,30.693038940429688,30.81105167628419,30.27544395896108,30.38438358700589,48152500
2022-08-01,30.602256774902344,30.76566275853191,30.157432068480567,30.52055378308756,32336700
2022-08-02,29.9940185546875,30.611329123860344,29.957705353437923,30.502389520111624,37884100
2022-08-03,30.538707733154297,30.638567321470124,30.112036205993235,30.338988556522644,30065800
2022-08-04,30.32083511352539,30.565940602196665,30.112035905664957,30.429771271047958,28404500
2022-08-05,30.829204559326172,31.165096510722176,30.17558418505214,30.211893926998933,35874500
2022-08-08,30.402538299560547,31.12878512623631,30.366225092472252,31.01984550497142,33454300
2022-08-09,30.792896270751953,30.82920948151434,30.32991495409589,30.547790755651818,40196900
2022-08-10,31.836872100830078,32.163684005241784,31.274031300464184,31.319421073184103,61415800
2022-08-11,32.59943389892578,32.73560668779812,32.363404989633985,32.47234114292113,50420800
2022-08-12,32.95347595214844,32.96255598417787,32.39971174094996,32.82638320787683,31821700
2022-08-15,32.908084869384766,32.95347463867009,32.38155384922625,32.53588322041725,24908000
2022-08-16,33.26213455200195,33.534476668673086,32.77191666418317,32.853619645486305,31870200
2022-08-17,33.0533447265625,33.21675071839978,32.75376938353983,32.86270555709185,27125600
2022-08-18,32.93532180786133,33.044261422235344,32.68113630035758,32.90808863577673,23138300
2022-08-19,32.209075927734375,32.708370387013915,32.05474999758274,32.644824008361134,36485400
2022-08-22,31.519140243530273,31.609919789012615,31.274031315106736,31.54637341457144,31210300
2022-08-23,31.237720489501953,31.74609498674618,31.192330713305743,31.47374940353302,26588000
2022-08-24,31.33758544921875,31.59177100992373,30.91091386116236,31.092476460102432,31389400
2022-08-25,31.900421142578125,32.02751390202776,31.274033915425772,31.410203244971257,40576700
2022-08-26,30.892749786376953,32.20907398168654,30.88367321698263,32.17276077807385,36152600
2022-08-29,30.774742126464844,31.001694491813353,30.51147655153619,30.7384289168847,34931000
2022-08-30,30.94721794128418,31.119700454718878,30.447923538800563,31.028920913546408,48194900
2022-08-31,30.511476516723633,31.201410182867864,30.50239648282982,30.992614422547657,44917600
2022-09-01,30.584575653076172,30.60285188526199,29.84440393580743,30.465781886785788,32848900
2022-09-02,30.548019409179688,31.50749882229783,30.40181305561725,31.004914699791605,44000800
2022-09-06,30.209928512573242,30.82216674447317,29.79872190899496,30.739925423757512,40762400
2022-09-07,30.67595672607422,30.767334411290136,29.816994633204736,29.98147725526159,40742600
2022-09-08,31.662845611572266,31.735947046770338,30.40181361043647,30.57543256913707,44361800
2022-09-09,31.927839279174805,32.211115593192545,31.836461622180266,31.964391736306286,37295100
2022-09-12,32.22939682006836,32.55836201360108,32.01008552910164,32.1654317530853,30534000
2022-09-13,31.06888771057129,31.726818212850688,30.89526871061881,31.59888805648199,40959600
2022-09-14,30.95009422302246,31.45267847889587,30.64854506383256,31.251646868047718,32004400
2022-09-15,31.53491973876953,31.891301087511316,30.794751403759356,30.87699271718664,44863300
2022-09-16,31.178537368774414,31.279054902414465,30.758194487947705,31.242502438211748,54281800
2022-09-19,31.69940185546875,31.863884479676205,30.73078583050851,30.81302714261224,29782000
2022-09-20,31.22423553466797,31.781648579870254,30.959238804614916,31.525788225680046,33591100
2022-09-21,30.29216957092285,31.434408189949572,30.264753473697983,31.352166869946224,51667800
2022-09-22,29.698204040527344,30.538889989396555,29.597686484502628,30.438375919207463,47527500
2022-09-23,28.99458122253418,29.323546463239776,28.519409595496672,29.177340076907868,55316100
2022-09-26,28.35492706298828,29.076820835500538,28.035099957961393,28.619925469152843,40360200
2022-09-27,27.934581756591797,28.66561537114721,27.68785784631994,28.574235951463102,43396600
2022-09-28,28.391477584838867,28.610787149981956,27.77009961214137,27.89803149899629,38372900
2022-09-29,28.016822814941406,28.236132374514405,27.60561630141863,28.044237163482073,35220900
2022-09-30,27.596485137939453,28.50113789555636,27.569070784223385,28.108207540214945,42294100
2022-10-03,28.40975570678711,28.58337644433113,27.59648246410438,27.952860313294767,34591700
2022-10-04,29.588550567626953,29.716480736972397,28.9306199986096,28.9854469650551,39758700
2022-10-05,29.168203353881836,29.268719159965293,28.738722291371126,28.82096360547794,35791100
2022-10-06,28.74785804748535,29.131650257421896,28.65648036081475,28.87578994607597,40891900
2022-10-07,28.099069595336914,28.546826917949872,27.8980362289345,28.482861835136276,52304600
2022-10-10,28.016822814941406,28.373200631382844,27.7335481850243,28.236132374514405,37669100
2022-10-11,27.20355224609375,27.843204753566408,27.020793390862927,27.75182706886861,58124000
2022-10-12,27.28579330444336,27.69699811053538,26.938551831297996,27.084758216964172,36137900
2022-10-13,28.958032608032227,29.031135806526347,26.783209402726087,26.87458883657317,67671000
2022-10-14,28.9671688079834,29.81699452353978,28.848375028971418,29.06768460993474,58108500
2022-10-17,30.721643447875977,30.9500911309806,30.036300398562105,30.484059391214572,88896800
2022-10-18,31.873023986816406,32.31164315123337,31.324747416918765,31.96440167221505,81937900
2022-10-19,30.995784759521484,31.82733780090526,30.85871821998188,31.598890082503704,43139900
2022-10-20,30.79475212097168,31.64457788423431,30.694234570460015,31.050612441666516,39549100
2022-10-21,31.93698501586914,32.019226316638246,30.66681652630669,30.66681652630669,54870300
2022-10-24,32.04663848876953,32.22025746101047,31.717673290136364,32.0831909521365,33765600
2022-10-25,32.33905792236328,32.51268041640109,31.553197226373502,31.745095955880313,37132300
2022-10-26,32.622337341308594,32.97871525111591,32.302508419962585,32.366473507064626,41104600
2022-10-27,32.77766799926758,33.23456330140448,32.68629033317401,33.03353173883172,35261900
2022-10-28,33.06095504760742,33.1706089795958,32.56750712490626,32.93302487931504,31659100
2022-10-31,32.933021545410156,33.19802171623801,32.722850077943846,32.89646907650246,32565500
2022-11-01,33.079227447509766,33.59094806133189,32.9969861365976,33.29853528605204,29913200
2022-11-02,32.97871398925781,34.06612391422095,32.8507838199487,32.96043775280856,57380600
2022-11-03,32.79595184326172,33.0243995473645,32.35733266968462,32.622332843044326,30046500
2022-11-04,33.61835479736328,33.81024997412974,33.09749446852046,33.35335470420907,39369400
2022-11-07,33.819393157958984,34.12094577004844,33.56353287073276,33.819393157958984,37533700
2022-11-08,33.91077423095703,34.19404712367394,33.58180901349936,33.89249799822772,32664300
2022-11-09,33.371639251708984,33.77370593456025,33.252845475884804,33.70060448578508,30164400
2022-11-10,34.84284210205078,34.925083408579425,33.93818773023571,34.084394110082734,45702800
2022-11-11,35.09870147705078,35.27232045925334,34.69663481444934,34.89766640283258,35688700
2022-11-14,34.504737854003906,34.961633237846215,34.49560148009452,34.806290480540696,35541400
2022-11-15,34.449913024902344,34.99818609732268,34.084395319398666,34.89766855401741,46082800
2022-11-16,34.13922882080078,34.4864703412664,33.99302241521037,34.367676547400535,23813000
2022-11-17,33.96559143066406,33.993007516207925,33.40818215017294,33.700594833190436,23689700
2022-11-18,33.983882904052734,34.586984769053544,33.737158938483894,34.53215954503983,32041800
2022-11-21,34.093544006347656,34.285439282794535,33.86509625271963,33.89250886768745,27935700
2022-11-22,34.258018493652344,34.54129140962534,34.203189790963094,34.34939617896584,23499300
2022-11-23,34.367671966552734,34.413360808615714,34.14836064448116,34.25801804843455,18934700
2022-11-25,34.449913024902344,34.605255783948536,34.32198287372661,34.46818925876104,16118500
2022-11-28,33.68232345581055,34.41335526863986,33.654910852152774,34.17577123665833,35428300
2022-11-29,33.810264587402344,33.947334621955854,33.55440424112729,33.79198835040616,27048800
2022-11-30,34.58697509765625,34.58697509765625,33.079222599678,33.71887675904819,51747900
2022-12-01,33.59431838989258,34.642129696583396,33.4564505110314,34.46749564753992,46213200
2022-12-02,33.16232681274414,33.35534393902558,32.914160433433075,33.143943728400934,42295300
2022-12-05,31.682519912719727,32.98768726608246,31.37920429875495,32.914158439379094,71386600
2022-12-06,30.331398010253906,31.875542189454958,29.789109238912882,31.774436968426347,84085700
2022-12-07,30.092422485351562,30.257863235494302,29.73395759243341,29.954551102981895,49234100
2022-12-08,29.816679000854492,30.322205053196893,29.5777059175593,30.303821968910366,45491100
2022-12-09,29.76153564453125,29.963742575493804,29.485796370516784,29.513369246053703,36985500
2022-12-12,30.08322525024414,30.1291812029441,29.467407770392875,29.69719104010713,41060500
2022-12-13,30.101606369018555,30.947207063424955,29.93616214511918,30.836912082896777,54804800
2022-12-14,29.66961669921875,30.331393683390512,29.55932170392835,30.14756635376339,48819500
2022-12-15,29.200862884521484,29.403071562248574,28.943504951235422,29.18247979933516,49027600
2022-12-16,29.136520385742188,29.347920581003844,28.81482344554424,29.062989806820422,61795200
2022-12-19,29.467409133911133,29.623660081563948,29.164093520870345,29.19166814563059,38374100
2022-12-20,29.58689308166504,29.94535793412728,29.540937128133315,29.77991369644148,35561100
2022-12-21,30.037275314331055,30.211909372057754,29.78910891258355,29.890214132504585,32544000
2022-12-22,29.770721435546875,29.94535897373056,29.292773541659546,29.890209723849193,30234400
2022-12-23,29.844257354736328,29.945362571893416,29.58689766391418,29.779918308584552,21378600
2022-12-27,29.899402618408203,30.02808070861748,29.669619312687352,29.8718297437105,22776100
2022-12-28,30.1200008392334,30.303828213766025,29.89940728855114,29.936173464700772,30541000
2022-12-29,30.460067749023438,30.47845083018557,30.10160643189741,30.230284493818115,22252900
2022-12-30,30.441692352294922,30.607136618303194,30.202719249291373,30.423309266492325,28198900
2023-01-03,30.800155639648438,31.333254641813593,30.524416348211258,30.542799435135777,35221500
2023-01-04,31.379201889038086,32.00421264598579,31.0942728863981,31.158611919653218,41998500
2023-01-05,31.314865112304688,31.37920415019602,30.864491847065377,31.176993741843496,34177000
2023-01-06,31.627370834350586,31.783625289540403,30.827725993716335,31.333248513514665,34068700
2023-01-09,31.149423599243164,31.949068501817145,30.983979342680975,31.93987871254809,43818800
2023-01-10,31.36081886291504,31.498690223686193,30.919635417147443,31.011550826399663,35096000
2023-01-11,31.59980010986328,31.654945857383357,31.250528515305,31.360823516560032,36783700
2023-01-12,31.682519912719727,32.05017105866582,31.581414708064802,31.80200469438953,44230400
2023-01-13,32.38106155395508,32.52812272270314,30.414117107119196,31.43435549927786,89667800
2023-01-17,31.728483200073242,32.013415796655856,31.38840484727268,31.884734184311323,56458400
2023-01-18,30.9931697845459,31.563031334561018,30.800149165518633,31.55384154613809,54517800
2023-01-19,30.54279327392578,30.836915592955993,30.23028787167935,30.58874922885901,42707100
2023-01-20,31.112651824951172,31.149417987833957,30.414112261249645,30.607129357062853,45004400
2023-01-23,31.544649124145508,31.719283158728796,31.020743514180957,31.075892764887897,33683300
2023-01-24,31.774431228637695,31.976641634167272,31.20456968403517,31.452736043672047,26716700
2023-01-25,32.050174713134766,32.13289684399245,31.48031309290128,31.526269053107768,28859700
2023-01-26,32.48216247558594,32.49135226345018,31.976639993907604,32.21561304673603,30035500
2023-01-27,32.583274841308594,32.88658699455688,32.41783057364039,32.574081545207505,29964900
2023-01-30,32.445396423339844,32.68437298320492,32.33510143751755,32.362674307419525,27353500
2023-01-31,32.610843658447266,32.610843658447266,32.16966016831331,32.32591112043348,38917400
2023-02-01,33.015262603759766,33.3277680295733,32.27076696153846,32.353489089142485,44438700
2023-02-02,33.20828628540039,33.43806960468949,32.57408208018476,33.18070990285936,33729100
2023-02-03,33.4840202331543,33.78733234306506,32.996880795853706,33.107175789801744,37411700
2023-02-06,33.42886734008789,33.49320637173064,33.070406019159904,33.31857235815949,29463200
2023-02-07,33.79652786254883,34.00792807578767,33.2082831811512,33.2450458440774,44100200
2023-02-08,33.54835510253906,33.860860468400325,33.40129396014637,33.465632990804785,28032800
2023-02-09,32.8314323425293,33.41048361617772,32.68437120071497,33.336954798377654,35257100
2023-02-10,32.702754974365234,32.71194476195456,32.197229001595616,32.675178599168724,32898900
2023-02-13,32.76709747314453,32.88658225551952,32.52812089596528,32.61084301787892,29163900
2023-02-14,32.73952102661133,33.079602808331515,32.592459866429365,32.74871432136843,33625200
2023-02-15,32.68437194824219,32.730327898695066,32.31671733219062,32.46377847736839,23500100
2023-02-16,32.42702102661133,32.77629265507687,32.37187527373771,32.55569912493674,22681100
2023-02-17,32.491355895996094,32.528122063992285,31.930687612020627,32.24319302755872,28562700
2023-02-21,31.728483200073242,32.2156227464807,31.498699865924,32.08694464035159,37068900
2023-02-22,31.517078399658203,31.756051489910615,31.3148679728343,31.581417443426734,38550400
2023-02-23,31.489500045776367,31.80200545572997,31.121848891028705,31.618181631463486,28488000
2023-02-24,31.443546295166016,31.51707863500194,31.10346798896223,31.12185107392121,27046600
2023-02-27,31.443546295166016,31.88472981553673,31.406780125248055,31.664139808458845,30137500
2023-02-28,31.526264190673828,31.70090172122439,31.415969201946535,31.572220143792325,32620600
2023-03-01,31.379201889038086,31.70090056152801,31.232140740710058,31.388395183054158,29281600
2023-03-02,30.981412887573242,31.17568186386425,30.528115080605836,31.138677241059753,44607200
2023-03-03,31.60123062133789,31.72149390450184,31.129433939626637,31.129433939626637,39109100
2023-03-06,31.536468505859375,31.9712640068296,31.443960476653206,31.675234078623735,36646700
2023-03-07,30.528121948242188,31.3607085038675,30.34310232155258,31.314450950478204,52855300
2023-03-08,30.121076583862305,30.50036516747405,30.0100627089355,30.21358461734604,40045600
2023-03-09,28.25238800048828,29.963811481965866,28.039614916023663,29.86205051828617,112457900
2023-03-10,28.002613067626953,28.714936310262434,26.753735044774142,28.04886709035274,165330900
2023-03-13,26.374441146850586,27.49380450654772,25.782381304662188,26.75372970381222,218403300
2023-03-14,26.6057186126709,27.836094253956933,26.337440354863755,27.743584449041446,154255800
2023-03-15,26.355945587158203,26.42070192842624,25.60661943687699,25.791637302717383,131104400
2023-03-16,26.79998779296875,27.262535056140663,26.004407700157945,26.254181881267666,108348800
2023-03-17,25.736129760742188,26.513209313696574,25.551111911858353,26.513209313696574,130665500
2023-03-20,25.67137336730957,26.30043793394207,25.57886356083812,26.1246694780941,81441200
2023-03-21,26.448450088500977,26.80923635420965,26.37444260413823,26.48545294844354,84854800
2023-03-22,25.569610595703125,26.58721486597817,25.569610595703125,26.559461396655855,76925900
2023-03-23,24.949796676635742,25.9859032368127,24.783281157828004,25.902644595170017,105335900
2023-03-24,25.107065200805664,25.24583079311067,24.348487961837677,24.607515067732177,96872700
2023-03-27,26.355945587158203,26.5039605856217,25.819390776608525,25.837893092535953,102469800
2023-03-28,26.013660430908203,26.503959430266292,25.884145989539938,26.254183469568087,63416500
2023-03-29,26.522459030151367,26.61496883180719,26.124668118165733,26.35594174006643,62666400
2023-03-30,26.180171966552734,26.88324395323638,26.004405293240033,26.753731296168578,67427100
2023-03-31,26.457706451416016,26.53171395034325,26.143174139855788,26.476208767267313,56482100
2023-04-03,26.448450088500977,26.80923635420965,26.20792532320266,26.494704104548585,51996800
2023-04-04,25.88414192199707,26.503955265323352,25.588111984493942,26.41144546873422,56233300
2023-04-05,25.569610595703125,25.81938652617092,25.403093308724596,25.58811290858467,47799400
2023-04-06,25.7546329498291,25.9118990971853,25.5511127798002,25.643620825145604,41216600
2023-04-10,25.847139358520508,25.99515432896984,25.578861121782577,25.59736343420815,40572700
2023-04-11,26.559463500976562,26.596468129671543,25.865642593246,25.92114953628847,58761200
2023-04-12,26.34668731689453,26.836987969746723,26.24492813571954,26.531706897266773,44313300
2023-04-13,26.420698165893555,26.494705654586006,26.124668211123744,26.420698165893555,52261400
2023-04-14,27.30879020690918,27.632573636505338,27.05901426712262,27.105268286574468,81110800
2023-04-17,28.09511947631836,28.132122337123796,27.19777672245768,27.540062448415622,83704400
2023-04-18,28.27088737487793,28.613173115629827,27.567815344410626,28.492909842739543,114498800
2023-04-19,27.808340072631836,27.937854501995517,27.55856589956288,27.873096405074815,65594200
2023-04-20,27.660324096679688,27.965605198955426,27.540062592834314,27.604818922941643,43193800
2023-04-21,27.63257598876953,27.734335193121552,27.207031562780916,27.521563862366186,44759000
2023-04-24,27.530811309814453,27.66032396943331,27.373545181215416,27.55856477879463,28020300
2023-04-25,26.67972755432129,27.31804330201873,26.661225239436643,27.244035806958003,49718800
2023-04-26,26.3096866607666,26.772233885919782,26.18017223787892,26.605716602548217,45848400
2023-04-27,26.725982666015625,26.901751135625805,26.383698649092462,26.383698649092462,33060100
2023-04-28,27.086769104003906,27.22553293383781,26.374445875851297,26.392948190356574,45592500
2023-05-01,26.86474609375,27.327293360396016,26.82774146546898,27.290288732114995,34076800
2023-05-02,26.0506591796875,26.698225990755247,25.634365977647146,26.68897483465684,70797700
2023-05-03,25.77313232421875,26.365192216374663,25.726876542345533,26.05065995754742,51139500
2023-05-04,24.96830177307129,25.726879024194744,24.820286785753435,25.51410770048506,82173800
2023-05-05,25.634366989135742,25.800884276522375,25.412344527446127,25.551110109920106,50087100
2023-05-08,25.615867614746094,26.041410244702455,25.58811414408373,25.976653910968032,34245500
2023-05-09,25.58811378479004,25.74537992071301,25.19957402336139,25.366091316041917,32188800
2023-05-10,25.273578643798828,25.902643116077105,24.996051030489014,25.86563849324778,44446400
2023-05-11,25.338335037231445,25.430844830075344,24.866536681757346,24.986799941797674,34897300
2023-05-12,25.06081199645996,25.486354650929517,24.86654121958805,25.45860294314629,38142000
2023-05-15,25.5788631439209,25.736129283015696,25.005305529206524,25.070061863337717,38722800
2023-05-16,25.310588836669922,25.810139003457923,25.282835363440288,25.69912863949522,33347500
2023-05-17,26.429950714111328,26.522460520967083,25.652871159687464,25.66212231682082,61750400
2023-05-18,26.33744239807129,26.365195871042328,25.90264857505913,26.309690689578158,51146100
2023-05-19,26.004405975341797,26.522458381679265,25.930398488722158,26.328187626504175,50062500
2023-05-22,26.217174530029297,26.318935475141124,25.911893459171296,26.18016990836046,36473700
2023-05-23,26.43920135498047,26.901748615749533,26.180174253737796,26.198676567643226,51400400
2023-05-24,25.99515724182129,26.374445866658064,25.90264743380499,26.207928565124295,50606900
2023-05-25,26.05990982055664,26.1246661474876,25.791631592439728,25.893392543032704,40517800
2023-05-26,26.18942642211914,26.27268507343122,25.708378593344484,26.08766722066492,57879100
2023-05-30,26.143169403076172,26.355940703381012,25.85639061725323,26.19867457609534,41819600
2023-05-31,25.708375930786133,26.050659893417027,25.421595377311146,25.995154719783468,61905200
2023-06-01,25.904199600219727,26.090693845971515,25.49390941387315,25.885549642077176,57426100
2023-06-02,26.771398544311523,26.995194461776855,26.221239064428882,26.25853719830129,66578100
2023-06-05,26.61287498474121,26.873967215654694,26.389079103161894,26.873967215654694,34757800
2023-06-06,27.256288528442383,27.44278454575191,26.528957973762466,26.538281173925892,46297900
2023-06-07,27.489402770996094,27.647923823944176,27.051139520401986,27.32155674098547,44502600
2023-06-08,27.256288528442383,27.39615965214561,27.03249437480565,27.302913422048682,41483100
2023-06-09,27.2935848236084,27.414805973792564,27.116413808516835,27.228311759774034,32692000
2023-06-12,27.163036346435547,27.564001477055918,26.95789218175986,27.32155740322598,41011300
2023-06-13,27.414806365966797,27.787796577897154,27.069791086890326,27.163037305954695,42718800
2023-06-14,27.153715133666992,27.72252456141026,27.03249219860727,27.573328470996515,38322800
2023-06-15,27.386837005615234,27.480083237597164,26.752752668214043,26.94857188964554,42044900
2023-06-16,27.2189884185791,27.675901671444937,27.19101348444367,27.536030557883183,53050200
2023-06-20,26.920597076416016,27.079118151020555,26.650178040331543,27.051143216011134,39040900
2023-06-21,26.64084815979004,27.041813261687704,26.61287500848574,26.836669111707298,39553400
2023-06-22,26.072038650512695,26.603551679458313,26.016090565881726,26.57557674786406,50742900
2023-06-23,25.876218795776367,26.006764916058103,25.727022721580816,25.86689381881946,55181100
2023-06-26,26.193265914916992,26.370436953917107,25.91352366686025,25.92284686704535,47519300
2023-06-27,26.3331356048584,26.482331699504577,26.06271835027136,26.202589466682433,39081800
2023-06-28,26.174612045288086,26.36110803515684,26.016090987466917,26.34245808045845,37803800
2023-06-29,26.724775314331055,27.0418174543564,26.482331220278866,26.57557922238474,68376400
2023-06-30,26.752750396728516,27.144390584896534,26.734100440492487,26.985869514005724,50479000
2023-07-03,27.228315353393555,27.36818647700718,26.715452195399823,26.762077088976255,30995800
2023-07-05,27.116411209106445,27.433453298959286,26.99519007054268,27.172359290093,37492000
2023-07-06,26.37043571472168,26.873972093273277,26.202589662351894,26.855322136663798,52098000
2023-07-07,26.603551864624023,26.873969091020488,26.37975774598495,26.389080944690384,34288000
2023-07-10,26.724775314331055,26.901946340476446,26.547604288185664,26.659502246424253,36086000
2023-07-11,27.060468673706055,27.116416766158224,26.500982413510993,26.72477656187746,40978700
2023-07-12,27.37750816345215,27.8717195260263,27.293585143664533,27.51737927024563,41855500
2023-07-13,27.66657829284668,27.85307430741577,27.424134185329983,27.526707171198765,39589000
2023-07-14,27.144390106201172,28.067541580912074,27.08844023847977,27.97429357993409,58720300
2023-07-17,27.414806365966797,27.56400245073894,27.15371410689436,27.18168726119062,49477200
2023-07-18,28.627029418945312,28.776225517481652,27.899697104662316,27.974295153930488,98253800
2023-07-19,29.400981903076172,29.55950296421769,28.61770157491309,28.804195790130542,70619800
2023-07-20,29.55017852783203,29.652749725584876,29.149213378863017,29.214486444312364,42128800
2023-07-21,29.820594787597656,29.941817715355963,29.298408502601507,29.71802359321476,70872400
2023-07-24,30.445356369018555,30.631848806304458,29.820595321342047,29.839245276493685,64548600
2023-07-25,29.9791202545166,30.575904632571564,29.904520428701993,30.547927919333347,51208800
2023-07-26,30.221559524536133,30.34278245069457,29.979117229334378,30.06304024634943,41814600
2023-07-27,29.792621612548828,30.529278820306214,29.671398684877513,30.240209856510045,45529500
2023-07-28,29.745996475219727,29.98844054996457,29.56882546318358,29.979117351198383,33296500
2023-07-31,29.839244842529297,30.072363942861557,29.63410067451764,29.745996846684875,29093400
2023-08-01,29.484909057617188,29.783301266660093,29.298413037686444,29.69005325669472,32712000
2023-08-02,29.08394432067871,29.167867353121775,28.70162907446383,29.055969383678395,38855100
2023-08-03,29.289087295532227,29.419633438946875,28.79487410058593,28.85082397224176,27933400
2023-08-04,29.186511993408203,29.53152906034379,29.065290838221884,29.242461860624356,30768100
2023-08-07,29.727352142333984,29.746002100508395,29.28908879658275,29.28908879658275,31745200
2023-08-08,29.158536911010742,29.19583504146514,28.421879715042678,29.186510064212154,45951800
2023-08-09,28.77622413635254,29.167864320852914,28.748249202260478,29.11191445266879,30732100
2023-08-10,28.85082244873047,29.205162724383527,28.72027453365179,28.916095516990946,26062600
2023-08-11,29.177188873291016,29.279760073017027,28.673650738324945,28.720273849240613,35720700
2023-08-14,28.84149742126465,29.00934346996596,28.673651372563334,28.95339360136038,32563700
2023-08-15,27.918346405029297,28.487155850362544,27.825098400997664,28.4405327376256,43406100
2023-08-16,27.312238693237305,27.825100078493616,27.23763886266839,27.74117704766144,47220400
2023-08-17,27.30291175842285,27.545355854729458,27.14439068693614,27.452107851756498,37202200
2023-08-18,27.144390106201172,27.368184241413722,27.023167171362484,27.07911703908389,31430400
2023-08-21,27.181690216064453,27.32156133842378,26.855323078187485,27.246963287928285,34959000
2023-08-22,26.51963233947754,27.265612833159384,26.500982382496044,27.16303984831896,37564200
2023-08-23,26.52895164489746,26.58489972531996,26.277182615160093,26.52895164489746,44686600
2023-08-24,26.687475204467773,26.845996262742272,26.45435610574396,26.482329259313968,31934800
2023-08-25,26.575578689575195,26.84599771240487,26.389082689102477,26.706124822771496,34253200
2023-08-28,26.818021774291992,27.041815899342396,26.640850758334654,26.752748710138658,33075200
2023-08-29,27.200340270996094,27.284263300424595,26.78072512385359,26.939246204045443,30428200
2023-08-30,27.079118728637695,27.2935878992781,26.976545743306282,27.246963006601188,33366400
2023-08-31,26.95688819885254,27.238961650950962,26.825254160323848,27.201352694248165,37243000
2023-09-01,27.248361587524414,27.389398299334804,27.04150786309445,27.04150786309445,35228600
2023-09-05,26.938077926635742,27.379995192865856,26.79704122622613,27.210750435022746,46543600
2023-09-06,26.693614959716797,26.85345704063518,26.4397496022174,26.703017646050707,45022600
2023-09-07,26.44915199279785,26.844055874287427,26.38333497811278,26.712421844917284,35023600
2023-09-08,26.665409088134766,26.684212667701406,26.28930880273682,26.439749992923442,36513900
2023-09-11,26.778236389160156,27.041506216991475,26.703016694548207,26.806444447156757,34168300
2023-09-12,27.23895835876465,27.398800440535876,26.70301778852555,26.75943211345097,42284000
2023-09-13,27.154333114624023,27.445810981693036,26.98509015767349,27.379993977315795,37215700
2023-09-14,27.455217361450195,27.680876461127706,27.361192288239792,27.42700930147334,44634800
2023-09-15,27.116724014282227,27.351785767669984,27.032101639592323,27.220151759654073,61661100
2023-09-18,27.041505813598633,27.079114763654086,26.787638675553257,27.079114763654086,25752300
2023-09-19,26.938077926635742,27.210750435022746,26.8064439120373,27.041505677179632,34888100
2023-09-20,26.84405517578125,27.238959046995078,26.82525159591705,27.08851964780687,26641100
2023-09-21,26.37392807006836,26.88166231931113,26.345721807363002,26.665405936135368,39906000
2023-09-22,25.98843002319336,26.50556701920601,25.950821070660645,26.392736574849717,41284400
2023-09-25,25.95081901550293,25.969624386969542,25.71575725230703,25.856793951548784,32749200
2023-09-26,25.546512603759766,25.85679406075365,25.396073218149333,25.706354675143217,42237400
2023-09-27,25.640541076660156,25.960225261924577,25.452490922959022,25.60293032856826,38296300
2023-09-28,25.9132080078125,25.988427699531506,25.546512234854713,25.546512234854713,36734300
2023-09-29,25.74396324157715,26.317514511539663,25.640537286371632,26.223489448588264,40645900
2023-10-02,25.104598999023438,25.725161959144998,24.99176855473812,25.640539574275778,50388600
2023-10-03,24.361801147460938,24.935352427149535,24.277178768707575,24.9071443697721,62144500
2023-10-04,24.390010833740234,24.455827845304274,24.051521296120544,24.33359471521758,55696400
2023-10-05,24.502838134765625,24.53104619247366,24.03271459990546,24.239570103006468,49044100
2023-10-06,24.512245178222656,24.66268459265128,23.948096477425665,24.2301717245138,58177300
2023-10-09,24.73790168762207,24.7849151205286,24.183155732978683,24.220766479303904,39953700
2023-10-10,25.396074295043945,25.668745020508076,24.982365070382865,25.019975815069788,51960100
2023-10-11,25.405479431152344,25.800383321551884,25.292648979589966,25.546516150570927,38508200
2023-10-12,25.292646408081055,25.461891171527878,25.019975684044848,25.358463417559484,44249800
2023-10-13,25.161014556884766,26.063650981862924,24.935355450640227,25.790980234334622,55089700
2023-10-16,25.37727165222168,25.555919121941447,25.170417914331935,25.537113747575322,56817500
2023-10-17,25.969627380371094,26.2046891706615,25.123403500622313,25.433684992070486,95344200
2023-10-18,25.67814826965332,26.364530028205934,25.5841231992536,25.89440646958639,68371100
2023-10-19,25.349061965942383,26.120066125123653,25.273842266678248,25.621734496636815,58611000
2023-10-20,24.73790168762207,25.330258388590682,24.672084674932023,25.198622569831496,62058400
2023-10-23,24.0421199798584,24.64387759802835,23.995108338456056,24.568657895757106,59857200
2023-10-24,23.94809341430664,24.324193695651783,23.882276403084955,24.201960566200896,55975700
2023-10-25,24.023311614990234,24.11733667946775,23.675421207816044,23.86346954339214,45522400
2023-10-26,24.559253692626953,24.784912769031347,23.91988541279171,23.96689704785886,60921000
2023-10-27,23.666017532348633,24.512239490500516,23.468564725865168,24.512239490500516,64709300
2023-10-30,24.154951095581055,24.239573487140497,23.769449886645464,23.807058842127876,41891900
2023-10-31,24.766111373901367,24.8037203293175,24.18315732122806,24.20196269562573,50106700
2023-11-01,24.822521209716797,25.029376703882555,24.587459452440353,24.860131951702893,44046300
2023-11-02,25.969627380371094,26.007236334260405,25.001172158758123,25.1140008138052,63278300
2023-11-03,26.721820831298828,27.201347034800477,26.449148330073246,26.477356386765898,62613600
2023-11-06,26.63719940185547,27.050908614498574,26.34572331251506,26.85345579738613,45548000
2023-11-07,26.47736167907715,26.571386760134207,26.27991062289866,26.37393391057646,33081900
2023-11-08,26.223493576049805,26.514971496414365,26.016639839701995,26.477360747962475,31896000
2023-11-09,25.88500213623047,26.402137300456726,25.76276901447441,26.39273461467711,32267900
2023-11-10,26.026039123535156,26.110661503107117,25.706354977014186,26.101258817223684,32858500
2023-11-13,26.044849395751953,26.185886123782232,25.78157952161728,25.89440998006908,28521800
2023-11-14,27.474018096923828,27.652665538189797,26.768832810924337,26.797040867980726,66676300
2023-11-15,27.85011863708496,27.95354459393029,27.455214801131056,27.455214801131056,46968900
2023-11-16,27.77490234375,27.925341747919088,27.474021742032665,27.67147458086657,36952800
2023-11-17,28.1886043548584,28.207409725086038,27.78429786185822,27.93473723692171,38493300
2023-11-20,28.216814041137695,28.44247311677607,27.97234959418473,28.188605984165807,46783400
2023-11-21,27.887731552124023,28.198013053536062,27.78430378719361,28.198013053536062,41611900
2023-11-22,27.859521865844727,28.009963057595847,27.75609590032589,27.962949624742656,41422700
2023-11-24,27.95354652404785,28.10398592019116,27.718484743401543,27.718484743401543,15815600
2023-11-27,27.793701171875,27.915934287724085,27.746689538627724,27.831311913175902,42039500
2023-11-28,27.76549530029297,27.878323939026913,27.56804249244025,27.76549530029297,29705800
2023-11-29,28.498889923095703,28.780965137281264,28.02876635949884,28.09458337146175,57954900
2023-11-30,28.89694595336914,28.953810542991423,28.470458819662973,28.631574855643983,52547700
2023-12-01,29.34238624572754,29.42768402730056,28.7642590466902,28.811645899700736,46133300
2023-12-04,29.20970344543457,29.380299019293552,28.925378694131382,28.934856426867178,37811300
2023-12-05,28.982242584228516,29.181271351497248,28.745304694623083,29.077018101609216,45723100
2023-12-06,28.934856414794922,29.873130262935188,28.849558627901015,29.17179431001295,49803100
2023-12-07,29.058061599731445,29.313954945220637,28.944332429086852,28.991719282240002,32699600
2023-12-08,29.34238624572754,29.512981808873583,29.01067465926864,29.067539244419798,34794300
2023-12-11,29.238140106201172,29.456122561861275,29.10545363987915,29.304482435515734,32254000
2023-12-12,29.13388442993164,29.2476154191233,28.859037401565313,29.162317629152742,34566700
2023-12-13,30.36595916748047,30.451256947769433,29.02962787885086,29.14335885513366,60311100
2023-12-14,32.16668701171875,32.28989572823181,30.86826837201831,30.915655227481697,107190000
2023-12-15,31.844449996948242,32.24250751998731,31.550649336170892,32.052956490701334,83771800
2023-12-18,31.683332443237305,32.02452355641151,31.66437697968485,31.948701702201685,40694700
2023-12-19,31.7591552734375,31.91079538839454,31.086252489277232,31.30423492856638,44534800
2023-12-20,31.25684356689453,31.948701717661454,31.22841217924459,31.63594560735709,44711400
2023-12-21,31.46535301208496,31.70229090582749,31.1715487223055,31.503263942776247,32325700
2023-12-22,31.683332443237305,31.910790775096775,31.465350035461565,31.474825959545292,37265900
2023-12-26,32.09087371826172,32.18564744381381,31.626473786130383,31.702295658880757,24845400
2023-12-27,32.07191467285156,32.17616792856223,31.901319093576912,32.03400374070487,24498600
2023-12-28,32.109825134277344,32.195122922664225,32.005571880095,32.05295873689094,21799600
2023-12-29,31.91079330444336,32.21407712993685,31.797064129499105,32.166686659606896,28060700
2024-01-02,32.1287841796875,32.28990023382149,31.5316995944554,31.645428786513857,36668600
2024-01-03,31.778104782104492,32.005566719589204,31.503259610849227,31.89183755853927,45988700
2024-01-04,32.03400802612305,32.51736343719162,31.787594164975946,31.8160255601967,39834600
2024-01-05,32.63108444213867,32.87749824142897,31.948702205050086,32.03399998468616,49242400
2024-01-08,32.37519836425781,32.50788302558654,31.882367039761213,32.50788302558654,40253900
2024-01-09,31.872882843017578,32.0719097833671,31.75915006391649,32.05295432018358,39268800
2024-01-10,31.844449996948242,31.8728850013415,31.503262482695693,31.74967628999784,34904000
2024-01-11,31.41796875,31.74968038246855,31.067298035235375,31.616995729481133,48790600
2024-01-12,31.086252212524414,31.45587476347995,30.290140712241154,30.564989547961854,74344300
2024-01-16,30.44178009033203,30.811402632356966,30.157455336111727,30.716628919412,58420800
2024-01-17,30.138500213623047,30.31857352411578,29.636193021601386,30.06268015778811,48811300
2024-01-18,30.072154998779297,30.110065926897345,29.75939707257561,30.091110462838323,35484400
2024-01-19,30.536558151245117,30.546034076612784,29.92051815616761,30.13850059347883,49493600
2024-01-22,30.84930992126465,31.26632288591012,30.63132751492041,30.66923844177636,43903400
2024-01-23,31.057823181152344,31.105210042370746,30.69767652819812,30.83984072723909,30003400
2024-01-24,31.25684356689453,31.598034680233834,31.190501252121333,31.3042304181061,36403900
2024-01-25,31.645427703857422,31.70229410563405,31.114689082151752,31.474832113913255,46204000
2024-01-26,31.683332443237305,31.910790775096775,31.5790792013913,31.654901055601123,30839800
2024-01-29,31.853933334350586,31.891844267804377,31.503266238367008,31.654906356796577,30269300
2024-01-30,32.97227478027344,33.067048481899214,32.071910153288655,32.1287765434951,60315700
2024-01-31,32.233028411865234,33.26607773915844,32.223552487197324,32.76377057789893,54716000
2024-02-01,31.797067642211914,32.46049453088376,31.209462622136027,32.157214287271316,57084800
2024-02-02,31.721242904663086,31.948701233183385,31.43691457093529,31.62646558829217,40416000
2024-02-05,31.266326904296875,31.550651661488295,31.143118183872595,31.380056084096356,43573000
2024-02-06,31.31370735168457,31.616987512661954,31.16206727119588,31.19997457977953,27188000
2024-02-07,31.446401596069336,31.52221985182963,30.925138885790222,31.332672404735995,29660100
2024-02-08,31.3895320892334,31.541172201147166,31.086251865405863,31.323189766232716,36852200
2024-02-09,31.34213638305664,31.51273191271714,31.124154009686983,31.370567766205248,36176000
2024-02-12,31.8634033203125,32.19511850311922,31.256842959664123,31.275798422857502,34160400
2024-02-13,31.038864135742188,31.569606320212685,30.659762058922492,31.389531206799926,43801500
2024-02-14,31.399009704589844,31.446396558772506,31.15259227822364,31.256845526656633,27833900
2024-02-15,32.289894104003906,32.451013742937256,31.5790804616521,31.5790804616521,41683100
2024-02-16,32.3088493347168,32.36571572723244,30.792448354817388,32.14772969694835,33290700
2024-02-20,32.185638427734375,32.308847128746656,32.005566953474016,32.01504287722041,30372900
2024-02-21,31.93922996520996,31.977140897284826,31.436919153681654,31.616994273344538,37847100
2024-02-22,31.853933334350586,32.28989822291239,31.62647134901343,31.62647134901343,42756900
2024-02-23,32.14773178100586,32.27094049841785,31.740201928739157,31.967660282777068,30586000
2024-02-26,31.853933334350586,32.43206241567132,31.778111467442997,32.02452891950705,31129200
2024-02-27,32.48892593383789,32.631090129805884,31.948707773776626,31.967663240931405,40536300
2024-02-28,32.51736068725586,32.79220592038054,32.32780963258026,32.432062893421126,39548600
2024-02-29,32.94684982299805,33.0709264629524,32.593712537893076,32.765509842182695,43863400
2024-03-01,32.78459548950195,33.07092675979025,32.479178865990896,32.95639279533359,38432300
2024-03-04,33.54814910888672,33.80584149145523,32.689162364144146,32.72734036187809,49136400
2024-03-05,33.77720260620117,34.092165559018056,33.280899664123744,33.33816664850504,47591600
2024-03-06,33.80583190917969,34.15897282683941,33.47178362582938,34.02535351349928,49149700
2024-03-07,34.00626754760742,34.26396352092875,33.643583921356644,33.97763223444713,35900700
2024-03-08,33.977630615234375,34.48347986061959,33.882189284857816,34.235326576275135,42769900
2024-03-11,34.25441360473633,34.29259159103735,33.66266938048312,33.77719969853303,34131500
2024-03-12,34.321224212646484,34.5025678321815,34.14942691037819,34.26396087245923,29260400
2024-03-13,34.43575668334961,34.78889394900563,34.32122272622892,34.32122272622892,38289600
2024-03-14,34.06352615356445,34.56937535268619,33.8630971935923,34.283044106036776,40178100
2024-03-15,33.796287536621094,34.36894274815204,33.634036561666775,33.67221090580994,69646400
2024-03-18,34.36894226074219,34.44529822965175,33.77719806510508,34.03489399889535,50617900
2024-03-19,34.388031005859375,34.73162558177736,34.21623371790039,34.25441170208082,46113800
2024-03-20,35.07522201538086,35.19929865011225,34.1017052123373,34.20669285396746,40519000
2024-03-21,35.80059051513672,35.88648917558132,35.19930353287818,35.24702420182437,43219500
2024-03-22,35.36155319213867,35.89603413025143,35.31383252500532,35.705147820864475,29001100
2024-03-25,35.18021011352539,35.58106805129337,35.16112112017646,35.40927075200618,30480200
2024-03-26,35.399723052978516,35.542888662355494,35.12293814997113,35.313824415522866,33673400
2024-03-27,36.08692169189453,36.125096042413794,35.54289805781829,35.5524407352347,36350200
2024-03-28,36.19190216064453,36.26825813590865,35.71468823780363,36.0010195041908,42262500
2024-04-01,35.81012725830078,36.6023003453815,35.733771295720494,36.210985139289235,33908000
2024-04-02,35.600154876708984,35.86739712646666,35.46653557225664,35.495167240109865,34806800
2024-04-03,35.73377227783203,36.28734209919545,35.57152131416862,35.695597936345386,33338500
2024-04-04,35.23748016357422,36.230086161637864,35.18975949154025,35.9819364825489,42888200
2024-04-05,35.41881561279297,35.63833356599998,35.0561320357821,35.13248800603831,30823500
2024-04-08,35.79104232788086,35.86739829912316,35.43790506301797,35.504714717428435,29470300
2024-04-09,36.01055908203125,36.048737066378166,35.504713532420006,35.80058380897618,30967300
2024-04-10,34.97978210449219,35.53334836338838,34.8843371351285,35.48562769913318,37610700
2024-04-11,34.693443298339844,35.07521581112851,34.4071157341746,35.07521581112851,38604000
2024-04-12,34.15896987915039,34.44529747457868,33.91081662648707,34.17805887095933,47126100
2024-04-15,34.311683654785156,35.084767921872796,34.1303400240532,34.67436727539558,44392000
2024-04-16,33.09956359863281,34.52165929124174,32.59371791962005,34.45484962197039,95566100
2024-04-17,33.624488830566406,34.120791692080836,33.16636395244221,33.29998325345516,65951400
2024-04-18,34.13988494873047,34.349860242755234,33.57677236636224,33.92036697809246,44506200
2024-04-19,35.28519821166992,35.428360202353794,34.41666902778273,34.45484337411982,56273700
2024-04-22,36.01055908203125,36.182356370739406,35.189750622837394,35.31382725153839,43867100
2024-04-23,36.62139129638672,36.66911195512756,36.106003084791546,36.21098707768026,39180300
2024-04-24,36.573673248291016,36.73592786861516,36.26825664152537,36.28734563455486,28670600
2024-04-25,36.18235778808594,36.52595237896164,35.67651221865955,36.20144678100716,41116000
2024-04-26,36.10600280761719,36.56412768154762,36.05827850838982,36.201444124366205,28668700
2024-04-29,35.83876419067383,36.32552442152529,35.743322864275186,36.115549134424406,26438800
2024-04-30,35.32337188720703,35.953294100472135,35.29474021778463,35.64787749045591,30283800
2024-05-01,35.26611328125,35.80059060008131,35.09431595995317,35.514262944871156,32272000
2024-05-02,35.199302673339844,35.78150428648595,34.97978468886491,35.666970314787534,34860300
2024-05-03,35.552433013916016,35.81967161377992,35.39018204709946,35.552433013916016,34082700
2024-05-06,35.97238540649414,36.067830378793936,35.65742610003836,35.943753735230906,28422300
2024-05-07,36.11554718017578,36.41142110136669,35.98192787410667,35.98192787410667,29119500
2024-05-08,35.99147033691406,36.09645797416226,35.81013037130089,35.981927661188315,32803300
2024-05-09,36.53549575805664,36.66911507022332,35.75286523749192,35.81967489357526,26855400
2024-05-10,36.697750091552734,37.01270937620028,36.583219773576644,36.72638176083347,27359100
2024-05-13,36.46868133544922,37.01270483008194,36.4400496696852,36.85999654458596,24060600
2024-05-14,36.73593521118164,37.02226288214732,36.621401230112276,36.65003654580656,27594800
2024-05-15,37.13678741455078,37.45175035195376,37.012710774890216,37.031799768749785,34084400
2024-05-16,37.43266296386719,37.56628228576284,36.9459027017005,37.14633168454397,32554200
2024-05-17,37.499473571777344,37.690359882528725,37.375396923660915,37.652181892207736,25537300
2024-05-20,37.05088424682617,37.67126372866349,37.02225257995311,37.47083113799348,28369800
2024-05-21,37.84306716918945,37.93850850153117,37.00316960933923,37.00316960933923,31799200
2024-05-22,37.94804763793945,37.99577194051117,37.54718971047942,37.613999365056095,42837600
2024-05-23,37.38494110107422,38.02440972162522,37.1654231091996,37.95760005630919,39033900
2024-05-24,37.890785217285156,37.967137549712255,37.289494670689024,37.37539332020276,22166300
2024-05-28,37.52809524536133,37.92895675522177,37.327666310857396,37.84305812031258,31217900
2024-05-29,36.95545196533203,37.12724929027922,36.80274363658494,37.069982301678905,26677500
2024-05-30,36.86954879760742,37.33721640437551,35.876942961615335,36.964990126091806,50989100
2024-05-31,38.167572021484375,38.25347067518942,36.89818121016015,36.93635919866315,58188400
2024-06-03,38.06258010864258,38.358450384255285,37.566277236274175,38.21528840469032,31898600
2024-06-04,37.871700286865234,38.310736257767395,37.623546987935434,37.81443330076138,26974200
2024-06-05,38.13893508911133,38.16757039969851,37.71898815598257,38.00531577588187,34140300
2024-06-06,37.890785217285156,38.177112835379866,37.62354295165732,38.091214185866136,38676400
2024-06-07,38.19805908203125,38.37090127667371,37.7179426886905,37.7179426886905,25928700
2024-06-10,38.092430114746094,38.25567158135001,37.65072394416606,38.006012686716936,37176200
2024-06-11,37.31464385986328,37.78515583854254,36.93054930898473,37.765954407696015,44629000
2024-06-12,37.8427734375,38.29408401297022,37.54509995919025,38.21726363289132,38964700
2024-06-13,37.698734283447266,37.78515537318072,37.381859396422634,37.727543755356464,40018700
2024-06-14,37.67953872680664,37.909992560023916,37.362660127385844,37.54510305059932,32347900
2024-06-17,37.93879699707031,37.95800209297463,37.429874776097186,37.53550097207218,26135400
2024-06-18,38.39970779418945,38.428513603412576,37.890781965599245,37.986807434671505,30804500
2024-06-20,38.39970779418945,38.70698196922647,38.16925033141314,38.19805614063626,29383300
2024-06-21,37.919593811035156,38.3228898173878,37.80436324093669,38.265274532338566,72244900
2024-06-24,38.42852020263672,38.735794430441096,38.07323506354999,38.18846198322719,31064900
2024-06-25,37.81396484375,38.476524089684986,37.785155371841824,38.198055726887375,30596000
2024-06-26,37.44907760620117,37.78515760669894,36.94015541601962,37.61231541701515,44310200
2024-06-27,37.68913650512695,37.78515831764808,36.815324824394224,37.161009210266045,29464200
2024-06-28,38.18845748901367,38.46692586987659,37.756352012329366,38.15965167823382,52028200
2024-07-01,38.418907165527344,38.73578570198358,38.09242791417708,38.32288536459952,26770500
2024-07-02,39.302330017089844,39.33113582982487,38.37090300001667,38.409313192328405,35626100
2024-07-03,39.27352523803711,39.561594361962065,39.12948884457581,39.38875215500756,17100700
2024-07-05,38.80300521850586,39.331132497556105,38.68777831433061,39.302326687261605,23489000
2024-07-08,39.0046501159668,39.40794974301656,38.82220722694247,38.98544502296472,26728500
2024-07-09,39.77283477783203,40.16653368252219,38.985444294445465,39.13908137259414,34697200
2024-07-10,40.080116271972656,40.0993177033795,39.43675842992685,39.63840642667367,25333400
2024-07-11,40.1473274230957,40.23374850598002,39.7440278153033,40.10891723892561,33824600
2024-07-12,39.93608093261719,40.25295584102069,39.455964549038235,39.840059121100325,31856600
2024-07-15,40.22414779663086,40.55062706585596,40.04170489968043,40.185737608958,36648100
2024-07-16,42.37506866455078,42.63433192447086,40.54102441518756,40.82909348298866,75953300
2024-07-17,42.231040954589844,42.67274719328097,41.9141660139628,41.9141660139628,65713600
2024-07-18,41.29961013793945,42.480699677398505,41.222793420517824,41.88535271814346,48549200
2024-07-19,41.19398498535156,41.82773843144941,40.99233333109538,41.155574797588756,43903000
2024-07-22,40.61784362792969,41.165175989393504,40.29136435416205,40.944322901697326,42838300
2024-07-23,40.723480224609375,41.07876539885951,40.473821263433145,40.541037278480516,36705100
2024-07-24,40.51222229003906,41.04995400030109,40.396995374624915,40.598643392349075,36567200
2024-07-25,40.02250671386719,40.61785007356642,40.00330161671589,40.34898603944375,41593900
2024-07-26,40.01289749145508,40.29136587195219,39.76323858469728,39.92648005922904,52049300
2024-07-29,39.45596694946289,40.21455176078782,39.350340752569856,40.11852628043164,37133100
2024-07-30,39.638404846191406,40.22414738167001,39.18709796618094,39.41755176384648,44163200
2024-07-31,38.70698547363281,39.734434276246716,38.620564375142045,39.59039789109629,50851600
2024-08-01,37.9291877746582,38.84140947905312,37.42986638211576,38.831805101756075,60107800
2024-08-02,36.085548400878906,36.997766580393524,35.701453836769524,36.48884439649625,76728000
2024-08-05,35.19253158569336,35.49020139246254,33.74257808879563,34.23229884025013,76075200
2024-08-06,35.45178985595703,35.82628368936257,35.08690406391639,35.19253024797971,40614100
2024-08-07,35.81667709350586,37.05537809047164,35.78787128618006,36.584862480501236,44952400
2024-08-08,36.69049072265625,36.892138711277674,36.16236346831569,36.31600055436016,36557800
2024-08-09,36.75770950317383,36.92095097989709,36.402424401595916,36.642482595661576,26411200
2024-08-12,36.6520881652832,37.189819909877336,36.498451047256,36.96896678165059,33040600
2024-08-13,36.9305534362793,36.949758532269264,36.6040741304449,36.844132335823204,21553500
2024-08-14,37.266632080078125,37.37225459923777,36.901742631627016,36.98816372039183,25658900
2024-08-15,37.477882385253906,38.10203512670998,37.4202707656099,37.86197694353413,37379800
2024-08-16,37.77555465698242,37.85237136841198,37.43947467635863,37.44907539166342,26886600
2024-08-19,38.092430114746094,38.159649774875085,37.88118140790184,37.90998721724489,27268900
2024-08-20,37.15140151977539,37.67953243055941,36.81532154291013,37.564301870208155,44440800
2024-08-21,37.209014892578125,37.43947233847012,36.86333055523855,37.3242417840257,33751100
2024-08-22,37.67953872680664,37.72754963681044,37.03618081116335,37.23782883097787,35421600
2024-08-23,38.18845748901367,38.57254839706849,37.708341106697176,37.708341106697176,45616600
2024-08-26,38.332489013671875,38.601356670244805,38.08283011435114,38.40930939069191,44659500
2024-08-27,38.092430114746094,38.53413994832325,38.03481849605999,38.40930866950815,32323900
2024-08-28,38.36130142211914,38.6685756277188,37.76595810664448,37.77555882300808,40700500
2024-08-29,38.572547912597656,38.73578938529355,37.95799953703083,38.457321007928186,34810800
2024-08-30,39.12948989868164,39.235116101665696,38.53414653813248,38.572553069492166,49098200
2024-09-03,39.08147430419922,39.27352158997608,38.63016373207321,38.96624739793203,48489300
2024-09-04,38.889427185058594,39.32153266415871,38.67817480349913,39.043064281738936,39629600
2024-09-05,38.54374313354492,39.31192862355879,38.41891184673099,39.17749662068103,34214500
2024-09-06,37.46126937866211,38.543744260278444,37.26797371618917,38.437429433791266,47007600
2024-09-09,38.147483825683594,38.37944010496398,37.78987872423523,37.934854163944415,37610200
2024-09-10,37.963844299316406,38.505081712852906,37.0456788881988,38.505081712852906,53983900
2024-09-11,37.69322967529297,37.722223287549774,36.73639991515516,37.68356636683352,41190000
2024-09-12,37.4806022644043,38.01217643346148,37.23897898278874,37.74155585097454,39921600
2024-09-13,37.35496139526367,37.780217050264824,37.15199503351247,37.57725437539237,31887300
2024-09-16,37.78987503051758,37.896189850995576,37.49026455849219,37.50959486102257,26336400
2024-09-17,38.22480010986328,38.46642337691283,37.89619231920075,37.96384653902435,27769400
2024-09-18,38.29245376586914,38.775700292852925,38.09915441769995,38.29245376586914,42527800
2024-09-19,39.500572204589844,39.67454125859677,38.66938754364088,38.69838484389444,57977800
2024-09-20,38.92068099975586,39.365266979975,38.89168738400906,39.25895213973153,70725000
2024-09-23,38.534080505371094,39.08498130087696,38.418102360759,38.86268832083764,31714800
2024-09-24,38.12815475463867,38.640394934258254,37.934855391066414,38.51474979490448,32534900
2024-09-25,37.934852600097656,38.089491342202535,37.63523842426014,37.934852600097656,28866000
2024-09-26,38.195804595947266,38.38910393733872,37.79954260519001,38.07015947101108,39601400
2024-09-27,38.07982635498047,38.56307286361282,38.03149875461462,38.32144960929664,27861100
2024-09-30,38.35044860839844,38.45676344513572,37.71256327485353,37.915525952145366,35055200
2024-10-01,37.905860900878906,38.23446870529354,37.6352403233807,38.18614110035836,26291200
2024-10-02,37.91551971435547,38.21513386978869,37.7415506804753,37.934850016661954,23302700
2024-10-03,37.934852600097656,37.95418290372057,37.43227576653719,37.67389903150597,26030200
2024-10-04,38.76603698730469,38.90134542496926,38.2924537686003,38.59206794262784,34209900
2024-10-07,38.62105941772461,39.0849756155704,38.37943616758337,38.86268266786585,27177500
2024-10-08,38.592071533203125,38.80470120467514,38.476093388254185,38.708049678152065,26023600
2024-10-09,38.843353271484375,39.036652613481884,38.38910405770027,38.534075799039684,27421000
2024-10-10,38.630733489990234,38.78537225093715,38.437434117086866,38.6693904150678,26182300
2024-10-11,40.54438400268555,40.757009965652784,39.04632051929292,39.142968349107264,50660700
2024-10-14,40.5057258605957,40.766679441226316,40.32209349802391,40.554049778443165,28098900
2024-10-15,40.7280158996582,41.907138582004634,40.64103137904448,41.78149345514518,61490000
2024-10-16,41.36590576171875,41.655852967093665,40.73768743121956,40.7956746601673,42437800
2024-10-17,41.17259979248047,41.55919846222921,41.04695835865856,41.394896424056796,31708600
2024-10-18,40.9019889831543,41.22093348588477,40.69902631062328,41.00830381739779,30593500
2024-10-21,40.360748291015625,40.98897025052771,40.341421674399065,40.83433150944636,26589500
2024-10-22,40.88265609741211,40.9889709249445,40.17711659918989,40.25443781444198,37104400
2024-10-23,40.92131805419922,41.046963189687105,40.612040556751026,40.78600960992546,28569400
2024-10-24,41.22093200683594,41.230595315566475,40.56371640680201,40.901987515549514,28392000
2024-10-25,40.486392974853516,41.5398705390291,40.38974514532042,41.481879629182224,27466900
2024-10-28,41.191932678222656,41.317577806803214,40.602371328973575,40.66036223913654,24527600
2024-10-29,41.10495376586914,41.37557436334857,41.04696653467125,41.16294468394592,22313500
2024-10-30,40.8923225402832,41.46255359098864,40.24477027537032,40.312424494362624,38100500
2024-10-31,40.41874313354492,41.12428268879526,40.399412828169446,40.872996092671634,28138200
2024-11-01,40.360748291015625,41.008300554022675,40.35108498270735,40.73768367884992,31220000
2024-11-04,39.945159912109375,40.61203879577583,39.732530259254084,40.2157767889227,31110100
2024-11-05,40.47673034667969,40.602371789807876,39.993483817138696,40.119125260266884,30851400
2024-11-06,43.888450622558594,44.023759063880334,42.52569552700912,43.29888925376086,110086700
2024-11-07,43.2698974609375,43.71448341165766,43.01860718487573,43.530851045980725,48339700
2024-11-08,43.617835998535156,43.97543742438544,43.443866940147736,43.62749930761059,38331800
2024-11-11,44.53600311279297,44.9612587427858,44.052756570441716,44.072083187682665,43293500
2024-11-12,44.3233757019043,44.89360679826916,44.304045396804625,44.5939925995423,38155900
2024-11-13,44.333030700683594,44.922591991633475,44.29437378460929,44.65197514472324,36903900
2024-11-14,44.36203384399414,44.61332042255198,44.19772810322753,44.41035776061544,35733100
2024-11-15,45.18355178833008,45.27053631357955,44.091413568393115,44.091413568393115,40488900
2024-11-18,45.15455627441406,45.44450345074524,44.93226331633089,45.183549885983666,32360300
2024-11-19,44.854942321777344,45.057904977511384,44.41035640344229,44.44901701030927,28534100
2024-11-20,44.51667022705078,45.077234266493015,44.381358106061526,45.009580049437545,28021000
2024-11-21,44.90326690673828,45.47349796245788,44.74862816384204,44.83561268715108,45336500
2024-11-22,45.425174713134766,45.63780437031652,44.72929851645158,44.81628304103698,37996200
2024-11-25,45.908424377441406,46.140384354417236,45.57981656073825,45.676464400465576,42718600
2024-11-26,46.15004348754883,46.23702801018374,45.62813635173934,45.918083531562914,30301500
2024-11-27,46.169376373291016,46.37233904183101,46.05339823225082,46.21770029148454,23278400
2024-11-29,45.91808319091797,46.468987621437805,45.90841988264285,46.19836706031544,23262000
2024-12-02,45.463836669921875,46.21770011410786,45.28020061986115,46.140382582670675,35891500
2024-12-03,45.25120544433594,45.88909072590669,45.086903391404576,45.78277589783182,38123800
2024-12-04,44.8162841796875,45.21254620467139,44.584327899485444,45.12556167787597,24941300
2024-12-05,45.425174713134766,45.657134674322,44.941928173633336,44.99991908564977,31572100
2024-12-06,45.43489074707031,45.73617157117553,45.094737967747676,45.73617157117553,28931700
2024-12-09,44.618526458740234,45.434896947918126,44.60880939545653,45.25024308642575,34660900
2024-12-10,44.4630241394043,44.98783449442927,44.30752518688439,44.6185230919242,35665800
2024-12-11,44.78374099731445,44.86148861672612,44.190900106327824,44.70598967051547,36790500
2024-12-12,44.78374099731445,45.1627694469912,44.62823834371649,44.84205078502637,24017300
2024-12-13,44.38526916503906,44.803173260757944,44.103429885567046,44.79345619900532,32902300
2024-12-16,44.19090270996094,44.39499439375194,43.88962186194504,44.30752599964329,27330400
2024-12-17,43.782718658447266,43.91877979037042,43.36481449189026,43.91877979037042,33054600
2024-12-18,42.27631759643555,44.15202577719023,42.130535707975625,43.87018277010768,41771900
2024-12-19,42.15969467163086,43.22874950487962,42.091664111736165,42.733097753162916,38583600
2024-12-20,42.927467346191406,43.15100055886025,41.887567439827016,41.984756599115066,74222200
2024-12-23,42.65534591674805,42.869158363813426,41.576570326390794,42.665066686553246,35374800
2024-12-24,43.131561279296875,43.170433234320015,42.69421934564834,42.69421934564834,12054400
2024-12-26,43.296783447265625,43.32594205191808,42.869162222036394,42.966347684510566,16077400
2024-12-27,43.09268569946289,43.52030686463465,42.82056347684334,42.995500250637974,17972500
2024-12-30,42.674781799316406,42.89831129858732,42.32490825006202,42.655343967981466,16109800
