Price,Close,High,Low,Open,Volume
Ticker,COST,COST,COST,COST,COST
Date,,,,,
2019-01-02,185.1300048828125,185.43742015064902,180.6907286498231,181.278408745829,2143100
2019-01-03,181.20608520507812,186.19689636996387,180.86251072247973,184.17163626636895,2877700
2019-01-04,186.46812438964844,187.99609535450384,182.13732587630386,183.61106494316056,2761600
2019-01-07,187.1553497314453,189.07210542026746,184.02704651112182,185.81723805034088,2226600
2019-01-08,188.5567169189453,189.03590573857082,184.6056510002775,188.64712183444615,2366500
2019-01-09,189.7772216796875,190.9706820411519,187.9870449334446,189.09912296411554,1862900
2019-01-10,190.44631958007812,190.68138887879357,186.25114862882063,188.19502645777774,2340700
2019-01-11,190.32876586914062,190.9978283171268,189.24381055031725,189.9038228515752,1861100
2019-01-14,188.9635467529297,190.45535870891234,188.20407934973693,189.38848980384964,1523100
2019-01-15,190.7989044189453,191.07918302812112,189.03585042900522,189.90380910284293,1681900
2019-01-16,190.03041076660156,191.1877121364789,189.41560777868673,191.1877121364789,1455000
2019-01-17,191.18772888183594,191.35950234635865,189.55123862923378,189.7501487417941,1517100
2019-01-18,193.1134796142578,193.62884128696163,191.4679671527591,192.1822251001007,2115400
2019-01-22,192.03756713867188,194.8946266154086,190.59096469943083,192.58005167585904,3310800
2019-01-23,191.75735473632812,194.25276791394685,189.8677221460006,192.58011817665778,2220200
2019-01-24,190.14797973632812,192.02857576416423,188.8731504325228,192.02857576416423,1994400
2019-01-25,189.02682495117188,191.96525303540022,188.7284598286433,191.70304711138033,2252300
2019-01-28,190.56385803222656,190.58193073463372,187.43555602128387,188.6742121380199,1999400
2019-01-29,190.14797973632812,190.35592621270692,188.5747990427419,190.157029884839,1636500
2019-01-30,191.0882568359375,191.8296377201449,189.25287042991616,190.301652807674,1589800
2019-01-31,194.05381774902344,194.27985070496428,189.614527183316,190.89839271754508,4341100
2019-02-01,190.11178588867188,194.388325179759,189.2980590405786,193.48419343473688,3453700
2019-02-04,190.93453979492188,190.94358994199712,187.96898870498296,190.50056040994338,1630300
2019-02-05,191.32334899902344,192.14611232653144,189.54220807945458,191.21485758738115,2074500
2019-02-06,191.3142852783203,191.9110017529476,190.30164832934292,191.9110017529476,1618800
2019-02-07,189.519287109375,190.47119252399747,186.99901263376626,190.44399641214144,2526600
2019-02-08,188.34075927734375,189.01162905569237,186.52761117359074,188.41328686148054,2013700
2019-02-11,189.22010803222656,189.40142004799495,187.4432170779683,189.1566412184366,2376600
2019-02-12,192.10301208496094,192.8736054661751,189.70965744002558,190.43491935765883,2091200
2019-02-13,192.9189453125,193.56260509036778,191.55908434530647,192.40219150502034,1703000
2019-02-14,193.86175537109375,194.50542891314743,191.41400865931513,192.19366275021554,1411100
2019-02-15,196.24607849121094,196.9532051175414,194.04309643747249,195.04939414928452,2635500
2019-02-19,197.74191284179688,199.08365229721068,196.28232817512597,196.4273833324498,1938100
2019-02-20,196.8262481689453,198.60313899291424,194.96776901884604,197.84160644937378,1785600
2019-02-21,195.1219024658203,196.47270259722364,194.30599146467918,196.3639181525969,1615300
2019-02-22,196.08287048339844,196.35484543077675,194.23346574102274,195.06751210195455,1542500
2019-02-25,196.77186584472656,198.62127049609322,196.3185788991424,197.06196229662612,1794000
2019-02-26,197.27957153320312,198.4581205168128,195.93784586719073,196.62683713714918,1884100
2019-02-27,197.67845153808594,198.4127742204591,196.2279276923267,196.28231991572906,1482700
2019-02-28,198.30398559570312,199.16522805894365,197.19796429908843,198.07734211415453,2055600
2019-03-01,198.9385986328125,199.96303166842085,195.61147374859766,199.22869511641605,2178200
2019-03-04,198.0047607421875,200.4253108074765,195.70205584869538,199.8360296156257,2444700
2019-03-05,199.2830810546875,200.90584224676417,198.44902089463952,198.45809548688734,2160200
2019-03-06,198.74818420410156,201.17780935133922,197.8416103406823,199.89953688394542,1985300
2019-03-07,196.5361328125,198.89323028332012,196.01939292716082,197.75095224739766,3279100
2019-03-08,206.53567504882812,207.33345068393726,202.86404794254767,204.4142815837909,6782700
2019-03-11,208.23094177246094,208.43038911841057,205.84664821247492,206.27273901216563,3748400
2019-03-12,211.1954345703125,211.59431541492174,208.4213071744816,208.80208033656638,2647100
2019-03-13,214.29592895507812,215.26595577164196,211.18637348727773,212.3649222471823,2421200
2019-03-14,211.9932403564453,214.2959458405533,211.4855611788146,214.06930236245245,2300300
2019-03-15,211.77565002441406,213.63411529006004,211.39487684653147,212.2923899088798,5075400
2019-03-18,214.48634338378906,214.56793172535413,211.67597223073733,211.7575605723024,1735400
2019-03-19,214.90335083007812,215.80992475145942,214.21434579656741,215.32944167978496,1852300
2019-03-20,214.83987426757812,216.20880968001129,213.75198837792593,214.88520572823438,1499500
2019-03-21,217.16075134277344,217.44180093046515,214.45010366804956,214.56794889310964,1617000
2019-03-22,215.36569213867188,217.88596645842665,214.76735004839978,217.35109118070758,1873600
2019-03-25,214.83084106445312,215.83713875393065,213.76107655527218,214.79457035798794,1357100
2019-03-26,216.73463439941406,217.8043849885484,215.18438690455397,215.76459366191267,1193000
2019-03-27,217.0428466796875,217.76810851941838,215.90962937798898,216.40824775738014,1351200
2019-03-28,218.6837615966797,219.34555668348796,217.19698092455604,217.5596049584515,1396700
2019-03-29,219.51780700683594,219.78978194770997,218.27580517114944,219.0826554013696,1968000
2019-04-01,221.37632751464844,221.57577491954243,219.91674268786383,220.36096896844094,1610200
2019-04-02,218.0310516357422,221.376311980184,217.85880035876437,221.2040607032062,1574300
2019-04-03,219.82606506347656,220.79610590732582,218.50247473746572,219.1098776724463,1663600
2019-04-04,221.566650390625,221.89301754024106,218.71094820639922,219.54499451470258,1319700
2019-04-05,222.8993377685547,224.00535911956152,221.21310962957878,222.07436596839466,1616200
2019-04-08,223.48858642578125,223.7696221022572,222.29190231962946,223.00810339828,1244200
2019-04-09,222.0289764404297,222.72702825546216,221.2130517801693,222.2102884205262,1450200
2019-04-10,222.6636199951172,223.62458613247293,221.84770900425065,222.36444894294075,1556600
2019-04-11,218.70191955566406,221.36723553007297,218.41180923198272,220.85955629685225,2719800
2019-04-12,219.3455810546875,220.04364692237863,218.39367556842177,218.94668627314974,2187600
2019-04-15,223.3163604736328,223.69711986874208,219.35463677938637,219.72632158182745,1859700
2019-04-16,222.41880798339844,223.7605471384283,221.43064588264576,223.6064174225145,1360500
2019-04-17,222.6182861328125,223.43421094810333,221.49414334269002,223.28915580317786,1363000
2019-04-18,222.84490966796875,224.1503781890379,221.8386121690795,223.73334814300017,1365000
2019-04-22,220.67819213867188,222.8086460961924,219.89853811945355,222.2828316336295,1300000
2019-04-23,222.6364288330078,223.49767130544822,219.5812790957281,221.79330787936624,1524600
2019-04-24,224.79405212402344,225.4649079024285,222.6545373399789,222.72705107287234,1156400
2019-04-25,222.65457153320312,224.05975011361284,221.14965543000594,223.20758220566856,1278200
2019-04-26,221.0408935546875,222.91749466226298,219.4453143586726,222.67271579319757,1842900
2019-04-29,221.4578399658203,222.7905045176085,220.74165277239996,222.11057418846016,1429700
2019-04-30,222.59107971191406,222.82678393658517,220.31558429332858,221.90208855526197,1427600
2019-05-01,219.01919555664062,222.52764612243627,218.98293868553978,222.4188478426926,1350400
2019-05-02,220.01641845703125,220.197730467464,217.95849186390925,219.17329755035038,1237600
2019-05-03,221.76612854003906,222.0018466344558,220.0436434648873,220.54226193397488,905900
2019-05-06,221.4125518798828,221.95650178303518,219.44528806886078,220.1614892357854,1194900
2019-05-07,217.7408905029297,220.06173107064635,215.9640135863626,219.13702191345087,1775200
2019-05-08,218.7925262451172,220.3427735911862,215.93682419520252,217.17882592380644,1611900
2019-05-09,221.31961059570312,221.85593030285455,218.3107496803223,218.76526072785597,1919300
2019-05-10,224.54664611816406,225.93744884067175,218.1925765582498,220.83783423461801,2036500
2019-05-13,219.91067504882812,222.6468272020259,218.7743971640248,221.91052135196605,1962800
2019-05-14,220.64694213867188,222.79223496314825,219.8106434268356,220.24697017418993,1635100
2019-05-15,222.4104461669922,223.07402844792983,219.28340777432254,220.08335169912002,1194800
2019-05-16,224.92843627929688,227.010090837403,222.9013208292651,223.28310845636233,1800600
2019-05-17,225.75567626953125,227.30101128573654,223.24676603866348,223.5103902527716,1672000
2019-05-20,226.2555694580078,227.20096010221312,224.6647809635887,224.6647809635887,1600500
2019-05-21,227.19192504882812,228.0100533989273,225.52842653184192,226.4465340140218,1504200
2019-05-22,226.8101348876953,228.1736682523767,226.47380109632573,228.1736682523767,1242300
2019-05-23,225.91929626464844,227.18283662380057,224.69211069205255,226.01020403690688,1822800
2019-05-24,224.80117797851562,226.85556302134702,224.3193973539995,226.44650583249447,1340200
2019-05-28,223.90127563476562,227.43737175020468,223.7467435115887,225.96476009474767,3164100
2019-05-29,218.7925262451172,222.5013379890469,217.17446805539078,221.9195644137585,2594900
2019-05-30,219.5652313232422,221.4196445074661,218.84710983845733,220.1197354585491,2030300
2019-05-31,217.7835235595703,218.76526912439311,211.84761016059718,217.23810473336533,4058100
2019-06-03,219.1380157470703,219.56524347343077,216.4200340366222,217.96536919527114,2512500
2019-06-04,223.26495361328125,223.45585438732758,220.437893883295,220.89240500470387,1761500
2019-06-05,225.40113830566406,226.1283449288429,222.72861096669243,223.71035655267653,1825500
2019-06-06,228.35546875,229.01905105998958,225.20116066457695,225.4375014388064,1487800
2019-06-07,232.71876525878906,233.25508498857937,228.18273981952265,228.310002363381,2270200
2019-06-10,233.4823455810547,235.28219168992382,232.80965032374937,233.07327451568193,1839500
2019-06-11,233.7186737060547,236.0003281995936,232.90055931216114,235.3549302349965,1613500
2019-06-12,233.8277587890625,235.20946235890676,232.50058045395488,234.145894323003,1071700
2019-06-13,236.08216857910156,236.2276154728454,234.11867712529744,234.26412401904128,1228500
2019-06-14,236.48211669921875,237.43660664147055,235.35493806308145,236.34576891922723,1287800
2019-06-17,237.6456756591797,238.3910805479413,236.73665342639438,237.3729800858069,1191900
2019-06-18,238.8365020751953,240.16369456154308,238.209274490305,239.62734701062448,2763200
2019-06-19,239.6728057861328,240.07277778878716,237.20026419752284,238.4456202207687,1628400
2019-06-20,243.027099609375,243.42707161130045,240.4818207115624,240.89089181299065,1745100
2019-06-21,241.9180450439453,244.4723948109045,241.79076863990952,242.4998047364115,2964000
2019-06-24,242.4998779296875,243.59071582639072,242.27262234630436,242.99075775731995,1586100
2019-06-25,242.12721252441406,242.78170981443654,241.21819005166975,242.44537593810745,1182400
2019-06-26,240.35455322265625,242.545299962373,240.29091501342867,242.2089662009628,1334400
2019-06-27,241.41810607910156,242.23624826019093,239.06374188654513,240.79997763481043,1122900
2019-06-28,240.21824645996094,242.154468434501,239.4001041814187,241.34542525630332,1952500
2019-07-01,239.57278442382812,242.70892204104535,238.01836426367302,242.1907727406085,1955800
2019-07-02,241.318115234375,241.40902299909928,237.86384210409207,239.90914197519103,1201300
2019-07-03,244.6542205810547,244.6723910361855,241.01813219188472,241.01813219188472,986500
2019-07-05,243.8451385498047,244.17237313667385,242.0452650985789,243.7996985486779,1081500
2019-07-08,244.89059448242188,245.15421870877648,243.0271099216363,243.9179339936872,1236000
2019-07-09,245.40872192382812,246.14502767897537,244.06335909482596,244.85420396212072,1400300
2019-07-10,246.72679138183594,246.82677049740414,244.83600987270756,245.48140779826102,1257000
2019-07-11,251.3809356689453,251.58999296132103,247.081251895433,247.5539333185739,1985600
2019-07-12,254.01718139648438,254.5262316404727,250.89924171676645,251.3446537449668,2046400
2019-07-15,255.0533905029297,255.16249644975156,253.5262401412351,254.47163082563455,1568000
2019-07-16,255.11697387695312,255.77147071147377,254.32612931464584,255.4351370692185,1379200
2019-07-17,255.94430541992188,257.1169519033666,254.7262189199201,255.48069518994555,1716600
2019-07-18,257.1715087890625,257.30785658931245,253.78994463706462,256.52611070710617,1696100
2019-07-19,255.8988037109375,258.44405432999173,255.7533568553985,257.3168758760036,1607600
2019-07-22,254.6807098388672,256.63510162050983,253.90803557882697,255.63517185699604,1459100
2019-07-23,254.61709594726562,256.416941952264,253.6353365434911,256.20788462344666,1117800
2019-07-24,255.28067016601562,255.65337256475632,253.6262709882189,254.37164804454667,1257100
2019-07-25,254.34434509277344,256.2896654930321,253.92620273932673,255.61699808864168,1600200
2019-07-26,255.77157592773438,256.13517926512174,253.7262759461293,254.3444043938035,1447700
2019-07-29,254.64430236816406,255.70784242723073,254.1079827906708,255.44424605701707,1257400
2019-07-30,254.0716552734375,255.04431549533,253.70805201268954,254.7715922439061,978200
2019-07-31,250.5537109375,254.27160718255857,247.82664523530232,253.63528075558702,1886900
2019-08-01,249.5902099609375,255.37157732409068,249.35385533274388,250.66284940386413,2634300
2019-08-02,247.7085418701172,249.92655818909063,245.89049752611632,249.3447706832559,1969200
2019-08-05,240.9818115234375,245.9359662954338,238.8092349625636,245.51782381494382,3329800
2019-08-06,244.8087615966797,245.6450742101651,240.02729604255026,242.2271419289329,2383000
2019-08-07,249.34469604492188,249.8537460895717,239.60907926456045,243.7814864561439,3037500
2019-08-08,249.79928588867188,249.8356545436751,246.34501267456824,248.1994257035535,2046700
2019-08-09,249.0175018310547,250.40830445363466,247.17218818487143,249.5992615158682,1284300
2019-08-12,246.6267852783203,249.96290861234866,244.79964196869324,249.09932651547192,1638600
2019-08-13,251.12644958496094,252.8535859948308,245.44506156489396,246.50860186720513,1724600
2019-08-14,243.7542724609375,250.30831408534488,243.61792469310856,249.0720573354916,2122100
2019-08-15,246.8177032470703,248.13579656285066,244.31789214146784,245.91778012622353,1623200
2019-08-16,249.1629638671875,250.95373851892901,248.56300595054205,249.1629638671875,1230800
2019-08-19,250.5355987548828,252.14458582588423,249.57203742860415,251.26283316981906,1313400
2019-08-20,248.1358184814453,251.2173896547912,248.02674024396887,251.1446800768599,1390600
2019-08-21,250.59921264648438,251.38098609902357,249.70838871873383,250.35378665966297,1682300
2019-08-22,254.4535369873047,255.4261697748291,251.6810022996588,251.80827873869825,2345500
2019-08-23,249.08114624023438,254.6443568692095,247.89032954800646,252.8990222889663,1984300
2019-08-26,253.12635803222656,253.18999625516292,250.6083760874733,250.66291520965848,1426400
2019-08-27,265.7799377441406,266.7434991383095,254.83530176333602,255.43525979499637,5169000
2019-08-28,267.6979675292969,272.6612492475723,265.8163124566424,267.0252999062783,5162100
2019-08-29,270.1850891113281,271.2418908278748,266.7140552762808,271.0141325562705,2613100
2019-08-30,268.5361328125,271.74295940348003,266.77781775139226,271.4878712405898,1801000
2019-09-03,266.0671081542969,267.84363316876863,264.61856939284905,266.5408629861633,1842900
2019-09-04,269.77520751953125,269.93918685987154,267.634273456645,267.8438211487686,1375700
2019-09-05,270.5494079589844,273.045628899404,270.28520066596104,271.8795080437502,1865300
2019-09-06,276.73541259765625,277.53712614290197,271.7520606222302,272.5811040473128,3018100
2019-09-09,272.39892578125,279.9969393045308,271.6792017712342,277.4096083625104,3397200
2019-09-10,270.5767822265625,271.7155733975497,268.37207028642297,270.9229791909456,2725000
2019-09-11,264.8282165527344,269.42892262997407,262.2044367516656,268.11703272943964,4754700
2019-09-12,264.099365234375,266.7049062249582,262.9969953052634,264.50931339590716,2942600
2019-09-13,265.9305114746094,267.9074652012642,264.0629050556308,264.38177214735174,2306300
2019-09-16,263.00616455078125,265.4568459694774,262.6872973850446,264.7189113358578,1508900
2019-09-17,265.4841003417969,265.8302972916996,263.0060897452758,263.798683918728,1758900
2019-09-18,266.4132995605469,267.45189023744206,263.106246240188,264.8372307016799,1666000
2019-09-19,262.2226257324219,263.9809406165457,259.38020711702916,263.7349439039494,3004700
2019-09-20,260.88348388671875,263.66215214861603,260.6830832500383,263.0608668309844,3409500
2019-09-23,261.98583984375,262.4960162424077,260.3277526468483,260.88346958724986,2025400
2019-09-24,262.2955017089844,266.5864591472143,260.91983304856194,263.56182306056604,2483200
2019-09-25,262.8421630859375,263.9080562212532,261.34805548794424,262.61440481569633,1827800
2019-09-26,262.6144714355469,264.026561948251,261.10215280119877,263.68036484125764,1877300
2019-09-27,260.5099182128906,263.77140437946207,259.0978002689449,263.77140437946207,1538100
2019-09-30,262.47772216796875,262.94235792643207,261.07475127019626,262.1042230787397,2151500
2019-10-01,258.6695251464844,262.9969307610396,257.98625057576515,262.41388425133283,2648900
2019-10-02,259.7445983886719,260.36412194213955,257.1117275458844,258.0318797482613,2480600
2019-10-03,263.28851318359375,264.98302106510295,256.54687515392925,259.99969769630155,3590200
2019-10-04,265.7210388183594,265.9761269764743,258.11390680677346,262.2408856735225,4513300
2019-10-07,267.3062744140625,269.38342915233216,264.6551642687332,265.14713001800277,1988700
2019-10-08,265.9214782714844,269.28316500114687,264.6095883173367,266.8871711818257,2201100
2019-10-09,270.48565673828125,272.00709388226437,267.0328343354815,267.0328343354815,2235500
2019-10-10,270.704345703125,272.83615948238275,269.90263225399843,272.06177590981645,1637500
2019-10-11,271.1233825683594,274.0022497196641,270.90471577796455,271.55156912129905,1855500
2019-10-14,271.0505065917969,273.61962612005465,271.0322959421528,271.48781240592115,1297600
2019-10-15,271.84320068359375,272.9819921450133,270.7863988710933,271.779421689148,1580700
2019-10-16,272.198486328125,272.37158485266053,268.8276525164098,270.3946306631088,1811100
2019-10-17,275.4963073730469,275.6876164723246,272.26215212198207,272.26215212198207,1734600
2019-10-18,275.91546630859375,276.95405736893844,274.20274746582646,275.1319912020375,1853900
2019-10-21,274.29376220703125,276.50759319442204,273.46474676777046,276.0429575374053,1322900
2019-10-22,273.2826843261719,277.75586156180265,273.26447366746913,274.77676461323307,1955600
2019-10-23,270.86822509765625,273.35532635524237,270.7406671857241,272.9271399119844,1798700
2019-10-24,270.6223449707031,271.7429255838619,268.35388166866,268.8002789475305,2056700
2019-10-25,270.1212463378906,270.80452099135914,268.8548973015875,269.228424115119,1686200
2019-10-28,272.3442687988281,272.4809182192092,268.9461049318754,269.39253010848955,1672600
2019-10-29,269.538330078125,272.3443285372342,269.49278952885106,271.6792641421294,1295300
2019-10-30,273.1641540527344,273.53768095003466,269.6384604985514,270.50395304138425,1264300
2019-10-31,271.2651062011719,273.5567762870244,268.92779663957987,272.4063717239386,2277400
2019-11-01,270.3338317871094,272.46116623210054,269.79515782738423,272.0685497335495,1364500
2019-11-04,271.0002746582031,272.27848610320405,269.49381017434774,271.31069544749477,1651600
2019-11-05,273.1549987792969,273.62064394380394,270.0781519491041,271.2468065167751,2204500
2019-11-06,275.3371276855469,275.4101564103078,272.01374951897543,273.87630242400917,1675000
2019-11-07,278.6604309082031,280.38603724843307,276.1679255673194,277.49177646900745,2399400
2019-11-08,276.2958068847656,277.820549846134,275.07237361738765,276.4053639142432,1501600
2019-11-11,274.670654296875,276.0310338925192,273.6298346222214,275.3188853163052,1160900
2019-11-12,274.3602294921875,276.39625719927267,272.68028999958034,274.6615113281147,1540800
2019-11-13,276.55145263671875,277.55577185747273,273.4654662415508,274.0680577740032,1517900
2019-11-14,278.0943908691406,279.2813234819544,275.97619581546974,277.9118051414999,1336400
2019-11-15,277.24530029296875,278.8704609665371,275.3644973065781,278.75176491720487,1706100
2019-11-18,278.0487976074219,279.72873704065756,276.41449764795,276.7431687300731,1241300
2019-11-19,275.9487609863281,278.1400122594767,275.22750150745213,278.01217719461215,1761400
2019-11-20,274.4241027832031,276.79794024137135,272.0867936172008,276.13143125822825,1979500
2019-11-21,274.15020751953125,275.6110328479371,273.46544825899025,274.5336849651215,1302500
2019-11-22,273.27374267578125,275.6749697762594,271.3746891194191,275.6749697762594,1277300
2019-11-25,273.0362243652344,274.478798912143,271.66670638073145,274.1683781792055,1613000
2019-11-26,275.03582763671875,275.13627348256654,272.826353383172,273.2280810407123,3359100
2019-11-27,274.5975646972656,276.45097839268254,274.42409014611985,275.56535542317266,1906500
2019-11-29,273.730224609375,274.71629352966545,273.59327833236944,274.65237597942115,981600
2019-12-02,271.5207214355469,274.0862835820885,268.6720998627936,273.6754169319343,2705500
2019-12-03,269.9504089355469,270.42516538871365,267.23876078843494,269.45737440072764,1921400
2019-12-04,270.7264099121094,271.31075118582584,269.4755874602841,270.28818181974754,1742000
2019-12-05,267.60382080078125,271.2832580191532,267.05600803223473,271.2832580191532,1941100
2019-12-06,269.2929992675781,270.24251203436927,268.66301852759494,269.3203885231024,1462000
2019-12-09,269.4846496582031,271.3380630714637,268.9276977990702,269.3385643814292,1960000
2019-12-10,270.05084228515625,270.8816870226281,268.9278268539277,270.2790954153541,1565900
2019-12-11,269.6125183105469,270.5711979335789,267.5582406563804,270.2516380592349,1749800
2019-12-12,271.4751281738281,271.85860567612605,268.5352268659768,269.5851856481531,2742700
2019-12-13,266.48095703125,269.3386906477167,263.9519224073485,269.0100195180821,5195600
2019-12-16,267.9691162109375,268.84560023747014,267.37566377487815,267.5399993055546,2410000
2019-12-17,269.8407287597656,270.52548786965804,267.2843058946684,267.96906500456083,2474100
2019-12-18,266.48095703125,270.5803742880215,266.4353175508887,270.2425641171424,3309800
2019-12-19,268.16082763671875,268.25213443685385,266.143078309473,266.65436295472153,2333600
2019-12-20,269.1834411621094,269.3569157519961,267.3117768349247,268.28870681735464,4866500
2019-12-23,267.79559326171875,269.6216175738169,267.5399509725418,269.25641828398125,1309800
2019-12-24,268.6355895996094,268.8364533980985,267.8412455808652,268.3434190085486,543600
2019-12-26,270.0051574707031,270.0051574707031,268.33432923494394,268.87300318821633,1101800
2019-12-27,268.5260314941406,270.52553064018406,267.67693675073144,270.45250191660085,1439100
2019-12-30,269.4664611816406,269.89555021038854,268.11519295909596,268.6082273982969,1238900
2019-12-31,268.3525085449219,269.7494158385313,266.7638486634074,269.3385492792102,1550700
2020-01-02,266.13397216796875,268.95517710446103,265.6866050138072,268.4804206931656,2103600
2020-01-03,266.35302734375,267.4212358870088,264.1617760349691,264.8191458550198,1926000
2020-01-06,266.42608642578125,266.66347851264436,263.5135752943492,265.2756821438089,2655100
2020-01-07,266.006103515625,266.3165243124577,264.1161616208972,265.9787142648139,1963400
2020-01-08,269.0556335449219,269.77692116173586,265.230109258086,265.67747642985427,2492800
2020-01-09,273.37420654296875,275.6932381598358,271.81293515501335,272.5798622877091,3261200
2020-01-10,271.3837585449219,274.15018461183075,270.85422368737153,273.90368132928677,2024200
2020-01-13,273.784912109375,274.49706037599884,270.9819584990683,271.09154334717005,1778600
2020-01-14,273.6754150390625,274.81668032279504,272.6071784738032,273.2189089255695,1459900
2020-01-15,274.6524353027344,274.8532991733697,272.1142615899414,272.3972932445278,1604000
2020-01-16,276.6701354980469,277.61053711827867,274.798471297358,275.172809710081,1758600
2020-01-17,278.17657470703125,278.7426378624083,276.670110018029,277.0079201034686,2506500
2020-01-21,286.01025390625,286.0832826335998,279.16266137153167,279.5643890292692,3585900
2020-01-22,284.7594299316406,286.2841449246092,283.22554803628014,286.138059607769,2218900
2020-01-23,285.6632995605469,286.1380559369934,283.7003286422397,284.8780944754691,1535900
2020-01-24,283.4994201660156,286.94146604471354,282.21206965212497,286.704073962417,1986100
2020-01-27,282.5316467285156,284.6498139338658,279.06218352436156,279.5186896409932,2265100
2020-01-28,283.809814453125,284.5949914782722,282.2120432916615,283.4993936853051,1571700
2020-01-29,282.6503601074219,284.8324730680256,282.47691338925756,283.81901483834025,1713700
2020-01-30,282.5499267578125,282.7051511135326,279.9935033800846,281.97472453209247,1232600
2020-01-31,278.9434814453125,282.2851094903623,278.06699752194714,281.7099073377745,1837000
2020-02-03,275.729736328125,281.7373454758515,275.42845450506996,280.29479818786217,2816800
2020-02-04,278.3774719238281,279.2996233531539,276.42363989945625,278.0761900950482,1982300
2020-02-05,282.07513427734375,282.6594476047909,278.83392420429317,280.29474931729334,1731800
2020-02-06,284.18865966796875,285.31404259210694,281.66345172165603,283.03585766353024,1917900
2020-02-07,286.9517517089844,287.1164336998848,282.82537609975566,283.630525284158,1903500
2020-02-10,287.09814453125,289.98019105388795,286.0093670571053,287.0706975328122,2336300
2020-02-11,284.2525634765625,287.6835765387699,284.0604345631425,287.31760739646563,2047500
2020-02-12,288.3150329589844,288.64442490105534,284.33505018245353,284.33505018245353,1384600
2020-02-13,291.1330871582031,291.6728968649054,286.86947559229367,288.0680413332496,1438000
2020-02-14,291.2336730957031,292.6060789673193,289.98937184117216,291.74603572070635,1113400
2020-02-18,294.6554870605469,295.9638683569873,291.50810114754495,291.86494002521005,1547100
2020-02-19,295.54296875,296.9245326907858,294.3627200075381,294.682925651696,1413600
2020-02-20,296.5128479003906,297.4186547530352,293.70401179929996,294.90257734773,1427500
2020-02-21,294.5640563964844,297.5924964354767,293.722301847836,295.12215471201773,2239000
2020-02-24,286.942626953125,292.77993130090397,286.6132629328131,288.66271351698504,2300400
2020-02-25,278.93695068359375,289.6417290489939,278.50692900412315,288.2052706812226,2881800
2020-02-26,279.6871032714844,284.819886613572,278.76300793513883,281.3888727469373,2236000
2020-02-27,268.1956481933594,279.05595243201554,268.07670184452644,276.29285108596827,3625300
2020-02-28,257.22540283203125,262.88883720161647,248.20410944894076,260.9857805179022,7091800
2020-03-02,282.8437194824219,283.1822418029783,266.5944247223561,269.394130519304,7563800
2020-03-03,276.97894287109375,287.4458264560401,275.42353849464183,282.84369355222486,5131400
2020-03-04,293.4569396972656,293.6673852986865,279.07412623239696,282.06598865556936,4219300
2020-03-05,288.900634765625,296.9063368052074,286.558397316921,288.90976515264697,6407700
2020-03-06,284.8565673828125,290.4834260305416,276.9972595539948,285.58853395461927,6185500
2020-03-09,276.292724609375,283.93242730865364,268.07657912898077,270.684155534193,5203100
2020-03-10,283.08160400390625,283.3835489586076,269.37586068556703,281.77325032465757,4245500
2020-03-11,272.1297607421875,281.6085245157781,269.16537319217804,275.2679885914054,3622700
2020-03-12,256.045166015625,270.4828730695848,252.8337276966868,256.5849755814248,7307600
2020-03-13,276.55804443359375,277.45469289938,254.5995526624969,264.26128680804624,6100100
2020-03-16,259.09197998046875,274.0512128486703,255.73417518041165,257.85680884058513,5465500
2020-03-17,280.8765563964844,281.0595550014399,261.9465038786798,264.41684543724466,7170600
2020-03-18,281.3432312011719,290.9500732421875,270.8214518229167,272.65132649739587,6701800
2020-03-19,279.25714111328125,287.1530538376417,276.88745704958774,284.00566754785797,5429500
2020-03-20,265.716064453125,281.80980587777447,262.6052557464997,281.72746488330495,6581200
2020-03-23,261.2420349121094,270.51951213734475,254.73684439139916,267.17083841282204,5646400
2020-03-24,260.7022399902344,272.05661538603096,258.7717077420885,269.53137946924767,7124200
2020-03-25,256.96929931640625,265.9905964085148,255.45965822273033,260.0343451257925,5639600
2020-03-26,267.43609619140625,268.7444774307721,256.9692138064613,257.4083936548146,5463100
2020-03-27,260.1440734863281,268.5249013214013,259.2291363155341,262.7059143175513,4250400
2020-03-30,266.3564147949219,266.86877720390345,261.5255492804835,263.0351895184348,4396000
2020-03-31,260.8760986328125,266.722533949465,259.8422149298844,262.9713130430972,5618600
2020-04-01,262.38568115234375,264.23384418856875,257.00584611181426,258.34164656529043,3745800
2020-04-02,266.6858825683594,267.8752896591675,258.7625237354163,260.18982341305207,3500600
2020-04-03,264.09661865234375,267.4727391726988,261.48904203362764,264.56324556185115,2650100
2020-04-06,279.1656494140625,279.50417172929133,264.938386336998,268.0766144051133,5272500
2020-04-07,277.8023681640625,283.6305132758448,277.42724058622684,280.42823328724654,4036500
2020-04-08,279.9433898925781,281.2700602556937,276.56726874332196,279.15652923039517,3964400
2020-04-09,274.49029541015625,278.46111917632743,272.26697697914847,273.9779328546287,6487600
2020-04-13,274.1335144042969,278.09520862235223,272.3402450813573,273.1819717767148,3120400
2020-04-14,287.4183654785156,287.9764637294122,275.6248123859744,276.9972180908008,4288300
2020-04-15,283.8775939941406,287.06158593938954,280.72107697346723,285.13108158455793,2937300
2020-04-16,294.2071228027344,295.18611203841783,285.49693310845913,287.95811573262637,3940000
2020-04-17,290.8768310546875,294.72870863866603,287.3085538318499,293.97845347436004,3688000
2020-04-20,285.5335388183594,291.2976589165072,285.0303346156224,290.9042426909738,3156300
2020-04-21,275.6980285644531,285.3597915881197,273.88647068387166,284.67358865234337,3833000
2020-04-22,283.09991455078125,284.664449531736,276.3476727401638,278.140942048461,2970600
2020-04-23,279.4217834472656,283.30113571983225,278.8636852212779,280.91313538074866,2625200
2020-04-24,284.1336669921875,284.3898482288391,279.5224047324578,281.1875688098632,2019400
2020-04-27,282.5143737792969,286.6407504543119,281.4255960221274,286.42114648805716,2287300
2020-04-28,279.0101013183594,284.7924830155713,278.3970811285785,284.3899084268097,2425900
2020-04-29,280.9681091308594,282.4228561754051,275.5059320020275,279.0101577094916,3667700
2020-04-30,277.8593444824219,282.3527738291051,277.4650293569274,280.74797563489966,3794300
2020-05-01,276.8689270019531,279.5283008848442,275.27328028385404,276.7405297319698,2525400
2020-05-04,279.2257385253906,280.1794551116239,275.17249200845913,277.8593762903998,2477500
2020-05-05,282.3711853027344,284.09517389295496,278.26289107951516,279.74847149480775,2460900
2020-05-06,283.2606506347656,285.232254251257,281.1056303158501,284.20518788278486,2406700
2020-05-07,279.6933898925781,284.15930937810754,279.2623858444729,283.6732859183683,2601800
2020-05-08,280.555419921875,281.6925251651514,278.50128709906335,280.51873098276457,2337400
2020-05-11,284.5811767578125,285.95671822530556,279.6934317235908,280.28034284941,1865900
2020-05-12,279.54669189453125,285.6999392913346,279.50085170844216,285.0488575273771,2264900
2020-05-13,277.07073974609375,280.97725839418723,275.2183260349333,279.54669753959604,2954900
2020-05-14,274.8698425292969,277.7493226122876,270.1013158238093,276.03448548631724,3718900
2020-05-15,274.3837890625,274.95234163197426,271.31174135582063,274.25541976558236,4577200
2020-05-18,277.63922119140625,278.03353625208524,275.03486676544094,276.6855048711166,3987300
2020-05-19,279.3541564941406,283.3798935989628,277.9969454050793,279.34497726166825,3523000
2020-05-20,279.6108703613281,282.3711322099199,278.04276110508124,281.3165281513757,2827000
2020-05-21,276.91473388671875,279.7300144039214,276.25447311371767,279.50075757976066,2492100
2020-05-22,277.33673095703125,278.72145199083616,275.8694807734953,276.95159492495316,2366400
2020-05-26,279.5099792480469,281.4357426533037,278.34536436263625,280.61960270609165,3234600
2020-05-27,280.6195983886719,280.894695448565,274.6222306138723,279.2898972997845,2980200
2020-05-28,283.87506103515625,285.19558301528576,281.435764265902,281.7567295223362,4301900
2020-05-29,282.8755187988281,283.25150349156854,277.2633140885812,278.95982082908125,4971800
2020-06-01,282.71044921875,284.0401224596021,281.0322730235836,282.35279501846605,2293700
2020-06-02,281.6100158691406,283.37987250574713,279.43666483029205,282.39867419550933,2528900
2020-06-03,281.1972961425781,282.6278566516771,280.5370352933436,281.98592627572907,2165900
2020-06-04,284.9662780761719,289.18460991348974,283.4440091616614,285.05798641761595,4553900
2020-06-05,286.1493225097656,287.6073931494955,281.7934410692429,287.148879313651,4375600
2020-06-08,281.70172119140625,285.4615400887544,281.03228094366744,284.88380820152895,3764500
2020-06-09,280.1976623535156,282.9946122304363,279.84921550963924,281.9858766680297,3155800
2020-06-10,281.8300476074219,283.0222001417005,280.2894481329732,281.0505966253629,2713700
2020-06-11,275.86944580078125,283.544991578351,275.69523627485825,281.51834010071394,3443000
2020-06-12,273.9161682128906,279.8309797201421,271.66943929290767,277.5567690757449,4020000
2020-06-15,272.522216796875,273.33838467813104,269.45934840556833,272.4029987481111,3266800
2020-06-16,276.3554382324219,277.6209408627981,274.39301362052737,276.34628698606775,2633800
2020-06-17,274.7505798339844,276.9422888643073,274.0994981828472,276.0435918919037,2188400
2020-06-18,274.7139587402344,275.8510639836031,273.0816507679473,275.108273882956,1881800
2020-06-19,275.0165710449219,276.850626240934,273.86113530154796,275.2733376529451,3438000
2020-06-22,275.5209655761719,276.46550292576137,273.50349357439694,274.8331948463117,2094400
2020-06-23,276.291259765625,279.6017160443965,275.77772653670456,276.69475415769995,2409600
2020-06-24,273.29254150390625,276.2820602845889,271.99037804939076,275.81436727681194,2398100
2020-06-25,275.5943298339844,276.16288252262,270.8899733189396,272.4122426386056,2274300
2020-06-26,271.95367431640625,277.0523449992284,271.3943009720501,275.48423580349555,2866000
2020-06-29,276.56640625,276.6030951973215,272.2013450391537,272.76074654030515,1841700
2020-06-30,278.0519104003906,279.3449225799683,275.2366571434814,276.03446661938995,2391700
2020-07-01,279.4642028808594,280.2253235890465,275.79609193246415,277.40089047238706,1906100
2020-07-02,280.3719787597656,283.28814747731104,279.32658196270694,280.6104148649976,2540500
2020-07-06,285.6449279785156,285.70912662923115,281.7475605446689,282.0135063937314,2332400
2020-07-07,289.9915466308594,291.66051501037487,284.0216900867972,284.2967870764284,3346600
2020-07-08,290.07421875,291.66065881482666,287.9558869290327,290.8261882063557,2364500
2020-07-09,298.5292053222656,301.6837828494022,293.155408447314,293.44886402785335,5313600
2020-07-10,299.1618957519531,300.234802270705,296.30074640254423,298.95096934911953,2484100
2020-07-13,296.1265869140625,301.8029624333126,294.82439531167915,299.22611692463545,2583200
2020-07-14,300.7850036621094,301.39024513748916,293.86145760736247,294.6592670113541,1844800
2020-07-15,299.5929260253906,301.99553384296553,298.6025205524374,300.8767590593473,1770700
2020-07-16,299.1986083984375,300.6933679811208,297.1719850797231,299.5195736806549,1402000
2020-07-17,297.8414611816406,300.60169577562044,297.648865197865,300.14318188457435,1768100
2020-07-20,299.418701171875,300.27153015338666,295.8881391904953,297.93312088525147,1863300
2020-07-21,300.546630859375,303.9854845217452,299.40952553703266,299.86803935868204,1874200
2020-07-22,301.06011962890625,302.3072915920039,298.0431192776507,302.2981123615788,1312600
2020-07-23,299.0518493652344,302.9675750253038,298.33656897539936,300.8767532715199,1561700
2020-07-24,298.7492980957031,301.4728716218653,297.73141073024686,299.1527925429469,1423400
2020-07-27,300.4182434082031,301.7020764342353,298.19902433177094,298.65753812574394,2083300
2020-07-28,300.3907775878906,302.6191482356598,298.78597907451973,300.7575830795681,1374000
2020-07-29,299.07940673828125,300.8217536501726,298.39163601105076,299.88636755044314,1341300
2020-07-30,298.5096435546875,300.0076183271438,295.9180563304008,296.5521686947616,1390300
2020-07-31,299.162109375,299.8789283502078,296.4234789078429,298.5096271394583,2149900
2020-08-03,302.64508056640625,303.1689172866933,298.0316827111574,299.1804326877586,2480200
2020-08-04,312.2670593261719,312.2946282080072,302.2775324867291,302.86567798110275,3933300
2020-08-05,312.4324035644531,314.96885231534094,310.24517927006747,314.16929882751407,2923700
2020-08-06,315.50189208984375,317.16527986903844,313.9395808501233,314.6747976876143,2104300
2020-08-07,313.2962951660156,316.80688191714825,312.1199762810814,315.3456752742291,1759000
2020-08-10,312.4600524902344,313.44338938638236,311.1550599309205,313.11253474706183,1503800
2020-08-11,305.50311279296875,313.2411038545642,304.92413840132383,313.2411038545642,2065600
2020-08-12,309.48248291015625,311.44912854206376,306.1832759138683,306.716283632226,1853900
2020-08-13,308.5082702636719,311.96369073391855,307.98443360225434,309.69375991342656,1536500
2020-08-14,309.04132080078125,311.3204509113957,308.41640752785054,309.27107080221055,1522900
2020-08-17,312.4232177734375,312.8000111215807,310.033812274237,310.30033011475837,1504700
2020-08-18,313.1492919921875,315.0332310265552,309.5284292629905,313.37904202299615,1489400
2020-08-19,313.28704833984375,314.2428160521357,312.4140152955661,313.4892294319507,1730100
2020-08-20,313.25958251953125,313.9856005044349,311.3021076760062,312.5887303466686,1717500
2020-08-21,316.696533203125,317.82691314488574,311.8442149889149,312.52429396690167,2372600
2020-08-24,316.2554931640625,318.07509532230205,314.3990951052125,317.1560952680296,1461500
2020-08-25,316.78851318359375,316.9723244198638,313.80176289097614,316.2647044469725,1176200
2020-08-26,316.38409423828125,316.8987319528812,314.0130867707068,315.22617340325746,1757000
2020-08-27,318.3048095703125,319.5730339900124,314.8034220006122,317.61555960705414,2220700
2020-08-28,320.1520690917969,320.7861814217646,317.5145432200815,319.3249745883436,1487300
2020-08-31,319.4996337890625,320.5013407070833,316.4026073998584,318.75524582204093,1586900
2020-09-01,322.918212890625,323.01928942508107,317.43178196582824,317.707470737666,1773700
2020-09-02,329.7923889160156,330.76655490227427,322.8539488219198,324.96763800344763,2434900
2020-09-03,320.08770751953125,334.2127619047553,317.53288849179944,333.6613562633454,3630400
2020-09-04,318.49786376953125,325.30765771312076,312.82762094807345,325.30765771312076,2557000
2020-09-08,311.4122619628906,316.9814266100572,310.78734882343116,315.98889111030536,2144300
2020-09-09,318.36920166015625,321.37434997175615,312.8184611836815,313.2871321691521,2100900
2020-09-10,312.0280456542969,319.8119761967743,311.3204258033997,318.22209621867165,1959600
2020-09-11,311.6605224609375,315.4559975324764,308.87595315413733,312.71736701448583,1599600
2020-09-14,315.14349365234375,316.9079579541246,312.89193242470657,313.3698023302608,1522300
2020-09-15,316.05328369140625,319.5914391922377,314.9872403585582,317.0733601982687,1362500
2020-09-16,315.887939453125,320.5105091998994,315.4468092737992,319.1411798715516,1656500
2020-09-17,311.43072509765625,315.115924079488,309.12402611852616,312.0740082715244,2681500
2020-09-18,308.74725341796875,313.58120272560694,304.37283218764344,312.6438327574636,3409300
2020-09-21,312.0647888183594,312.1107275930445,306.67943506145474,306.91838399937734,2427400
2020-09-22,316.5494689941406,316.96300204626857,312.0831157116362,313.10321999817734,2128100
2020-09-23,316.7149963378906,320.04177208010464,316.19115957079345,319.8120220642538,3577100
2020-09-24,318.8930358886719,319.19629358271305,310.9069227462511,317.05503568182075,5779300
2020-09-25,314.8309631347656,315.92457522375327,308.19578295132357,313.14000673938864,7338500
2020-09-28,321.30078125,321.43862564333057,315.3089112394418,315.91545461575106,3459200
2020-09-29,323.6167297363281,325.5925744707812,318.98496107811667,320.6851169828913,2526000
2020-09-30,326.24505615234375,328.7263677976816,322.72529788662115,324.0026935227425,2525800
2020-10-01,329.4247131347656,330.5550931659623,326.07956791156795,327.4029300788436,2053000
2020-10-02,326.2541809082031,328.85493842409767,324.26913765264686,325.9968620442784,2125000
2020-10-05,329.5350646972656,329.90268719741874,326.5483141803059,326.5483141803059,2093500
2020-10-06,329.3236389160156,333.59698309027283,328.1197512206919,332.58607753238385,2760400
2020-10-07,333.6154479980469,335.1961294898874,330.52762073714587,331.2720086677438,1959100
2020-10-08,335.5177307128906,336.3264552582333,332.44827385809015,335.2512128409808,1793100
2020-10-09,339.53369140625,339.8002092270535,336.0782708919141,336.3539596405722,1730700
2020-10-12,345.98516845703125,349.8265821519853,340.7376576823501,340.9490378022221,2806900
2020-10-13,349.844970703125,351.3245755297721,345.98518689685653,347.76804943320155,1823300
2020-10-14,347.6944885253906,352.77655786969666,346.187342970894,351.87595573631137,1904400
2020-10-15,346.0769958496094,347.7128146719589,342.8421260564388,345.96672034067734,1697800
2020-10-16,350.63525390625,353.6955114444402,348.4112616546215,349.67948609148254,2459400
2020-10-19,345.13970947265625,352.059779788746,344.35855370120964,351.08564182998305,1938100
2020-10-20,347.6668701171875,351.13148984497167,345.65425797564666,347.0970946334002,1282300
2020-10-21,347.2166442871094,350.3963769614126,346.481427337844,347.89669542522824,1466500
2020-10-22,345.3142395019531,347.73121391577837,341.89555848405973,346.7846450663816,1813200
2020-10-23,344.25738525390625,346.02184944401074,343.30161745763564,345.18555612798053,1108000
2020-10-26,340.6824645996094,342.44695684881316,336.464258182356,336.9788959121961,2145000
2020-10-27,342.5296630859375,344.54227522361583,338.8996020588165,338.8996020588165,1525400
2020-10-28,335.3981628417969,342.2447226453111,335.1316730897344,337.57618790443325,1908300
2020-10-29,335.95068359375,339.84553405562434,333.7869058811471,334.44985855339064,1838500
2020-10-30,329.28436279296875,335.0207456178553,327.5993732213685,332.5162607428923,2724100
2020-11-02,335.5179443359375,336.687307068359,332.12950401839544,333.5198697038506,1646300
2020-11-03,342.4881591796875,345.10313159657625,338.7406624154321,339.707455604582,2013100
2020-11-04,346.3646240234375,351.40121611899684,344.3665490621343,344.38495426977425,2449800
2020-11-05,354.7066955566406,355.94970717441157,349.43069627179824,352.17458906191746,2255800
2020-11-06,355.1026306152344,356.1522892780042,350.71058676656844,351.622136144704,1950200
2020-11-09,336.07965087890625,358.6384219652986,335.8586759907334,357.4874642568092,4371300
2020-11-10,337.57122802734375,342.10140913266076,332.01901014495576,335.0483381672169,2662600
2020-11-11,343.37213134765625,345.0110940008683,338.9892754010551,340.3888298589997,1688800
2020-11-12,345.94091796875,348.2704543667045,343.90603337674884,347.08268669193353,1535900
2020-11-13,348.822998046875,349.7345474210963,345.27804322555437,346.68681412187334,1274600
2020-11-16,349.69775390625,351.0696863599221,347.0459431263478,347.0459431263478,1691500
2020-11-17,351.65899658203125,357.69921986944524,351.5392924947008,356.6311278357554,3299100
2020-11-18,351.94439697265625,357.3032337168523,351.48401397438715,352.5521059023173,2134600
2020-11-19,353.1506042480469,354.2278847467596,350.1765199122898,353.215036513255,1768900
2020-11-20,350.92230224609375,354.9552614637099,350.82103148287445,353.52808553032787,1807600
2020-11-23,351.4656066894531,352.7086464967106,350.2041616767397,352.65340278079253,1679600
2020-11-24,353.7767333984375,355.46172290872397,350.54483556611683,353.28872851516985,2061100
2020-11-25,357.0270690917969,357.5703177398742,355.01058900679584,355.22237533383037,2034200
2020-11-27,357.6162414550781,359.7155863486701,357.02693785710176,359.5222052995917,1329400
2020-11-30,360.7285461425781,361.99920793139944,354.7067557253295,360.7101409353318,3733800
2020-12-01,366.1993713378906,366.6812715771428,360.1710046541867,363.3080275735407,2996800
2020-12-02,362.3631896972656,365.5569037794776,360.539569613593,364.2246132332278,2212800
2020-12-03,353.4339904785156,357.85607128787666,352.70643988739704,357.16629531030355,3976400
2020-12-04,352.8481750488281,354.6245623369247,351.3930738324796,354.5300681296802,2839700
2020-12-07,352.753662109375,355.74895819002546,352.1111476711651,353.64185570625773,2652900
2020-12-08,356.788330078125,358.6024918504249,350.31586662687096,353.339508028146,2685500
2020-12-09,353.66082763671875,360.0009945587899,352.25293012328996,358.9427285323109,2461600
2020-12-10,352.24346923828125,354.3316557220396,351.0812510267027,353.6607958611694,2566300
2020-12-11,354.4261169433594,358.8387106039997,352.00721537227685,358.8387106039997,3483900
2020-12-14,353.7458190917969,357.33636820454484,352.64029167862253,355.80566012136717,2778400
2020-12-15,351.383544921875,354.98355145813457,348.94572751011606,353.8591369404495,2133900
2020-12-16,349.07806396484375,352.29066487171303,348.5205856787454,350.7032661415773,2385100
2020-12-17,349.8812561035156,350.52377058150125,347.7174627315758,349.85291072465105,2314200
2020-12-18,346.77264404296875,350.89232700849993,345.76161061254726,350.64667662364565,4140000
2020-12-21,344.85443115234375,345.9410423523721,341.86859324322455,344.96781265696154,2329700
2020-12-22,342.07647705078125,344.65602168426994,340.7347285979954,344.03239455851724,2105500
2020-12-23,341.9442443847656,343.0875464850478,339.68595672843884,342.4733773651731,1782100
2020-12-24,344.48590087890625,345.204022164854,341.4906338351969,341.4906338351969,972500
2020-12-28,350.60882568359375,351.20410750753365,344.9584062277471,345.35527038890217,3207700
2020-12-29,352.17730712890625,352.68755276786936,349.85289962898105,351.7332103170571,2072600
2020-12-30,353.8120422363281,355.1443041177596,352.70651459094046,353.57582109151434,1778000
2020-12-31,356.0136413574219,356.2593205966292,351.93173270205625,354.32228974055477,1628900
2021-01-04,359.1978454589844,360.5206780233586,354.1521655691368,356.6277584043772,3322200
2021-01-05,355.0308532714844,359.2544876696247,354.56786914542334,357.9788879695398,2748400
2021-01-06,349.6261291503906,355.0875600452088,349.27652652224174,353.21670731390714,2661400
2021-01-07,347.6418762207031,351.1662765281018,346.5741522501052,350.5615655151546,2849500
2021-01-08,349.55047607421875,349.8528459498464,344.21188591554744,347.83077984661224,2599700
2021-01-11,343.9474182128906,350.55215168160646,343.8056624685392,348.26551848971786,2562500
2021-01-12,344.1269226074219,344.9489674518109,340.39461755660625,343.9379341862725,2387600
2021-01-13,346.7253112792969,348.4166334432643,342.99300669698437,344.28749359616984,1968800
2021-01-14,342.37884521484375,346.3001094455419,341.6323785147909,345.8276672771305,2363900
2021-01-15,342.1993408203125,344.797772943518,340.91428303033274,341.15996220391355,2340400
2021-01-19,334.9332275390625,342.94585890260964,333.0151130562888,342.3883516428801,4533800
2021-01-20,341.3866882324219,341.9536245831527,333.93156605239045,334.8575630531035,2767200
2021-01-21,342.80401611328125,343.9284307489605,340.1016608279215,341.3866896483659,2121600
2021-01-22,342.3316650390625,344.533262214913,340.0167151651338,343.18208421273874,1960300
2021-01-25,341.9347839355469,342.0103620026862,337.1536710015166,340.9709833571177,2735900
2021-01-26,344.86395263671875,345.73323022235235,339.10015146228864,340.3474059135921,1807000
2021-01-27,336.7473449707031,345.638681266397,335.29221500796774,342.98355856840544,3120800
2021-01-28,337.3804016113281,341.67961384292664,336.44497533801695,337.1819839730219,2251100
2021-01-29,333.0055847167969,336.6528533041268,332.4859098582693,335.1977233304348,2598700
2021-02-01,331.20086669921875,333.34577272380733,329.96307045255963,331.8528392365379,2371200
2021-02-02,335.9819641113281,337.985143152987,331.38984001651943,332.37252781338844,1905000
2021-02-03,335.63232421875,337.8244625852479,333.7425557308543,336.5961246023472,1759800
2021-02-04,336.90106201171875,339.2963388446929,335.0075616254143,337.71525330941864,3411600
2021-02-05,336.25726318359375,337.84779649994766,335.24423358980624,337.563754119692,2165600
2021-02-08,340.6690979003906,340.86793623692176,336.635961859309,337.58271202081056,2520700
2021-02-09,340.41351318359375,342.4111712094153,339.2205986383873,340.86796369903533,2154000
2021-02-10,337.1567077636719,341.7768537895031,336.2099574761663,341.7768537895031,2162400
2021-02-11,333.4454345703125,337.5164489047205,332.6785692137962,336.7874616464031,2088400
2021-02-12,333.9660949707031,334.1838578931818,331.4572130052741,333.2465556551386,2096600
2021-02-16,335.1495056152344,336.4370717683986,333.29388367404925,334.27848288793336,1829000
2021-02-17,338.97442626953125,339.09750840982804,333.17084332184487,334.30692614781003,2143000
2021-02-18,337.9139709472656,339.1258096059219,333.52103775181604,333.52103775181604,1914900
2021-02-19,335.87847900390625,338.8702123989065,335.6985941968402,337.69625167280486,1839400
2021-02-22,331.5613098144531,334.47731599781895,330.24534233695715,333.9660629072907,2215600
2021-02-23,323.9304504394531,332.3091922621727,323.8168450819945,331.17308090256216,3692600
2021-02-24,322.5578308105469,324.26196975150077,319.89746484457163,323.58978514498875,3305800
2021-02-25,316.119873046875,324.73530529231846,315.5991720152227,322.69979822423835,3618100
2021-02-26,313.37432861328125,318.00395114307946,313.31752591043306,317.6441814300247,3362200
2021-03-01,314.1033020019531,318.1080657307648,313.7151309546432,317.3601249863128,4653200
2021-03-02,310.9695739746094,316.86783833762405,310.93172476784184,315.9210881030003,4660100
2021-03-03,306.6712951660156,310.9316704779441,306.51981168782254,310.69498296061477,4064200
2021-03-04,302.0511474609375,308.261825547837,298.264147218071,306.15056251113214,5501200
2021-03-05,300.4227600097656,301.47363879203573,290.652291674641,298.5387075927126,8102800
2021-03-08,294.8369140625,305.16593170986704,294.3635390362496,301.92806271012483,4873500
2021-03-09,301.8050231933594,303.2251484726228,296.058242629068,297.052347660066,5426800
2021-03-10,306.58599853515625,309.9564546627662,300.42267651136274,304.0392679589428,4523500
2021-03-11,311.1493835449219,313.6109393378507,309.32216296841796,312.8156728002923,4338900
2021-03-12,313.5068359375,313.9707342319489,308.26183239472635,310.62870759908924,3182100
2021-03-15,312.9103698730469,315.91155136710097,309.89023488668386,315.8358240754215,3243000
2021-03-16,309.823974609375,312.4559387689196,309.2464709086123,312.1151225965063,3066700
2021-03-17,311.66070556640625,312.90094603657144,306.86067504247166,308.6405700693564,2672400
2021-03-18,305.7813415527344,310.6665752778754,305.21328574422614,309.09496672776066,2736900
2021-03-19,311.3955383300781,311.71742985508166,305.22273888277317,306.37774611763,4859300
2021-03-22,316.6784362792969,318.2689984285953,310.7139221201196,310.96008639528304,4064900
2021-03-23,322.2169189453125,324.271379332802,316.0251653286479,316.11039826131406,3641200
2021-03-24,320.0394287109375,324.2714030360148,318.893840227126,323.99683740268165,3006400
2021-03-25,327.8974304199219,329.2607528930066,319.3103999673382,319.8216531178751,4307100
2021-03-26,333.27490234375,333.6914746273341,325.7766590242663,327.7742875224634,3061200
2021-03-29,337.18499755859375,338.71872789411236,332.31871771494235,332.7352900150235,3012000
2021-03-30,331.12591552734375,335.87859160479707,330.26436929217806,334.7519564428516,2602400
2021-03-31,333.7104797363281,338.41582880565534,330.63354196584805,331.98738765065457,2832200
2021-04-01,336.0394287109375,338.2926982090172,332.9056886957977,333.76723461521146,2938600
2021-04-05,341.6064147949219,343.35790844699875,337.8383385899284,338.4631971903056,2705700
2021-04-06,340.9435729980469,343.480855822879,339.88321772155075,340.6406060926153,2142000
2021-04-07,339.7033996582031,342.2122816342752,338.56728798591536,341.65370254469843,1808400
2021-04-08,341.9850769042969,346.52946588876824,340.4513463443508,343.4809293698249,2839200
2021-04-09,343.86907958984375,344.3424546176235,340.45132575768315,341.6915660190645,1610800
2021-04-12,345.38397216796875,345.80054460839943,342.0987474947013,343.5188729345715,1836600
2021-04-13,345.7626037597656,347.74130804646455,344.87265633421407,345.88568589835563,1796400
2021-04-14,343.8311767578125,345.42170966884896,343.24416754521434,345.42170966884896,1509400
2021-04-15,349.1613464355469,349.87140885011956,344.8725706072283,345.4501030618545,1850100
2021-04-16,350.97918701171875,352.94841444408075,348.95312799405434,350.01351234188536,2249200
2021-04-19,349.87152099609375,351.74609677273725,348.59343135420164,351.2443203279696,1560000
2021-04-20,351.93548583984375,355.37216502650733,349.0952350494432,349.3508472192702,2330700
2021-04-21,354.169677734375,354.63357595432325,351.68919754136334,351.8217275074136,1531800
2021-04-22,351.4904479980469,355.44785644385934,350.32593498491644,354.40642556535084,2138000
2021-04-23,353.4029235839844,354.8893283746017,350.6857550552588,351.4904985267253,1404500
2021-04-26,348.8963928222656,353.9899138060346,348.6029025552477,353.9899138060346,2059700
2021-04-27,350.4963684082031,351.20643102772607,345.83837380394505,348.5650188857166,1875900
2021-04-28,349.9093933105469,350.7709394359132,348.5744720982225,349.87151521368395,1305600
2021-04-29,354.4065856933594,355.516639875034,349.6531980649709,349.6626951115459,1848300
2021-04-30,353.03082275390625,354.9948002753872,352.3097421672195,353.80882770749895,2118900
2021-05-03,359.8904724121094,360.1750942259994,353.7898369143478,354.691158627937,2685800
2021-05-04,356.06695556640625,359.80514374699516,354.6058291264495,359.61537653760456,2133800
2021-05-05,353.4198913574219,358.1827476576296,352.99292957133196,357.0726933408579,1905300
2021-05-06,363.15435791015625,363.3251310393603,354.0745434667659,354.0745434667659,2641400
2021-05-07,364.6344299316406,366.6553320480915,362.62302486221523,363.2207307821805,1817100
2021-05-10,361.9398498535156,368.0215204422991,361.75008266756373,365.74443002850626,1998700
2021-05-11,358.80889892578125,361.40857063788303,356.74056959368477,359.88102282348916,1859700
2021-05-12,353.1351623535156,357.6323605428564,352.1009689146354,356.74050695910626,2344600
2021-05-13,360.08978271484375,361.90195251930095,352.5375164837417,353.97964889862976,2023100
2021-05-14,364.72930908203125,366.05759270085434,360.6305805258818,362.5660960586876,1876100
2021-05-17,364.29278564453125,367.2245061326365,363.2870833005627,365.31748207894844,1830800
2021-05-18,363.2017517089844,369.5016523569989,362.91712985325324,366.65531798204523,1698200
2021-05-19,360.21307373046875,362.17705122008874,356.8638884112614,357.8316315873718,1725000
2021-05-20,363.93231201171875,364.82416579391077,358.90379937119906,359.75769391994993,1427300
2021-05-21,361.2188415527344,365.61168930118646,360.94368776438284,365.3270384653153,1706600
2021-05-24,363.8089294433594,366.0006042694252,362.32883810509173,364.6533267925886,1657000
2021-05-25,365.64007568359375,365.9816218705329,362.46166354567697,363.97021711347236,1379700
2021-05-26,365.8677673339844,367.88866910451696,365.298494743715,366.0954647883294,1648000
2021-05-27,367.65155029296875,367.90770998184234,363.856437515751,365.40295060517326,4452000
2021-05-28,358.894287109375,365.5736931456871,357.71781151227833,364.473107057844,4681200
2021-06-01,358.8564147949219,360.72550914140066,356.2662396992184,360.4693204781682,2117800
2021-06-02,361.0954895019531,362.3573807148706,358.3630036696037,358.9986977997401,1881000
2021-06-03,364.20745849609375,364.51107444872446,359.4540707685068,360.1941455109482,1780300
2021-06-04,367.67047119140625,367.8981976196376,364.05562902243406,364.5110529244875,1765900
2021-06-07,360.9151611328125,366.6552856555318,359.17891005710965,365.72547275143705,2515800
2021-06-08,360.2510070800781,361.68364212693274,358.3439540934367,360.9246313320855,1553800
2021-06-09,360.4977722167969,362.22455556387115,359.710299016985,360.73496677696374,1398900
2021-06-10,363.3915100097656,363.72355918184394,360.0517925608468,360.79183832202136,1404000
2021-06-11,362.2719421386719,364.197960592374,361.0385421463268,364.197960592374,1404200
2021-06-14,364.10308837890625,364.3118207164785,359.6627849209515,361.28521629888525,1652600
2021-06-15,364.24542236328125,364.8051979962103,362.0157879240477,364.1031114319283,1252000
2021-06-16,359.9758605957031,366.6457687060276,357.80315089176,364.7102534995418,1801700
2021-06-17,365.0423583984375,366.6742578189798,359.7861198414894,360.89620291106183,1686500
2021-06-18,361.3706359863281,365.1942108740325,360.82032843026656,365.042402891478,3415700
2021-06-21,366.98736572265625,367.7938329166117,361.06699951138825,362.67043685267504,1631600
2021-06-22,372.091796875,372.395412823048,366.75966846295273,367.19609829176517,1934800
2021-06-23,371.892578125,373.28728318434554,370.58325962589055,372.8698184758059,1538000
2021-06-24,371.98748779296875,375.24179017462745,371.73129913990084,373.2683441950671,1487300
2021-06-25,374.3023986816406,374.3403289525055,371.20937329624184,372.8412725299951,2056100
2021-06-28,376.228515625,377.06344507390526,372.9931784876985,374.76738908941576,1645500
2021-06-29,378.3632507324219,378.97995074586356,375.21330029050813,376.00077342378074,1523600
2021-06-30,375.4030456542969,379.9571689778553,374.76735158382195,377.58522371466654,2031700
2021-07-01,374.3214416503906,377.3195840732257,373.70474164494414,376.00076854911305,1523400
2021-07-02,378.50555419921875,380.2418054587406,375.82049584350295,375.9153794485635,1676600
2021-07-06,378.42962646484375,380.8395309931836,376.7692647573895,379.3594394446058,2113100
2021-07-07,383.9514465332031,385.3176890714949,378.752161997197,378.752161997197,2308600
2021-07-08,386.2950439453125,387.7087431728299,382.509428137785,382.832009255937,2235500
2021-07-09,391.24755859375,392.7940712848954,386.7124011511006,387.62321987583215,2304200
2021-07-12,386.98760986328125,393.1262052301509,383.8091974883001,392.8320863402139,2491300
2021-07-13,386.2095947265625,388.3253802236171,383.97049240343046,383.97049240343046,1540300
2021-07-14,388.9515686035156,389.44492276012465,386.39935336268803,387.6517183686045,1265800
2021-07-15,390.7257995605469,391.08633986707196,386.9876115735388,389.4354463032156,1894100
2021-07-16,389.35003662109375,392.2438269932853,388.7807640106292,391.01039817821083,1413900
2021-07-19,392.9364318847656,394.04651496656356,389.0464360070309,389.05593305314136,2293100
2021-07-20,394.91943359375,396.65571393572543,391.7030905122096,392.7941796648404,2045400
2021-07-21,393.7523498535156,395.7447604029982,391.1052512418586,395.7447604029982,1480000
2021-07-22,396.15283203125,397.15853454164295,392.36718756987705,394.6917055908181,1339200
2021-07-23,401.7411193847656,402.27243282484693,395.68791024125574,396.8644148195023,1344500
2021-07-26,401.5513000488281,402.75623761528095,398.8188149347758,401.7125760849964,1220000
2021-07-27,402.6045227050781,402.8132550593698,400.0048798006918,402.2819416037932,1666500
2021-07-28,400.593017578125,403.09777624962743,398.99907760949577,401.58922281991715,1362700
2021-07-29,404.2527160644531,404.7945402970845,399.57596475485917,400.8307064487363,1434200
2021-07-30,408.4732360839844,410.1652258902292,404.88013283213013,404.9181632234753,2283900
2021-08-02,407.71270751953125,409.41418277151723,404.44279083261534,409.3286361673963,1366900
2021-08-03,413.5587463378906,415.20319100610726,407.9029218783542,408.66338470959363,1448100
2021-08-04,413.5301513671875,416.33427593184587,411.4864604790197,414.44267758071317,1280500
2021-08-05,421.2771911621094,421.5718613939108,415.1366035131668,416.10616082341477,1742600
2021-08-06,417.8932189941406,421.5338381502764,417.1993022059563,420.83995037077847,1789800
2021-08-09,418.69171142578125,420.887495085319,417.58906217111524,418.86280466994793,1472500
2021-08-10,421.1250305175781,421.8569485542218,418.8722163316266,418.8722163316266,1893700
2021-08-11,422.3323059082031,425.84937709932854,419.9559142949256,423.472985486051,2267500
2021-08-12,423.33990478515625,424.5471303220672,420.38368746452204,421.09660496728833,1230700
2021-08-13,425.6783142089844,426.19159394778615,422.5604893504631,423.7391703918892,1309300
2021-08-16,430.4690246582031,430.7827245640919,424.94629343174506,425.7637871480251,1515600
2021-08-17,429.97479248046875,431.3435963800304,427.46533800373027,430.46907149637667,1936700
2021-08-18,424.1477966308594,432.73132044064323,423.85312644427364,428.66293988757286,2030100
2021-08-19,431.7999267578125,432.97860786746986,419.49020500750044,421.04913203134834,1953700
2021-08-20,436.2959289550781,437.8453407280557,431.22947545425717,432.96898112651434,1911200
2021-08-23,432.43670654296875,436.36250993752014,432.1135207804093,434.66100550318527,1835900
2021-08-24,429.4519348144531,432.8739440604697,428.0355858852219,432.74085222458,1541700
2021-08-25,428.9197082519531,430.4310899171021,425.2030280906532,428.5394623667153,1520600
2021-08-26,427.0946044921875,430.107881825231,424.61366556914334,428.91968601717844,1418600
2021-08-27,428.07373046875,429.2904419687384,424.7087513950748,427.09465816023345,1310200
2021-08-30,433.38726806640625,434.01463890980415,428.1687215623183,428.7390613298333,1219800
2021-08-31,432.968994140625,434.2902816707089,430.0698082634922,433.58687910573406,1699000
2021-09-01,433.9480895996094,434.10018213700585,429.5090065121338,432.95953161956027,1325400
2021-09-02,438.1780700683594,438.6248328235758,435.7256468433253,436.7047189653504,1455000
2021-09-03,439.679931640625,440.6780334484004,436.3054674068562,436.3054674068562,1302400
2021-09-07,436.8758544921875,440.2978643306648,435.00325667840184,439.63246305337924,1463400
2021-09-08,442.6742248535156,442.7977728455122,435.43095911846086,436.41003126635377,1372000
2021-09-09,442.9024353027344,446.54305506310044,442.23703394287844,444.23320901375496,1398700
2021-09-10,442.1609191894531,445.24071334397536,440.29783634364094,444.0715472712994,1324800
2021-09-13,436.9328918457031,445.08865548654643,435.54508719997585,443.96700555381733,1679500
2021-09-14,435.7447204589844,439.3473386408542,434.8036785652895,438.15914271096085,1383900
2021-09-15,437.949951171875,439.3947867555052,433.58689987475003,435.58304552055813,1770300
2021-09-16,440.40240478515625,440.83965272727824,433.99566216555235,438.00701243985526,1577500
2021-09-17,436.7902526855469,439.93659256777084,434.423347133277,438.7959130961696,3411400
2021-09-20,428.8341369628906,438.1590952907967,424.53760237983107,434.05268363941974,2602000
2021-09-21,429.756103515625,434.2522463944199,427.9025356672296,428.83409151985995,1531300
2021-09-22,429.9652404785156,432.8359398850346,427.59836390235665,432.2180839163659,1380800
2021-09-23,430.3930358886719,433.02606734807085,428.7961076896578,429.9367582566593,2061200
2021-09-24,444.6228332519531,445.54487428029495,432.50323704893356,433.43479292570373,3353800
2021-09-27,437.78839111328125,447.2274121753392,434.6325359094886,442.53165976005533,2526000
2021-09-28,425.2315368652344,434.87968137152075,423.6346086039224,434.53749489067724,2632700
2021-09-29,429.4519348144531,433.45376960880503,426.7048125697384,427.62685354701676,1922000
2021-09-30,427.132568359375,432.84539318887647,427.0850231292455,431.1914341644326,1836400
2021-10-01,426.16302490234375,428.77705553509634,418.9673335344219,427.4938273405113,1860700
2021-10-04,418.3780212402344,427.132639935135,414.6043101488541,426.17256842808735,2264000
2021-10-05,424.1763610839844,426.9044538407496,417.53197983955016,417.84565074868743,1808700
2021-10-06,427.1231689453125,427.54141623833954,420.50730205086,421.9806534180985,1334600
2021-10-07,430.4786682128906,436.86641128941903,429.71823435015557,433.9006786125831,1966200
2021-10-08,429.5091247558594,433.21629072333855,427.750588755902,432.92162041622436,1545800
2021-10-11,427.46527099609375,431.2579821602279,427.3131784745742,427.788456726067,1011700
2021-10-12,424.7752685546875,430.4596080727421,423.7106496904057,427.8930933752363,1380900
2021-10-13,423.2828674316406,428.23528849703956,422.11370130999353,426.3626907238487,1621500
2021-10-14,428.3778381347656,429.3664251149614,424.4235192226679,425.00334482084133,1480400
2021-10-15,430.0223083496094,431.4956594560968,426.9710008188556,431.44814323021717,1494800
2021-10-18,439.10968017578125,439.4898970549158,426.32468092797745,427.37978494322743,2141300
2021-10-19,443.9859924316406,444.06205320938125,437.5507342801519,440.10773401879624,1365300
2021-10-20,446.54290771484375,449.13793735155593,444.70834066827445,445.3547121133846,1352900
2021-10-21,453.63409423828125,454.03331172808356,445.8870354658206,446.5429217791784,1423300
2021-10-22,458.15875244140625,461.0484525401061,454.90786521296775,455.30708272798364,1710300
2021-10-25,465.8677978515625,467.87345836368223,455.7918920381377,458.1587687015001,1903400
2021-10-26,461.5237121582031,464.1092270874761,457.43633067109545,458.29182574878274,2378600
2021-10-27,464.9267272949219,467.19857150576183,459.65114973897187,459.9268192769413,1741800
2021-10-28,467.0309143066406,468.2686255354106,463.1749432007186,463.6319299654985,1362400
2021-10-29,467.9924621582031,470.4964749327462,463.34623710886865,463.4604837812927,2471600
2021-11-01,468.3066711425781,471.1820148462092,463.86040653473805,470.4774452274809,1548700
2021-11-02,473.1813659667969,475.56160186321625,469.1159335157335,471.0391536600194,2012200
2021-11-03,478.265625,478.8654491934299,472.000855874927,477.3230607278208,1856000
2021-11-04,490.91888427734375,495.2890229143794,481.7692715171977,482.7213658675453,2615000
2021-11-05,488.53863525390625,493.08967401947933,484.2637410336879,490.10961413419255,2071700
2021-11-08,479.6747131347656,488.8147968123424,476.23766604097494,488.8147968123424,2834800
2021-11-09,484.3399353027344,484.7112660663607,479.9127021427577,480.92191988483876,1881800
2021-11-10,481.29315185546875,485.9107855147116,479.63648817755325,483.91141092459424,1226600
2021-11-11,487.6437683105469,487.94844553281354,479.89373396261595,481.9502616294871,1227300
2021-11-12,492.3945617675781,494.765267127084,488.6433081380023,489.6144628582705,1780200
2021-11-15,494.9843444824219,498.0405301480324,493.19440245945,493.6513891508548,1392300
2021-11-16,501.4871520996094,502.9914775756241,492.6231552485293,494.9367958597261,1690700
2021-11-17,501.0777587890625,505.31459064294086,499.38306091425073,502.2298139743365,1609400
2021-11-18,504.01019287109375,505.37168084920484,497.4597789452482,502.85813776135575,1664200
2021-11-19,508.21844482421875,509.63711428239793,502.7153694537149,508.49458938921555,1909800
2021-11-22,513.7977294921875,519.2912742720214,506.81886176770286,507.770956099673,2190500
2021-11-23,519.1389770507812,519.6721475648709,508.1994222149867,512.1886998849316,2147000
2021-11-24,523.3948364257812,524.4421751335389,517.2919368847832,519.4055585614497,2316400
2021-11-26,519.9674072265625,527.9840271587074,518.2345881522646,523.223554353902,1844800
2021-11-29,528.2981567382812,533.9155370641741,516.4255090958542,519.9673305582386,2919100
2021-11-30,513.540771484375,530.4785128877426,510.21797074795677,524.6041056886557,4244200
2021-12-01,504.4577331542969,521.9857658607709,504.03880928497074,517.0824563523786,2877100
2021-12-02,500.3352355957031,505.47651149756126,489.41468046750936,493.6705734882545,3277500
2021-12-03,503.5912170410156,511.7506719371557,499.6305304327284,504.60043464634043,2984400
2021-12-06,507.65673828125,510.37018403709226,502.29644223870906,506.752236992226,2432900
2021-12-07,516.0543823242188,516.9874165245568,509.0945724667266,512.4649667483291,2579800
2021-12-08,504.7148742675781,521.5479004828659,500.3733250456374,520.0436327959234,3037500
2021-12-09,499.2116394042969,506.82839409135505,498.7070015128905,503.4674731923019,3200500
2021-12-10,532.0494384765625,534.3820815493353,508.99921044744383,509.0944547611449,6333600
2021-12-13,530.5260009765625,532.9348276442983,521.7286582289222,524.0708313169057,3415200
2021-12-14,519.2151489257812,530.4783830407198,511.8173573656481,529.8024332557369,3494400
2021-12-15,538.3905029296875,539.3521278933652,519.3962597808055,520.0436772161652,2937100
2021-12-16,526.1559448242188,539.4090829009023,523.1282915370713,537.7333874211959,2683000
2021-12-17,521.3763427734375,529.811884277777,515.0639529506851,523.0044449374135,5752000
2021-12-20,522.2809448242188,522.8331758929187,512.2554201830202,516.1589843005459,2033600
2021-12-21,519.3009033203125,525.3467383453974,510.39884286709054,524.1280294752038,2472800
2021-12-22,523.3375854492188,523.651792796037,513.940420652849,519.2531223854476,1454500
2021-12-23,524.0042724609375,526.1369549536183,521.2622355099936,525.3086373446082,1757800
2021-12-27,536.4766845703125,538.6379577798062,525.0230174290457,525.1182036389067,2262900
2021-12-28,537.5906982421875,539.4948874044696,533.839443268042,536.4386428789599,1155000
2021-12-29,540.5706787109375,544.1124421337989,536.5052168571707,539.2663139772375,1753000
2021-12-30,536.8953857421875,542.5794180268871,535.4291816734517,542.2462083193792,1338700
2021-12-31,540.5039672851562,541.0276075487918,532.2493256461404,536.4194453841,1509200
2022-01-03,539.5614624023438,540.285005365172,528.8979930246282,537.9619507123714,2714100
2022-01-04,537.2003173828125,541.4752128375845,534.8772042351394,537.2003173828125,2097500
2022-01-05,523.5757446289062,537.9809377823468,523.4329653333397,536.6861033241397,2887500
2022-01-06,523.4615478515625,527.0033696322332,517.5109571882098,520.0340308739661,2503100
2022-01-07,510.4939270019531,522.0999591207975,508.64686169135746,521.3192348027906,2323900
2022-01-10,493.9464416503906,505.00024096988085,484.13988336379015,503.9339001529621,4916800
2022-01-11,497.0218505859375,497.44071632088054,485.8442429530734,493.946546263113,2457300
2022-01-12,500.6111755371094,504.6385739756865,497.0027590297369,497.02181951148935,1729500
2022-01-13,492.1186218261719,503.70559590297336,490.5476426183148,502.3631681941361,2428100
2022-01-14,478.89404296875,488.4054585146716,477.8181714456361,487.06303072729696,3872500
2022-01-18,464.68878173828125,471.36294459996606,463.536726443114,470.77265064343095,3801900
2022-01-19,466.6785583496094,472.46727906760145,463.7651520363063,466.4215033415931,2709400
2022-01-20,459.690185546875,475.93291228597843,458.75712265530217,467.2402865145579,2893700
2022-01-21,458.5382080078125,470.91543623274265,458.26212152899336,458.8333840274214,3295600
2022-01-24,465.4789733886719,466.49772142919886,446.5418297815282,452.7685065991945,4412600
2022-01-25,454.4537048339844,459.518854002544,449.7408259436369,456.910095595312,3076800
2022-01-26,460.30908203125,470.2108580081135,455.8342267163561,460.08058867240106,3074900
2022-01-27,459.4045715332031,472.03888259967874,457.30045108093424,463.5938100657041,2372300
2022-01-28,468.83984375,469.1254895066173,453.1017243012608,460.56614099546755,1918500
2022-01-31,480.9314880371094,482.15969804857724,467.1261181142597,468.43048289945085,2480700
2022-02-01,484.0543212890625,485.2634707267791,473.1337972708882,480.8076758722414,2347200
2022-02-02,497.0124206542969,498.88801904352607,485.8919341146377,486.6250364655895,2547600
2022-02-03,497.5272216796875,501.980224986909,490.3184813526533,491.91087249518966,2665100
2022-02-04,495.6202087402344,497.74657875750717,487.06694703702414,494.0373038866712,2387400
2022-02-07,491.92041015625,497.7465095472947,490.33750552278514,497.079021745206,1863600
2022-02-08,496.93597412109375,499.0718883050994,486.78077886313343,491.9203587429574,1462000
2022-02-09,504.25921630859375,509.41782820646637,501.2555501189753,503.46776394446624,2256700
2022-02-10,494.3901672363281,500.1018482756602,490.8334905328875,496.6691361189261,2558900
2022-02-11,485.989501953125,497.1267845919854,483.8058927885792,494.3138953439723,2349700
2022-02-14,483.0238952636719,487.7629772295974,478.14178850997223,485.34098412456694,1749600
2022-02-15,490.0419616699219,492.0253359089271,487.0288088639119,489.48895183926294,1984600
2022-02-16,488.5926208496094,490.64269148188873,478.3992739106206,487.7248691639519,1770800
2022-02-17,491.08123779296875,494.1325686909773,483.4719999170857,485.9607473188307,2022800
2022-02-18,488.85003662109375,493.837077146075,486.61876244159583,490.9669200602183,2154700
2022-02-22,478.8474426269531,490.67133060693317,475.01423245000365,486.30411267183837,2451800
2022-02-23,472.2489318847656,484.368383830352,471.79122346672943,479.57209197543574,2021400
2022-02-24,482.08941650390625,483.0143489278878,460.539494963114,460.8159998519821,2859800
2022-02-25,493.4461669921875,494.1708648854829,481.7748759930347,484.95014342086597,2003000
2022-02-28,495.1243896484375,495.4867385856854,487.54375422868986,490.4043669758161,2408900
2022-03-01,498.63330078125,504.7645392201053,495.0670802515886,495.32455397087875,2316000
2022-03-02,503.4678039550781,508.3213354759024,495.6202088922093,499.6536539251154,2571500
2022-03-03,508.283203125,513.9186429002965,504.93627685630486,509.6562995890976,3851800
2022-03-04,501.0840148925781,505.29863484001424,488.0014776975239,495.36278922301494,4417900
2022-03-07,503.9636535644531,519.9544377192545,499.10057743886284,499.12921149927274,3896900
2022-03-08,499.0433349609375,514.6527380204546,498.1374627633678,501.7704380405213,3649700
2022-03-09,503.1340637207031,506.1948817177506,491.74882412775344,503.105429661254,2789700
2022-03-10,507.9685363769531,509.54189674016857,494.0659996881846,498.80505375550365,1777700
2022-03-11,502.91473388671875,517.4371496430543,501.97074106998093,511.68729056029065,1735100
2022-03-14,501.5130615234375,510.43815858689925,499.2150035487655,503.24850676344016,1950000
2022-03-15,517.1224365234375,518.5813185573259,503.39147397286143,505.37484816334626,2547900
2022-03-16,518.1427612304688,525.9903563095021,506.5763465848373,519.2298079590818,3017200
2022-03-17,527.1058959960938,527.4682448486409,517.961505310274,518.1045009946153,1974200
2022-03-18,535.2681884765625,536.4124449798908,523.978338415292,527.268054037622,3597800
2022-03-21,529.71875,540.4174135149472,525.2466565041667,534.1145441950299,3136900
2022-03-22,533.4278564453125,534.3146392108675,526.6673091189092,531.0821917749095,1777500
2022-03-23,528.2788696289062,534.6389485213671,526.2668612524157,531.0727275477813,1546800
2022-03-24,532.1788940429688,532.3219479729302,523.7019302046474,529.6997193853224,1614200
2022-03-25,529.8902587890625,534.3909271205017,524.6648345644431,533.8092833080514,1974900
2022-03-28,538.9490966796875,538.9967619276806,527.7831485915135,530.87260161284,2056100
2022-03-29,543.497314453125,544.6796917039483,538.3005813619404,541.6093287267662,2005400
2022-03-30,549.685791015625,551.3831158752188,542.1719682890492,544.4223030518065,2086500
2022-03-31,549.094482421875,559.0780491528146,548.7703123010798,551.8120989013244,3439800
2022-04-01,548.8276977539062,555.902931150598,545.719155558247,550.5535986528105,1933500
2022-04-04,548.4080810546875,552.7562101550498,544.9181008692753,547.2733689899345,2201800
2022-04-05,548.5892333984375,556.8468430211326,545.5188122061725,545.9860944957776,1826800
2022-04-06,557.6192016601562,559.535821443241,543.8692065158508,547.3591865326267,2646200
2022-04-07,579.7984008789062,583.8223589458979,561.4237748689767,564.7706422350618,4804200
2022-04-08,572.1605834960938,579.7507624563183,569.9579143417074,578.206036462297,3230200
2022-04-11,557.5047607421875,573.0760446060765,555.721650251022,570.9687057531941,2792700
2022-04-12,554.3486328125,564.2368135616599,551.8694582085948,559.431004769757,2142000
2022-04-13,563.6265258789062,565.9149810380732,555.4069788026796,555.4069788026796,2211800
2022-04-14,562.9591064453125,568.5754571646055,559.7742650906061,564.2845377449869,2206200
2022-04-18,555.0731201171875,564.598948289811,552.6701875333555,558.1816609805771,2161900
2022-04-19,566.6873779296875,567.1927807879098,554.9588772160163,556.2461296824097,2327800
2022-04-20,575.488525390625,577.1572160448529,569.547947086042,571.3120264115269,1793300
2022-04-21,564.2461547851562,580.8758476898214,563.6836003675747,579.0641617323524,2027900
2022-04-22,545.137451171875,564.39892210603,544.5176284594116,562.9208922838966,2878200
2022-04-25,541.8095703125,543.8310651807535,527.8116466288546,543.8119758067457,3154500
2022-04-26,528.0309448242188,541.9335381204769,527.6018413016265,538.9870815847008,2057400
2022-04-27,528.336181640625,537.4329102871031,527.1632907017917,530.3481322065691,2261600
2022-04-28,536.7599487304688,539.4341859265538,521.2874972684064,530.523190384207,2118700
2022-04-29,507.83984375,536.358842709822,505.9106038049943,535.7380116049932,2968000
2022-05-02,505.1942443847656,514.9839048166423,494.9939027544409,508.3269054100885,3303400
2022-05-03,504.36328125,510.27528291879634,500.17998787949836,506.19703531978445,2398000
2022-05-04,519.9788818359375,521.6121043350995,499.32987087480114,507.72507872063807,2465200
2022-05-05,494.086669921875,517.9830163932148,489.16793804076735,517.24757917721,3977000
2022-05-06,480.7534484863281,493.2460253800011,476.41736664388037,491.29766535929565,3560800
2022-05-09,476.4269714355469,484.2778031661865,472.1386317071401,473.8195974568049,3292700
2022-05-10,478.9388427734375,487.69702028337633,473.3706876466377,486.80879465517813,2729400
2022-05-11,467.1148681640625,485.1851630454757,465.9019157493689,481.28841314333386,2782900
2022-05-12,464.3450622558594,474.927462401664,458.21340852882895,464.9276815758651,2829500
2022-05-13,474.9369812011719,476.3887347827033,467.61146667245566,470.9638084283952,2338600
2022-05-16,472.3200378417969,475.3285615715229,467.6305485869178,473.8577458840096,1579700
2022-05-17,468.4424133300781,471.39363427753676,458.662313169154,467.191249311327,2602800
2022-05-18,410.1151123046875,443.02746318148996,405.482925937444,439.3408345171865,9511600
2022-05-19,403.9356384277344,411.19431804526545,399.91472334572944,411.041500362613,5839600
2022-05-20,397.7276306152344,409.5898465931987,388.2531658360563,409.5420746639643,5115000
2022-05-23,410.19158935546875,410.68822508823683,397.9569029351815,401.1373361326965,3687200
2022-05-24,418.0519104003906,419.0261196302673,405.2919380255879,405.7217104973008,3473400
2022-05-25,420.3441467285156,423.3526999733265,411.4809232199437,416.7339119817417,3225100
2022-05-26,444.10675048828125,447.0293200076039,427.41181621526107,428.93040397357595,5917600
2022-05-27,449.61761474609375,453.5525759554744,434.68001185937993,436.28455405499193,5719600
2022-05-31,445.2814636230469,449.6557571302594,437.45928468469776,449.6175745673454,4424500
2022-06-01,436.4660339355469,449.3692933216193,436.1890791614209,448.29959849837974,2319400
2022-06-02,465.7108154296875,469.07274651287673,437.31604530038487,440.20040285744307,4950600
2022-06-03,454.8609313964844,466.2264795484368,454.230569442737,463.2466078739877,2857400
2022-06-06,451.2508239746094,459.39773058818304,447.8507100467145,458.9201861696922,2297000
2022-06-07,450.5918273925781,452.4542623539532,438.94929169753954,439.2549271322164,2435500
2022-06-08,446.97198486328125,453.1227588837216,445.9214105321905,450.59177946855505,1697000
2022-06-09,450.8496398925781,462.4921742705433,446.1697107731335,446.3511799702565,3087500
2022-06-10,442.502197265625,447.1630353539255,437.2014659925523,444.11629969736015,2549900
2022-06-13,431.93890380859375,438.04193514649745,428.7393505435752,429.78995403840173,3113400
2022-06-14,434.3743591308594,438.1565316301685,430.05736840133017,431.9388944362857,2224600
2022-06-15,438.1851806640625,443.5050029092182,431.1175296645825,437.90819676231246,2250200
2022-06-16,431.4709777832031,437.21104234526314,427.85118263238286,430.08608719696036,2906600
2022-06-17,426.62860107421875,435.2243999250597,423.29535062465357,430.79277408251255,3623400
2022-06-21,442.3111267089844,443.94434941924084,428.9685651636962,430.31521462044157,2420600
2022-06-22,439.3026428222656,443.84887490493816,437.90822131468025,438.7582643498848,1827500
2022-06-23,453.6672668457031,454.8897795778493,444.79448203402325,445.4248442603334,2030100
2022-06-24,462.61639404296875,463.05572676461543,455.2717582573349,458.4426603198269,2862600
2022-06-27,460.11407470703125,465.357503408308,455.9116894026254,463.99173328510113,2034700
2022-06-28,447.56414794921875,465.3574569317627,446.87651199530114,461.78543415181565,1754600
2022-06-29,448.7389221191406,451.72835475214026,445.47253471761826,449.7990858526153,1275600
2022-06-30,457.75494384765625,460.4387409556563,443.8488537086325,447.2680586755342,3852400
2022-07-01,463.9439392089844,469.1873673305865,456.5324408835019,459.56961623552303,2660400
2022-07-05,466.3316955566406,468.85311498760575,456.9718072515608,463.7529439789046,2489400
2022-07-06,470.5245056152344,474.6982391330058,465.8732276831276,466.3316808138088,2262300
2022-07-07,472.72119140625,473.2751300600112,467.2485223418538,469.96097091105497,2125200
2022-07-08,479.0152282714844,482.81646290934594,474.6791171089679,474.984752509629,2607800
2022-07-11,476.4937438964844,482.84507788604157,472.6160861282497,478.61404196433136,1891100
2022-07-12,468.53790283203125,479.3590457238265,466.12152942044617,474.6886768155199,1775300
2022-07-13,470.11383056640625,474.98478948577116,462.09109012998084,462.56863455056566,2008400
2022-07-14,488.9480895996094,490.21837383626337,471.450858400817,473.8099285504675,3715600
2022-07-15,499.4637145996094,501.2306056150075,492.61574402053117,493.70450098175155,4265100
2022-07-18,493.11236572265625,504.7931420958213,492.51065507860125,498.4226574413339,2464100
2022-07-19,496.8657531738281,501.97551246307955,493.75215482624384,498.94783944995834,2391000
2022-07-20,500.6575012207031,502.52943773846,493.59938183552106,497.8495381500806,1740700
2022-07-21,505.6812438964844,505.9486383983582,498.1742030077102,500.50462158224894,1716100
2022-07-22,505.9296875,512.9878087876336,502.4436478303508,506.87527452164477,1800800
2022-07-25,505.3757019042969,508.3841966495776,502.3767090800664,507.5532740566339,1452700
2022-07-26,488.9386291503906,496.3405677555299,485.91101381099486,491.87075892215773,3334800
2022-07-27,498.8523864746094,501.72721284575397,488.2127133016963,490.0559983870393,2060100
2022-07-28,512.9833984375,515.8536103371131,497.77131040631684,497.77131040631684,2083300
2022-07-29,517.8818969726562,518.6664285783734,508.8886012476924,508.9842516213556,2131500
2022-08-01,523.1535034179688,528.7982766595875,517.8340465412463,517.99667552639,2256000
2022-08-02,519.948486328125,527.2005131888363,517.3748605947154,520.4938336093246,1984200
2022-08-03,523.3447875976562,524.9616756855291,518.66632901034,521.421736620379,1693300
2022-08-04,519.7763671875,523.5267617659922,517.2792379798695,523.335402590691,2000500
2022-08-05,517.2792358398438,518.1689946869604,510.27591049406965,513.9976332979115,1711500
2022-08-08,518.4561157226562,523.813822789686,515.3658136442444,520.3121889556322,1344100
2022-08-09,512.6390380859375,521.4218803662201,510.7925419206184,520.1207315235004,1877300
2022-08-10,516.4660034179688,526.1194513286366,514.045429704956,520.9243741217905,2336600
2022-08-11,509.17559814453125,519.977141142007,508.87901191999185,519.7379568191652,2340200
2022-08-12,513.9688720703125,515.1073918066431,510.63938651836276,512.9834046101743,1918200
2022-08-15,522.139404296875,523.3353259741468,512.5050522574197,513.1939335087271,1848000
2022-08-16,529.0949096679688,535.7441875559498,525.22007667244,527.2579319059978,2498000
2022-08-17,532.252197265625,535.2467902236276,525.2584486832549,526.2056094371023,1835200
2022-08-18,536.69140625,540.3174197937082,532.3477812973437,534.8735819225076,1619200
2022-08-19,530.5396118164062,535.0649609755342,529.2384045887707,534.4813651835408,1617000
2022-08-22,521.8714599609375,529.0757197621567,520.7425169695215,529.0757197621567,1860900
2022-08-23,518.6187133789062,522.3882615355334,513.6532433248038,522.129923719399,1359000
2022-08-24,519.7188110351562,521.6322856460489,516.0258190508399,519.2691725310096,1145800
2022-08-25,526.9423217773438,527.0762206449442,516.2076968614537,522.1299042122787,1483300
2022-08-26,508.81207275390625,528.7600234677682,508.66853879122795,526.205551052243,1886800
2022-08-29,508.0848693847656,512.3327850080112,501.3303068985955,504.2292487255308,1579900
2022-08-30,501.46435546875,512.8208237491772,498.9481314320795,511.16568673141467,1872700
2022-08-31,499.512451171875,503.54991237889055,497.7520874868446,502.80362935976063,2179800
2022-09-01,506.2767639160156,506.66905898998317,494.6620151057717,497.23558290867396,2280600
2022-09-02,496.6518859863281,511.7014034296642,493.7242721829452,509.65397159214126,1901700
2022-09-06,496.4510498046875,500.51718366939957,490.35663736608836,497.65648985192513,1933400
2022-09-07,506.7264099121094,508.65897974933455,496.4510595921975,497.5034473730245,1827900
2022-09-08,506.2289733886719,509.969849951576,498.99603976638423,501.64622149550354,1600800
2022-09-09,513.3662109375,514.7821637149149,506.62122341436975,509.0991407748458,1930900
2022-09-12,516.178955078125,519.1256640795378,513.7679582636838,514.4663578446932,1522400
2022-09-13,488.22308349609375,509.2139043859444,486.68275029694365,507.82662347714887,2881400
2022-09-14,486.0225830078125,491.7725839333858,481.3536999797903,491.6290499703211,2007300
2022-09-15,481.7172546386719,487.03671195689134,478.87574354768753,486.4052618036385,1749600
2022-09-16,482.3295593261719,484.53004345043206,475.78545046133974,477.9572628316257,3004800
2022-09-19,484.6544189453125,484.78834698412703,477.3066835208527,480.43520396711824,1441300
2022-09-20,477.909423828125,481.65027031760036,472.0733494331898,481.2388802702497,1843100
2022-09-21,471.7384948730469,484.5204919275298,471.6715162508097,480.76052112785374,2082600
2022-09-22,466.0937805175781,472.62828423210897,463.4531759022113,472.62828423210897,3133100
2022-09-23,446.2223205566406,461.45359291509004,443.4764888715273,458.219815809518,5377800
2022-09-26,459.5209045410156,463.1660712470759,445.0837424695124,445.71519257886285,4001900
2022-09-27,457.607421875,467.2704740847193,454.8615905977923,464.4863651416911,2412400
2022-09-28,467.1653747558594,470.2843192365143,453.6753697995061,460.69781973682,2419500
2022-09-29,458.2580871582031,467.85416204520067,453.5605030533787,464.60123155010336,1963900
2022-09-30,451.83831787109375,462.89819881414843,451.4556287874116,459.8653578987295,2436700
2022-10-03,457.0621337890625,460.0375728616532,450.04923283088897,453.97186171148206,2338500
2022-10-04,465.0987854003906,466.907004014464,459.9324089636392,462.898271727321,2175600
2022-10-05,459.5400390625,462.93644459251385,454.2779842317553,460.4776228733403,1587700
2022-10-06,461.6162414550781,472.5134949910032,461.0709233002492,462.5347304262516,2430700
2022-10-07,447.8965759277344,458.38240890632494,445.9544003125712,457.5692055323487,2568100
2022-10-10,446.13616943359375,449.9057167432611,441.63949243049655,449.3699461893566,1616300
2022-10-11,451.59918212890625,456.60292929835623,443.63914906110847,444.8828960162088,2341400
2022-10-12,446.20318603515625,458.9851834768092,446.1266306939072,453.7996832035385,2043900
2022-10-13,447.7435607910156,451.3313263159266,429.6038264723128,438.3675452315059,3390900
2022-10-14,434.98065185546875,452.90993053555496,434.1578717084751,451.60875249258936,2301600
2022-10-17,444.0888366699219,446.681586993847,440.55847313046763,441.67783960064975,2097500
2022-10-18,452.7950439453125,455.90444011870846,448.5471280680271,452.72809452537564,1864000
2022-10-19,451.0346374511719,454.32581594659246,446.7484732318736,447.57125325707676,1207600
2022-10-20,444.5193176269531,451.6565703193988,442.8833048794442,450.62330679394785,1709500
2022-10-21,457.49261474609375,458.8224935486145,442.28049819256483,443.6486254633235,2508400
2022-10-24,475.4697265625,476.4551647916669,460.2002077697232,460.7742267790984,2366200
2022-10-25,477.4693908691406,478.55050886239815,469.27972060877636,471.9777272330864,2130900
2022-10-26,477.8424987792969,485.4676969082263,474.2451568673378,476.45521789165304,2088700
2022-10-27,475.91595458984375,482.11722086075656,473.6156457192609,479.05012286663657,1576600
2022-10-28,489.6507263183594,491.51974368604306,475.36961193841006,476.64435678020516,2369300
2022-10-31,480.66998291015625,488.4718985670912,479.71151833805226,488.4718985670912,2192200
2022-11-01,479.1938781738281,486.3152912664741,479.0213615928524,482.77855510640234,1586300
2022-11-02,463.4271545410156,482.33763937713053,463.1971031835218,477.12359044081353,2464400
2022-11-03,466.09173583984375,470.92237612872873,459.7850226987741,460.9064390962041,2010400
2022-11-04,466.20672607421875,472.1683764996817,456.69874525980896,470.03099011120645,1987300
2022-11-07,468.2577209472656,469.6475058789519,454.7913092644136,457.23538152357594,2036000
2022-11-08,472.2929992675781,477.5645542730405,464.38566675938455,470.34731740828994,1709900
2022-11-09,469.6188049316406,476.9127050019396,466.63796542688414,471.46863421030895,1640500
2022-11-10,491.8168640136719,493.4653947746035,480.57406557420165,483.97663189476407,3098300
2022-11-11,494.0596618652344,495.37281203466137,485.66353283499626,491.8168877218971,2393500
2022-11-14,488.5101318359375,499.0724283188407,488.2609509801789,494.34720581333795,1820200
2022-11-15,504.6027526855469,507.7944556952758,498.40151575225804,498.40151575225804,2502200
2022-11-16,502.3407897949219,506.6059683054546,498.5644375148135,499.65710102987657,1833600
2022-11-17,499.6666259765625,500.11707612664134,491.65387830691316,497.4429817356992,1902500
2022-11-18,501.91912841796875,507.5453108022701,496.66676125852746,504.9862267629116,1584400
2022-11-21,501.63153076171875,505.37915949318267,500.39513269048325,503.90308681121365,1268300
2022-11-22,509.85516357421875,510.66983493704896,504.80403732459837,507.94782872474894,1809100
2022-11-23,512.289794921875,514.5038460681708,508.3697070070263,511.8201565726674,1288200
2022-11-25,511.49420166015625,513.6028355171184,510.9287402962668,511.97343396855507,744200
2022-11-28,508.8680114746094,513.9766441969408,506.97027027758634,508.83928795649166,1684300
2022-11-29,506.9892883300781,511.55152917835295,506.069141558148,508.9828519192341,1685700
2022-11-30,516.8521118164062,520.0438157853825,500.452794130541,505.50386353784904,3601800
2022-12-01,482.9319152832031,497.5772811158849,475.08211783494914,497.5772811158849,6970400
2022-12-02,473.989501953125,478.24508715739495,471.6700047291687,477.81376638330624,3632100
2022-12-05,468.36322021484375,472.2354246056567,464.59646211871274,472.0437200244235,2455300
2022-12-06,461.17474365234375,471.0565094785817,457.3504799780808,470.28015563869394,2995900
2022-12-07,461.951171875,466.3313619979398,458.9799258457623,459.19078922203124,2072600
2022-12-08,461.4239501953125,463.2545914826192,453.83289918061746,462.8424588053727,2901000
2022-12-09,462.9574890136719,469.733839708417,450.95752460622737,455.36646693484573,4211100
2022-12-12,467.4239501953125,467.55814926240726,460.70513408614397,462.6795685732908,2276400
2022-12-13,467.9223937988281,477.28658169796097,461.54858129402794,476.39521670782165,2626700
2022-12-14,463.4367370605469,471.26740476968064,461.059763858765,468.55493389827336,2145000
2022-12-15,444.6412353515625,456.9000035494417,443.9223870321014,455.5964767201456,3437700
2022-12-16,442.2834167480469,445.48468438954706,437.9032273441029,442.1013061688886,4909200
2022-12-19,439.58056640625,444.16202542213233,436.4463688561493,441.7754582417921,1939200
2022-12-20,438.8042297363281,441.13329147959524,433.73394427977934,437.59655509166413,1993700
2022-12-21,442.8681335449219,444.43043546228,437.2515452469531,440.2994555366362,1462400
2022-12-22,439.6572265625,441.2770338483966,434.5582178385675,439.5997210345995,1906100
2022-12-23,443.4336242675781,443.9416093160197,435.9096715972504,438.5166963788794,1229500
2022-12-27,439.4559326171875,445.39842366774116,438.1236530453649,445.11086679432,1230800
2022-12-28,434.1747741699219,441.3345043250402,433.99266359602905,438.53580468944523,1324100
2022-12-29,437.56781005859375,439.93521861416514,434.6253169358764,436.7051978328829,1465000
2022-12-30,437.53900146484375,437.7307060461038,432.02783112875863,435.76583646323127,1803200
2023-01-03,434.45281982421875,439.74353372919325,429.2962757492528,438.97677377195663,1978100
2023-01-04,437.5965881347656,440.42407035759686,433.7914825662525,438.19083149684786,2097300
2023-01-05,431.4911804199219,437.4719901612259,430.9448485781632,435.66050727805026,2169300
2023-01-06,462.8137512207031,464.29938875465444,443.02146502657513,443.8457304615291,5174500
2023-01-09,458.8648681640625,466.64759503391326,458.2802188733539,462.8712426561755,2384800
2023-01-10,461.4047546386719,462.0660974122773,455.73066179123174,457.32171619947,1649900
2023-01-11,464.1939697265625,464.39523909459695,459.20994230367955,460.37927023943195,1576400
2023-01-12,462.3919677734375,464.855228271083,458.86482584490926,464.84563426719734,1628200
2023-01-13,465.0949401855469,465.4208146346649,459.1045365252487,460.91604863213144,1405900
2023-01-17,466.55169677734375,470.1076206951911,464.25138811014574,464.97983040059626,1539900
2023-01-18,459.55499267578125,468.5070479403929,458.64443966572304,464.6731897928068,1925500
2023-01-19,449.9894714355469,457.7242866730205,448.6284682779082,456.45910656168365,1919500
2023-01-20,460.1683654785156,460.3696640784625,449.9703186650763,454.2354972827831,2588600
2023-01-23,472.149169921875,474.66993616542607,457.76263807467313,460.01503543583175,2709400
2023-01-24,471.6699523925781,473.0980843916385,466.7818068287283,471.6124468624163,1510200
2023-01-25,470.4910583496094,471.50702837941293,464.37605016078174,469.0341735898795,1329800
2023-01-26,477.60284423828125,477.957500670018,471.34407228109535,472.7146987334462,1576400
2023-01-27,482.3856201171875,487.95429668059563,477.18113550412653,479.00224150594283,2034100
2023-01-30,482.3759765625,484.59962105734695,479.5868415646555,479.5868415646555,1855900
2023-01-31,489.9095153808594,490.168290243041,481.14913658314424,482.3280583442191,1924100
2023-02-01,496.3983154296875,498.8328526603477,483.75619578908737,487.19707977845655,2080200
2023-02-02,502.5623779296875,508.91845330658595,499.88362812281133,503.38807819393213,2287400
2023-02-03,494.2763671875,500.75726376408926,492.0680734077003,498.4337587332987,1844100
2023-02-06,495.0350646972656,496.60002778043173,491.847415683642,493.93088816054905,1740100
2023-02-07,495.9375,497.33925659956697,487.16187078657396,491.57845890877144,1927300
2023-02-08,483.7246398925781,491.76094900431485,481.56434048400655,490.90644580807765,2062900
2023-02-09,480.6714172363281,488.86135104428786,478.5495313836389,485.14564080012934,1517300
2023-02-10,480.05682373046875,480.59449579296205,475.63062526942014,478.63584583713487,1536800
2023-02-13,486.2593994140625,486.5858411379855,481.3627149533466,481.7371516098417,1452600
2023-02-14,483.1581115722656,487.6035318860916,478.75110478128113,484.8767577829979,1257300
2023-02-15,490.8967590332031,491.03119170668776,481.35303544746046,482.68763427306635,1422600
2023-02-16,484.0030822753906,490.3687691627722,483.5230157445285,483.53259715050945,1456000
2023-02-17,487.2483215332031,487.469133377922,481.8331571693246,484.1662734044078,1340400
2023-02-21,481.737060546875,483.897359521099,476.753968568924,480.8537547081576,1811800
2023-02-22,477.56060791015625,485.3088596162629,476.80209457081276,483.83027576606963,1332000
2023-02-23,473.4800109863281,478.9719437253249,468.4104805178368,478.91433808826787,1546300
2023-02-24,469.1305847167969,470.81081751569,465.37649036237815,469.1017818979961,1587600
2023-02-27,467.613525390625,473.3455199790413,466.3173401146747,472.9134484534143,1501700
2023-02-28,464.877197265625,469.3898341671295,464.49314991890714,466.24059904254796,1918200
2023-03-01,459.5868835449219,463.3409778517104,456.08237459666054,461.9199997409877,1759300
2023-03-02,466.32696533203125,467.99758725470787,456.60081405847177,458.32904161290054,2379200
2023-03-03,456.3127746582031,457.02326363293116,446.7786326250523,455.8998952395751,5354200
2023-03-06,463.821044921875,469.33222836363797,456.5624416580256,457.5225746749468,3104700
2023-03-07,465.80853271484375,475.46746863329565,465.6645186208181,466.7206708118976,2659100
2023-03-08,466.6630554199219,467.4695636305425,461.95840954083474,463.74424287129443,1548500
2023-03-09,460.4029541015625,470.46515823834295,459.53884028335216,468.0456336871674,1629400
2023-03-10,452.3570251464844,461.305441438045,449.7070489862446,459.8844635093963,2123000
2023-03-13,453.1827392578125,457.68576500680047,448.19003634222673,448.19003634222673,1799600
2023-03-14,462.7073669433594,465.81818888164486,454.1429666046187,456.47608305833285,2422900
2023-03-15,466.2981872558594,467.60395404609585,459.462045116543,462.31364124329565,2226300
2023-03-16,467.83441162109375,468.6793333432197,463.5138131518954,465.5972853385193,1979600
2023-03-17,467.63275146484375,470.3691362903889,462.3136359060466,469.5722388174493,3959300
2023-03-20,469.7834777832031,471.2236772648365,466.35579598469155,468.544898024737,1623800
2023-03-21,471.28131103515625,473.34559122188,466.61504919960635,473.34559122188,1664000
2023-03-22,468.083984375,476.8211996908031,467.92077818929556,469.94664455906315,1299700
2023-03-23,468.3144836425781,473.585604460887,464.9828209449873,471.1276663134871,1565900
2023-03-24,475.5250244140625,476.19712918362785,467.1622748205111,467.5271300210791,1635200
2023-03-27,473.5567932128906,479.93206101267964,472.8751069961046,477.4549307976223,1452100
2023-03-28,467.3639221191406,474.3632997774478,466.05815532522064,472.971095230138,1407800
2023-03-29,471.3004455566406,471.7132956833497,466.5285837336844,469.6970399758194,1643000
2023-03-30,471.8861389160156,475.9762852379158,471.425264565254,473.34553040869696,1545500
2023-03-31,477.0613098144531,478.49189870049366,474.24812697509634,475.265865676713,2082000
2023-04-03,477.2148742675781,479.2983756409732,475.26580557030684,476.70600498112594,1804700
2023-04-04,477.88702392578125,482.54364568399797,475.7459167189518,476.7060497496661,1913300
2023-04-05,477.3109130859375,484.03184394664703,475.4194499431005,479.1063570705777,1941500
2023-04-06,466.60546875,468.40091285981964,458.4635299627438,462.78412867443456,4114700
2023-04-10,474.1424255371094,474.2096418735268,462.4576243450654,464.6083127029717,1653600
2023-04-11,478.7702941894531,480.05686883852024,473.34554883078783,474.14244629442123,1547400
2023-04-12,469.841064453125,480.11446942686104,469.0633591085099,480.06647449978396,2063700
2023-04-13,478.0406799316406,478.5687414126296,470.7628546752314,473.81607087998196,1600500
2023-04-14,471.71331787109375,480.4217309676259,470.61878151845974,476.4083821730793,1675300
2023-04-17,474.2480773925781,478.0406143112376,471.5692982254767,473.12470893510573,1411800
2023-04-18,477.090087890625,477.7909955378506,474.42091928881,476.321993201257,1339600
2023-04-19,476.2547607421875,478.136613178113,474.14245646650244,477.31091288003,1098800
2023-04-20,485.4240417480469,490.3015339221732,475.7555244577766,475.98594700741154,2936500
2023-04-21,486.163330078125,490.28230868012474,485.3087976794145,489.0629210685237,1508600
2023-04-24,491.03125,491.2904753712971,485.64488843334766,485.9233352179567,1374100
2023-04-25,483.1101379394531,492.67305448322617,482.236413387125,490.75278846956456,1789900
2023-04-26,474.9394226074219,482.8221068196473,473.72006417050426,480.46979840503275,1441900
2023-04-27,481.2858581542969,482.2364097485223,475.1025992928863,475.1025992928863,1361600
2023-04-28,483.1581115722656,484.7039115806774,480.68098141624273,481.5642873350687,1170200
2023-05-01,473.91204833984375,480.11449937298465,469.31300302301906,479.25038552517424,2203200
2023-05-02,475.0834045410156,475.9187155578642,470.2827395697631,475.2658321539979,1940800
2023-05-03,470.5227355957031,478.8950958152751,470.1386882885713,476.80201308561493,1426400
2023-05-04,471.7735595703125,472.3219839010549,467.5305381139152,470.42657562273746,1487000
2023-05-05,480.1634216308594,480.4905442328354,474.31364971908437,474.52532073942774,1709200
2023-05-08,480.1634216308594,481.30836541880063,476.930659896943,478.53741001141503,1015000
2023-05-09,481.8278503417969,482.74186145919765,477.5944599696127,478.14285489523496,1571800
2023-05-10,480.7407531738281,485.8496916659229,476.3534164954423,482.9440522663941,1257600
2023-05-11,482.8861999511719,483.9541562618646,478.7105060446267,480.5963127643714,1046700
2023-05-12,484.983642578125,486.86941991360214,482.2223184249509,484.1177265111643,1472800
2023-05-15,483.0305480957031,485.87846115157475,479.9709346786422,484.9259563364595,1135700
2023-05-16,477.363525390625,481.3467804789225,475.5835688322608,481.0677529608325,1229300
2023-05-17,476.2571105957031,479.153148078211,473.27448443471445,479.14351732658616,2069500
2023-05-18,479.23974609375,479.72081389160314,475.3719422072995,476.2571198746506,2298900
2023-05-19,477.7195739746094,480.48092790571707,475.2180448181986,480.48092790571707,1635000
2023-05-22,473.24560546875,478.18136550885134,470.0417070255868,478.18136550885134,1943800
2023-05-23,466.51068115234375,468.72361063761076,464.68262939463494,468.72361063761076,1800200
2023-05-24,464.4805603027344,468.80053945931115,462.7006036904591,468.80053945931115,1600600
2023-05-25,468.12701416015625,470.04168376472103,458.69809803760455,462.0270786347114,3421900
2023-05-26,488.0529479980469,491.41079208111995,465.7891145625943,467.2611809591042,5302600
2023-05-30,488.793701171875,495.29771724265305,482.5975461486391,490.4870690625617,2544800
2023-05-31,492.1900634765625,494.412594265563,485.83036153487177,489.592285726331,3320800
2023-06-01,493.190673828125,494.28752248090564,483.0882796204565,490.04450105817915,2407700
2023-06-02,493.18109130859375,498.86728661540616,490.11184716884014,490.9970248011325,2284800
2023-06-05,498.626708984375,499.2713233086721,492.6326237780658,493.1810480446788,2023500
2023-06-06,496.7121276855469,498.99238432947516,493.34465313006336,498.62676810838076,1410300
2023-06-07,491.8725891113281,499.62737026935827,491.23757609736526,495.0283926775978,1784700
2023-06-08,500.3971252441406,500.5895053830185,493.0944902715653,493.0944902715653,1530400
2023-06-09,497.6934814453125,502.29245861558246,495.9808520614939,498.5689989149103,1287300
2023-06-12,501.2437744140625,501.53246208432284,496.4619884877077,497.69355029012837,1404500
2023-06-13,502.2539978027344,503.1487767802874,498.29957622568867,502.2539978027344,1204700
2023-06-14,507.2379150390625,507.86326796306565,503.3316467367089,505.12120491175546,1841400
2023-06-15,509.142822265625,511.14408041245866,506.7182221785782,508.96964493427686,1871600
2023-06-16,503.822265625,510.3358828667938,502.84086864752226,510.0279924675049,3147800
2023-06-20,500.0218811035156,503.1007267562584,498.5209519223668,502.1866861950243,1684400
2023-06-21,499.94488525390625,501.8884179167201,496.98149122551683,498.29961227185237,1273600
2023-06-22,504.3514099121094,504.813216132077,500.00253892712385,500.9743051183783,1114000
2023-06-23,504.5823974609375,505.5060687795307,499.67552938038506,503.32200217128366,1434300
2023-06-26,503.6009826660156,504.99609098472877,501.52279567729903,504.5439154552389,1278500
2023-06-27,510.2494201660156,512.2506200541511,502.3310037649335,502.8602253563378,1673600
2023-06-28,512.6259155273438,513.2897915433834,508.5945643884577,508.95054991780154,1245200
2023-06-29,511.5579528808594,512.2891854375886,508.92171035462366,510.4899963054757,1121800
2023-06-30,517.9945068359375,519.1298196607412,513.4243632846251,513.9438953055758,2221900
2023-07-03,520.5538330078125,520.5923560159096,514.107571354097,516.9073601605704,951400
2023-07-05,520.6405029296875,525.3741941935899,517.1479455945347,520.7270622583355,1630400
2023-07-06,517.0228271484375,519.8418775429916,516.262761129133,518.475661369066,1750100
2023-07-07,505.1692810058594,516.1472809997911,504.76520049982946,513.6745854806221,2740600
2023-07-10,507.0550842285156,511.0383396456269,505.1789080922738,505.1789080922738,1955600
2023-07-11,509.5855712890625,510.6631585858074,506.2277270586606,507.5265867768843,1262300
2023-07-12,517.6288452148438,519.6589368151217,510.9997182148733,511.8560328146782,1960500
2023-07-13,518.0618896484375,518.7065040130004,512.6161696444863,517.4364780621576,1647200
2023-07-14,525.99951171875,526.1534275666239,517.7251108362682,518.3120581462645,1828700
2023-07-17,532.0224609375,533.2251302982966,525.4221668551405,525.4991541369766,1909900
2023-07-18,532.628662109375,533.9852474399447,528.5876809244699,531.7434550935311,1778800
2023-07-19,533.1289672851562,534.8415969180227,531.1181366758909,533.484952775296,1261100
2023-07-20,535.8710327148438,539.825395699433,532.7440922027495,532.8402822673305,1732800
2023-07-21,536.73681640625,540.7681659028759,536.3423667482966,537.9972113755297,5264300
2023-07-24,542.5770263671875,545.1170779979199,534.8318478951634,536.8715703102432,2086400
2023-07-25,543.789306640625,546.05993208068,542.9329920446781,545.3094970085633,1602500
2023-07-26,544.7322387695312,546.5218554271372,542.0863661485274,544.0972551790901,1306400
2023-07-27,540.5567626953125,549.5334472575488,539.3732957513843,546.2236978194138,1485300
2023-07-28,541.9901733398438,546.3101523105578,541.3166667494582,543.2024734577196,1371400
2023-07-31,539.4404907226562,542.9234165113588,537.8818359210419,541.6822828653594,1365900
2023-08-01,534.4375,541.5669585680191,533.5427208276287,539.4021531988326,1445300
2023-08-02,531.435546875,535.5535152113123,530.1559488764796,531.3489875611028,1635000
2023-08-03,536.5733642578125,539.1326189203461,531.3104523900048,532.5709063051656,1463400
2023-08-04,531.1373291015625,540.0370836297501,530.5311789600931,539.8254419798901,1142000
2023-08-07,537.2661743164062,538.3726538691163,533.9756866411592,533.9756866411592,1015400
2023-08-08,535.0628051757812,537.7375701313973,530.9448956521434,536.8716246664918,1020400
2023-08-09,538.5072021484375,540.8067198782098,535.7266167123908,536.8522987023291,1471800
2023-08-10,540.2296142578125,547.65733307839,539.4695481259017,541.8748875961223,1107200
2023-08-11,541.6438598632812,543.6065952790128,537.8626741323911,539.1326414034503,1043100
2023-08-14,540.2100830078125,546.2138566558762,539.2191141774372,543.3851765023742,1247600
2023-08-15,537.3622436523438,543.7604087326698,537.0639840317461,539.8060463913024,1124300
2023-08-16,537.8819580078125,543.5585821978216,537.5644367801277,540.4316411340596,1340100
2023-08-17,526.3941040039062,539.200129166558,524.4409988643662,538.2860884107644,1941900
2023-08-18,524.3062133789062,528.6646574193285,522.5454886633486,526.2112232102338,1878100
2023-08-21,522.6417236328125,524.5082691286897,515.9933334559919,523.2670765661331,2076100
2023-08-22,517.9849243164062,521.4390168659345,517.1478710648893,521.4390168659345,1286000
2023-08-23,520.380615234375,520.6788749034783,515.9355537275617,518.5525929387427,1295800
2023-08-24,512.543701171875,521.4988073861134,511.6857684958744,519.8504258346452,1587500
2023-08-25,514.7608032226562,516.4766098093443,511.43515197578387,513.7004191019595,1511500
2023-08-28,516.8622436523438,517.6815806157281,513.9028992662122,516.6790901289332,945800
2023-08-29,523.2050170898438,523.4941913491047,515.078896811851,515.078896811851,1468500
2023-08-30,522.7135009765625,524.7956149146368,519.8698260219454,523.1665309385047,1292800
2023-08-31,529.4803466796875,532.295074106693,520.5348309732511,520.5348309732511,2086500
2023-09-01,524.6316528320312,533.528924139202,521.1517950797305,533.133729121412,1437700
2023-09-05,525.0944213867188,529.3936755880181,524.3907540917187,526.0583749787992,1714300
2023-09-06,526.9837646484375,528.9020227849342,520.7084176714186,522.1928849466592,1476600
2023-09-07,528.8441772460938,531.1287423895106,524.6702420163892,528.8731240926186,1340000
2023-09-08,531.3215942382812,532.4687013910142,528.3429516870472,529.2780172857745,1075300
2023-09-11,538.6380004882812,539.2259980416409,531.9673994671882,532.8831671195838,1388600
2023-09-12,538.6475830078125,540.1995929379084,536.1316783628009,539.1199696687451,1055500
2023-09-13,539.5825805664062,540.2380618375995,534.6278458233611,538.1751873801381,1162700
2023-09-14,544.4120483398438,546.2724715733133,540.0549596020487,544.450585300026,1257300
2023-09-15,536.3052368164062,545.125436218703,535.5147877658183,544.9519316224854,2945300
2023-09-18,542.4359130859375,543.8529553978063,537.3751569515091,538.0595851522137,1003100
2023-09-19,544.007080078125,544.9517944219891,539.2644458036937,541.394804007404,1144700
2023-09-20,543.505859375,548.701523461311,542.3779915412052,544.0070751327515,1311500
2023-09-21,535.0712890625,544.2191977451425,534.3001380816698,543.7372210277426,1687700
2023-09-22,538.4547119140625,542.6767733353269,534.7820521113899,535.1483002454372,1527300
2023-09-25,538.4837646484375,541.0382652666892,534.7436199088764,539.3223995881528,1313300
2023-09-26,533.0277099609375,541.1345324217557,532.1022934872988,538.9945840474669,2425100
2023-09-27,543.216796875,546.0797108073367,525.0944222461803,527.6489228033977,4591400
2023-09-28,548.1328125,551.5548352152832,543.7371874620629,543.7371874620629,2192400
2023-09-29,544.5950927734375,550.4077007407152,540.4886421870302,549.4533963606428,1887500
2023-10-02,550.7163696289062,551.1308626473817,543.6698706446975,547.4389036122711,1831700
2023-10-03,544.6721801757812,555.4202835716205,542.7153854678066,550.513735128446,2007400
2023-10-04,551.1885986328125,551.9693986131352,543.4384336860886,548.9618684048512,1798800
2023-10-05,548.9908447265625,554.0323029667937,544.0168114599951,551.54528633351,1579700
2023-10-06,537.4329833984375,546.5134082238989,523.0700537753316,545.6844223955444,4246700
2023-10-09,538.8211059570312,539.573017992471,529.9624290124233,534.9942384739999,1781500
2023-10-10,541.8285522460938,546.5133513016931,537.153343302343,539.736731162242,2176800
2023-10-11,545.135009765625,546.07966538161,540.0067700137502,544.4891185503607,1449800
2023-10-12,543.4577026367188,548.6244789926665,542.1081442767843,547.5737438479255,1458000
2023-10-13,546.4073486328125,546.9856971149675,541.7224905871816,543.5250786641159,1243900
2023-10-16,551.6127319335938,553.4056712923261,548.026853216129,549.1546623179056,1428300
2023-10-17,553.636962890625,555.2949343218563,550.1378077131569,551.3234514421198,1404600
2023-10-18,553.9262084960938,556.4902987109965,551.3813573417971,553.2321314380821,1311900
2023-10-19,545.2410278320312,555.0926044501063,543.7757996715924,553.0201397074359,2019600
2023-10-20,532.9987182617188,546.2434278648467,532.1118976543521,546.1181092226593,2295400
2023-10-23,532.3819580078125,536.8450682635909,526.926006053515,534.1653076210754,1776500
2023-10-24,531.9481811523438,535.9485532961285,529.5286481998191,532.1987596671964,1678600
2023-10-25,530.164794921875,533.8664023810517,525.9426737347902,528.7766994790655,1757500
2023-10-26,527.86083984375,534.6663482563216,525.8655081503787,529.8369913126701,1925300
2023-10-27,523.4556884765625,528.275455894898,520.7565716542534,527.8609041220758,1503100
2023-10-30,534.8785400390625,536.3051724378611,524.0437117631985,526.0679906444698,1696200
2023-10-31,532.5263671875,534.0590788328034,529.2682003035567,532.2564320207636,1394700
2023-11-01,536.729248046875,538.3101457630025,529.8370164519455,534.9941436722447,1735300
2023-11-02,536.9127807617188,540.3314765856105,533.0885568814757,537.4246420467994,2100600
2023-11-03,541.673828125,543.6921553442254,536.1981385621357,538.2261913812434,1826800
2023-11-06,550.2880249023438,553.0210361950201,540.9301711305537,541.277817098682,2056900
2023-11-07,551.6882934570312,554.2184816091295,550.0368868163628,552.8761132315522,1373100
2023-11-08,547.9317626953125,553.3494530191218,544.9476535495513,552.5092789664685,1343600
2023-11-09,543.9625854492188,549.496157061904,542.7457655475115,549.496157061904,1288400
2023-11-10,557.3377685546875,558.0813937468856,545.5752754919512,548.4338353323152,1908800
2023-11-13,558.40966796875,560.0707412169595,553.8321530311697,555.2904033473651,1650700
2023-11-14,570.5488891601562,571.2731810960255,561.2876426149371,561.7994449325765,2037600
2023-11-15,576.3239135742188,579.3272964640295,573.0501000862517,573.6295100208367,2165100
2023-11-16,558.7478637695312,566.4833121312417,552.6251558344168,566.2804891420266,2954700
2023-11-17,557.3668823242188,560.0418941336744,554.3827732332086,559.0568970566233,1773600
2023-11-20,560.8916625976562,562.359579780822,557.5503001948576,557.5503001948576,1624100
2023-11-21,564.271728515625,564.8994718107872,557.9076493063607,562.0505782253341,1173700
2023-11-22,568.8878784179688,570.8772645907403,566.2514156725123,566.7342769663212,1068600
2023-11-24,571.0897216796875,573.8323998903011,570.1722733904137,570.7614089928095,645800
2023-11-27,574.5084228515625,579.3756437439262,572.103723962725,572.209998249966,1627400
2023-11-28,573.63916015625,576.9419145743152,571.147579623242,572.856927295576,1286800
2023-11-29,567.709716796875,574.8078138141645,567.2847964627391,574.7981471565423,1319800
2023-11-30,572.42236328125,572.741068220353,562.8520789392011,567.6806915915624,1755200
2023-12-01,575.8120727539062,575.9086214320839,570.3461090338493,572.9439050615209,1475300
2023-12-04,578.5451049804688,578.9796919340181,571.1863035695334,571.8526545135013,1624000
2023-12-05,584.6001586914062,588.0091877991401,576.5653984418794,578.0139823576355,2349700
2023-12-06,586.60888671875,587.6228836858547,583.161249876169,584.7450491266545,2233900
2023-12-07,590.0082397460938,591.3602160328502,585.5658803789588,589.0907914789549,1690400
2023-12-08,589.8440551757812,592.577007589415,586.8985542049384,587.7387281190981,1502100
2023-12-11,602.4757690429688,603.6057070776529,597.5506066902229,600.65053893436,2139300
2023-12-12,607.92236328125,608.1058529289211,601.8479894808212,605.9329771268832,2374400
2023-12-13,619.993896484375,620.5733064552799,609.370948102244,612.1908415323617,2436900
2023-12-14,609.1585083007812,619.897338516203,608.6949213879743,619.2019876185065,3839200
2023-12-15,636.2373657226562,639.1924744991863,618.5453207477005,619.5110433405931,8807700
2023-12-18,657.888916015625,658.5359337139842,638.4392468894176,641.7227276131853,5733400
2023-12-19,654.5087280273438,657.4638363855644,646.1842051704274,651.8626579282665,3437300
2023-12-20,638.3426513671875,651.2350247578298,638.1494950547183,648.7627772101048,3782700
2023-12-21,642.3599853515625,644.4653123801917,636.8457473152134,643.0360029250926,2388400
2023-12-22,648.5792236328125,650.1920226870984,643.1712010748586,645.1026461231314,1641700
2023-12-26,651.4957885742188,652.6932751910039,647.7874467250152,649.9409893038132,1774800
2023-12-27,658.5872802734375,660.3453856647051,652.2661426718691,654.537802439361,1875900
2023-12-28,654.932861328125,658.6465606873302,653.4415099800408,657.6489907731018,1496900
2023-12-29,651.9501342773438,655.0218154600143,649.0660550854976,652.8587862078377,1947500
2024-01-02,642.6361694335938,649.6980689264103,641.5003095143172,647.5054409153751,2657700
2024-01-03,636.7496337890625,647.3771171560799,635.1791906084634,643.1893490523659,2612600
2024-01-04,640.3645629882812,641.8955206158122,632.621158229408,634.171828533904,2171100
2024-01-05,647.9302368164062,651.5254190820243,644.2066508782008,648.0981261253996,2233500
2024-01-08,653.540283203125,653.9254942277026,645.9746542836393,647.7326995277326,2245300
2024-01-09,658.962646484375,659.0712771974296,650.1525268620853,650.7648857872845,1886200
2024-01-10,664.4739379882812,665.5307665305241,660.770124992137,661.3133388415553,1801900
2024-01-11,665.2838134765625,666.2023518211561,659.4169715631812,662.7355733791474,1670800
2024-01-12,674.8248901367188,675.2989589437582,667.7827016956298,669.1555962800035,2388400
2024-01-16,673.0963745117188,678.0644511260941,669.807371793623,674.8248205230688,1626700
2024-01-17,675.7631225585938,676.4347400511955,670.8247054511583,672.1185683219699,1786800
2024-01-18,678.8446655273438,679.2495891908479,671.8321376010681,674.4198632493609,1900600
2024-01-19,686.4103393554688,687.5560859179247,674.2618449586563,680.0200563602787,2267900
2024-01-22,683.9806518554688,690.0548686920098,682.015171503561,686.8646705499732,2452900
2024-01-23,679.1212768554688,683.111496214736,676.1977121976395,682.2126705338023,2208600
2024-01-24,678.0545654296875,681.4719115375486,674.7063041129569,680.5138875404747,1946500
2024-01-25,671.526123046875,678.0448108807932,667.6346471397327,678.0448108807932,2751900
2024-01-26,678.4200439453125,678.775595535533,671.1309349287114,671.7038082352332,1825500
2024-01-29,685.4622802734375,685.5807974785089,677.8077326482337,681.4029152911891,2215400
2024-01-30,692.1092529296875,693.995761973836,682.2916775669057,684.405334501332,1610500
2024-01-31,686.3214721679688,696.8304384155094,684.5041081174851,692.682155919542,1928500
2024-02-01,696.8261108398438,697.6372091399194,683.9871522326766,686.4599908163088,2039200
2024-02-02,701.7717895507812,706.5196879394276,694.6302606841194,695.6985438587684,2377400
2024-02-05,703.4335327148438,705.1150750366967,698.013089824482,702.9192233391979,2276900
2024-02-06,703.0675048828125,704.9765288940534,696.687630071393,703.5027268586208,1920200
2024-02-07,711.9598999023438,715.4614174485671,704.2643975905454,706.3910628275885,2145500
2024-02-08,716.2922973632812,720.2587401576767,712.830323305415,716.0252718460878,1918500
2024-02-09,715.54052734375,717.647390442527,712.2961344579605,717.2616131715893,1426100
2024-02-12,714.5612182617188,715.9361308425428,707.5284806424957,715.6592043470549,1572600
2024-02-13,706.489990234375,713.9382090994975,701.3365728418895,713.5524317873998,1951100
2024-02-14,714.333740234375,714.6997154740791,703.3444612864415,708.2208911836069,1472500
2024-02-15,716.6384887695312,718.1419938765588,710.4761946286498,713.6512805822633,1264100
2024-02-16,716.1241455078125,721.1390693489545,710.693801693024,714.1458746610679,1764900
2024-02-20,717.8056640625,726.9749684529631,715.847195308045,720.1202674403376,2407300
2024-02-21,715.1646728515625,720.8719428700349,712.444550590471,717.8056473790716,1564200
2024-02-22,726.4210205078125,728.0530576015774,717.9638650221852,717.9638650221852,1801600
2024-02-23,729.9126586914062,734.4429156047727,729.1114614540058,732.0788675735675,1265800
2024-02-26,737.2520141601562,738.6665308479942,730.9710287922827,733.9384348631579,1707000
2024-02-27,736.6190795898438,738.5281037556301,733.2757969532124,737.8950425810172,1471300
2024-02-28,739.8338012695312,743.7111954779593,735.1354077019687,735.1354077019687,1365000
2024-02-29,735.8079223632812,744.3837090876966,734.9176763845118,743.2560802804636,3361200
2024-03-01,741.2975463867188,743.2164712440974,731.2182554723274,732.3953288699776,1678100
2024-03-04,750.9317626953125,756.4313527892779,745.481617294107,746.8763319365219,2133400
2024-03-05,751.6934204101562,760.9121691058021,748.6765696706614,760.0713678360869,2353400
2024-03-06,764.8389892578125,766.7381121781766,755.3630559374889,756.5302887487015,2400600
2024-03-07,777.0548706054688,778.5286726258561,768.5680723498592,770.645232447903,4187900
2024-03-08,717.677001953125,748.0038635226309,717.2219779836678,747.8357274267123,8590200
2024-03-11,706.3218994140625,712.1775647086064,703.2852461643407,711.9896265474823,3762500
2024-03-12,728.8740234375,732.009565428928,709.1209601370914,709.2891566056613,3727400
2024-03-13,726.2232055664062,728.4982048581556,718.685998826557,727.0145017932714,2270300
2024-03-14,723.9976806640625,732.6328135368109,721.0698180953389,730.3083694553007,1826100
2024-03-15,717.7463989257812,724.5615570217597,715.3625485583505,724.5615570217597,3390700
2024-03-18,723.5921020507812,725.3725941010575,718.1321155956429,718.2112029612289,1595200
2024-03-19,724.2152099609375,727.3606531191116,722.08860518854,723.8393336993918,1322700
2024-03-20,732.6723022460938,734.0274732081933,721.2082574297224,723.0579356912632,1398700
2024-03-21,734.4923706054688,744.1364406293704,733.0482112064193,735.422160284193,2106900
2024-03-22,726.816650390625,736.6981029766439,726.4012304436297,736.3420287363623,1794100
2024-03-25,723.0184326171875,726.1836175947418,718.8442498420849,723.0579762991952,1604700
2024-03-26,723.0381469726562,726.7177619095818,722.286394438659,723.0579489989292,1353500
2024-03-27,724.1262817382812,727.894885307743,719.8433084267082,726.0254048577174,1246700
2024-03-28,724.6702880859375,726.9156448099428,720.4071168376681,725.8770043205959,1713300
2024-04-01,713.404052734375,725.3033813505198,712.3753735852604,723.809777139645,1600700
2024-04-02,703.572021484375,712.177511826688,700.7035649516279,712.177511826688,2326700
2024-04-03,698.02294921875,703.0873175381546,689.6944462174527,702.2663182680072,3205500
2024-04-04,697.2218017578125,709.3387110365105,696.5689385515992,701.069553152745,2252400
2024-04-05,705.9656372070312,709.1012396641436,698.3493434802906,698.3690851338674,1552900
2024-04-08,704.0764770507812,708.3594503001643,703.1466873461769,705.7580193300064,1459000
2024-04-09,710.7828979492188,711.2378616362745,699.2989890336047,708.4583933257169,1386400
2024-04-10,714.7295532226562,716.1143067124685,701.2476314009739,703.2753471206548,1832000
2024-04-11,724.393310546875,725.8176679859413,716.2824482901175,723.5525695772468,2107800
2024-04-12,723.3646240234375,724.9373759102339,718.6464287350835,720.0905881870837,1481800
2024-04-15,710.4762573242188,732.94938631748,710.1498257135909,727.4398944820279,1808000
2024-04-16,708.1913452148438,714.6504292843958,704.3930985409008,710.4960479324864,1412300
2024-04-17,707.4198608398438,715.9363034892702,703.2753804445643,715.1450071187343,1376700
2024-04-18,703.5226440429688,711.1389996803026,701.8609036011571,707.4198404368019,1846400
2024-04-19,701.8014526367188,707.1032037805548,694.3730362785442,705.283228490955,2190400
2024-04-22,707.6868896484375,710.45645690783,698.4977824349749,707.0933721394002,1437100
2024-04-23,714.8282470703125,716.4009986635607,708.5175594175454,711.217939672215,1176200
2024-04-24,716.0252075195312,717.5484542342133,708.3099638152474,711.8906289750821,1206600
2024-04-25,715.1632690429688,720.5428875170414,707.7823708182311,720.5428875170414,1613600
2024-04-26,722.4154052734375,724.1690043708533,708.3669600904336,708.3669600904336,1524400
2024-04-29,719.591796875,725.4568596420007,713.5384338651319,722.7621223192184,1526900
2024-04-30,716.1936645507812,718.7794370092544,710.4474229067099,718.7794370092544,1734800
2024-05-01,715.5199584960938,723.0890969662437,708.6840058628635,715.5695430227968,1609100
2024-05-02,725.6451416015625,727.5869804104062,713.9447056311699,718.0264794696332,1826900
2024-05-03,736.9988403320312,740.5555019257527,726.5466646409512,727.4680902141623,2323300
2024-05-06,749.4324951171875,749.9179397572891,739.5549544450449,742.6361492178874,1773300
2024-05-07,764.154541015625,765.0759061328398,748.5605709501384,751.6516218172242,1897800
2024-05-08,756.3278198242188,766.2152764961735,755.6343620984479,762.8567110091865,1511900
2024-05-09,771.8128662109375,772.4766941947445,756.5260167441563,756.7142565431717,1716200
2024-05-10,779.88720703125,780.1448046751291,770.9409497034019,771.8127907431788,1652700
2024-05-13,767.9589233398438,782.1559397581605,766.4034810430392,780.6896891337032,1596800
2024-05-14,770.6834106445312,773.5663878363632,764.2734016838132,767.7409320252443,1327700
2024-05-15,779.7385864257812,782.3342757759444,771.2976678198402,771.2976678198402,1661700
2024-05-16,785.7127075195312,797.0961052688463,780.5213286041721,784.4643868475763,2000000
2024-05-17,788.4273681640625,790.2007407900658,783.2755958171604,786.2477651939569,1309100
2024-05-20,785.643310546875,795.5307063787311,785.0389840513054,787.8724372161441,1347100
2024-05-21,793.499755859375,794.0050342584987,784.6526068290516,788.1894951539848,1375700
2024-05-22,794.421142578125,798.869479242029,790.606883156591,792.6180194339112,1192800
2024-05-23,788.952392578125,800.5537203866966,788.0508007716357,796.8385090794733,1519200
2024-05-24,802.218017578125,809.2917934477457,791.6767721004308,793.2024635654972,1623000
2024-05-28,805.6261596679688,807.7264874723256,797.2545386950262,802.2279872253638,1986300
2024-05-29,799.0379638671875,805.8937503580679,798.8100564495973,799.5333253861313,2282800
2024-05-30,807.7760620117188,811.8974428026554,800.801333870078,802.6837316285161,2277800
2024-05-31,802.3767700195312,804.2095836218867,780.8879829177345,801.5247626405412,4360700
2024-06-03,807.8256225585938,820.2294331091502,799.6422410952666,803.4763341779353,2008700
2024-06-04,819.71435546875,820.3285989196999,805.4974434785673,807.4194486063918,1754500
2024-06-05,826.5601806640625,826.6493723397303,814.057261334486,823.201615206476,2080000
2024-06-06,834.8228149414062,841.2129901686376,826.5799926044735,827.6697636799693,1735000
2024-06-07,837.735595703125,842.4910541480272,834.4760782379468,838.825366847334,1593600
2024-06-10,840.4699096679688,841.5992878418733,834.9218250272921,839.3206372166527,1401600
2024-06-11,841.4309692382812,843.0458526051916,832.4649379633381,841.3616113703173,1690500
2024-06-12,839.9449462890625,847.8013731905056,835.7838971886661,844.4032002247146,1838300
2024-06-13,838.112060546875,839.9448739305099,829.7800461578602,839.9448739305099,1322400
2024-06-14,847.7318725585938,848.2371509279085,834.0995153671382,835.595516666426,1395500
2024-06-17,859.8583374023438,862.4837774332904,845.4532473361919,846.562852213613,1904900
2024-06-18,862.6720581054688,865.8523007258709,859.6503650287453,859.9475698369761,1763800
2024-06-20,854.4391479492188,865.7432707915484,852.5765838686295,863.2268561362104,1944600
2024-06-21,840.4402465820312,858.9271116147879,839.7863959921245,858.6002165543019,3833100
2024-06-24,840.2916259765625,842.7387433262282,833.7033540499485,842.1145829742737,1722900
2024-06-25,847.5734252929688,847.7517481728861,837.1609171104476,841.4408476352603,1564200
2024-06-26,848.8910522460938,851.7641124289021,842.1739218323737,844.809218189728,1505300
2024-06-27,842.728759765625,850.367255559375,840.7671476540264,849.7530121614213,1254900
2024-06-28,842.1045532226562,849.2872942913843,838.9540616377475,843.3528737592843,2131700
2024-07-01,837.82470703125,848.0588926081616,832.7026860247194,845.5820850947032,1989000
2024-07-02,851.3876342773438,852.3783571976447,835.2586965786858,837.8444688881286,1377900
2024-07-03,854.6571044921875,855.5091722564106,847.0681926706161,847.0681926706161,814400
2024-07-05,877.45361328125,878.7118508281199,850.7536166173321,856.5394654830155,2620700
2024-07-08,872.6683349609375,879.7123598566893,869.5177831099763,878.5630874970992,1611300
2024-07-09,878.6226806640625,888.3515879165493,874.7786705327277,875.650511622449,1356800
2024-07-10,876.1063232421875,882.0110545596241,872.5298274408879,879.1676841614786,1755800
2024-07-11,838.7362670898438,882.4964879857738,838.6669092189481,882.4964879857738,6021100
2024-07-12,835.0804443359375,842.1145534774108,830.6023570073872,842.0055884595048,3288400
2024-07-15,840.8562622070312,849.941235111925,836.8339294860834,839.0036151452234,2064000
2024-07-16,842.8773803710938,843.342991130767,833.5348702437853,839.9349017767483,1687600
2024-07-17,838.4290771484375,842.0650135737238,834.8327478737535,840.1430085632011,1783100
2024-07-18,831.5831298828125,847.3653394511769,817.4554107338782,841.5498004870207,2338500
2024-07-19,830.3546752929688,841.004947574591,827.8085099191368,828.749708865718,1984400
2024-07-22,839.5585327148438,841.7084453288899,830.8203479221914,837.904042108079,1920200
2024-07-23,844.2049560546875,846.652073294147,837.7355663465639,841.0247739434998,1744100
2024-07-24,823.1124877929688,838.1516556342475,821.804726180388,836.7646192505892,2511300
2024-07-25,808.3804321289062,828.8884100229586,806.7259416743887,828.0363422990229,2183700
2024-07-26,811.1683349609375,815.811573084212,802.6459420060689,811.5652125876354,1441500
2024-07-29,809.1443481445312,817.2599924395992,807.6859410501025,816.0892822437601,1320400
2024-07-30,803.6578369140625,815.5336444956016,796.9609365486789,811.5651109457447,2017200
2024-07-31,815.53369140625,818.9862964156191,804.8881189240157,813.9661036084821,2135000
2024-08-01,810.4639282226562,817.6866284257773,803.3106240743059,812.1108431455176,1861400
2024-08-02,815.613037109375,823.7584135150539,798.6773128151988,809.7792879110114,2598500
2024-08-05,795.5224609375,804.4417318585496,786.7619047401563,791.7225724875722,2820900
2024-08-06,810.4539184570312,826.5364223100892,798.7268946654792,798.7268946654792,2476300
2024-08-07,803.9257202148438,827.2706492956025,802.8939232294863,817.6270806994922,1702000
2024-08-08,832.8265991210938,836.1304205620091,813.9959250647772,815.0376531068613,2345000
2024-08-09,848.2046508789062,851.022336546817,831.0407541483476,831.9039054133193,1710600
2024-08-12,856.7767333984375,863.404177908252,845.6946191648349,850.5064424152243,1748200
2024-08-13,858.0169067382812,861.2214785880892,849.4249966573693,858.1160958669658,1484100
2024-08-14,855.9235229492188,859.9118584854382,851.7466190687121,858.0665046884543,1341500
2024-08-15,870.4483032226562,873.4049022342148,862.1640127080576,866.0035645140357,1923800
2024-08-16,863.7413940429688,870.4481645778941,861.7868598679357,870.4481645778941,1516300
2024-08-19,865.487548828125,866.7575086488224,861.8662982446076,863.7414449071919,1318400
2024-08-20,869.307373046875,869.8629653771554,864.3169125429986,865.140400292261,1104600
2024-08-21,874.4862060546875,884.1099121631019,870.3192336561453,873.811562608069,1465500
2024-08-22,870.6565551757812,877.0458964818542,866.3110061836533,875.3592576468476,1440900
2024-08-23,872.2936401367188,877.6015296760456,864.812915444973,875.5478062438432,1305800
2024-08-26,885.4890747070312,886.2232438040267,874.5061496582728,876.2225212258443,1737000
2024-08-27,901.7501831054688,911.7012508506563,880.0918913470848,885.667676900884,2098900
2024-08-28,881.0640869140625,905.0439351390364,874.7243397162893,903.793897874211,1668400
2024-08-29,879.6553344726562,893.3765578036183,878.2067977553994,883.9909530455485,1709900
2024-08-30,885.360107421875,889.2790469014683,876.1530793730581,883.4948915767271,1933500
2024-09-03,871.65869140625,889.8345834554405,867.5611754181755,889.6262136313786,1784200
2024-09-04,883.0186157226562,884.7449182039622,869.6942710096243,870.5474912271633,1425200
2024-09-05,879.0103759765625,881.6395538450282,861.8663414233662,881.6395538450282,1998800
2024-09-06,869.7835083007812,886.1735715680309,864.148197813559,884.2488303355451,2074600
2024-09-09,889.437744140625,891.7593631550353,874.7641116005775,877.7801756150466,1954000
2024-09-10,887.2550048828125,893.6046832111717,880.5383025758517,885.5782969231533,1360800
2024-09-11,893.3170166015625,894.9044059599703,870.9642200559077,887.9594715456468,1796100
2024-09-12,907.8319091796875,908.4966216426351,889.4575781186411,893.336793303927,1867300
2024-09-13,908.7943115234375,916.5627340020197,902.2065303652145,906.4429599068018,1327500
2024-09-16,900.7282104492188,915.3721101858637,898.2280147219805,914.7470612540541,1661000
2024-09-17,890.211669921875,901.4524991929277,888.4059796345641,901.2838534485982,1387000
2024-09-18,885.4990844726562,897.8610301559766,883.9414274814537,892.8606986997487,1338200
2024-09-19,893.6542358398438,898.0097160322513,888.4554664730144,897.1465648120725,1747500
2024-09-20,899.8450927734375,900.6685804151691,888.6538599948465,894.4776779561595,4658200
2024-09-23,909.86572265625,912.2666685479206,893.6939602187695,899.8451389036265,1697600
2024-09-24,894.4478759765625,905.5895746423014,890.4694721207616,904.8355436096764,2432600
2024-09-25,901.2738647460938,903.1986060891692,894.041233590656,895.8965183246232,1728100
2024-09-26,894.3487548828125,902.0873834680202,891.0647956762364,898.1783753608102,2738600
2024-09-27,878.6531372070312,886.4612218682248,867.1245524637563,886.2330505741284,3459100
2024-09-30,879.546142578125,902.8414160001719,874.4762947587715,884.3579654633712,2142900
2024-10-01,870.4779663085938,880.0123533000101,865.8843840386994,878.2860509541778,1836700
2024-10-02,871.6190795898438,874.2977916166263,860.3384658966245,867.7695967355493,1317100
2024-10-03,868.7813720703125,874.2480363818967,865.804972094206,867.5610674577129,1451900
2024-10-04,876.1629638671875,877.3336740814339,868.7814885148886,871.083245404855,1516400
2024-10-07,866.7178955078125,880.7268151112114,865.4677976600696,874.6648336519976,1963200
2024-10-08,883.4154052734375,884.2984185328423,869.8033640887511,869.8033640887511,1697900
2024-10-09,901.948486328125,902.8414306463765,880.8855127687833,885.2211310583649,1956500
2024-10-10,886.6001586914062,902.8413773046725,884.8242617380522,902.8413773046725,1765800
2024-10-11,882.0364379882812,887.4633789417836,878.5341778121291,887.4633789417836,1527300
2024-10-14,882.7606201171875,888.1280351453609,879.288153231174,885.4294613746384,1431500
2024-10-15,887.5724487304688,893.5649732371386,882.5522561357188,885.0723137334307,1613900
2024-10-16,880.3994140625,884.3183534272306,872.5813973802851,882.9194113068603,1475500
2024-10-17,878.3258056640625,888.2868643198022,875.8554030468587,884.5465018122171,1321500
2024-10-18,882.562255859375,883.6039839021497,876.7979627639987,878.7921607471792,1654000
2024-10-21,879.7942504882812,884.3878334758797,876.7483933513515,882.0066888340707,1184900
2024-10-22,886.4613647460938,887.8503758892876,877.353586343789,883.9710999343097,1189700
2024-10-23,892.0966186523438,898.5554171105748,887.9495080915716,888.9714346130521,2193500
2024-10-24,886.3917846679688,896.3925060629017,881.2724030871789,894.408239309027,1649600
2024-10-25,884.2091674804688,894.5273798536494,882.9987937060687,888.6043720678967,1425800
2024-10-28,883.9512939453125,888.9416940124287,882.9988239758222,888.9416940124287,912500
2024-10-29,880.0125122070312,884.1596231058243,867.2140259721975,882.9988438283334,1361700
2024-10-30,872.1746215820312,879.5957604136354,870.4681205586825,879.4072526358531,1412200
2024-10-31,867.3032836914062,870.7460185358777,861.8168167483487,870.2995463354962,1771900
2024-11-01,871.565185546875,873.6514100471028,861.6605003273432,868.5451139406771,1625200
2024-11-04,880.267822265625,881.1917251408674,870.9889559999739,875.5688147694126,1576700
2024-11-05,884.3409423828125,889.7155503977302,880.9930147791249,882.1851690265278,1622300
2024-11-06,893.3615112304688,894.0072791402641,880.4764707768032,892.397892110988,2437400
2024-11-07,907.9453735351562,913.4590187598295,888.5134592397422,892.7356292838906,2145500
2024-11-08,937.6197509765625,955.700584981691,907.7665379698755,908.0149009077605,3277100
2024-11-11,926.7713012695312,945.0508382736007,925.3407282810781,937.6197777279348,2181800
2024-11-12,926.2745971679688,933.4075738390677,920.9298216156282,929.8212273818406,1691400
2024-11-13,927.61572265625,931.4504926576429,917.154706813385,923.9101668741852,1757600
2024-11-14,917.840087890625,925.052556794625,916.1313194692675,920.9297080652763,1859900
2024-11-15,901.1301879882812,914.5218967161625,899.6300663075128,911.7303000281715,2269900
2024-11-18,913.4887084960938,919.8765951342565,901.1698841581083,904.6767974805393,1797300
2024-11-19,924.0591430664062,927.883907940233,910.3594050193389,921.9231976108525,1690500
2024-11-20,922.0027465820312,922.7180027598567,910.4985579714611,919.0223912367892,1452100
2024-11-21,949.3922119140625,952.2135809958663,923.9101496611501,928.877408530296,2320500
2024-11-22,957.6973876953125,969.9068873191612,952.243347537356,956.4356846267978,2078700
2024-11-25,954.5978393554688,968.6154285952392,943.4711679460477,968.6154285952392,3240900
2024-11-26,965.1383666992188,967.9895683459888,954.5978582762547,957.687478639266,1438000
2024-11-27,955.2534790039062,965.9231406607099,952.3129007509207,965.0986193994905,1499500
2024-11-29,965.515869140625,966.8967815934603,956.1674544351084,961.7507089246415,1095900
2024-12-02,968.6154174804688,970.1055950458233,958.4424816693252,964.9992387026931,1955800
2024-12-03,975.7186889648438,976.5630987227703,964.403258649914,968.307516864989,1653900
2024-12-04,984.4312133789062,984.6597485186992,971.1487680320793,975.5696405465817,1784700
2024-12-05,975.8279418945312,983.6464024462924,971.7945301478343,980.1990932859779,2089400
2024-12-06,986.1101684570312,991.1768089762504,975.8279666666068,975.8279666666068,1737300
2024-12-09,981.3912353515625,990.4813431566863,974.0794449931659,990.4813431566863,1855500
2024-12-10,986.8949584960938,988.4745127679723,979.4241821916938,983.2489470424255,1556800
2024-12-11,988.176513671875,1001.2006514305729,987.0837410120835,988.4844812858513,1903600
2024-12-12,981.9178466796875,995.9056044733363,980.7455808229618,995.1207993740967,2344300
2024-12-13,982.8714599609375,1000.0879956849668,959.4061345877286,974.5761621418538,2951900
2024-12-16,986.368408203125,1001.6477005666992,979.9109719981326,982.5734153417794,2581300
2024-12-17,975.6491088867188,990.3918988595776,974.3377453041318,987.4910367356334,2050200
2024-12-18,958.4226684570312,979.1460582065969,957.6875238354327,975.5696560232312,2725300
2024-12-19,948.5476684570312,968.2577768111177,947.2661375962841,968.12862323963,2610800
2024-12-20,947.822509765625,955.6409701160728,936.8746521769879,943.1731628942309,5373800
2024-12-23,943.689697265625,948.0112486316614,930.8642622318816,947.6337321269829,1856800
2024-12-24,952.5413818359375,953.0977123716094,939.2589372407247,944.5142749908306,939000
2024-12-26,949.8789672851562,953.1275132635159,947.7529659955017,950.5545071964003,969000
2024-12-27,933.5465698242188,944.2261755443891,925.8969796463962,942.5074628800868,1943400
2024-12-30,916.171142578125,928.0527864729297,909.5050596350412,924.903561463925,1881200
