Price,Close,High,Low,Open,Volume
Ticker,CVX,CVX,CVX,CVX,CVX
Date,,,,,
2019-01-02,80.604248046875,81.32516259757615,77.99001402495874,78.16478001028104,6384800
2019-01-03,79.06047821044922,81.0411781998225,78.69637911110006,80.87369016960889,6496200
2019-01-04,80.69892120361328,80.82271355948997,79.71585478249702,80.30569352402455,7952500
2019-01-07,81.74752044677734,82.23541184151199,80.04353399994788,80.87367939137151,5712700
2019-01-08,81.39070129394531,82.86166460512261,81.31788259320729,82.57766778324684,5674900
2019-01-09,82.48300170898438,83.01458880108308,81.88587945036292,82.06065100584551,7097000
2019-01-10,82.61407470703125,82.74515059120131,81.34701153052794,81.92957225033057,6078300
2019-01-11,81.95142364501953,82.32280627151746,81.31788922990086,82.28639414032133,4491700
2019-01-14,81.35430145263672,81.80578076799398,80.88825506250015,81.07758258894168,6121700
2019-01-15,81.64556884765625,82.33735478542582,81.20136758463863,81.54362156326306,4226100
2019-01-16,81.12127685546875,81.79121783524691,80.9902009632764,81.14312191154895,5624100
2019-01-17,81.52906799316406,81.76937472719348,80.22559257745111,80.6479488574341,4442700
2019-01-18,83.28401184082031,83.48790640312129,82.33006863046909,83.007293029946,9382000
2019-01-22,81.8057632446289,82.6140634946903,81.5217664600895,82.37376236941773,7242000
2019-01-23,81.1139907836914,82.0460835187298,80.40763769537641,81.83490539036782,6082300
2019-01-24,82.65776824951172,82.88350788367543,80.76445429234116,80.85183450907002,8470700
2019-01-25,82.44659423828125,83.58258155800732,82.27910622169325,83.05827800868424,6261800
2019-01-28,81.68196868896484,81.97324900139891,80.88095199655356,81.49264120823608,6886600
2019-01-29,81.43438720703125,82.54124577054854,81.39069154725249,82.30822262266543,5359900
2019-01-30,82.29367065429688,82.75971700413403,81.54362748364366,81.94413311406365,7941700
2019-01-31,83.48790740966797,84.04133948237873,82.5630927764543,82.86894017930327,11225600
2019-02-01,86.19679260253906,86.8376047929896,84.9078791308924,84.94429125036399,10934300
2019-02-04,87.19442749023438,87.20171102587706,84.69670811294328,85.56326551599628,7987900
2019-02-05,87.00511932373047,87.28183262677209,86.42984210586852,87.10706662252007,6887400
2019-02-06,86.56817626953125,87.08519618302277,86.42982242736666,86.65556202961666,4990400
2019-02-07,86.09486389160156,86.29875847088701,84.84236226946454,85.9346594205314,7281900
2019-02-08,85.62151336669922,85.84725294565344,84.41270214429177,85.7380221457465,5671000
2019-02-11,85.1627426147461,85.46130642200106,84.75495356650428,85.1481811011842,4859600
2019-02-12,86.45167541503906,86.56090623624615,85.64337511610111,86.16767861332684,5400700
2019-02-13,87.07064056396484,87.66776274237772,86.43710626078975,86.77208225261352,5935900
2019-02-14,86.90882873535156,87.91648502612482,86.54106965426742,87.0632868760199,5406500
2019-02-15,87.78408813476562,88.1592039541888,87.22509278191748,87.98268117333707,6209800
2019-02-19,87.7546615600586,88.1591987543562,87.12947230560043,87.4531020610385,4277800
2019-02-20,88.4681396484375,88.79176949402311,87.52667712843491,87.75468600424699,5940600
2019-02-21,87.62965393066406,88.49756578990834,87.07801517974336,88.3136862062681,5139400
2019-02-22,87.81351470947266,88.60051893445738,87.41633422047686,88.46812543812545,4517600
2019-02-25,87.98269653320312,88.571107775952,87.79881696767679,87.82823837154808,5196600
2019-02-26,88.21804809570312,88.97563088710683,88.02681180679134,88.12242714546818,5445600
2019-02-27,88.3210220336914,89.21099833424822,88.18127178753879,88.47548017396409,5289800
2019-02-28,87.9532699584961,88.37987187221113,87.15155218192415,88.26218626364476,6406500
2019-03-01,89.75528717041016,89.7626439238205,88.38722283713766,88.54903774281314,7743600
2019-03-04,89.82148742675781,90.35105583369008,88.66672404093228,90.2260190825349,7499500
2019-03-05,90.6820297241211,90.72615901564005,89.43164555269087,89.63759534008112,7345200
2019-03-06,90.85855865478516,91.71911356702988,89.95387444803299,90.59377166462396,7599900
2019-03-07,89.68910217285156,90.83650891076223,89.51257374274283,90.777666100726,7201100
2019-03-08,89.45370483398438,89.68171362759938,87.67374693649694,88.33571428584703,7014100
2019-03-11,90.92475128173828,91.35134752311605,90.28484850233484,90.37311269618431,6088600
2019-03-12,91.13069915771484,91.91034659460323,90.7482265803883,91.08656425321833,6184300
2019-03-13,91.6970443725586,91.88828065853797,91.130697878751,91.64555832766699,4707000
2019-03-14,91.64556884765625,92.27811496411042,91.5573102528869,91.7632544560936,5146400
2019-03-15,92.16779327392578,92.2487007331263,91.46169640308784,91.63821921790755,10449700
2019-03-18,92.58702850341797,92.77090805244,92.06481125758238,92.09423265881293,5586900
2019-03-19,92.14569854736328,93.35194767610591,91.74851813498842,93.08716073452267,5096800
2019-03-20,91.71174621582031,92.92534649274018,91.70438946418327,91.969176407544,6708500
2019-03-21,92.57231140136719,92.64586209134897,91.57936305771821,91.84415003089899,5050400
2019-03-22,90.53492736816406,91.86621904990795,90.24807573548934,91.82944089738731,5786800
2019-03-25,90.38784790039062,90.72618566170675,89.96124591855568,90.41726930723023,3837500
2019-03-26,91.29986572265625,91.87357459200351,90.74822711146547,91.03507874036002,4079800
2019-03-27,90.31427764892578,91.55730516405325,89.74792551002697,91.18954607546485,3727800
2019-03-28,90.48345947265625,90.58643719805985,89.99802030904176,90.17454313112346,4057700
2019-03-29,90.60114288330078,91.54996214761094,90.09363346920114,91.41021187727992,5318600
2019-04-01,91.89564514160156,92.13836188133246,90.79971898998285,91.10864089687776,5506300
2019-04-02,91.8882827758789,92.26339860390878,91.2851581168692,92.08687020744875,4362700
2019-04-03,91.12334442138672,92.19720026192866,90.86591418761951,92.10158492126033,3595400
2019-04-04,91.79267883300781,91.81474348241522,90.87328103064019,91.21161874852442,3715400
2019-04-05,92.98418426513672,93.14599912307617,92.08685140678664,92.12362955142997,5551400
2019-04-08,93.17544555664062,93.66088464935989,92.84446461213014,93.2416395009193,5483100
2019-04-09,92.33694458007812,92.88858316483213,92.02802831938976,92.88858316483213,4143400
2019-04-10,92.30018615722656,93.09454723582591,92.0353991310268,92.7782741551739,3970000
2019-04-11,92.66793823242188,92.86653129272143,91.75589721808376,92.1898502708977,3248300
2019-04-12,88.08565521240234,89.73321429711305,87.52665984718404,89.42429802089694,42693700
2019-04-15,88.3651351928711,89.012389035577,87.76936738752184,88.27687100959236,13369100
2019-04-16,89.12271118164062,89.23303999958013,88.30628578506783,88.57842945444436,11942900
2019-04-17,88.46076965332031,90.13039907597813,88.2989603663066,89.88031997503253,11898100
2019-04-18,88.1592025756836,88.86529929960757,87.6002072315762,88.64464161832473,9546500
2019-04-22,89.65967559814453,89.74058305438952,88.59317077107828,88.83589313981325,7946200
2019-04-23,89.7479248046875,89.93916110048686,89.255128976626,89.5346294731539,9079200
2019-04-24,86.99708557128906,89.31396885776864,86.85733532759303,89.2551260592063,22115000
2019-04-25,86.71759033203125,87.30600148051433,86.34983125989504,86.82791917598374,10636400
2019-04-26,86.12918853759766,87.1589152408136,85.06268928771344,87.08536453591798,11626700
2019-04-29,86.585205078125,86.87205673275372,85.83497335712785,86.06298781940198,9404000
2019-04-30,88.30630493164062,89.67436910297782,88.00474541621575,89.07124446057009,21431500
2019-05-01,86.65140533447266,88.36516424523376,86.61463278801781,88.11509072772822,10097000
2019-05-02,85.59959411621094,87.14418660929269,85.52604342881604,86.26156152588058,9495600
2019-05-03,86.25420379638672,87.19567166367072,86.13652382019977,86.56312565843754,7364900
2019-05-06,87.08535766601562,88.14450007838998,86.40132550248534,86.42339015105749,11035000
2019-05-07,86.98974609375,86.98974609375,85.68788118348188,86.27629806284193,9165200
2019-05-08,86.42340087890625,87.1442112872377,86.34985017068287,87.06330382472419,6229000
2019-05-09,89.13743591308594,89.96856930469723,88.15919554183714,89.08594987310218,16496300
2019-05-10,89.72583770751953,89.93178184613286,88.13712177281897,89.12271318234184,8787900
2019-05-13,88.58582305908203,89.92446609848015,88.2695499755757,89.66703582389573,7701200
2019-05-14,89.46842193603516,89.91708842947494,88.63728849668425,88.7549684755962,6858500
2019-05-15,89.83619689941406,90.09362715971174,88.90209120874563,89.14480796184985,6945000
2019-05-16,89.72478485107422,90.28185096811292,89.52423787554932,89.86590441398737,8543300
2019-05-17,89.51680755615234,89.95503584247773,89.04144492924415,89.17514102223518,6870900
2019-05-20,89.75447082519531,90.02929209075113,89.53164782618671,89.65791475896842,4569700
2019-05-21,90.12586212158203,90.57151952218862,89.79905387237825,89.89560995356608,4859400
2019-05-22,89.553955078125,90.20015385960014,89.38311896344652,89.79906554697108,5763300
2019-05-23,87.54852294921875,88.2912778563977,86.79833890627236,88.2467087085632,11000200
2019-05-24,88.17240905761719,88.33581599700405,87.18454395442832,87.86788257975235,4890800
2019-05-28,87.87531280517578,88.62549669061785,87.77132759334448,88.29868278670862,8145100
2019-05-29,86.7314682006836,87.16969644250918,86.02585346679719,86.93201515319038,7451300
2019-05-30,85.69905853271484,86.70920565254062,85.30539934142998,86.56065693888337,5807900
2019-05-31,84.5626220703125,85.56533978917615,84.46606599865422,84.83744335132732,6899800
2019-06-03,86.15213012695312,86.23383361062922,85.02314529207287,85.19397572756318,6100800
2019-06-04,87.12515258789062,87.40739741163894,86.37496854744906,86.60522075453926,5235600
2019-06-05,87.38510131835938,87.66734609574956,86.36009609149693,87.54850827723712,5105700
2019-06-06,89.63563537597656,89.99216011721406,87.72675606723368,87.80103040218401,7370100
2019-06-07,90.2298355102539,90.70519802308631,89.5242152072787,89.68019300054232,5343100
2019-06-10,90.83148193359375,91.18057758383053,90.4006828049284,90.76463105725709,5708800
2019-06-11,89.99957275390625,91.73019231716118,89.98472015541088,91.63363626002165,5625100
2019-06-12,89.27169036865234,89.5613642520823,88.803751274828,89.41280991008699,4000100
2019-06-13,89.80648803710938,90.53438458756854,89.47224496793278,90.05159282104873,3993300
2019-06-14,89.73221588134766,89.9921846246234,89.4054075852134,89.87334112292362,3366800
2019-06-17,90.16299438476562,90.49723173974976,89.41281053605137,89.66535008582703,4219100
2019-06-18,91.30684661865234,92.00503793505655,90.51209921952453,90.57894443061718,4884300
2019-06-19,91.27714538574219,91.71537370511336,90.77950098360417,90.99490057559747,3847100
2019-06-20,92.30955505371094,92.6215106739195,91.80448162094856,92.33183678847315,7771700
2019-06-21,92.7923583984375,93.73565451130358,92.27243229949863,92.69580231342584,14287900
2019-06-24,92.7774887084961,93.12657864390793,92.41353483950009,92.50266744008923,5542600
2019-06-25,91.83421325683594,92.92606384124448,91.72279889106098,92.72551684949555,4713300
2019-06-26,92.04959106445312,92.75520576939006,92.01245106239594,92.52495362358786,5054800
2019-06-27,91.44054412841797,92.25014414255624,91.27713716529334,92.0421737046774,3551700
2019-06-28,92.42840576171875,92.45811663264985,91.44796968806949,91.66336925224302,7048300
2019-07-01,92.72550964355469,93.46826446863963,92.3689905009049,93.11174532598983,5526900
2019-07-02,91.30684661865234,92.63637837359875,90.9057583517884,92.51011141924418,5747700
2019-07-03,91.6187973022461,91.6336555706405,90.86118995043346,91.30684166719202,2725800
2019-07-05,91.75991821289062,91.90846688925076,91.09143783573252,91.46281519340161,3458900
2019-07-08,91.80448913574219,92.16843738911037,91.67079304945624,91.84905827568366,3505200
2019-07-09,91.6187973022461,92.20557423490632,91.4108268788767,92.0273146815567,3955600
2019-07-10,93.1711654663086,93.30486155919054,92.1833002059458,92.1833002059458,4743500
2019-07-11,93.16374206542969,93.34943077992932,92.54725417326613,93.34943077992932,3548000
2019-07-12,93.57225799560547,93.77279931065351,92.94091184306842,93.12660055457467,3974400
2019-07-15,93.37911224365234,93.88418561468465,93.04486926276398,93.63164609578446,3739200
2019-07-16,92.66608428955078,93.42369164193157,92.29470691417865,93.21572121840622,4697600
2019-07-17,92.20555114746094,93.05229089731684,92.14612942230006,92.59178669423905,3874200
2019-07-18,92.60667419433594,92.8814955267057,91.62623802673886,92.19073329498255,5770700
2019-07-19,92.87406921386719,93.14889055458836,92.54725525914688,92.60667700850874,4880900
2019-07-22,93.0746078491211,93.4014217944122,92.45069649913236,93.11917699324155,3275800
2019-07-23,93.45340728759766,93.75051033643163,92.68094162733706,93.02260815012687,4295300
2019-07-24,93.98820495605469,94.28530804697483,93.33458268944648,93.49056053715627,4796900
2019-07-25,93.31230163574219,94.32987794972543,93.08947855245869,94.32987794972543,4586800
2019-07-26,91.89363861083984,93.03005271941169,91.5816829078535,93.0226235835967,6971700
2019-07-29,92.27243041992188,92.57695693830591,91.64108431251007,91.71536432521924,4377500
2019-07-30,92.35413360595703,92.65866580882506,91.64108964327222,92.17587403197825,3871700
2019-07-31,91.44054412841797,92.61409807561363,90.97261064319058,91.88619587626826,7199500
2019-08-01,89.68020629882812,91.91589966733083,89.36082153189916,90.61607886395444,7928400
2019-08-02,89.67279815673828,91.01718266119416,87.51880789538178,90.45268737198757,9026200
2019-08-05,88.1947021484375,89.53909217129146,87.23654778964531,88.52894520388742,8620300
2019-08-06,88.67005920410156,88.78147354893652,87.38509667174282,88.17984402030433,6788000
2019-08-07,88.46209716796875,88.98202893755963,86.86517318534663,87.31083060693011,6853700
2019-08-08,91.52965545654297,91.6039297861149,88.6997564656769,88.75174906305406,8868100
2019-08-09,90.92803955078125,92.01988999298864,90.53438042084673,91.44054216653637,5051700
2019-08-12,90.2818603515625,91.4628379223801,89.80649766895753,91.36628182542822,3936500
2019-08-13,90.90576171875,91.13601389895632,89.35340686922939,89.88076210998005,5806400
2019-08-14,87.45193481445312,89.56878452824799,87.40737134682645,89.14541458548902,7175600
2019-08-15,86.86515045166016,87.526201609429,85.75844765570992,87.08054997124758,6272600
2019-08-16,86.90267944335938,87.53301013189254,86.56500617362465,87.3454125987016,6239100
2019-08-19,88.02827453613281,88.41097514986086,87.76563910515199,87.89320406805368,6443700
2019-08-20,87.142822265625,87.9382398655749,86.79014363855147,87.89321255518526,5150900
2019-08-21,88.45599365234375,88.71112929429064,88.0432824823155,88.38846128316602,4578400
2019-08-22,88.34344482421875,89.10133483902584,88.1333307495452,89.04130797128512,4362100
2019-08-23,86.42993927001953,88.59106088011865,85.8071140602436,87.40544877268115,7653400
2019-08-26,86.85015869140625,87.21034850038792,86.43744752332742,86.98522915414654,3966400
2019-08-27,86.91770935058594,87.81817541568222,86.32490032980516,87.24787718777532,4237100
2019-08-28,87.66808319091797,87.94572388427972,86.95520910858725,87.35292069979367,4153500
2019-08-29,88.18585968017578,88.42598433122708,87.48049673803814,87.93823524863959,4467300
2019-08-30,88.3359375,89.28143077898194,87.96824789568264,88.53104055995377,4881100
2019-09-03,87.24787139892578,87.2928987067096,85.95720498459578,86.87267627585906,5672500
2019-09-04,87.9832763671875,88.9512806918337,87.9232437598394,88.15586868205718,4595600
2019-09-05,88.27589416503906,89.34895227665598,87.99074797751977,88.5535405732974,5394300
2019-09-06,88.74111938476562,88.87618980825926,88.08827805037622,88.17082140501239,4578200
2019-09-09,89.58907318115234,89.76916520134237,88.98125903487217,89.10131847332482,5048000
2019-09-10,91.43505096435547,92.51561475809848,89.9792977700331,90.21942242141786,8728800
2019-09-11,91.00731658935547,92.28298328095794,90.32446452901661,91.70517965872563,5509500
2019-09-12,91.11237335205078,91.68267148603887,89.7166471734884,90.07683697522369,5818300
2019-09-13,91.17241668701172,91.78773647186551,90.97731361619759,91.73520938261056,4885400
2019-09-16,93.13843536376953,94.00137952930524,92.27548547321084,93.69372251877182,10683900
2019-09-17,92.9658432006836,93.51363057618609,91.96782284156183,93.13843546899952,7246500
2019-09-18,93.1834716796875,93.20598247364921,92.31301614634187,92.71072783141979,4801500
2019-09-19,92.79325103759766,93.77626032688556,92.61315327503873,93.62617885808645,4034500
2019-09-20,93.28852844238281,93.66372361882821,92.80077356799899,93.04840375845872,10420700
2019-09-23,93.72373962402344,93.79877750101964,92.71071397201703,92.71071397201703,4705500
2019-09-24,92.85327911376953,93.58866400794068,92.46307873983687,93.55114220899479,6232100
2019-09-25,92.68070220947266,93.1609515157663,92.23046920045029,92.65819141777503,3762500
2019-09-26,90.1668701171875,92.67317010730169,90.08432675463675,92.49307810038265,7834400
2019-09-27,88.99627685546875,90.23442183437535,88.88371718010944,89.67913468763177,6850700
2019-09-30,88.99627685546875,89.61159659240703,88.853706610035,88.95125527533419,6108300
2019-10-01,87.05276489257812,89.64160867919196,86.95521050683581,89.49903271542868,7116600
2019-10-02,84.26132202148438,86.37742230155138,83.75856192702346,86.33990049896994,9702400
2019-10-03,84.90663146972656,84.9366477573742,82.85806420669155,84.08870337513743,5315300
2019-10-04,85.43192291259766,85.54448258732239,84.45641909003666,85.24432536306406,4757300
2019-10-07,84.98919677734375,86.1072765871023,84.96668598705014,85.51446763427114,4694000
2019-10-08,83.82608795166016,84.60649444104594,83.75105007720482,84.12624517450436,5323900
2019-10-09,84.89913940429688,85.92717595011446,84.26881443899376,84.48642254009432,4601700
2019-10-10,85.9872055053711,86.1372869720687,85.01920723902876,85.1917937694528,3555500
2019-10-11,87.1578369140625,87.81817833541957,86.56502787357229,86.81265805346513,5134200
2019-10-14,87.18033599853516,87.33791725775035,86.6325486188626,86.73010301148845,2571300
2019-10-15,87.27788543701172,88.26090052702179,86.89519054340458,86.93270661972639,3742700
2019-10-16,86.3774185180664,87.54052564686548,86.35490772751287,87.21785762387769,3608900
2019-10-17,86.5575180053711,87.0902944193372,86.23484995465657,86.75262108197194,3722400
2019-10-18,86.09976959228516,86.73010033471489,86.09976959228516,86.39992681606013,5679900
2019-10-21,87.50300598144531,87.6080601566077,86.70759416235205,86.70759416235205,3926300
2019-10-22,88.39599609375,88.96628870594988,87.41298072464745,87.51803492821189,4095000
2019-10-23,88.53103637695312,88.56104694627601,87.63056472165187,88.09580869647532,4148500
2019-10-24,88.23088073730469,89.15385747360229,88.02827217810179,88.89872755463315,3873900
2019-10-25,89.0488052368164,89.18387570420906,88.31342603380757,88.37345289985309,3369100
2019-10-28,88.90623474121094,89.67913574273652,88.2759039867965,89.35646772292242,5076300
2019-10-29,88.64360046386719,89.34896914911587,88.31343263834466,88.52354099777448,4548400
2019-10-30,87.31541442871094,88.68112452479328,86.68508360935255,88.68112452479328,4690900
2019-10-31,87.15032958984375,87.31541637299517,86.53500976856716,86.94022122038692,7177700
2019-11-01,87.20285034179688,87.51051309257724,85.55949386085155,86.66256844532043,7684700
2019-11-04,91.22494506835938,91.4500644397968,87.81066704335791,87.96825403837816,10348800
2019-11-05,91.50259399414062,91.88528892085816,90.58711692234054,90.96981757408166,6971200
2019-11-06,89.9718017578125,91.6526744948616,89.89676386977906,91.50259871879474,6104700
2019-11-07,91.46505737304688,91.54760074975749,90.28694503502221,90.89475924077975,5440700
2019-11-08,90.74469757080078,90.94730042913504,90.16689956923572,90.77471386926207,4249800
2019-11-11,90.65463256835938,91.08986023118369,90.05432388086405,90.19689411694458,3870800
2019-11-12,90.76720428466797,91.58513263716884,90.40702016936486,91.01483444207841,4503600
2019-11-13,91.75770568847656,91.85526007099422,90.3244634936322,90.39199585843139,5076400
2019-11-14,91.517578125,92.2529629598163,91.09736149083197,91.43503475399952,4882800
2019-11-15,91.41909790039062,91.98743612794516,91.01747314461508,91.85861418391063,5589600
2019-11-18,89.83531951904297,90.93410430009526,89.52462522092901,90.79770291238773,4885300
2019-11-19,88.24395751953125,90.02475480767066,87.9635810982417,89.7974172615236,8723000
2019-11-20,88.91838073730469,89.47914511639485,87.99388902062974,88.21364709652717,5903100
2019-11-21,90.00201416015625,90.13841552812083,88.81229336568943,89.12298761883302,5810900
2019-11-22,89.89592742919922,90.70675620052343,89.87319483079179,90.22177482971833,4786800
2019-11-25,89.70648193359375,90.34302359995401,89.40337291111497,89.7443734521206,7390000
2019-11-26,89.2593994140625,89.84289068986476,88.8123037407247,89.67617724493998,10053100
2019-11-27,89.47156524658203,89.88076933967679,89.13056472638657,89.41094113321236,4106100
2019-11-29,88.7592544555664,89.28212736351358,88.56980842009966,88.87292323313329,3271000
2019-12-02,88.50918579101562,89.47156906069173,88.4485616750616,89.40337126631889,5195200
2019-12-03,87.81959533691406,88.43339858304597,87.67561451367477,88.05450654836038,6135800
2019-12-04,88.61528015136719,88.88808290726718,88.2288086169365,88.38794259430578,5706700
2019-12-05,88.15304565429688,89.22151847031903,88.04695631884603,89.13058805789554,5517500
2019-12-06,89.42609405517578,90.39605667830813,88.64557743754375,88.72892836104529,6735300
2019-12-09,88.88807678222656,89.33516662382284,88.23638199708695,88.29700033088326,4736100
2019-12-10,89.33517456054688,89.48672908065285,88.69863863838053,89.44126388090793,4886800
2019-12-11,88.07723236083984,89.16086365669601,88.00144933956781,88.72892124860348,7039600
2019-12-12,90.03233337402344,90.09295749381181,88.350051629219,88.350051629219,6462000
2019-12-13,89.3882064819336,90.58550667701931,89.34274128866795,90.21419410867169,4863400
2019-12-16,90.44911193847656,90.53246865318931,89.88077385530825,90.07021988303102,5619300
2019-12-17,89.87319946289062,90.85074171483086,89.66860028524465,90.62340415617153,6755500
2019-12-18,89.83531951904297,90.6613015246802,89.81258113656284,89.93382938405159,7496700
2019-12-19,89.51703643798828,89.97928521589094,89.31243726845084,89.85046330242535,6220300
2019-12-20,90.69160461425781,90.8886301062176,89.48672484513659,90.47942598357837,12171100
2019-12-23,91.18415069580078,91.23719534488566,90.28996533877479,90.41120777321176,5875000
2019-12-24,91.19174194335938,91.5251688198112,91.00229590563616,91.25994552328554,1640100
2019-12-26,91.38876342773438,92.01014617291895,91.1917379383537,91.44180808470986,3648600
2019-12-27,91.16143035888672,91.911635005803,91.11595938110452,91.60852020680197,4138300
2019-12-30,90.82042694091797,91.94952367726731,90.79011488190692,91.26752258453821,4580200
2019-12-31,91.32056427001953,91.41149466265882,90.36575467726952,90.55520070384661,4215700
2020-01-02,92.0177230834961,92.16927759024603,91.51758280464044,91.54789486227719,5205000
2020-01-03,91.69945526123047,92.99526537423928,91.4948503172937,92.28294647249975,6360900
2020-01-06,91.38876342773438,92.19959220232197,91.18416425981006,91.87374480049141,9953000
2020-01-07,90.22177124023438,90.72949097068118,89.24422907756868,90.19145918308577,7856900
2020-01-08,89.19120788574219,90.24452757765098,89.15332214041545,89.83532915208471,7295900
2020-01-09,89.04722595214844,89.35791447823934,88.03937154474747,89.10784429629446,7345300
2020-01-10,88.23639678955078,89.18362706844432,88.206084726854,89.05479935662434,6393800
2020-01-13,88.40311431884766,88.5925603833594,87.963598061636,88.25913345975951,6846700
2020-01-14,88.13028717041016,88.56979752473693,87.68319157536206,88.2818416675665,7189100
2020-01-15,88.00146484375,88.21364924668863,87.63773171586571,88.13029253374977,5808800
2020-01-16,88.57740020751953,88.8729356014622,88.24397328863652,88.32733001835727,7022000
2020-01-17,87.58470153808594,88.88051186055728,87.53923055350876,88.66833320397971,7885900
2020-01-21,85.86450958251953,87.25883525267173,85.75842027713587,87.22094373727748,8470300
2020-01-22,85.5538330078125,86.03123494834256,85.22040612662268,85.70538752757096,5589900
2020-01-23,85.70539093017578,86.00092630244191,84.76574015121253,85.17494430852747,8007800
2020-01-24,84.75813293457031,85.61443249094711,84.37166150453683,85.47045169160603,6920000
2020-01-27,83.65178680419922,83.98521366012231,83.34109832780771,83.54569749212077,7609800
2020-01-28,84.20497131347656,84.58386336365727,83.93974225320297,84.09888200194068,5771900
2020-01-29,83.63662719726562,84.75056488793452,83.49264637853763,84.45502957265433,4772800
2020-01-30,84.41715240478516,84.55355377809575,82.64393455174748,83.21227264363593,8382700
2020-01-31,81.18899536132812,83.35625854603992,80.62823669536549,83.21227770394684,13699600
2020-02-03,80.53726959228516,81.27232087864094,79.87042186126318,81.04498340277118,8785500
2020-02-04,80.96922302246094,82.09831961635341,80.7797770136197,81.59818515935787,9909000
2020-02-05,83.56842803955078,83.8488102325544,81.92403796125213,82.04528040860926,6914100
2020-02-06,82.96977233886719,83.8639577310529,82.68181648700286,83.8336456758935,6274000
2020-02-07,82.55301666259766,82.9319087812526,82.19685714603243,82.54543720142279,4830100
2020-02-10,83.19711303710938,83.20469249654685,82.08316953857872,82.24988295760149,6011800
2020-02-11,84.2731704711914,84.39441870429961,83.4017175853865,83.94732307150554,6072700
2020-02-12,84.9021224975586,85.32647969971451,84.57627513692222,85.25828191283944,5725700
2020-02-13,84.61418151855469,85.12189551483745,84.28833410066207,84.39442341984252,5991900
2020-02-14,84.39186096191406,85.07417113177281,84.00854037889192,84.974504036822,5148700
2020-02-18,84.51451873779297,84.53751703645159,83.43355775778322,83.5638853495206,4975800
2020-02-19,84.8978271484375,85.17381839081189,84.24618343411179,84.72916518376348,5887500
2020-02-20,84.18486022949219,85.15082968660673,84.10052923765636,84.92850305804026,4466600
2020-02-21,83.57154083251953,83.70953645272937,82.52890855738015,83.55620473638126,6443900
2020-02-24,80.27498626708984,81.99992868596277,80.05265965344313,81.04162734214448,9539800
2020-02-25,77.20842742919922,80.43598588164109,76.66411292928224,80.34399268949083,12871900
2020-02-26,75.1614761352539,77.89838397245995,75.13080979672146,77.32340328524015,11990400
2020-02-27,72.1639175415039,75.28414627773257,72.12558899967719,73.55920397234557,15783700
2020-02-28,71.55827331542969,71.63494210018811,69.08202598151927,69.48067675683053,20835100
2020-03-02,74.04986572265625,74.1188664675021,70.69197959802482,72.07959820506296,15050800
2020-03-03,72.36323547363281,75.4987998563698,71.58126431416882,74.20317483879082,16525500
2020-03-04,75.53714752197266,75.91280002760111,73.34455348265911,73.88120576827866,14753000
2020-03-05,74.50984954833984,74.66317542702409,72.78490709260902,73.37521815945145,12814400
2020-03-06,73.07621002197266,73.64352264767307,71.61959114879053,72.00291159704867,16861900
2020-03-09,61.84490966796875,67.47205597542995,61.33126175453569,63.04087324950553,30595500
2020-03-10,65.14916229248047,66.16112829562267,62.128594531264895,66.11512585297486,22642900
2020-03-11,63.65423583984375,65.04185493123408,62.67293576312508,63.0409262163995,18412800
2020-03-12,58.464046478271484,59.89766145837716,55.85746581125179,59.2076892118484,25768200
2020-03-13,63.95319747924805,64.01453016939963,56.815770897312284,61.3159561418097,23497500
2020-03-16,53.434879302978516,60.17365489206582,53.42721710369796,55.635141240962646,17535300
2020-03-17,54.19385528564453,55.94946391393607,50.207318493561104,53.971528689152755,22684200
2020-03-18,42.2036018371582,50.77465449750524,41.83561437406443,50.759318396475564,24947300
2020-03-19,43.997535705566406,44.8408427362896,39.55868268717579,42.36458921586496,29871000
2020-03-20,45.53081130981445,46.496780666680145,43.20788987342898,45.63814058846541,26960400
2020-03-23,41.56727600097656,45.538476619248925,40.608974749936,44.664503421717136,23764000
2020-03-24,51.01996994018555,51.863274019980416,46.243793089362526,47.13309669013858,29198800
2020-03-25,53.105224609375,56.07212767066897,51.08896069089276,52.353919632483546,22560100
2020-03-26,58.5560417175293,59.10802421336891,52.04726079360256,53.89486854500976,24129100
2020-03-27,52.72957992553711,56.378793614730164,52.51492132893894,55.290164532549134,20411500
2020-03-30,55.15983581542969,55.91114681695639,51.380294204064015,52.13927325584336,18486800
2020-03-31,55.55080795288086,57.52874320054652,54.28584909221065,56.17178531126156,18514200
2020-04-01,52.560909271240234,55.42048300237485,51.83260260288252,53.28922178860507,14362000
2020-04-02,58.35671615600586,60.33464552907309,53.342883217007646,55.00649281546999,23220600
2020-04-03,57.58241271972656,60.55697804234922,55.987797849265874,59.79800500120977,14905400
2020-04-06,61.630271911621094,62.05958901658454,57.889065792208676,59.03135928877605,17334900
2020-04-07,62.03658676147461,65.69346751526942,61.98292212677982,64.5971706787846,16394800
2020-04-08,65.91580200195312,66.16112691124806,62.496577670707,63.08689457210893,12284800
2020-04-09,64.63551330566406,68.92870841297064,62.4965838012117,68.0317338247109,17023800
2020-04-13,65.09551239013672,66.97378114318902,63.937882446328494,66.83578548201315,13854700
2020-04-14,64.86549377441406,66.75909793052503,64.65083523589252,65.51713743749917,14797600
2020-04-15,63.24021530151367,63.92252533275569,60.809964702640094,61.683934986455874,13982300
2020-04-16,61.3236198425293,63.010233768942776,60.41898311217324,62.33558585877442,12291900
2020-04-17,66.8281021118164,67.0810950741435,62.34325292523227,62.35092097381993,16130100
2020-04-20,64.06819915771484,66.69777847404258,62.933567708960865,63.37055876918298,15749000
2020-04-21,62.588600158691406,64.23688025239353,60.75632777632305,61.545967441233756,19620600
2020-04-22,64.73515319824219,65.3561303954202,63.60819024854482,65.12613580809224,10320700
2020-04-23,66.54444885253906,68.06239493303521,65.46348210972477,66.16112830810971,14226500
2020-04-24,66.70545196533203,68.07007235558136,65.75481267294933,67.83241545698975,9175500
2020-04-27,68.7753677368164,69.47301389824919,65.83146891905164,66.50611093587098,12037100
2020-04-28,68.92870330810547,69.7336729443535,68.10072952595834,68.65271204738976,10645200
2020-04-29,72.53958129882812,72.93823208798376,70.75330617365312,70.89896985094425,12342800
2020-04-30,70.5309829711914,73.39821911947206,69.44235398561526,71.84960663214619,12222000
2020-05-01,68.56839752197266,70.56933171806035,66.72845729178746,70.15534472759303,13250100
2020-05-04,70.1016616821289,70.23965730941684,67.22675765446952,68.04706336973472,11192400
2020-05-05,71.21326446533203,73.06087162735058,71.05227059690387,72.44755663895313,13608700
2020-05-06,69.03602600097656,71.65026883051229,68.82136160280048,71.18261734167628,11145900
2020-05-07,71.0216293334961,72.11025826563689,70.46198461935647,71.28229034273119,9749600
2020-05-08,73.19122314453125,73.26021803260626,72.11792448764314,72.83090090945387,8585900
2020-05-11,71.58129119873047,72.5242566025672,71.43562749854098,72.22526700144745,7101000
2020-05-12,69.84099578857422,72.08725421230442,69.76433285633564,71.39727612414369,8749100
2020-05-13,68.00106048583984,68.9976962152181,66.94309791618242,68.92103327811373,12215100
2020-05-14,69.03602600097656,69.71066799108102,65.94645778569718,66.92009515386663,10678200
2020-05-15,68.35372161865234,70.57697607529526,68.10072865805265,69.49601519210776,10113000
2020-05-18,71.99427795410156,72.65548837429154,71.14636821877811,71.87759236586201,12304300
2020-05-19,69.71504974365234,72.05651270215678,69.64503600939535,71.97872428010825,7749300
2020-05-20,72.34430694580078,72.70991890897764,70.15064110161339,70.78851539857926,9160000
2020-05-21,71.59754180908203,72.63214481601256,71.00633924299673,72.16540251207026,8830900
2020-05-22,70.22845458984375,71.25527714057499,69.59836068719927,71.13859154585819,8563100
2020-05-26,72.57769775390625,73.38670435538693,71.58976652970568,71.94759797051935,9430000
2020-05-27,73.04441833496094,73.65895674200108,71.6519841116483,73.65117612207362,7822600
2020-05-28,70.68741607666016,73.04444015446549,70.62518296839859,72.81884958817419,9633300
2020-05-29,71.33304595947266,71.48084806782926,69.43498415076456,70.15842751738617,17010000
2020-06-01,72.18095397949219,73.00552165101192,70.09619294075674,70.74184789688496,7344000
2020-06-02,73.6589584350586,74.07124227757954,72.56990308027027,72.95107037724021,7880300
2020-06-03,75.59593963623047,76.02378484481102,74.483548028797,74.65468611222921,8440200
2020-06-04,74.89583587646484,75.37035297426998,74.02459603908592,75.28478392811651,6371700
2020-06-05,78.4197006225586,79.38429601884093,77.05060781761927,77.07394375005131,12760100
2020-06-08,80.30998229980469,80.58224471595385,78.46637255696929,79.83546525956949,11090700
2020-06-09,78.97978210449219,80.06883772144566,77.65736124204017,78.33412698234916,10745400
2020-06-10,75.9070816040039,78.95643203763939,75.89152036283126,78.56748409656727,10486300
2020-06-11,69.52056884765625,73.27002739450099,69.32609484432432,71.79980440410158,14944800
2020-06-12,71.86981201171875,72.84996264775603,70.01842164131551,72.82662671699632,9532400
2020-06-15,70.96744537353516,71.62865569974515,68.61819643845413,69.30274269202012,12289500
2020-06-16,73.14554595947266,74.35128690312389,71.16968978468013,73.89232526465125,8726700
2020-06-17,71.20861053466797,73.12223425074704,71.1774939781208,72.98999333657878,6019900
2020-06-18,71.51976776123047,72.52325442036003,70.088435882554,70.78854354414162,7064100
2020-06-19,70.5007095336914,73.44116128179729,70.4384823666768,73.44116128179729,14838800
2020-06-22,71.24748229980469,71.32527663734146,69.69169050706434,70.25955712275943,5939200
2020-06-23,71.13081359863281,72.41433727706796,70.9285589727178,71.95538147639127,6317700
2020-06-24,68.1748046875,70.11176405784467,67.5680467595517,70.00285909307833,8974500
2020-06-25,69.39608001708984,69.62945111897095,67.8013972704811,67.918076886548,7398000
2020-06-26,67.25688171386719,69.10049721324596,67.03907180201652,69.06160004261191,13766000
2020-06-29,68.19813537597656,68.89824290628808,67.36578696073815,67.60693873693573,7022200
2020-06-30,69.41166687011719,70.0028635925985,67.17910307915557,67.3657964686299,8263600
2020-07-01,68.15924072265625,70.60960805357661,68.10478824718857,69.45054482726471,6379400
2020-07-02,68.69599151611328,70.29068063563366,68.57931186799617,69.52056528368432,5832800
2020-07-06,68.89824676513672,70.20511224995471,68.31482477968004,69.62169026449803,6747500
2020-07-07,67.14019775390625,68.51707691321349,67.01573748765469,68.31482230382018,5898000
2020-07-08,67.17131042480469,68.29926305159036,66.81347901954416,67.20242697328926,6736400
2020-07-09,64.36311340332031,67.14798250877583,64.32422216423045,66.87572009564481,8833600
2020-07-10,66.30006408691406,66.4478602586425,64.17640586336357,64.17640586336357,6218100
2020-07-13,66.43231201171875,67.62249180642284,65.97335033791876,66.9301649201587,7074000
2020-07-14,68.72711944580078,68.92159347136042,66.15228524655159,66.42454769535982,7440500
2020-07-15,69.14716339111328,70.15843039579403,68.61819396225903,70.15064977533125,5935200
2020-07-16,68.73489379882812,69.60613949041873,67.94921714546855,68.79712690570082,4795700
2020-07-17,67.82474517822266,69.31830387652506,67.60693527657956,68.77377912241732,5964000
2020-07-20,66.33118438720703,68.0581143286574,65.96557827962862,67.54470609288502,14974800
2020-07-21,71.09191131591797,71.35639902847653,67.17909558635081,67.26466461674842,15115000
2020-07-22,70.81964111328125,70.98299853471043,69.1549444169558,69.97173152410173,10317500
2020-07-23,70.79631805419922,71.08413578170237,70.02619672550686,70.399589424407,6586300
2020-07-24,70.11177062988281,72.14207984671665,69.99509096732135,71.16193507194419,6620500
2020-07-27,70.81964111328125,70.85853234607417,69.07715601649541,69.82393534368934,7599700
2020-07-28,69.31832122802734,70.92078527827408,69.05383347063035,70.37626038786291,6787300
2020-07-29,70.0650863647461,70.07286698583185,68.90602308771692,69.60613061356088,6386900
2020-07-30,67.10908508300781,68.84379576852025,66.66568460189372,68.78934328609836,10112800
2020-07-31,65.29656982421875,65.42103005554952,63.4062829528246,64.75981986849156,19119800
2020-08-03,65.97335815429688,66.23006525980885,65.18768746391248,65.32770898193033,11220100
2020-08-04,67.28022003173828,67.45913871418414,65.56107066943328,65.71665342261994,9077900
2020-08-05,67.83251953125,68.789334091487,67.2179869981472,68.56374357021366,7324200
2020-08-06,68.04256439208984,68.37705991107032,66.97684473048335,67.2335518360702,7035600
2020-08-07,67.52136993408203,67.76251577620822,66.69679620235618,67.58359709874765,7185000
2020-08-10,69.80060577392578,69.8239417027017,68.14368361233485,68.40817131983707,8150200
2020-08-11,69.71504974365234,72.35211701476784,69.3649929421197,71.52754312340015,9074300
2020-08-12,70.57073211669922,71.30195631851707,69.58280078851432,70.632965226402,9057400
2020-08-13,69.87061309814453,71.00634045843657,69.82394124090138,69.90951026909718,7314600
2020-08-14,70.28289031982422,70.46958366593576,69.11604652059678,69.23273208749443,6343000
2020-08-17,70.60963439941406,71.23973434764238,69.79284696263946,70.28291942470422,10473800
2020-08-18,69.14977264404297,70.52282967956613,68.90515023882966,70.20718417644228,7981500
2020-08-19,68.17127227783203,69.36283110983047,68.02133931964161,68.88936589817897,9120300
2020-08-20,66.92446899414062,68.56582050996872,66.86134472079046,67.40582694849824,7872300
2020-08-21,67.13752746582031,67.14541423665675,65.89862413525977,66.81398924845385,9003600
2020-08-24,68.81044006347656,68.92091506287416,66.98759655298036,67.54786434147842,8738700
2020-08-25,67.96607971191406,69.47328353507245,67.67411270355814,69.44961118525278,6835800
2020-08-26,66.90079498291016,67.73725028334574,66.8061055650109,67.63466807380954,7486500
2020-08-27,67.00337982177734,67.57153436172614,66.26161397678248,67.20065745966443,7438200
2020-08-28,67.57154846191406,67.6504643498849,66.5378153502156,67.11386882204296,7307900
2020-08-31,66.23005676269531,67.78460569865786,66.18271205047276,67.72936819425273,9437500
2020-09-01,65.55931854248047,65.99332581615559,65.06217494732729,65.70135870960468,8990600
2020-09-02,65.64611053466797,66.25372302725881,65.259442018947,65.54352230703608,10821900
2020-09-03,64.9280014038086,66.67193462923252,64.478208725943,65.53561977066572,16179900
2020-09-04,64.6518325805664,66.00121100251746,63.839049614751104,65.07006024100059,10516600
2020-09-08,62.316062927246094,63.58653143169978,61.58218985337183,63.52340114094082,14942500
2020-09-09,63.15251541137695,63.973191093589726,62.87632792708314,63.10517070562248,9269800
2020-09-10,61.668983459472656,63.83114442736258,61.590073617807406,63.62597402268492,11845900
2020-09-11,61.30600357055664,62.09511415935851,60.81675283814252,61.74001078213606,13732400
2020-09-14,60.99037170410156,61.53486005808799,60.6983985539105,61.1403046758804,8182800
2020-09-15,60.248600006103516,61.92940962968348,59.940847318491905,61.2034232190058,11732000
2020-09-16,61.99252700805664,62.718513337913805,59.94084064557118,60.24859329892219,13019000
2020-09-17,62.17402267456055,62.221367382329056,60.26437653570958,61.17974166837072,10515100
2020-09-18,61.716339111328125,62.4581049995574,61.15607130952545,61.455931169234525,14517800
2020-09-21,60.20914840698242,60.48533594600886,58.93078691435559,60.161797671408735,16199100
2020-09-22,59.60152816772461,61.17974951370619,59.459488005768804,60.090778952336095,9155000
2020-09-23,56.776512145996094,59.90139579887302,56.69760228051547,59.64887459663609,16649200
2020-09-24,56.65814208984375,57.62874473244493,55.63229592698733,56.224128862380816,15203500
2020-09-25,56.68181610107422,57.194739197497654,55.84535476736783,56.03474564694444,11070500
2020-09-28,58.33893966674805,58.99390282845928,57.723434438319806,58.11009689866454,12863800
2020-09-29,56.73704528808594,58.50465109538435,56.11364728014888,58.394176108705395,10553000
2020-09-30,56.81596374511719,57.51827170422055,56.50821108979937,57.013241397009956,10466500
2020-10-01,55.56916809082031,56.72126886683656,55.26141543245332,56.42930179222164,14930700
2020-10-02,56.176780700683594,56.555550384606846,54.30658657245136,54.38549642156573,9854800
2020-10-05,57.36833953857422,57.39201791428815,55.79801109397959,56.4371887682222,12049800
2020-10-06,57.05270767211914,58.646708683336634,57.01324972780053,58.2679328873638,15294500
2020-10-07,58.2205696105957,58.33104459494546,56.46874340099943,56.950101270138404,15410300
2020-10-08,59.35691452026367,59.61732252557559,58.38630560066357,58.70195112039582,11590900
2020-10-09,58.39418411254883,60.04342236862096,58.37840454961839,59.86193030295859,12260900
2020-10-12,58.7966423034668,59.143846931510346,57.762903151064066,58.102221006505495,9056900
2020-10-13,57.920719146728516,58.978124459141796,57.4314684081939,58.978124459141796,10440300
2020-10-14,57.56562042236328,58.733506851878964,57.534061293846825,57.82602838589832,7057500
2020-10-15,58.00751876831055,58.17323126293543,56.334602219031645,56.673919999578544,10052100
2020-10-16,57.51828384399414,58.417869644856296,57.029032996682076,58.01542146433246,9305600
2020-10-19,56.247798919677734,57.87336472263988,56.17678186013972,57.69187266797447,8357100
2020-10-20,56.56344985961914,57.04480782266405,56.058419541086174,56.744947952421434,7753200
2020-10-21,55.92428207397461,56.484549994582636,55.813807048527245,56.12944653812694,9800600
2020-10-22,57.920719146728516,57.991736210799814,55.6875347075776,55.932157066626864,9810100
2020-10-23,57.26576232910156,58.678271181637406,56.68182210629774,58.33895334532503,8727200
2020-10-26,55.9795036315918,56.729156236383425,55.42712264135555,56.6029016806157,9710900
2020-10-27,54.8510627746582,55.71119017670619,54.83527719602499,55.56915007117858,14251700
2020-10-28,52.77571487426758,53.72265120856796,52.34170765559483,53.41489855554027,15961900
2020-10-29,54.290809631347656,54.55910433537389,51.418447637803006,52.18387983363802,12292200
2020-10-30,54.84318923950195,55.324547209426015,53.72265358052046,55.15883469820507,17191600
2020-11-02,56.934329986572266,57.668203072403024,54.764275874973734,55.79011602455872,11475500
2020-11-03,56.61079788208008,57.84181462339506,56.06631561269593,57.73133961103093,8608000
2020-11-04,56.63447189331055,58.07065311643331,55.1509459550592,55.85325399150492,10925700
2020-11-05,56.92644500732422,57.58140832852287,56.62658511083611,56.73706012640735,10627700
2020-11-06,56.14521408081055,57.8181245116202,55.89269895802218,57.210512066935365,8366900
2020-11-09,62.6553840637207,66.49834890744776,61.75579844384448,63.12884922884983,24015200
2020-11-10,65.5514144897461,65.61454477994316,62.900002505827686,64.02843085624794,15039700
2020-11-11,65.07005310058594,66.67194650138086,64.54924328526037,66.3641938785895,11640600
2020-11-12,63.65754699707031,64.89645032702145,63.05782731026551,63.902175362901815,8920700
2020-11-13,65.51982879638672,65.77234385754564,63.94160815903501,64.03630356463233,10890300
2020-11-16,70.19927215576172,70.37287743595145,67.50051558309103,68.05289054693512,18980200
2020-11-17,69.69483184814453,70.08718385138624,67.92523725994643,69.18237034337326,14329000
2020-11-18,67.4848403930664,70.38345585478804,67.4608197136388,69.95907422750501,10583700
2020-11-19,68.64590454101562,68.8300671928209,66.50797200888105,66.90033021477389,8820200
2020-11-20,68.69391632080078,69.1102889225574,67.96525663144939,68.63786604539082,8294600
2020-11-23,72.88970947265625,73.33010893645168,69.47062984027123,70.02312376600565,13379300
2020-11-24,76.56502532958984,76.7251672556321,74.46713188790807,74.7794129200065,17257400
2020-11-25,73.77851104736328,75.81234528708437,73.77851104736328,75.81234528708437,10556600
2020-11-27,73.1138916015625,74.13881433184282,72.49733862160433,73.12990945554763,4627700
2020-11-30,69.80692291259766,72.745570290117,69.58272179842494,72.07296694759884,14288400
2020-12-01,70.02312469482422,71.8327578213925,69.71885258518051,71.48844717486433,9913600
2020-12-02,71.96089172363281,73.11392730372474,69.74288825826468,69.87100671662176,10509600
2020-12-03,71.90483093261719,72.95377469399472,71.32030124245338,72.52939305340757,8249800
2020-12-04,74.69132995605469,74.82745119849447,72.80162598316632,73.04184497137283,10791100
2020-12-07,72.67350769042969,73.97067301476133,71.96886864114126,73.52227078995752,9398400
2020-12-08,73.29806518554688,74.03472768372802,72.21709211184296,72.33719547968202,7627300
2020-12-09,72.41728973388672,74.48314756858124,71.56051755538687,73.82655586271242,11129400
2020-12-10,74.74736022949219,75.71623263359305,72.68950595933957,73.30606501314439,11992100
2020-12-11,74.02672576904297,74.69132630948091,72.88970231295883,74.0907849773069,9584500
2020-12-14,71.6165542602539,75.02762446843136,71.45640624710953,74.78741161224788,12198400
2020-12-15,71.56051635742188,72.44931812974642,71.08007834393166,71.60054878586399,11775300
2020-12-16,71.01602172851562,71.54449496461658,70.34341220826927,71.42438546717729,9892900
2020-12-17,70.79183959960938,71.7046622508116,70.10321814568147,71.69665331975911,11748900
2020-12-18,69.81495666503906,71.03205147861014,69.07028492302422,70.44752781010753,27427600
2020-12-21,68.93414306640625,69.53468447073953,66.884297027836,67.54088871887947,11430500
2020-12-22,67.54890441894531,68.7019459857286,67.50086305667057,68.41368559403277,8585800
2020-12-23,68.6138687133789,69.39057001473144,68.06136858993764,68.06136858993764,7223100
2020-12-24,68.32560729980469,68.8060392609389,67.90922845353757,68.8060392609389,3335600
2020-12-28,67.98128509521484,69.36653045038115,67.75708395858835,68.5497968656671,8051900
2020-12-29,67.74907684326172,68.63787859369658,67.30067455800555,68.26954727237575,7670800
2020-12-30,68.32560729980469,69.3265097642609,67.69303620918551,67.7490865028341,7901800
2020-12-31,67.62094116210938,68.22148240194701,67.22858926260811,67.98126957142479,8350700
2021-01-04,67.82913970947266,68.82203298358542,67.17254810915293,68.18145923955424,9234900
2021-01-05,69.66278839111328,71.44039155508862,68.31757568126885,68.45369690506325,13414800
2021-01-06,71.90483093261719,72.6895349939608,70.31939884143712,71.2642509523574,13916800
2021-01-07,72.24111938476562,72.72155122707548,71.51245963852821,72.37724062009933,9286600
2021-01-08,72.92975616455078,74.01072956772212,72.42529742978682,73.7304781089775,11152100
2021-01-11,73.34611511230469,73.74647600932494,70.91992905380559,71.36032848413686,10635000
2021-01-12,74.73937225341797,75.20379237833352,73.43419787721328,74.19488727678655,10923900
2021-01-13,74.66730499267578,74.88349718243276,73.61836142970334,74.62726646059895,9723300
2021-01-14,76.4609146118164,77.12551509931943,75.0996901442514,75.21979962292403,13950200
2021-01-15,73.73846435546875,75.51606764998164,73.43419228422742,75.44400562351221,10244600
2021-01-19,75.67621612548828,76.09258875754577,74.69933458951913,74.86748542798593,9574800
2021-01-20,76.37284088134766,76.51697104555032,75.50806600515408,76.06856880537421,8735400
2021-01-21,73.6744155883789,75.79632961070847,73.04184462419627,75.15574971788432,10393100
2021-01-22,73.4502182006836,73.69043109096388,71.92884545948344,72.38525667094119,7810600
2021-01-25,72.78561401367188,72.88970565009967,71.5284810117926,72.56141288350578,7689400
2021-01-26,71.55252075195312,74.39508638865225,71.48045259290049,73.82656837409301,7827800
2021-01-27,70.62364959716797,72.34520242767603,69.46260560699966,70.08716753876035,10178500
2021-01-28,71.28025817871094,72.18507780157657,70.6637050267873,71.00000674601837,8155500
2021-01-29,68.22150421142578,69.93504860817076,67.99730305432246,69.52668483302828,14699800
2021-02-01,69.19038391113281,69.90302592988847,67.71705240437473,68.8540760624991,8073600
2021-02-02,69.71084594726562,70.7597957796902,69.28646432204289,70.47153540991188,9233100
2021-02-03,71.23221588134766,71.57652652526124,69.57472187669924,69.70284030653823,9256500
2021-02-04,71.26425170898438,71.78472218484346,70.42349123959482,71.67262160346132,7917600
2021-02-05,71.4724349975586,72.44130771593572,70.97598524466973,72.01692610720275,8017300
2021-02-08,73.25003814697266,73.69844043188682,72.07297604005004,72.29717718250713,9886600
2021-02-09,72.83365631103516,73.08187812135981,71.9128249924767,72.94575687757033,7605500
2021-02-10,74.08277893066406,74.13882921281964,72.54539452666327,73.16995655897469,8778800
2021-02-11,73.68241882324219,74.0187266288326,72.12902265427661,73.9626763460713,8572400
2021-02-12,74.10681915283203,74.25094934865338,73.14594914434849,73.29007934016984,7858300
2021-02-16,75.62531280517578,76.21810496500703,75.20305456455186,75.5603542880324,14006000
2021-02-17,77.89090728759766,78.54054203242438,76.49419692298345,77.48488712092498,14342300
2021-02-18,77.14384460449219,77.7772351794582,76.57541875397835,77.75287495663292,9030600
2021-02-19,77.79347229003906,78.26445101047663,76.85962459706322,77.24940051710648,8913900
2021-02-22,79.89666748046875,80.91171814588316,78.3294290052538,78.7598094961291,13178700
2021-02-23,80.9035873413086,81.33397398146829,78.60551758941412,81.17968431432845,14874000
2021-02-24,83.89187622070312,84.48466832899678,81.04973534652558,81.47199974581363,16116000
2021-02-25,83.11233520507812,85.23176118306527,82.49518275520356,85.18304074070404,13219200
2021-02-26,81.20405578613281,82.06481679494493,79.26327934847446,81.44767043164232,14454100
2021-03-01,82.86872863769531,84.28979939496335,82.34090111734896,83.20166199351644,10439900
2021-03-02,83.18541717529297,83.89188832951912,82.59262498143667,82.73879249530697,10643500
2021-03-03,84.11925506591797,85.87326515781557,83.96497161560599,83.97309375363591,14958200
2021-03-04,84.85823822021484,87.35932462306974,83.74574042660905,84.87447630539124,22994200
2021-03-05,88.51239776611328,88.61796078082001,86.19808401772592,86.85583471585281,23638200
2021-03-08,89.12142944335938,89.67361713556153,87.74907925346514,89.2107543785227,18033600
2021-03-09,88.91842651367188,89.88475660168349,87.60291879518877,88.56924888320037,19010700
2021-03-10,90.43694305419922,90.9566484230503,89.08083085558226,89.48685106220822,17389900
2021-03-11,90.290771484375,91.39514689251993,90.0471568931697,90.66430931428043,10989500
2021-03-12,90.59122467041016,91.51695022698817,89.9091137109849,90.65618938903444,10930300
2021-03-15,89.52745819091797,90.87544829029456,88.4230827008239,90.56686895915314,10488000
2021-03-16,87.40802001953125,88.41494828704447,86.9532794204045,88.13073541259025,11698400
2021-03-17,87.72472381591797,88.15510423859646,86.5635057908719,87.05885093273344,9168600
2021-03-18,84.54965209960938,87.31870675406243,84.21671254835633,86.89644845494159,13246600
2021-03-19,83.94873809814453,85.17492089201049,83.42903271439543,84.40348495545766,18491000
2021-03-22,83.26663208007812,84.85823068732333,83.07986004255153,83.68889040633614,12508500
2021-03-23,82.80375671386719,84.69581224443381,81.76434604164855,82.38149225616819,14781700
2021-03-24,85.02062225341797,85.88138923815022,83.56707547736902,83.63203399694925,11026800
2021-03-25,85.32108306884766,85.47537272463515,82.88496191199995,83.51835242152012,11138200
2021-03-26,87.27810668945312,87.3268271319215,85.55657877617563,86.51478671543948,9820200
2021-03-29,86.8233642578125,87.31870943268198,85.83267390807352,86.40110594573831,7542300
2021-03-30,86.01943969726562,86.75027729529974,85.74334274006314,86.12500271877965,6284600
2021-03-31,85.09371948242188,86.25493757351147,84.93942981443121,85.71087195900759,8954400
2021-04-01,85.87327575683594,85.96260070006184,84.62273274705004,85.47537767952396,8515800
2021-04-05,84.86634063720703,85.93823367569283,84.59024369035203,85.85703087792713,8692700
2021-04-06,84.11116027832031,85.32922108337095,84.00559104350758,84.65522595101896,8125100
2021-04-07,84.60649108886719,84.91506420991287,83.85129327056646,84.02182101077932,7699300
2021-04-08,83.65641021728516,84.1436394772752,82.88497421459658,84.06243047035859,8283000
2021-04-09,83.57520294189453,84.19235542830897,82.90933001023426,83.73761475167574,7163700
2021-04-12,82.64948272705078,84.33852848721791,82.43023451369731,84.18423880665745,7845900
2021-04-13,83.02300262451172,83.31533764253342,82.25156677968431,82.47081494551253,6829900
2021-04-14,84.67145538330078,85.53222247709914,83.31534931248075,83.35595381331748,10194800
2021-04-15,83.9812240600586,84.6714572216301,83.58332596380302,84.46033115975082,7860500
2021-04-16,83.60768127441406,84.74453910658386,83.17730084114574,84.28979845186664,7459700
2021-04-19,83.8512954711914,84.31415826259575,82.99865055237336,83.85941141471699,7068700
2021-04-20,82.28404998779297,83.63203374450089,81.61817714994,83.50211051035642,9783800
2021-04-21,83.42091369628906,83.63203974133465,81.31772582159151,81.4720154813666,8264400
2021-04-22,81.97547149658203,83.53459368928281,81.91051297655903,83.53459368928281,9899400
2021-04-23,82.46269226074219,82.9661532653247,81.7886973467762,82.0972704204034,6756000
2021-04-26,82.43833923339844,83.37218693871952,82.22721318865753,82.23532913204068,5639700
2021-04-27,83.39654541015625,83.7213628045901,82.4302215608206,82.67382996011361,6898900
2021-04-28,85.4428939819336,85.96259935509295,83.9406204440393,84.0786658285461,8718400
2021-04-29,86.80712127685547,87.41615158582024,85.87327356403414,86.41733915315227,9740300
2021-04-30,83.69701385498047,85.58094756193869,83.61581104428122,85.24801417945858,13730000
2021-05-03,85.69462585449219,85.84891551919502,83.81881443784961,84.43596690128413,7938100
2021-05-04,86.16561126708984,86.49042868097045,85.14243858174781,86.0438039624625,8704300
2021-05-05,88.47993469238281,88.95091968287824,86.74216846781596,86.96141668318312,12872400
2021-05-06,88.52864837646484,88.61797332284961,87.22938487729141,88.47180579198154,9654900
2021-05-07,89.34068298339844,89.86851048779904,87.45674948420637,87.77344474777139,10273000
2021-05-10,88.97525787353516,91.84988135814646,88.93465337926659,90.49377550668994,13586500
2021-05-11,86.64472198486328,88.98340267393006,86.24682386027305,88.56113812934741,12754800
2021-05-12,87.18876647949219,89.44623745072306,86.6609390621368,86.88830934767435,11661900
2021-05-13,86.62847900390625,87.5948091615277,85.62155053934721,86.13313381347652,9706300
2021-05-14,88.8940658569336,89.17827876514048,87.53795984107738,87.53795984107738,9124100
2021-05-17,89.98218536376953,90.03902793803049,88.48803415726685,88.58547503007081,12692900
2021-05-18,87.27788543701172,89.64518690263876,87.10527029306932,89.54655326107923,12759900
2021-05-19,84.82837677001953,85.72433868815848,83.81734436607938,85.3380068876627,14762700
2021-05-20,85.1242904663086,85.5435022373243,83.81734460595948,84.72152181560648,9706300
2021-05-21,85.58460235595703,86.47233643065536,85.22292896957556,85.56815923591451,10352800
2021-05-24,86.80110931396484,86.99838280931704,85.48594222626458,86.26682092080841,6785600
2021-05-25,85.37911224365234,86.81757804201114,85.16539556909935,86.66139974854396,7884000
2021-05-26,85.58460235595703,86.2339676309543,85.20649212074588,85.91338950225347,9232400
2021-05-27,84.67220306396484,86.23396708381509,84.31052967987813,85.58460181293795,11703400
2021-05-28,85.31334686279297,85.58460190113755,84.62288006257157,85.1736116992383,7278200
2021-06-01,87.66421508789062,88.30535882702111,86.55454274930226,86.55454274930226,10260600
2021-06-02,88.83965301513672,89.23420013912711,87.30254723858994,88.12452772998563,9141800
2021-06-03,88.43687438964844,88.84786461829344,87.59023552203385,88.41221597932386,8809300
2021-06-04,89.14376831054688,89.32460499471715,88.12451441120193,88.97115318598776,6699300
2021-06-07,88.56838989257812,89.3492687798976,88.42043316673505,89.07802000852938,6748600
2021-06-08,89.3739242553711,89.57941933836575,87.3765117978145,88.48618399174322,10559500
2021-06-09,88.5930404663086,90.03150606820115,88.48618527923301,89.64517430315603,10146900
2021-06-10,89.11089324951172,90.62333409174528,88.15739302802433,89.64517546301467,13526200
2021-06-11,88.69991302490234,89.57121029172737,88.65881149407684,89.46434882006633,7731700
2021-06-14,88.74922180175781,89.56298061440567,87.81216467902085,88.92183692739751,9051900
2021-06-15,90.66443634033203,90.81239305618263,89.09445084040546,89.1108939595069,10540200
2021-06-16,90.1465835571289,90.83705031275463,89.51366144641668,90.44249698508102,9283300
2021-06-17,88.00942993164062,90.40139560018646,79.16492020181893,89.79312566663569,14337800
2021-06-18,84.68862915039062,87.35184356157019,84.58999552814709,86.5134264164401,22284500
2021-06-21,87.17103576660156,87.49160766443927,85.42843482431397,85.56817000619941,13591500
2021-06-22,87.4587173461914,87.91902437146616,85.74077501906885,86.57919855363404,10230100
2021-06-23,87.35186004638672,88.88074419180863,87.3189863469097,88.24782200185848,7792800
2021-06-24,88.06697845458984,88.5930454023237,87.42583475399,88.06697845458984,8724600
2021-06-25,88.19849395751953,88.82319450749607,87.77106066415413,88.43686274006625,8102300
2021-06-28,85.47774505615234,87.95190796128325,85.20649627435635,87.91080643038619,11348400
2021-06-29,85.28868103027344,86.28327647975132,85.16538272619337,85.97091993992021,7225500
2021-06-30,86.09422302246094,86.20929977366613,85.25580579636419,85.35443942813286,7927500
2021-07-01,87.30253601074219,88.03409805230217,86.91620422607761,87.91079974020734,10873200
2021-07-02,87.18745422363281,87.45870924033477,86.34081547866518,86.88331924085678,7107700
2021-07-06,85.47774505615234,87.10526910299397,84.9845580414532,87.10526910299397,10162800
2021-07-07,84.6064453125,86.22574775154406,83.94064317569601,85.45308414601938,8245000
2021-07-08,84.33518981933594,84.73795846910835,83.20085909762037,83.43101261177603,8695500
2021-07-09,85.54349517822266,85.67501504502661,84.13790952562054,85.04208666065429,8567900
2021-07-12,85.71611022949219,86.32437393492916,84.86124990960683,85.12428337178599,9898600
2021-07-13,85.42841339111328,85.96270184386596,84.84480812682443,85.48595176164282,6738000
2021-07-14,83.81735229492188,86.57098570603779,83.61185717064139,85.88052509863782,9216600
2021-07-15,83.2666244506836,84.04750339180427,82.89672947498434,83.06112933236622,9665700
2021-07-16,81.06370544433594,83.58718490128675,80.8253303871449,83.53786181521147,12199100
2021-07-19,78.87724304199219,79.69100192961851,77.6935891900171,78.76216628096273,17385500
2021-07-20,79.34576416015625,80.58695627553801,78.12923672370776,78.81969722473866,12114600
2021-07-21,82.05008697509766,82.58437551342027,80.30748619092313,80.53764598111502,11478100
2021-07-22,81.22810363769531,81.71307533926677,80.46366160768928,81.70485377925021,7694300
2021-07-23,81.26097869873047,81.4746953477635,80.50475827441349,81.21166188403532,7570800
2021-07-26,82.97891998291016,83.2337381747478,81.73773407755927,81.75417092644581,10227500
2021-07-27,82.69945526123047,82.78987361426984,81.32674938685221,82.23914820663974,8332100
2021-07-28,83.1679916381836,83.68583712292673,82.42820789482636,82.93783808940887,8546100
2021-07-29,84.3105239868164,84.56533588773709,83.7926786255611,84.15434571401347,8681300
2021-07-30,83.68582153320312,85.52706212282632,82.83096117470936,84.71329702112169,12295300
2021-08-02,83.53787994384766,85.46953922799858,83.48034155695044,83.90777494922742,8911800
2021-08-03,84.33518981933594,84.59000801390506,82.74876735823395,83.50498783937766,8437300
2021-08-04,82.44463348388672,83.75980081948113,82.2802336474296,82.55971023380044,10389800
2021-08-05,83.20907592773438,84.19544986696327,82.74876265437666,82.97070086699134,7986100
2021-08-06,83.8009033203125,84.31875501090842,83.51321142065537,83.85844170024393,6475600
2021-08-09,82.40353393554688,83.33236951678481,82.14050046211234,82.94604400206273,9243100
2021-08-10,83.90775299072266,84.10502651257077,82.67478250455056,82.80629609537857,9762600
2021-08-11,84.54067993164062,84.63931983383043,83.51320446754384,83.87487783769393,7079800
2021-08-12,84.3680648803711,84.86947340898803,83.66116125875419,84.54890156560508,7377600
2021-08-13,83.80911254882812,84.28586263880328,83.54607909767151,84.03105074677373,6572600
2021-08-16,82.95426940917969,83.18442294260674,82.12407363091974,82.8802941753839,9476600
2021-08-17,82.79808807373047,83.57896694168414,81.89390462088382,82.36243319589856,10937500
2021-08-18,80.55714416503906,82.82307526514596,80.43218987006183,82.21494317704773,12893600
2021-08-19,78.54946899414062,79.39919000284493,77.35818928746582,78.98265872576651,17423400
2021-08-20,78.55780792236328,79.04097941351472,77.64976635793614,77.90801373732428,9707600
2021-08-23,80.58214569091797,80.80706978967306,80.0239889351867,80.04897979551914,10277800
2021-08-24,81.50682830810547,82.14828996367665,81.13195274215717,81.22359012152447,8924900
2021-08-25,82.06497955322266,82.23992189612923,80.57379708091028,80.99032828471502,9342300
2021-08-26,80.99034118652344,82.24826740201543,80.97367637648995,81.73176633894438,8124800
2021-08-27,82.17328643798828,82.85639744993873,81.68178260211197,81.75675517812185,10281200
2021-08-30,81.96503448486328,82.73145060551983,81.61514969357621,82.54817580367506,8127200
2021-08-31,80.6154556274414,81.9816839798098,80.50715979011427,81.7567535447486,15676900
2021-09-01,79.73241424560547,80.86537979858936,79.53248101736206,80.69043742940603,10557300
2021-09-02,81.39854431152344,81.96502712281533,80.43219501918028,80.50716760096623,12340100
2021-09-03,81.21527099609375,81.99835187299024,81.12363360174359,81.14029841295084,9097000
2021-09-07,80.8570327758789,81.62345499781905,80.59045306782716,80.82370951790224,9237800
2021-09-08,80.29888916015625,82.03166058398011,80.26556589941785,81.22358898941984,10775900
2021-09-09,79.9739990234375,81.32356254503247,79.43250713389716,79.88236164109549,10219400
2021-09-10,80.03233337402344,81.3902232876144,79.88238183371932,81.30691828872635,11006000
2021-09-13,81.6151351928711,82.23159967119575,80.85704525734326,80.98200590510487,11500900
2021-09-14,80.1406021118164,82.25658141735053,79.95733371859913,81.95667843825046,15294100
2021-09-15,81.84004974365234,82.08163860632082,80.79872172650981,80.79872172650981,11623400
2021-09-16,81.07365417480469,82.1316409089395,80.73210180454576,81.90671679738006,10616700
2021-09-17,80.60713195800781,81.95668918516257,80.28223808067331,80.89870257154355,16006100
2021-09-20,78.95767974853516,79.34922022483451,77.73307659270998,78.84105148186265,15796100
2021-09-21,79.01597595214844,79.88236170495308,78.33286496417432,79.61578196222568,10958400
2021-09-22,81.34022521972656,82.28991599895639,80.17393640228701,80.17393640228701,13292800
2021-09-23,83.35623931884766,83.53118169711217,81.43186680217497,81.84006568479217,10094900
2021-09-24,83.80609130859375,84.11432674035134,83.01468442792913,83.01468442792913,8225300
2021-09-27,85.78044128417969,86.45521983318984,85.46387348626415,85.46387348626415,12697500
2021-09-28,86.1053466796875,87.37993137911582,85.70547385449287,86.56353362983106,15560800
2021-09-29,86.08035278320312,86.83843638079644,85.25561630203858,85.98038299149032,10268100
2021-09-30,84.51419830322266,86.18032350471162,84.51419830322266,86.15533264361142,15319800
2021-10-01,86.91341400146484,87.08835636749927,84.87240701953799,85.15565158056702,10854900
2021-10-04,87.23829650878906,88.18798714682094,86.73012793071354,87.47155296644436,13305400
2021-10-05,88.18798828125,89.77913419830207,87.82143878264117,88.33793977106617,13017300
2021-10-06,87.41323852539062,87.76312321056615,86.28860554831972,86.78844172082215,10630100
2021-10-07,88.03804016113281,88.55454116932715,87.65483219599331,87.97972604373685,8830900
2021-10-08,90.01239776611328,90.32895920025138,88.80445343368785,88.9793957806401,10586700
2021-10-11,89.24597930908203,91.32863546508773,89.07103695466901,91.27032134695007,9794800
2021-10-12,89.26265716552734,89.62087433095321,88.44625303649985,89.129364101293,9085000
2021-10-13,89.79582977294922,90.25401044743626,88.70451966277815,88.94610225425885,9220700
2021-10-14,90.64553833007812,90.93711532101504,90.06239705973064,90.70385245711287,7648600
2021-10-15,91.3119888305664,91.6618735846768,91.1620373136958,91.44527553680527,9968100
2021-10-18,91.27033233642578,91.9784405993378,90.77049606995367,91.82015667857917,10677400
2021-10-19,93.0530776977539,93.0530776977539,91.47026404954279,91.77016705474882,10362800
2021-10-20,94.26934814453125,94.27767419272813,92.28665548261274,92.54490280347964,10811400
2021-10-21,93.08641815185547,93.97779492757546,92.36165771855636,93.89448993424682,9372600
2021-10-22,93.9694595336914,94.03609970826999,92.84481999040753,93.48628172235968,8673800
2021-10-25,94.84416961669922,95.26070088981231,94.38598902973251,94.57758985613735,9579800
2021-10-26,95.05243682861328,95.46896810862978,94.56093296896002,94.95247338909759,7463000
2021-10-27,93.36131286621094,94.61923900392084,93.01142814629557,94.31933599948984,9096100
2021-10-28,94.23604583740234,94.36100014575838,92.95312864025207,92.95312864025207,7538200
2021-10-29,95.37732696533203,96.04377952943777,94.26102622958204,95.66057152959391,15294200
2021-11-01,95.41065216064453,95.8771651515052,95.0107856986962,95.82718343270237,11213800
2021-11-02,94.8274917602539,95.1273947239951,94.31099079919706,95.11906232062408,9189700
2021-11-03,94.14440155029297,94.36099323943324,93.27801572644306,93.52793068062714,10416000
2021-11-04,94.56092834472656,95.1857252341974,94.06109210430242,95.1524019707341,9673000
2021-11-05,95.58560180664062,95.84385553688928,94.91082312839785,95.19406136418652,8102100
2021-11-08,95.92715454101562,96.62692403689888,95.54394652816104,95.87716646576474,7695900
2021-11-09,96.63526916503906,96.73523897293992,95.352351897915,96.02713062289544,10945900
2021-11-10,95.0940933227539,96.810200177445,94.68589444441498,96.43532456448764,10305100
2021-11-11,95.1024398803711,95.52729727674294,94.61092958755441,94.63592045136876,7317500
2021-11-12,95.1607437133789,95.22738389108207,94.62757780141087,94.80252654070101,8682800
2021-11-15,97.31837463378906,97.42667048589095,95.19406241878683,95.7605452524032,11050400
2021-11-16,97.70156860351562,98.3680211432315,97.3516838802579,97.5599495044488,10566300
2021-11-17,97.26338195800781,98.19876936964351,96.62294150421252,96.79990582138396,11108000
2021-11-18,96.44597625732422,97.22967909475504,95.56958333066034,96.78305392177585,8368600
2021-11-19,94.3055419921875,95.35047691118736,93.62295798923851,94.81115524788282,13532600
2021-11-22,95.99092864990234,97.06957203103954,94.25498093098933,94.39823684865438,9947100
2021-11-23,98.00495910644531,98.46000655731811,96.96001770953728,97.06957164667696,10366800
2021-11-24,98.75495147705078,99.4375290683897,98.32517730547148,98.43472481111182,8500900
2021-11-26,96.49652862548828,96.76618943358972,94.91226575232416,95.51900417785758,11861800
2021-11-29,96.78305053710938,98.7380932074917,96.6650743230604,98.03865820332877,12003800
2021-11-30,95.114501953125,97.63414535467491,94.7521446937005,95.60325767461165,24451200
2021-12-01,94.46563720703125,97.80269199691449,94.45720849886618,96.86730469642973,12302700
2021-12-02,97.02741241455078,97.49931717707332,94.32237587928518,95.43472741181701,11392400
2021-12-03,96.41226959228516,98.59483595168508,95.72125687766525,98.3757345160549,10445100
2021-12-06,97.92070007324219,98.97406391408697,96.95161048304311,97.71845601598233,9833900
2021-12-07,99.37010955810547,99.99370545423125,98.7970794879383,98.7970794879383,11419600
2021-12-08,99.81673431396484,100.4993183133354,99.15101416214254,99.76617491742678,8827900
2021-12-09,99.55550384521484,99.94314089329006,99.08359899177046,99.3111227091893,8334700
2021-12-10,99.72403717041016,100.4487518525739,98.48528695850918,100.2212281403696,9090700
2021-12-13,97.6510238647461,99.3111260461067,97.42350013968232,98.9824770936692,8533000
2021-12-14,97.93753051757812,98.52741153427587,97.30551238716446,97.53303608525619,12245300
2021-12-15,97.38134765625,98.02179447012456,96.02461494185268,98.02179447012456,11069500
2021-12-16,98.29145812988281,99.5976314911677,97.68471970216909,97.91224982717215,11344700
2021-12-17,95.72968292236328,98.13977935954846,95.67069481778411,97.68472551170008,22727900
2021-12-20,95.77182006835938,95.8223794639514,93.31116423482214,94.26340261739219,13464400
2021-12-21,97.3055191040039,97.81113235739232,96.31114358634413,96.42911979782738,11368200
2021-12-22,97.86170196533203,98.32518457967922,96.41227886883773,97.26339213631603,8345200
2021-12-23,98.09765625,99.37011495123784,98.08922754034587,98.18192405887602,7416600
2021-12-27,100.1032485961914,100.1285282934588,97.25495578782662,97.8111284153724,7745500
2021-12-28,99.90941619873047,100.56671397437152,99.47121982470989,99.99369041958323,6516000
2021-12-29,99.3953857421875,99.98527320989155,98.83921311007805,99.50493967020657,6957400
2021-12-30,98.95716857910156,100.01896065506983,98.88132307335108,99.54704949396184,6016000
2021-12-31,98.88978576660156,99.51337529508417,98.70439272129597,98.9150654674665,5706600
2022-01-03,100.49930572509766,100.86166302308246,98.83920383500963,98.94875132352763,10717700
2022-01-04,102.32795715332031,102.79143972412675,100.83639707592566,101.08077178138207,16413100
2022-01-05,102.99369049072266,104.358845735606,102.86728556047224,103.01054148111919,15487100
2022-01-06,103.87006378173828,104.76331392056217,102.50490245042425,104.17343296647473,13318500
2022-01-07,105.36164093017578,105.79141508418493,103.60884233625961,104.11446201355096,14164600
2022-01-10,105.4290542602539,105.91781650323205,104.37569068274296,105.46276266624079,12626100
2022-01-11,107.83914947509766,107.8644291720095,105.19310071130948,106.06107126112764,14609000
2022-01-12,107.29984283447266,108.22679518710926,106.5751280853854,107.85601553189899,12469200
2022-01-13,106.85321807861328,107.94871891654023,106.55827109432548,107.13972992375676,9691300
2022-01-14,108.67342376708984,108.87566135302657,106.81949993560679,106.81949993560679,13281000
2022-01-18,109.02734375,109.5498079501378,107.75487879593581,109.2885758500689,12905500
2022-01-19,108.63128662109375,109.67621510399736,108.31948224545472,109.50767949628155,12064300
2022-01-20,108.24364471435547,110.27453289154069,107.76331115328341,108.091966522753,11370400
2022-01-21,106.94590759277344,108.20150883240352,106.37287751081072,107.66219358792145,13055700
2022-01-24,107.1734390258789,107.63692163627496,103.51615683179341,104.87288982307426,19513700
2022-01-25,111.73237609863281,111.8587874405001,105.56387936785609,107.12286257512618,19984500
2022-01-26,111.81665802001953,113.51889724510721,110.889692882981,111.99361590899059,17266500
2022-01-27,114.0750503540039,115.44864048321342,112.57506174720388,113.2997763550858,20654100
2022-01-28,110.0638656616211,111.28576496929509,107.9234363030733,109.54982366699974,24817800
2022-01-31,110.67060089111328,111.11722605336521,108.98521903855712,109.709933749494,16401800
2022-02-01,113.5862808227539,114.38684732403584,109.97956543228527,110.24923264502033,16169700
2022-02-02,114.10877990722656,114.43742884979946,111.9093561043331,113.21552959451265,10906700
2022-02-03,113.08910369873047,114.05820584159689,112.23799061291744,113.63686043820486,9447700
2022-02-04,114.5048599243164,115.44866975211319,113.77170999309722,113.77170999309722,13034700
2022-02-07,116.75483703613281,117.49639634961737,113.62002558372774,114.0497933514896,18422500
2022-02-08,114.97673034667969,116.65367674418887,113.7716758630629,116.44300405236586,11021600
2022-02-09,116.1143798828125,116.57786247516516,114.69024298404655,115.21270725627497,10140800
2022-02-10,114.6396713256836,116.95707144112278,114.09192735086627,115.92056517167234,11012700
2022-02-11,116.97390747070312,117.50480678749832,114.84190078303251,115.33066298829075,12821200
2022-02-14,115.1705322265625,116.33344946486011,113.80537745704036,116.24075297690248,15945000
2022-02-15,114.32750701904297,114.82140070386349,112.55630611282352,113.32269824172747,11746800
2022-02-16,114.36160278320312,115.94546463088726,113.90176479876101,114.91509751225838,11348800
2022-02-17,113.77404022216797,114.60003346665329,112.78625261115235,114.25089962239781,10073900
2022-02-18,113.61225891113281,114.02951743100432,112.44565538769548,113.10134363508053,10691800
2022-02-22,112.74366760253906,116.66074904523079,111.14278440738698,116.66074904523079,19428700
2022-02-23,115.426025390625,115.87733967449678,112.87992105862966,113.19498608872475,16134200
2022-02-24,114.8299560546875,117.70814695142333,112.1646367600898,117.45268283803517,22108900
2022-02-25,119.53894805908203,119.64112849491258,115.32382317286985,115.7751504158218,28028000
2022-02-28,122.62149047851562,122.62149047851562,118.06575629461118,118.59371876971112,24394300
2022-03-01,127.49232482910156,127.69669871399176,123.21759860595238,123.48157341969956,31159900
2022-03-02,131.25613403320312,132.62711143519235,127.77334494764968,127.90107051569868,31329500
2022-03-03,133.02731323242188,133.79369249909305,129.2209360215057,129.6552158734936,22492900
2022-03-04,135.0965576171875,136.2035601002693,132.06508308964726,132.66115735178533,29034400
2022-03-07,137.98326110839844,138.03436432114765,132.60154578194008,136.16096965697722,34824700
2022-03-08,145.21282958984375,148.167668618434,139.7374443944178,139.91626016642192,57231000
2022-03-09,141.5852508544922,144.5656343587753,137.27646992439347,138.6048673502091,43430000
2022-03-10,145.4597625732422,148.81481219010203,143.30535895828126,143.68856154570173,34913600
2022-03-11,145.5278778076172,147.2990788791204,141.25316526304144,141.2616759676729,28423600
2022-03-14,141.96847534179688,143.3564870159705,139.90775408544144,141.53419545913096,25156200
2022-03-15,134.78147888183594,136.40792012668194,132.20982961969943,135.4882572184985,28534400
2022-03-16,134.29615783691406,136.67194480519575,133.0188499415384,135.21580808735044,22299700
2022-03-17,136.62078857421875,137.08913717497884,134.47490870838075,136.2035301856431,15750700
2022-03-18,137.7192840576172,137.7192840576172,135.20724869981936,137.00399501216265,23214700
2022-03-21,140.197265625,140.99771370842163,138.5623136431667,138.8177777326439,13180600
2022-03-22,139.7289276123047,140.72522594312096,138.4431093549492,139.38831746266376,11063900
2022-03-23,141.23614501953125,142.50494178269298,140.452731331308,141.35535986353383,10755000
2022-03-24,141.61082458496094,142.54750893672946,140.50382217519493,141.72151573052707,9024800
2022-03-25,144.17398071289062,144.49756949934994,140.64010115103375,140.69119138185442,10254700
2022-03-28,141.65342712402344,141.8918568518424,140.61454916990692,141.27022442468626,9992000
2022-03-29,139.92478942871094,140.06102569117326,136.6719066595251,139.2350324432258,15102600
2022-03-30,140.91253662109375,141.6533836849732,139.36274386552577,140.70817577045804,9906000
2022-03-31,138.6559600830078,141.49158371360954,138.5622903657168,139.20094398539894,10395900
2022-04-01,139.83961486816406,141.31277242792746,138.23020806762275,138.61339768804825,8795300
2022-04-04,139.96734619140625,140.8870091144769,138.8007428784889,140.50381947822495,8718600
2022-04-05,139.1072998046875,142.8200073817366,138.88590452019392,140.5293672330224,9538200
2022-04-06,140.34205627441406,142.21543835127488,139.93332143791352,140.3590906823567,9269000
2022-04-07,142.29208374023438,142.80299902690598,139.158415409509,140.5890067977705,8018400
2022-04-08,144.701904296875,145.69821559178044,142.22393759534236,142.24948270614055,10801200
2022-04-11,140.98069763183594,143.72265236223166,140.42720286054995,143.54383657176174,10206100
2022-04-12,143.91845703125,147.0436004603314,143.18613370771587,143.88440122260602,9528400
2022-04-13,146.18357849121094,146.5327123128509,143.30537487754842,145.55343547118588,7330700
2022-04-14,146.115478515625,147.2650606126242,145.238394957612,145.34909911325585,9421100
2022-04-18,148.07398986816406,148.62748454859548,146.35387891742565,147.3161213244408,7639000
2022-04-19,146.31982421875,147.90368593936498,145.63859099602817,147.38424706880193,6970200
2022-04-20,146.9158935546875,147.8100113178336,146.00475438178273,146.1409906270647,7495000
2022-04-21,140.1461944580078,146.83928694629904,139.50754064421454,146.24321265211435,14594800
2022-04-22,137.05508422851562,140.90404091084847,136.97844890137225,139.97586729959693,12160100
2022-04-25,134.1087646484375,134.84959877344014,128.88883097995745,132.6100490017014,15449800
2022-04-26,133.29129028320312,136.56119426679604,133.17207543984642,135.24132028443358,9810600
2022-04-27,133.04434204101562,134.47492007688763,131.57969519851278,133.7596310589516,10396600
2022-04-28,137.77040100097656,138.8007682492682,131.92884667639223,134.0747272224598,9366400
2022-04-29,133.41050720214844,138.3238869528617,133.08691848224151,137.33609938199902,14713200
2022-05-02,136.03326416015625,136.24614876760563,132.11618218570948,133.10396988270148,11559000
2022-05-03,138.366455078125,139.1668901195472,135.6159771722059,135.87996494449905,8827200
2022-05-04,142.70932006835938,142.96478419193673,139.20098595112867,140.47829357557035,9183200
2022-05-05,141.57679748535156,144.3357871203371,138.50274273844897,144.13141318659646,9807600
2022-05-06,145.34909057617188,145.5875202870579,140.86147960084435,143.28836922154568,10418100
2022-05-09,135.6074676513672,142.8455428478295,134.9517795542296,142.8455428478295,14110700
2022-05-10,136.9103240966797,139.81407276003878,134.43234457480634,138.1280305979193,11636000
2022-05-11,138.93701171875,142.59862952325778,138.3835039497103,139.29465629591888,9105500
2022-05-12,140.25689697265625,140.37611183010122,135.27539208585497,138.9881000664279,8936400
2022-05-13,142.94772338867188,143.73113702778394,140.40163230991837,141.78112013167626,9229900
2022-05-16,147.32464599609375,148.99366688759514,143.79076702321538,143.90998187307662,13296300
2022-05-17,148.19320678710938,149.5726946517271,146.98402398090423,148.88295071941823,12827600
2022-05-18,144.28683471679688,149.4982006351734,142.33793708484967,149.48960681499446,13107500
2022-05-19,143.256591796875,145.64334205975877,139.79666198771844,141.3420431544185,10958700
2022-05-20,144.08078002929688,146.84527811550933,140.87840326268326,144.9908340657997,9615000
2022-05-23,147.42910766601562,148.4937064434357,145.18830835168686,145.46303549081534,10216400
2022-05-24,148.21896362304688,149.02599668700043,145.78928371147822,146.54480625651314,9782700
2022-05-25,150.59713745117188,151.09509431594412,148.50228895121128,148.64823979255794,10174500
2022-05-26,151.61021423339844,152.76065953648822,150.2537137460378,151.52436773187088,11213900
2022-05-27,153.0611572265625,153.12126156879174,150.8375323701317,151.55012515469116,10512300
2022-05-31,149.95323181152344,155.36205923752726,148.93156280768164,154.50351561753732,20547600
2022-06-01,151.37840270996094,152.93236441565114,150.19360843696631,151.7303956038253,8824100
2022-06-02,151.1036834716797,151.54153602016396,149.47245576524503,150.02192318112859,7441900
2022-06-03,152.4773406982422,153.035388769188,151.1036657692964,151.1036657692964,8435300
2022-06-06,151.81626892089844,152.8207633778021,150.6829850616209,152.73490377621954,6734200
2022-06-07,154.7095489501953,155.10448475719699,151.89352708395765,152.36572866830684,9668300
2022-06-08,155.50799560546875,156.59833646912,154.75247309809768,155.3534509560816,8715200
2022-06-09,152.4086456298828,155.08729715499524,152.29703078289174,154.56358509652554,9764600
2022-06-10,150.58853149414062,153.3101260409509,149.08608030095374,151.42131977496243,9529700
2022-06-13,143.66009521484375,147.66949206097058,140.8526541104745,147.33466059717134,14614900
2022-06-14,143.8489990234375,147.91848776218188,142.3808835377149,145.41154173948738,10269300
2022-06-15,141.0243682861328,144.10654979406277,139.03255392842294,143.1879018456531,11565300
2022-06-16,133.48635864257812,137.83058727261133,132.00108184503378,137.31546895975916,18125900
2022-06-17,127.39070892333984,133.47778015952898,125.1670709494681,132.97124255828396,35575100
2022-06-21,132.72222900390625,133.94995295154519,130.0178223722099,130.5415344015617,13772000
2022-06-22,126.95283508300781,129.4683745865739,125.63068373290857,127.12455427941208,13735800
2022-06-23,122.28237915039062,128.12047922873356,120.32490046240768,127.74271788537932,15713700
2022-06-24,124.29136657714844,126.28318101211734,122.42832844819655,124.66053405462141,11108300
2022-06-27,126.6953125,127.76849223005894,125.00398019740004,125.22719686513044,9242400
2022-06-28,128.7300262451172,130.66174929657373,127.15888992455896,129.53705930489048,9183300
2022-06-29,126.18873596191406,130.59306886746515,125.42463267404352,130.18097160330714,9082900
2022-06-30,124.29994201660156,126.99576841082914,123.12374147049557,124.10248065565246,10685000
2022-07-01,125.78522491455078,126.17158003568949,122.31671434733633,125.86250379898036,7684600
2022-07-05,122.4798583984375,124.09391179133026,119.68959112256017,123.32980835364201,11513100
2022-07-06,120.86577606201172,122.99496068226023,117.4487759447817,121.62129867901528,12421200
2022-07-07,123.2181625366211,124.7463688658657,122.84040131360176,123.71611932147988,12741800
2022-07-08,122.57429504394531,124.87518600931868,121.1319347295532,124.38582288324247,7915500
2022-07-11,121.49249267578125,122.6429509855454,120.13599229885656,121.83591795494029,7056800
2022-07-12,119.2688980102539,119.86987602441896,117.84371221927806,118.90831120175487,8653900
2022-07-13,118.47045135498047,120.82285273806995,117.74068396075442,118.14420055280826,9414600
2022-07-14,116.71041870117188,116.89929934058556,113.79136261044671,115.31098844560748,10150200
2022-07-15,118.17853546142578,119.30323871648311,117.13111109588405,119.30323871648311,7051900
2022-07-18,119.83551788330078,122.03338741467812,119.40624608106816,120.67688694758273,7943900
2022-07-19,124.15397644042969,124.49738860135103,119.69813356568733,119.92994397949305,9152100
2022-07-20,125.79386138916016,126.42917551868477,123.04652340925966,124.05959896733451,7856600
2022-07-21,124.83226776123047,124.89237211755076,121.48395206116446,122.87478887498584,6724200
2022-07-22,123.79338836669922,125.60491566116173,123.13230620891571,124.9695887601446,5889500
2022-07-25,127.47657775878906,127.58819264314884,123.7848368565581,125.08982708020828,6210900
2022-07-26,126.48065185546875,129.36534583023334,125.80239506232859,128.35227065104854,6112800
2022-07-27,128.14622497558594,128.95325813093373,125.91401926752842,127.35636636193449,6223000
2022-07-28,129.11634826660156,130.04357675993862,127.09018521086503,129.37391392036184,6574300
2022-07-29,140.61227416992188,141.36779675372435,133.84694619763704,134.39641359485626,17143700
2022-08-01,137.80484008789062,138.96387928532033,136.63722016986148,138.38006277613735,8017800
2022-08-02,136.6286163330078,138.62902432252227,135.9074429145652,138.13106750493057,5928300
2022-08-03,133.38336181640625,137.3326684336336,132.5162373171231,136.7746071179719,8751400
2022-08-04,129.76028442382812,133.452024673085,129.40827838952237,133.34900362902914,10640000
2022-08-05,131.9066162109375,133.08281655493388,127.94014963165999,128.4724423828992,7170200
2022-08-08,131.70919799804688,133.05710485460682,131.48596824193817,131.86372958273338,5966900
2022-08-09,133.4263153076172,135.47823477633793,132.73089682036007,133.88134254249755,5842200
2022-08-10,133.77825927734375,134.33630733231303,131.2970558966409,133.93279082475013,6145800
2022-08-11,137.04071044921875,138.3628747867068,135.32362343454233,135.7443144692584,7888600
2022-08-12,137.23822021484375,137.28973074248995,134.91156094690123,135.8645450093691,7244700
2022-08-15,134.6282196044922,135.4695886630517,131.7349318692299,133.22878934662435,8975200
2022-08-16,134.28477478027344,135.5811705831145,133.77823732422948,135.14331817031368,7218400
2022-08-17,135.39234924316406,136.80036049502687,133.51213630005554,134.4737142259572,6741100
2022-08-18,137.76611328125,138.3205732614118,136.09406143491654,136.14603999253035,6477500
2022-08-19,136.61386108398438,138.3898698847874,136.55321062601234,137.28095002483934,6834200
2022-08-22,135.929443359375,136.65718276787632,133.78091275458468,135.7475184217754,9147000
2022-08-23,140.33914184570312,140.64235447078605,137.4975331147194,137.8354069205569,10354800
2022-08-24,141.37876892089844,141.51738722124426,139.19557695824219,140.0532628198422,9468100
2022-08-25,142.6176300048828,142.86020541183234,140.8762822865591,142.011191487509,8050700
2022-08-26,141.5693817138672,143.92584020751076,140.7463569443996,142.2364575730502,7765800
2022-08-29,142.62631225585938,144.53226768558363,141.7686263637673,141.98521250849439,8462600
2022-08-30,139.15225219726562,140.832962676636,137.5408508656327,140.6250484527919,8814300
2022-08-31,136.93443298339844,139.83669284270144,135.27971153263917,136.54458053557107,13582700
2022-09-01,134.75123596191406,135.91214779584806,132.74998201099683,135.56560201729695,8244400
2022-09-02,136.75245666503906,137.86137634086288,135.7734833499113,137.09033042221404,7526600
2022-09-06,136.12005615234375,138.60647408562056,134.89852034150715,138.5198343398901,8550000
2022-09-07,134.3787078857422,134.9938183520193,132.22150512974235,133.46904343589316,9442100
2022-09-08,135.10643005371094,135.4789650846276,132.87993143222135,134.79454548664745,9232500
2022-09-09,138.58912658691406,139.1782344840379,136.47524395489552,137.23763132234288,8261100
2022-09-12,140.78099060058594,142.53966899484683,139.69805990365836,141.04955529832495,8920800
2022-09-13,138.1039581298828,140.91957731068084,137.52350899278068,139.83664685652775,10308300
2022-09-14,141.4480743408203,141.70798034227235,138.9183499133818,139.4294900106375,11160800
2022-09-15,139.15225219726562,140.08790586266875,138.25125971541533,139.20423075322665,9665000
2022-09-16,135.5395965576172,139.60275444296212,134.8118703385797,139.0656250745347,43741600
2022-09-19,135.929443359375,135.9727632271641,132.3774389299172,132.4900547229277,6813800
2022-09-20,135.392333984375,135.88615675515166,133.7116233334342,135.184406519937,8955200
2022-09-21,134.2920684814453,137.5581912469057,134.24008992178517,137.15100823707567,6877000
2022-09-22,134.18809509277344,137.12500233181493,134.05814870937817,136.53589443459956,6981100
2022-09-23,125.42068481445312,130.10759805861994,124.45904198385168,129.7350763050101,13919700
2022-09-26,122.11991882324219,125.66326443179078,122.05926836677634,124.38107835419864,9444000
2022-09-27,122.17191314697266,124.55436067906216,121.68676231008254,123.27216121657386,10121000
2022-09-28,126.29573059082031,126.86752127127517,122.50113653609239,123.09025781214709,8279800
2022-09-29,125.42068481445312,125.97514471195697,123.25482377430271,125.1954268058828,8197600
2022-09-30,124.46772003173828,125.74124757901113,123.44543980705329,124.77960459881263,9402700
2022-10-03,131.450439453125,131.97891009541894,128.47888434043603,129.05933353453474,9597400
2022-10-04,136.56190490722656,136.7784910594137,133.0965264722325,133.78959158373561,9520200
2022-10-05,137.3415985107422,138.38120931215929,134.1101370863865,135.01112958911636,10633100
2022-10-06,139.84530639648438,140.2958091695898,136.1893321033543,136.31061978618663,9498300
2022-10-07,138.64111328125,142.01985164107697,137.80075803443205,140.7896440018741,9972500
2022-10-10,136.13739013671875,139.88866384714638,135.530951559606,139.48148082693433,5904500
2022-10-11,136.16334533691406,138.55445107936194,133.51233363522124,134.0667935125729,7533300
2022-10-12,136.57057189941406,137.5841935669654,134.73392544737612,135.2710549072656,4942000
2022-10-13,143.18942260742188,143.8045330391553,135.45297231351134,135.45297231351134,10227500
2022-10-14,138.7364044189453,143.3453633952014,138.55446626172778,142.11514260126262,7327900
2022-10-17,139.75003051757812,142.86887603517866,139.56810557368283,141.46538894257438,5890400
2022-10-18,140.9715576171875,141.4826976252807,137.71410752940264,140.6596731137234,5631200
2022-10-19,145.54591369628906,146.59419662931552,141.72533028911232,141.72533028911232,9766800
2022-10-20,146.3775634765625,148.8553091219785,145.49388843983405,146.67211741568292,8871500
2022-10-21,150.04220581054688,150.60532444682556,146.28227385969933,146.5421666337554,7971300
2022-10-24,149.990234375,151.3243991494961,148.67338697335094,149.0805699645229,7007700
2022-10-25,151.54962158203125,151.61027203614168,149.15851576489038,149.92956176247094,7280600
2022-10-26,153.4209747314453,154.6251932962765,151.75759454818447,151.8875541805557,6865300
2022-10-27,154.12269592285156,157.15490196128383,153.75883278456402,155.84672640081882,9177400
2022-10-28,155.92465209960938,158.41972805281435,152.93576674196257,157.21550993749833,10773900
2022-10-31,156.72171020507812,159.2687650761134,154.26129506927072,154.26129506927072,13281000
2022-11-01,157.8653106689453,159.84057525684622,157.58807405761993,159.29477394040518,9185600
2022-11-02,154.64248657226562,158.45439691991345,154.44323104729287,156.7476972710623,8087500
2022-11-03,156.9209747314453,157.83929773494273,153.6981723142943,154.18332309203882,6607800
2022-11-04,158.90492248535156,160.62028106536923,156.46183762524998,160.1351302119799,7491900
2022-11-07,160.8022003173828,161.4692892719561,157.76999462124505,158.10786844146855,7578000
2022-11-08,160.5683135986328,161.35669039954252,159.28612722332454,160.55099622365054,6308200
2022-11-09,154.148681640625,159.24279189767194,153.53358440417523,159.06952562906787,8021700
2022-11-10,157.06826782226562,157.96060164135014,154.2439761600961,157.87396189956056,6981500
2022-11-11,161.5386199951172,162.09308001055726,159.31210802695708,159.45072633565948,8428300
2022-11-14,161.61656188964844,164.3282110641842,161.29600544981693,161.40863445997672,9722400
2022-11-15,162.91607666015625,163.25395046728346,160.5076401438409,162.11036944662695,7747300
2022-11-16,160.26510620117188,162.71686321795974,159.13018357255174,161.60792987204223,7941100
2022-11-17,160.71905517578125,160.8412810983033,157.38402596317826,158.46659461362333,6550500
2022-11-18,159.7587127685547,160.12539053685697,156.84272863117226,157.98643022761382,7661500
2022-11-21,158.2308807373047,158.63247448516734,153.49897245064807,156.91257259398594,8432900
2022-11-22,162.29051208496094,162.87545127637057,159.83725508222264,160.4221942736323,9018000
2022-11-23,160.8500213623047,161.6444832041925,159.40076161116065,159.95078492769005,5831200
2022-11-25,160.37857055664062,161.7754496858005,160.03808310063155,161.41749757722962,2796400
2022-11-28,155.7165069580078,158.4316809321276,155.36729383762247,157.39275391478532,9365500
2022-11-29,158.0475311279297,158.76343530941065,156.84272327208416,157.3752819148654,6985400
2022-11-30,160.03810119628906,160.06429151727986,156.81655849814155,159.636507393345,10936700
2022-12-01,159.3222198486328,161.12069304737582,158.40551859366923,160.8675021669922,5217400
2022-12-02,158.0475311279297,160.31745626933773,157.08717510926644,158.48405416884464,6852300
2022-12-05,154.14501953125,159.72378365869713,152.46004692807162,159.47933181286427,8162200
2022-12-06,150.1726531982422,155.45458470893604,149.39564271073235,153.22831451432322,8765000
2022-12-07,150.61790466308594,152.41637735148473,149.15991939315464,149.34325159914664,6936300
2022-12-08,151.5084228515625,154.00533537082498,150.19012796222233,153.87438377711229,8076600
2022-12-09,146.67176818847656,151.20288030147398,146.61064855734975,150.42586968143587,10754300
2022-12-12,148.19960021972656,148.87184955902666,146.41859173986907,147.4836959038122,9364900
2022-12-13,151.49966430664062,152.31160397632917,150.58296338471774,151.53459360513483,7838800
2022-12-14,150.45204162597656,152.7132279121664,149.52661485690285,152.33782446953816,7045500
2022-12-15,149.32577514648438,149.61388191189778,146.72410191557188,148.94164611422397,7272900
2022-12-16,147.3003387451172,148.548788271087,145.8860083290392,147.13445785500903,23876000
2022-12-19,148.31307983398438,149.1337453221482,146.89001038869492,148.51387671248403,7131600
2022-12-20,150.7488555908203,151.29013986358936,148.068611220379,148.251943425583,6199100
2022-12-21,152.52113342285156,153.6211799078777,151.176648445361,152.94893075832002,5479400
2022-12-22,150.23377990722656,152.96641856174415,146.95985691409913,152.92276359084377,5755000
2022-12-23,154.87835693359375,155.03551214272824,151.63936369475823,151.99731575625216,6079100
2022-12-27,156.82525634765625,157.34907595169108,154.87835418720064,155.71648420393092,5168000
2022-12-28,154.51170349121094,156.5371769482732,153.5950023717927,156.1530345118216,4494400
2022-12-29,155.68157958984375,156.44985106283417,154.2235809487085,154.2235809487085,4142100
2022-12-30,156.7030487060547,157.1046424504608,155.1402887327155,155.42839554324664,5005100
2023-01-03,151.90130615234375,156.27526261752902,149.7361420842835,155.43713244253357,7565400
2023-01-04,150.28616333007812,152.16320721895565,149.159939661077,149.24723628286955,7684500
2023-01-05,152.99258422851562,153.8219752554775,149.5004002652029,149.72738742703336,6088200
2023-01-06,154.14501953125,156.61574162885668,153.39419934144152,154.54662660461912,7191200
2023-01-09,152.94020080566406,155.6903038590352,152.24177462222903,155.6291842410906,8385600
2023-01-10,153.69102478027344,154.2759773720272,151.66556481880636,154.005321899318,8307000
2023-01-11,152.9576873779297,155.52444526694848,152.17195114814442,155.30618372293839,6962600
2023-01-12,154.59901428222656,155.72523795742788,153.5688128950376,153.64739717319864,6891400
2023-01-13,155.01806640625,155.39348316381353,153.37673544333575,154.60773366552144,5726300
2023-01-17,157.5760955810547,158.3007254435524,155.55934789737665,155.7863484095002,10697700
2023-01-18,154.72998046875,159.22617657109816,154.47680292216594,157.8642265762249,8899200
2023-01-19,156.27523803710938,157.10462909421037,153.79579053024693,154.18865857607108,5907200
2023-01-20,157.93402099609375,158.33562803013166,154.9831344827832,156.10935799638654,10477900
2023-01-23,157.7245330810547,159.37458990167403,157.17450970030555,158.20471116570647,8381300
2023-01-24,157.8729248046875,158.8943871233137,156.01333238477454,158.09991199050685,5989000
2023-01-25,156.34512329101562,157.17451456017105,153.9617107701206,156.52845554251527,6727500
2023-01-26,163.94932556152344,163.96679021403727,160.18649890320097,161.50480707465033,14307800
2023-01-27,156.66810607910156,160.8412650010761,155.3323467303571,160.8412650010761,19654700
2023-01-30,152.08460998535156,155.6990198794077,151.6218966727559,155.40218743767176,11476000
2023-01-31,151.927490234375,152.46004890290055,149.6575649832371,150.81871792679692,14481300
2023-02-01,149.6051788330078,151.6131875085978,148.01622855145254,151.30761604779835,11526400
2023-02-02,147.5535125732422,149.6662824794873,145.6415528561352,149.40437931387396,10463400
2023-02-03,147.93765258789062,149.7710546473149,147.09953582821862,148.29560467061287,8404900
2023-02-06,148.10354614257812,148.5226045582678,146.1217276816027,148.03370085302538,7659500
2023-02-07,151.9885711669922,152.2504876248104,148.0773289142132,148.47893592575107,10256500
2023-02-08,148.4178466796875,151.97115093281164,147.9551332822398,150.58299741884144,9784700
2023-02-09,147.055908203125,148.99407188746778,146.67176573284038,148.61865508364303,10123400
2023-02-10,150.13771057128906,150.80122068638562,149.09878377673908,149.11624842550114,11602400
2023-02-13,149.2996368408203,150.07664748307113,148.21706799908546,149.57029237288282,9442900
2023-02-14,150.44329833984375,151.48221192576435,148.40036050445,148.8368835196121,8077300
2023-02-15,148.85791015625,149.3071083713718,147.5279614316737,149.2014075587242,8885700
2023-02-16,146.7088623046875,148.54965579373427,146.55912060172363,148.13569564881482,6727500
2023-02-17,143.4324493408203,145.18516142422845,142.55168517769437,145.0882768287088,9612100
2023-02-21,141.8030242919922,144.22512563859453,141.5387923663022,142.84231950980697,7259700
2023-02-22,141.23052978515625,142.38432861381372,139.96222732210282,141.1688698468219,6205900
2023-02-23,142.6221160888672,143.4236145993903,141.41547364162201,142.90396703562413,6445500
2023-02-24,143.04490661621094,143.21225395242772,140.17360693037418,141.60045397011058,5330200
2023-02-27,143.406005859375,143.89041532450915,142.613310168497,143.57333973603644,6386800
2023-02-28,141.6004180908203,144.72713267061647,141.16883893516365,144.72713267061647,10854200
2023-03-01,142.727783203125,144.08415360570518,141.441862081202,141.73251576162411,7470400
2023-03-02,143.177001953125,143.99611950888408,142.32265974866547,142.66615719091467,5582000
2023-03-03,145.2908477783203,145.83691720441362,141.2921713503018,141.68851249631768,6007500
2023-03-06,146.35655212402344,146.91143774408582,144.27794854848224,144.74475239287398,7703600
2023-03-07,144.4717254638672,146.7352955141495,144.07538433084372,145.94259980870976,7393000
2023-03-08,143.55569458007812,145.5814405400608,142.13766434445697,143.7670692878947,5435800
2023-03-09,141.3714141845703,145.75762825152003,141.0895767142207,144.260318812457,6214700
2023-03-10,140.631591796875,145.03541197003221,139.75082776224357,141.75016588388687,7385800
2023-03-13,139.7860870361328,141.7589901715157,135.46153174519424,137.7867486114631,10106100
2023-03-14,141.59161376953125,144.46291296952995,139.05502262472598,139.38970380113562,10035200
2023-03-15,135.4615020751953,139.11666719656066,133.88492703350985,137.03806367748908,14063100
2023-03-16,135.89305114746094,136.93235949916715,132.03531454817974,132.25550551496434,12849600
2023-03-17,134.17556762695312,136.8530973756146,132.64304706127845,135.30294432973994,33161800
2023-03-20,136.1485137939453,137.20542800746048,133.25079242989688,133.64714701943427,8469200
2023-03-21,140.3144989013672,140.5435061233384,137.81313257697013,138.42086183621535,9753500
2023-03-22,137.46084594726562,140.97508575760367,137.33752608364028,140.80773844484617,6315000
2023-03-23,136.0956573486328,139.83008811580754,134.88019872529804,138.2975673535772,7859400
2023-03-24,137.45205688476562,137.97170452968564,133.72642813646505,133.96423823000612,6600100
2023-03-27,138.85244750976562,139.5834832861146,137.12615749281503,138.63225649662652,7006800
2023-03-28,140.4730682373047,141.0896004066546,137.9981098784824,138.5265737032928,5605400
2023-03-29,141.67970275878906,142.08486012693814,140.33213486466,141.46831455287747,7569700
2023-03-30,143.02728271484375,143.57335216025967,142.3138659388923,142.9039762775113,6322400
2023-03-31,143.70545959472656,144.19868529173192,142.8158793403348,143.30030223539086,7041400
2023-04-03,149.68585205078125,150.69873880196917,148.77866612751657,149.5537428151187,12868200
2023-04-04,148.8843231201172,150.73393267813938,147.72172176546164,150.73393267813938,7521400
2023-04-05,149.62420654296875,150.1174322785601,147.7393719451627,149.07812367336973,6478100
2023-04-06,147.6600799560547,149.21023320494828,147.20209235014718,149.15738951498912,5803200
2023-04-10,148.22377014160156,149.44803158463293,147.3606251701027,148.39993369608047,5923500
2023-04-11,149.04287719726562,150.0293285239903,148.03000402710308,148.9107679800762,5469600
2023-04-12,149.5713653564453,150.71634793067065,149.26309254683477,150.12623759859332,6157900
2023-04-13,151.57069396972656,151.9053886354565,149.57136909653437,149.95009121668653,6856600
2023-04-14,151.87893676757812,152.2664750535314,150.80440367994086,151.93178045395516,4930700
2023-04-17,150.54019165039062,151.9670251281973,149.92365949574534,151.83491589484223,7006000
2023-04-18,150.18789672851562,151.8349212799239,149.84439927021674,150.45212864399016,8045600
2023-04-19,150.3287811279297,150.3816382528204,148.9371859451342,149.2542614975234,5506800
2023-04-20,149.59776306152344,149.78271596592649,147.98596341191126,148.6377201370915,5851100
2023-04-21,148.95481872558594,150.24954301412734,148.70820585532982,149.58016714334548,7179000
2023-04-24,151.03343200683594,151.8261278019449,148.4792213589605,148.93722247795273,7177600
2023-04-25,148.84031677246094,150.0821838283454,148.34707763152684,150.01173453331864,5807200
2023-04-26,146.189208984375,148.80507921159167,145.52863596617672,148.15332243484718,5927400
2023-04-27,147.04356384277344,147.43110219717036,145.3877364731596,146.58556274763217,6417200
2023-04-28,148.47921752929688,148.79629315128338,144.48935712561305,144.8856982932477,10036300
2023-05-01,147.29898071289062,148.61131051190256,146.52390406852908,147.71294088072986,6099800
2023-05-02,140.95745849609375,145.66074826480718,139.55704702265376,145.60790457741572,10701700
2023-05-03,138.13023376464844,140.54353220798384,138.05096822205036,139.2928353742671,7538100
2023-05-04,137.59295654296875,139.33686554287755,136.88834263774132,138.37683598469377,7500400
2023-05-05,141.10720825195312,141.90869328879924,139.84770872652246,140.30570977571475,5802000
2023-05-08,140.5523223876953,142.9480015710552,140.49947869737582,142.30504760651436,5028200
2023-05-09,140.1471710205078,141.29216697081378,139.0814540484623,139.25760417018796,5019800
2023-05-10,138.35923767089844,141.3098029613725,137.29352057104686,141.3098029613725,6161200
2023-05-11,137.59295654296875,137.68103832089434,135.54077475971283,136.85311799020653,6666100
2023-05-12,137.94525146484375,139.09905013852736,137.01164378810407,138.27994608080397,4898900
2023-05-15,138.45608520507812,139.30162447958844,137.60174312956957,138.48250704746368,5096700
2023-05-16,135.20606994628906,138.29756003074814,135.04753888523547,137.82193996880454,7007700
2023-05-17,137.14376831054688,137.76910322429222,135.60243131102774,136.33345360413463,6169600
2023-05-18,136.9747772216797,137.17934643624085,134.76909658791212,135.96087443614965,7477700
2023-05-19,138.059814453125,139.13598083205574,136.95698106786887,137.75742552948998,8100900
2023-05-22,135.57843017578125,137.7040688544749,135.26713866891558,136.7790969072716,11661000
2023-05-23,139.50062561035156,140.23880630256545,136.82355688827045,137.09037621741737,10436200
2023-05-24,139.87420654296875,141.03041491346664,139.00259558479416,140.47898452603,7064000
2023-05-25,137.46392822265625,138.41558073519178,136.5211782833941,137.5706505339702,7037700
2023-05-26,137.0370330810547,138.41558848704676,136.4856163470565,138.11318596972836,7736200
2023-05-30,136.18325805664062,136.307771990916,134.4845351470984,134.89364654357416,7814800
2023-05-31,133.9597625732422,135.5606654364841,133.7285263261623,134.77799879867723,13346400
2023-06-01,135.3294219970703,136.7346581261766,133.17710242848915,134.5645469792276,9887700
2023-06-02,138.9759063720703,139.4117118240972,136.61903118589936,137.48173951540295,9464300
2023-06-05,138.30886840820312,140.92367404868804,138.0687431668511,140.92367404868804,6443800
2023-06-06,138.5579071044922,138.88699026459028,136.25439283880175,136.37001775216046,6176400
2023-06-07,142.15101623535156,142.48898832849645,139.1893498465195,139.23382200156428,9900000
2023-06-08,141.6262664794922,142.7380023937877,139.7140725643069,142.44450248389427,7142200
2023-06-09,141.28829956054688,142.64906328348545,141.0748413716758,141.66184121282458,6669500
2023-06-12,139.92755126953125,141.70632899330946,138.94921809305444,139.68741247694203,7159600
2023-06-13,140.97703552246094,142.8180771361843,140.7635908630135,140.98593809727004,7660800
2023-06-14,139.71412658691406,142.98708544105716,138.87809868474164,142.28446047178446,7721100
2023-06-15,140.7724609375,142.11543316626404,139.91865527252298,139.91865527252298,7705400
2023-06-16,139.8653106689453,141.62631067787427,139.8653106689453,141.03042167036776,22908100
2023-06-20,136.68128967285156,139.2516368107202,135.4005809624619,138.87808150281646,10438700
2023-06-21,137.7485809326172,138.70912273880435,135.63183064281588,135.78302515337313,7328200
2023-06-22,135.7563018798828,136.60121850073077,135.16041303000065,136.38777388047188,7088600
2023-06-23,134.6090087890625,134.92028674607604,133.52395329902194,134.30660626405344,15172700
2023-06-26,136.9747772216797,137.82859652207216,134.7779855911984,134.84913833048088,7371800
2023-06-27,136.54786682128906,137.59735270404084,135.91640834787614,136.5211862419052,6581700
2023-06-28,137.78411865234375,137.87306296550935,135.3560908980868,136.4678269576729,5773800
2023-06-29,138.9581298828125,138.98481046475885,137.35722711104086,138.2377134572668,5633500
2023-06-30,139.94534301757812,140.45228761255564,139.27830137034658,140.04317633534532,6346600
2023-07-03,139.8208465576172,140.61240220154573,139.36724949549043,139.79415240308143,3272600
2023-07-05,139.0203857421875,140.25663584997665,137.9620107116561,140.25663584997665,6318700
2023-07-06,135.9697723388672,138.59346674390275,134.85803627139475,138.03314742317764,9203000
2023-07-07,137.16156005859375,138.73578224378025,135.15154598890214,135.31162948010862,6602200
2023-07-10,138.07762145996094,138.557885476409,136.89473263954596,136.90362164264786,5167900
2023-07-11,140.63015747070312,140.88808783118654,138.44226854844615,138.7446574936367,5060500
2023-07-12,141.98204040527344,142.6046099077094,140.81694314264385,141.60849870381185,6464000
2023-07-13,140.08761596679688,142.83583749549376,139.25160194835647,142.15989336565463,8143900
2023-07-14,136.5923614501953,139.65186171887618,136.343333620977,139.6429591436191,7065700
2023-07-17,136.46780395507812,137.0903733293086,135.7562902826742,136.38776222931875,4351700
2023-07-18,136.74356079101562,138.8069498158931,135.51619960997647,135.7830190281588,6798300
2023-07-19,137.5795440673828,138.54897452077563,136.3255027078591,136.81466922089973,5653100
2023-07-20,139.10040283203125,139.80302758348816,138.48673595993077,138.88695820556015,5866600
2023-07-21,141.1371307373047,141.26164464401566,139.6874224462427,140.10543632684343,8760100
2023-07-24,143.9208984375,145.89532903752564,142.31109335116605,142.72021815990743,9722100
2023-07-25,144.5790557861328,145.423972517428,142.8892223235424,144.00095843603543,6767600
2023-07-26,143.49398803710938,144.16102964781106,142.7913768450753,143.0848767823036,6056400
2023-07-27,141.9998321533203,144.4990127403132,141.60849887389134,144.16104062244315,6470100
2023-07-28,141.2972412109375,141.41286613603307,139.19828240343685,140.88812982690806,6542300
2023-07-31,145.55738830566406,145.84198569219868,142.85363849309957,143.30723551029155,13056300
2023-08-01,144.34783935546875,145.53961737445664,142.791408584537,145.53961737445664,7531400
2023-08-02,142.06207275390625,143.38726698439166,140.57679504952142,143.34279482908744,7067100
2023-08-03,142.0087127685547,143.8141710066431,141.2794209853301,142.22217097317963,6680700
2023-08-04,141.6885223388672,144.9881606365941,141.44838357183156,142.8892026030498,10185400
2023-08-07,142.20436096191406,143.52955503154925,141.48395827481522,143.2004719790389,13927400
2023-08-08,141.99095153808594,142.11546545797887,138.94035371520954,140.47010391446517,6451300
2023-08-09,142.17770385742188,143.5829398862733,141.68853726968925,143.06709271839136,10531500
2023-08-10,143.04043579101562,144.507922225876,141.96426912005188,142.59574128699742,8647100
2023-08-11,145.99319458007812,146.0109861594288,142.4623192693988,142.74693025501466,6682600
2023-08-14,145.886474609375,146.0821412724061,144.6235438749919,145.65523835806508,6060100
2023-08-15,141.6262664794922,145.33501586106263,141.50175259993088,145.32611328831143,7876500
2023-08-16,141.08375549316406,143.92979705609656,140.94145002226827,142.76469985150518,7920500
2023-08-17,143.44534301757812,145.59141051216295,142.74495370646994,142.93351268177162,8270500
2023-08-18,144.47796630859375,144.85511166697336,142.01762925586155,142.21517636685178,5999200
2023-08-21,143.99307250976562,145.5285496849021,143.1759471493046,144.74733574953527,6802300
2023-08-22,142.8077850341797,144.79223031235713,142.74493661707746,144.1098036477375,6080800
2023-08-23,142.996337890625,143.14001096899693,140.70659787171581,141.99962817422542,4975600
2023-08-24,141.820068359375,143.57104148983873,141.47884816421032,141.63149569851524,5989600
2023-08-25,142.879638671875,143.58901611600453,141.55967103923027,142.8347528120425,5291800
2023-08-28,143.85838317871094,145.28609863244992,142.9694212935836,143.24777935924607,4386100
2023-08-29,143.6339111328125,144.52285939099136,142.86168528849655,144.4869479639771,5374800
2023-08-30,143.83145141601562,144.79224997704227,143.6069673075241,144.19960864228318,5534900
2023-08-31,144.6575469970703,144.78325753413023,143.60694944277267,144.57672231498677,7003700
2023-09-01,147.5309295654297,147.88112415712826,146.04035209248914,146.04035209248914,6663000
2023-09-05,149.47047424316406,150.45819589757343,148.33906579895609,148.41090234314547,9755800
2023-09-06,149.6231231689453,150.35044934625205,148.68028735704326,149.30883999783796,7195500
2023-09-07,149.63211059570312,150.76350544740382,149.30885296644277,150.08107876404134,7925900
2023-09-08,150.14395141601562,151.2933089114685,149.6949832161849,150.33251038714815,7434400
2023-09-11,147.04605102539062,151.38308521888135,146.2468882258502,150.92514261512937,7155100
2023-09-12,149.78475952148438,150.1259797170489,148.2492960442866,148.42888057300746,7521100
2023-09-13,149.23703002929688,150.62883421839516,148.68031383422652,150.32353912441607,5759500
2023-09-14,150.16188049316406,151.3022634068717,150.06310695415914,150.5839116415105,8822800
2023-09-15,149.50640869140625,151.18554535351535,148.94969251496835,149.24601316735618,17439700
2023-09-18,150.1529083251953,151.17655515329656,149.41659398671555,150.73656143629617,7027600
2023-09-19,150.13494873046875,151.7153254095965,149.44353393335035,151.47287876879017,6615100
2023-09-20,149.677001953125,151.31123887160936,149.59619097559224,150.0182221268239,5939100
2023-09-21,148.33010864257812,150.73657149677507,148.20439810096218,150.06311923067082,7150000
2023-09-22,149.308837890625,150.33248466302095,149.00354285532194,149.26393833804048,5963000
2023-09-25,151.49085998535156,151.55370841023532,149.04847181815546,149.35376691369936,5510000
2023-09-26,150.6737060546875,151.22144771729606,149.93739175024785,150.35044845541984,5659200
2023-09-27,153.58299255371094,153.75360261386726,151.58059878230515,152.08344083239646,9124400
2023-09-28,153.17893981933594,154.17564959331173,152.1373304930979,153.14302839837794,7151800
2023-09-29,151.41001892089844,153.098143598403,150.69168082116295,153.08916916765364,7396100
2023-10-02,149.5423126220703,151.36513600473413,148.36601820427964,151.15860078070003,6839600
2023-10-03,149.89248657226562,150.27860627146035,148.61741878450937,148.9855759229133,6168600
2023-10-04,146.39952087402344,148.14151939961138,145.00773064097936,147.89009834451826,9664700
2023-10-05,147.17176818847656,147.93501959716423,144.9179527920726,144.94488978753952,8073000
2023-10-06,145.67221069335938,147.59379394049256,142.76290567889723,147.53991995154644,10190400
2023-10-09,149.70396423339844,151.02393189508214,148.11461289968128,149.39866913242443,8183500
2023-10-10,149.5423126220703,150.31453842555888,148.77008681858175,149.74884784610444,6512900
2023-10-11,144.6575469970703,148.23132972327753,144.1008171603013,148.22235529256645,12570700
2023-10-12,144.77427673339844,146.59708646378527,144.47795608787553,146.59708646378527,7397000
2023-10-13,147.31541442871094,148.01580358594575,145.7350516100769,146.73176136482172,8042800
2023-10-16,148.51866149902344,148.8868186777008,147.12687116742515,148.46478751217717,5446000
2023-10-17,150.4851531982422,151.03289493286638,147.84521807403456,148.00685374562977,7538300
2023-10-18,151.6793975830078,152.3797867982676,150.47616623386108,151.27532898980726,6893500
2023-10-19,151.84104919433594,152.80183400793908,150.41331991960598,151.481866417093,6580200
2023-10-20,149.80270385742188,151.84102294901376,149.14721424170838,151.2214447541064,7458300
2023-10-23,144.28041076660156,147.64767218704787,143.89430470040617,146.6330133959869,16232400
2023-10-24,140.66172790527344,144.639593178109,140.5001059341777,144.4689830743379,17689900
2023-10-25,139.96133422851562,141.34416387772765,139.3327815249744,140.92213269790255,10502400
2023-10-26,138.9556427001953,139.34174873327808,137.94995842665818,139.18910120614623,10830400
2023-10-27,129.6171417236328,135.81289821103786,129.26694703002164,135.33699295308995,24524300
2023-10-30,131.1795196533203,131.49380286015068,129.59018215982002,130.79341359488106,13857100
2023-10-31,130.85626220703125,131.565639605857,129.50935766393687,131.18850797796117,14261300
2023-11-01,129.28485107421875,131.10766047587262,129.14119169436984,131.08072348581226,10819600
2023-11-02,133.5769805908203,133.7924902055413,129.15016182043203,129.78768883250962,11099100
2023-11-03,132.5443878173828,133.3974246266267,131.23339469158762,133.16396610347815,13160000
2023-11-06,131.9966278076172,134.08882089935045,131.71826976433167,133.55005367262902,10634200
2023-11-07,129.6709747314453,130.748495471057,128.62039098271742,130.34442690638008,15054600
2023-11-08,127.86613464355469,129.88649149242602,127.73144966753198,129.19509034694707,12654100
2023-11-09,127.45310974121094,129.22204575258127,127.30943661203624,128.4498198100469,10359500
2023-11-10,128.36001586914062,128.80000967271712,127.26453227772423,128.66531098112927,11988200
2023-11-13,129.30282592773438,129.57220955536792,128.270204673463,128.5395745996761,8747700
2023-11-14,130.2456817626953,130.64975041544827,129.17713521999084,129.73385142149837,11224400
2023-11-15,130.70359802246094,131.67337081414342,129.670976818178,130.0750453893574,10052100
2023-11-16,128.6348419189453,130.21361995374866,127.70027377223829,129.76902790718623,14031300
2023-11-17,131.0756378173828,131.737998686441,129.20648731619767,129.70553201687702,11075600
2023-11-20,131.00303649902344,132.19166132364083,130.90322756783178,131.22987372036403,8062400
2023-11-21,130.6945343017578,130.93045388531934,129.478690053565,130.5039987789307,6783300
2023-11-22,130.95767211914062,131.01211083948004,127.6821419432753,128.60764172418308,7216100
2023-11-24,131.47482299804688,132.41847341295124,130.83968166784737,130.93042207717986,3861000
2023-11-27,130.98489379882812,131.402280403898,129.61480188085582,131.24801890014345,9850800
2023-11-28,132.02833557128906,132.9447668358092,130.71268241420734,131.3659747402837,9746500
2023-11-29,130.5765838623047,132.9175456918145,129.80533175727538,132.8268052635597,16417100
2023-11-30,130.29531860351562,132.4820191153181,128.87077406434986,131.54745077683924,16276000
2023-12-01,131.39317321777344,132.93566335834328,129.3879401885457,130.19548004034684,11906500
2023-12-04,131.44761657714844,132.20071774456792,129.9777159476312,130.65822754945125,11842800
2023-12-05,129.6238555908203,131.62910261524394,129.41516923462785,131.347812845539,9597600
2023-12-06,129.3244171142578,130.68544024856493,128.253752227557,128.75278296743497,18079700
2023-12-07,129.22462463378906,130.6673060168437,127.92712239300337,130.21363158103696,14786700
2023-12-08,130.9395294189453,131.2661756063713,129.8597819148137,130.2136474641046,10821700
2023-12-11,130.975830078125,131.92853542582938,130.4949362289829,131.42042221504127,9849600
2023-12-12,129.29721069335938,130.28621761374697,128.61669905813116,129.90513275942456,9863900
2023-12-13,131.2117156982422,131.27522291732475,128.52595705246685,128.99778232369314,10641300
2023-12-14,136.03883361816406,136.03883361816406,132.33686175407522,132.33686175407522,14960500
2023-12-15,135.51258850097656,135.93904366946148,133.6706710052004,133.6706710052004,30850900
2023-12-18,135.81198120117188,138.02591480565084,135.4853488776054,136.8554407777332,11561700
2023-12-19,137.59039306640625,137.76279158066293,135.63959837834022,136.0660534888554,8738100
2023-12-20,136.32919311523438,138.87884169971932,136.15679458260982,138.0531507513847,9370000
2023-12-21,136.74655151367188,136.82820958750347,135.3945967405993,136.8100587338593,7264700
2023-12-22,137.0550537109375,138.27089791055084,136.78284627272896,137.68112666530354,6396100
2023-12-26,138.28904724121094,138.8334482665835,137.8262904478422,137.98055194232865,5165600
2023-12-27,137.8353729248047,138.79716053105827,137.3181774129257,138.16201907834792,5337200
2023-12-28,135.89366149902344,137.93519671736104,135.55793295959833,137.1730130469461,8148000
2023-12-29,135.3401641845703,136.31102030052674,134.8955582428435,136.1295532909601,7658600
2024-01-02,135.63050842285156,137.4452062058254,135.4127535497237,136.0932652183389,8879700
2024-01-03,138.21646118164062,138.99678179838082,134.90462935167713,135.54885316987657,10255300
2024-01-04,136.70120239257812,140.0493223866748,136.63768131754583,139.42324936728477,8220300
2024-01-05,136.4652557373047,137.9442387307426,135.94807411407515,137.8988685211502,7455400
2024-01-08,135.648681640625,135.83014867983036,132.99922410209342,134.6687430148589,10038200
2024-01-09,132.2007293701172,136.05696211954262,132.10092043927142,136.05696211954262,11784700
2024-01-10,131.11190795898438,132.4910820784872,130.7580424636235,132.4910820784872,8490400
2024-01-11,131.81964111328125,132.6271810438998,131.22078754359697,132.07369768616945,8612500
2024-01-12,133.62527465820312,134.74130991421322,132.62718534304267,134.13338782045014,9386900
2024-01-16,130.37696838378906,132.99920620584638,130.27715944889917,132.93568513589565,9380400
2024-01-17,129.85977172851562,130.67639405554746,128.8798332431048,129.22463025974352,8167000
2024-01-18,128.6802215576172,129.92328506141124,126.68404299599122,129.75088656335765,11187800
2024-01-19,129.06130981445312,129.07037831904665,127.9452607224183,128.5985530243257,11192500
2024-01-22,129.28814697265625,129.442394620943,127.86360258458352,128.76188296053644,9184600
2024-01-23,128.9251708984375,130.0502882482966,128.75277243365628,128.8344443372657,6767200
2024-01-24,131.4929962158203,131.54743493266275,129.0431570425956,129.4786806223801,8100000
2024-01-25,134.80484008789062,134.91371753142798,131.77428407398708,132.67256451830903,9773600
2024-01-26,135.32199096679688,135.4308683855347,133.36211435925748,134.3148333083427,9151900
2024-01-29,135.267578125,135.39460641950046,133.48009965200004,135.276646629948,10494800
2024-01-30,136.21121215820312,136.3836106640568,134.02451183592282,134.4509530806063,9902900
2024-01-31,133.77044677734375,136.44713721034825,133.6887886960439,136.43805486017317,10428000
2024-02-01,134.18783569335938,135.2131444375161,132.94477206198087,134.46004314743286,8641100
2024-02-02,138.134765625,139.16914254840862,135.69399550304271,136.88262003796362,12839100
2024-02-05,138.21646118164062,139.287126250283,136.81913610640916,137.5722373634412,8277800
2024-02-06,138.23458862304688,139.31432201369745,137.7446125411983,138.37068539853632,6198200
2024-02-07,138.0349884033203,139.53210850492167,137.16392739390378,138.84252834604047,6252000
2024-02-08,139.78614807128906,140.00391675840456,137.5994342318588,137.87164162949233,9237000
2024-02-09,137.0459747314453,140.9294408449704,136.9915360114739,140.11281851026195,9194500
2024-02-12,137.98960876464844,138.47050252661828,137.36353587018547,137.57222221999177,6713000
2024-02-13,136.6467742919922,138.8879275830111,135.73942522988082,138.47960942902264,6987100
2024-02-14,137.0187530517578,138.09850046306343,136.17492521639525,137.26374113252734,5995100
2024-02-15,141.67840576171875,142.2562635999837,137.28477152158365,137.50491650518794,8950300
2024-02-16,141.8343505859375,142.88001486837538,141.33902782281726,142.51310652604147,7570200
2024-02-20,141.25645446777344,142.7332270515995,141.10052369757065,142.6048126528372,6977900
2024-02-21,142.57730102539062,142.69654796968035,141.34818973975248,141.7792982348244,6628900
2024-02-22,142.56809997558594,143.66881070302466,141.10050899919813,142.0085911504996,8874900
2024-02-23,141.86184692382812,142.1003268155678,140.56852144251494,142.05446152973934,6561600
2024-02-26,141.66921997070312,142.67820028619187,141.10052960894785,141.75176908848303,6900800
2024-02-27,139.56871032714844,141.14638084737092,137.49571715730409,140.52264380638766,15093800
2024-02-28,139.73379516601562,141.12801842166303,139.22013764975543,139.75214407620138,6715900
2024-02-29,139.43112182617188,140.5593490341173,138.9449806049738,140.25665495365288,9334400
2024-03-01,140.16490173339844,141.57747388061543,139.65124422390767,140.38504666437336,7459100
2024-03-04,136.56011962890625,139.9631076750611,135.45024149767198,139.88055857333197,12503200
2024-03-05,137.21139526367188,138.15616144514817,136.02814917099036,136.51429044898802,6985500
2024-03-06,136.05563354492188,139.79801355662607,135.88135388321155,138.34875752296725,14692100
2024-03-07,137.00958251953125,138.2753915779082,136.16571447931983,136.21157976331256,8739300
2024-03-08,137.47738647460938,137.57828449922292,136.11067941322938,137.00958018043775,7528400
2024-03-11,139.4219512939453,139.49533294784487,137.21137620712398,138.04607677459717,7577100
2024-03-12,139.321044921875,139.94478194459012,138.3120647363587,139.2660121837775,6432900
2024-03-13,141.1555633544922,142.06364564486753,140.47679350143298,140.55935661591835,8065600
2024-03-14,142.81578063964844,142.84329701195088,140.1190641850458,141.0454953729626,9047200
2024-03-15,142.67819213867188,144.0448852198296,141.64169550977812,142.34798169028835,20387200
2024-03-18,142.54978942871094,143.7055190947452,142.1186809191961,143.1184798046153,7242700
2024-03-19,143.65965270996094,143.86144877653808,142.18288003880315,142.44889030661872,7736700
2024-03-20,141.76092529296875,143.4853449848499,141.4673987094294,142.87078944619697,8449100
2024-03-21,142.04530334472656,142.80662235159838,141.6325437375631,142.12785246693505,7899100
2024-03-22,141.86184692382812,142.43053727896435,141.40322205778403,142.24709013177073,5974700
2024-03-25,143.52206420898438,144.2925506114993,142.42136734880302,142.61398195137178,6058700
2024-03-26,142.42135620117188,143.87977977666117,141.85265190429797,143.56791825664186,6677900
2024-03-27,143.41201782226562,143.49456694864662,142.0361430647618,142.0544779843208,7416900
2024-03-28,144.68695068359375,145.09971018651456,143.4303092685944,144.14576280595517,8331600
2024-04-01,145.9160919189453,146.38388425287212,143.95317801366352,145.17312186077666,6285700
2024-04-02,146.5581512451172,147.87899301012726,145.86104653408154,146.80581257508638,8815400
2024-04-03,147.1635284423828,147.63132070098501,146.5031076089925,146.851666936648,7819700
2024-04-04,147.39285278320312,148.5485823372022,146.59485004325992,147.4937508074814,9269700
2024-04-05,148.22755432128906,148.75037936244075,146.631534834804,147.9798929880491,7432800
2024-04-08,147.92481994628906,149.05303282971857,147.0626032400802,148.2733652133938,7253200
2024-04-09,148.59442138671875,149.0805625098378,147.1818632923216,148.45683955795556,6576200
2024-04-10,149.20901489257812,149.3007454658662,147.6863769511664,148.78708784614187,7525800
2024-04-11,148.49354553222656,150.080383510523,146.57649711952152,150.080383510523,7682500
2024-04-12,145.80601501464844,150.30970029785885,144.96213299406335,148.86044412667226,11071000
2024-04-15,144.54937744140625,147.2094099797049,144.33841392847697,146.70491984346552,7236900
2024-04-16,143.34779357910156,144.75118461380882,142.5589582135173,144.28339226761335,5541900
2024-04-17,143.45782470703125,144.65943338001145,142.76072008430256,143.08176302678356,6733900
2024-04-18,144.53103637695312,144.96213084290875,143.4486744946848,144.1366117431719,4979200
2024-04-19,146.7599639892578,147.44790132045745,145.06304630718367,145.61340177059174,7734700
2024-04-22,148.5210723876953,149.23652604673865,145.32904729380036,146.71408932684685,6779200
2024-04-23,149.37411499023438,149.37411499023438,147.31030322399846,147.96154265462832,5597600
2024-04-24,150.03453063964844,150.28217796574918,148.0899518815124,148.48437650550048,7610300
2024-04-25,151.60302734375,151.896553962107,149.20900509773884,150.15377115688122,9702600
2024-04-26,152.16253662109375,153.1623353328387,149.78686349997267,151.55714852189988,9736400
2024-04-29,152.56614685058594,153.28160050894851,151.06185787709023,152.1809036496307,6364000
2024-04-30,147.92481994628906,152.3734712976913,147.63129340965813,152.2358894812178,8457300
2024-05-01,146.42059326171875,148.08998065632207,145.75099081583645,147.475424956388,7713700
2024-05-02,147.42953491210938,148.39264986073016,146.65904855166042,147.1360222969418,8597100
2024-05-03,146.98927307128906,147.36534882947953,144.0448952028005,147.36534882947953,11664500
2024-05-06,148.86962890625,150.44729950778853,147.429540161076,147.429540161076,8430300
2024-05-07,149.20901489257812,149.64929085289606,148.61280815456675,148.87880442330956,6869900
2024-05-08,149.08973693847656,149.5850595374212,148.17248738084908,148.54856305854454,6706400
2024-05-09,151.7589569091797,151.81398965065586,149.26403665738462,149.5300469026786,6683300
2024-05-10,152.09835815429688,152.64869959899414,151.36455556524695,152.30014022006836,5490900
2024-05-13,150.9150848388672,153.09814349972802,149.49334507230756,152.70371886951747,6848300
2024-05-14,150.07122802734375,151.52965173063862,149.53005404880594,150.7408164075028,4924000
2024-05-15,149.5575714111328,150.2455087092557,146.9158877075826,149.63095306913368,7603100
2024-05-16,149.25181579589844,150.09494511515086,148.68664290620137,149.65948334091945,6409400
2024-05-17,150.7156982421875,150.99365465658119,149.34446450528267,149.86330893884394,5497900
2024-05-20,149.29815673828125,151.02146978103534,149.23330824383828,150.76204752835858,4913800
2024-05-21,148.214111328125,149.59461916308248,148.00101754737648,148.77928415854922,4783300
2024-05-22,145.99049377441406,147.79718923738193,145.01765340590822,147.79718923738193,6260500
2024-05-23,145.4067840576172,146.94479724913162,144.84161121675706,146.31476178741786,6718400
2024-05-24,146.15724182128906,147.28758738982518,145.74031432345657,146.4629924230192,4477700
2024-05-28,147.35244750976562,147.7045265585074,146.34255292384282,146.50005825158263,6928300
2024-05-29,145.36973571777344,146.8429006291119,144.94354808961293,146.40743883243573,5909600
2024-05-30,146.62977600097656,146.8150897007896,145.2863365020344,145.3234048969772,6369600
2024-05-31,150.37289428710938,150.63231650551995,146.8614060335261,146.97259708245247,10334200
2024-06-03,145.88856506347656,149.79843214287024,144.96205319479245,149.62240676327755,9009900
2024-06-04,144.6562957763672,144.8601295088844,142.7847379311858,144.2764225350898,6360500
2024-06-05,143.59080505371094,145.48089717757935,143.17387754144409,144.68409640721308,7058500
2024-06-06,144.4709930419922,144.5543898570273,142.11765904850836,143.1460878177455,5215100
2024-06-07,144.6099853515625,146.10167014107807,143.72980183568816,144.26718045760467,5887700
2024-06-10,145.22149658203125,146.57419619076433,144.83236323688402,144.91574592424743,7074700
2024-06-11,144.98985290527344,145.23074091076313,143.1275549307944,144.69336231010175,5132000
2024-06-12,142.8866729736328,146.04608209210002,141.2004144514772,145.91637098558422,10017400
2024-06-13,141.60809326171875,142.76623328277597,141.04292036594478,142.46975678886005,6163000
2024-06-14,141.3579559326172,142.02503162895687,140.8020430253062,141.8768004394661,6159100
2024-06-17,141.93235778808594,142.61796753435624,140.76494376614562,141.29306232606135,6321400
2024-06-18,142.0620880126953,144.48954495188474,141.6080920388788,142.26592178563732,6942900
2024-06-20,145.12881469726562,145.84223277572272,141.98794011120094,142.41414177997305,8336000
2024-06-21,143.8687744140625,146.0831374082804,143.81318595907425,145.27707653604995,21289800
2024-06-24,147.6026153564453,147.81570914481907,144.71190261867858,144.78602527060212,7971600
2024-06-25,146.81507873535156,147.64893377242905,146.0831264331297,147.426565831732,5985400
2024-06-26,144.48951721191406,146.81507095560994,144.3412719259716,146.81507095560994,8637800
2024-06-27,144.83238220214844,145.40681519580693,144.2023466055155,145.18444719626828,5568700
2024-06-28,144.92498779296875,146.92625686360168,144.6933598210191,145.94415652452702,11283400
2024-07-01,145.01766967773438,147.03745915592793,144.51734525495763,145.61063682281846,5584100
2024-07-02,145.23074340820312,146.1294611012786,144.02627508514271,146.09239270751982,7216800
2024-07-03,145.19369506835938,146.14800125350982,145.05470979227547,145.4067888600807,3264200
2024-07-05,142.97006225585938,145.0454541933748,142.38635518086576,145.0454541933748,6183100
2024-07-08,142.9886016845703,143.86878527571977,142.05282963423585,142.05282963423585,4990700
2024-07-09,141.73779296875,143.38698309498028,141.15410005859115,141.75632716608132,5301600
2024-07-10,143.7298126220703,144.0170290831517,141.10778193751722,141.2930815120099,5416600
2024-07-11,143.85025024414062,145.16589560789214,142.88668396979142,143.60936220991618,8322500
2024-07-12,144.156005859375,144.9435467535389,143.20169958289037,144.68412451162766,6446300
2024-07-15,146.42596435546875,147.79721242643913,144.87869086301194,145.41606957123778,5661200
2024-07-16,146.17578125,146.6760914378219,144.67482241163597,145.4716231829443,6924200
2024-07-17,149.38150024414062,149.61312820451187,146.65755316818294,146.85212687537222,7296600
2024-07-18,150.067138671875,152.2073789715884,148.46427698891065,149.38151475310204,6577700
2024-07-19,147.45437622070312,150.7434965829635,146.76876640226888,150.53966281600984,6427700
2024-07-22,145.453125,147.29687484509398,145.32341388457905,146.59273080958764,5577300
2024-07-23,142.7662353515625,145.09178959551326,142.5346073439946,144.86016158794536,6238700
2024-07-24,143.67422485351562,144.25791780909844,142.14547154734296,143.3221457640726,5971700
2024-07-25,145.9626922607422,146.6297820226033,143.25727895428363,143.95216294476805,5432100
2024-07-26,146.2406463623047,147.35245790193537,145.51796815467222,146.13872947982057,5232500
2024-07-29,145.09176635742188,146.62050530754448,143.47963059346853,146.62050530754448,5072000
2024-07-30,147.84353637695312,148.32531246976367,144.94354910170094,144.9620833014097,5740900
2024-07-31,148.67738342285156,149.80772920640618,148.28825007502232,149.80772920640618,6209200
2024-08-01,141.4042510986328,147.77865792037358,140.85761243410985,147.04671969096407,16689900
2024-08-02,137.63336181640625,140.86687968106827,136.21579957309712,140.02376449702294,13278600
2024-08-05,134.0292510986328,135.05768015129578,132.87111091038412,134.82605211364606,13037200
2024-08-06,132.70428466796875,134.4275972270798,132.60236780177325,133.871698614835,9692700
2024-08-07,131.944580078125,135.02059263111377,131.82412899161636,133.95510946376513,8867900
2024-08-08,133.87173461914062,134.1774852999576,132.22254425894164,132.55608917097356,7531100
2024-08-09,134.3349609375,135.37264970650048,132.66723674628554,133.61228281088194,7653100
2024-08-12,134.36277770996094,135.95637952260466,129.4244669244076,135.12251021834138,8442200
2024-08-13,133.5567169189453,133.92733025073778,132.53756206578538,133.49186842178977,7794800
2024-08-14,134.0384979248047,134.566616584592,132.88961788176965,133.77907567919226,5874200
2024-08-15,136.01194763183594,136.6790373204554,134.7889451568838,134.8908620297965,6304200
2024-08-16,136.44740295410156,136.77167361639,134.9371841273893,135.31705737566458,6874400
2024-08-19,137.5623016357422,138.40548920173407,136.68163080709337,136.794052003712,5967400
2024-08-20,135.55738830566406,137.26250522434398,135.435589134445,137.09387341405053,7497600
2024-08-21,136.14761352539062,137.3842895543131,135.4262108360416,136.25065675676464,5985000
2024-08-22,136.53172302246094,137.0938575832149,135.96960275738266,136.1757178099474,4027000
2024-08-23,138.3024444580078,138.74277991303805,137.08450992691382,137.28124703918337,4824100
2024-08-26,139.12689208984375,140.61653012974244,138.23685759217526,139.56722750475862,5780300
2024-08-27,137.6747283935547,140.11062592031118,137.47799129152514,139.2861656566687,5100000
2024-08-28,136.78469848632812,137.8527428204902,136.29751610536803,137.1969286320884,5614400
2024-08-29,138.1150665283203,138.82709130905943,136.26004519450203,137.21566831008954,4466700
2024-08-30,138.61160278320312,138.73340194202694,136.50361959499588,136.99080193461526,6414800
2024-09-03,135.529296875,136.56923603194315,135.173277289262,136.36312093448208,7944700
2024-09-04,133.10275268554688,136.3443544536694,132.7279915331468,135.51053054613402,9820700
2024-09-05,132.03469848632812,134.1333181220933,131.72554018193608,134.1333181220933,9371100
2024-09-06,129.8142852783203,133.1402171274813,129.16783482111984,132.1658667557119,7836400
2024-09-09,131.44448852539062,133.05592598654994,129.7955677954536,129.88926167171945,9892300
2024-09-10,129.50511169433594,132.17522939796976,128.43706747201753,132.00658331251125,8202500
2024-09-11,129.17723083496094,129.7393511794879,126.82564902897157,129.48640345750576,9534000
2024-09-12,130.42327880859375,130.6668628501021,128.74625293211375,129.50512465342536,6591500
2024-09-13,131.7349090576172,132.59683832717914,130.89172142095453,131.04161159711688,5900700
2024-09-16,133.12149047851562,134.13332422596423,132.16588163010084,132.74674359235422,6864300
2024-09-17,134.35816955566406,135.0420889980392,132.79357928015258,132.8497898787483,7338800
2024-09-18,134.8734588623047,136.4099438574297,134.15205614820246,134.27385531044314,6180300
2024-09-19,135.83843994140625,137.515451364827,135.78221504878664,136.6066752590989,7247400
2024-09-20,136.48487854003906,136.70037155974106,134.38627330637493,136.06328475975303,23162900
2024-09-23,138.22747802734375,139.05193824923774,136.737840004702,137.01890728904547,6960600
2024-09-24,138.14317321777344,139.6890362578918,137.63726350189285,139.482921185876,6014200
2024-09-25,134.8828125,138.10568671247182,134.44247711075673,137.6747149905214,7888400
2024-09-26,133.02780151367188,134.1801616881604,131.75364217672453,132.00658987397173,8046200
2024-09-27,136.30690002441406,136.569225711235,133.82415537286747,133.95531821627793,8049200
2024-09-30,137.97451782226562,138.17125489648745,135.17323749200912,136.19443471334046,7491700
2024-10-01,140.2511444091797,141.01939402835202,136.26939841124823,137.11260025880392,9489100
2024-10-02,141.42227172851562,142.6683259461605,139.83893957003696,142.10619127954473,8105400
2024-10-03,141.7033233642578,142.565252607422,140.5509631505975,141.75953396555684,6553300
2024-10-04,141.22552490234375,142.87443122445757,140.66339027433722,142.85568959134335,7892400
2024-10-07,141.58151245117188,143.10863370625415,141.17866031150083,141.93753195743048,5895900
2024-10-08,139.36111450195312,140.1574694459491,138.40549142829323,139.78270829173132,5892700
2024-10-09,140.2042999267578,140.87885569830647,138.05884774757956,138.1993742434538,4973500
2024-10-10,141.1130828857422,141.9843900893662,140.3916944444343,141.16929348681276,4420900
2024-10-11,141.86256408691406,142.71512949700792,140.766414686368,140.88821382943112,5051300
2024-10-14,142.19985961914062,142.31228081400343,140.70084364114916,141.01939418605355,4214700
2024-10-15,138.40548706054688,140.49474290322865,138.24621893590907,139.40795703380797,6704600
2024-10-16,139.34239196777344,139.6234592980391,138.8552238440364,138.98638669206994,4303700
2024-10-17,141.65646362304688,141.77826277863318,139.56722212150225,139.83891143510763,6593100
2024-10-18,141.23487854003906,141.54405113391635,139.95135552858684,141.30046710344172,5208200
2024-10-21,141.356689453125,142.85569131981714,140.99130622920305,142.40599218937726,5074000
2024-10-22,141.39414978027344,142.10617455124813,140.7383356102077,141.70332238094946,4416400
2024-10-23,140.98193359375,141.4691160092871,139.86704224650077,140.86951238080997,5248600
2024-10-24,140.95382690429688,141.89070845805847,139.95137107552455,141.59091379460733,5474300
2024-10-25,141.2910919189453,142.51840435486622,140.96319198251146,141.83448488593257,6839900
2024-10-28,141.0381317138672,141.18803618163471,138.80836351245213,138.89267941469254,8892000
2024-10-29,139.14564514160156,140.92571428303805,138.53666358587427,140.56969473647985,6014700
2024-10-30,138.70529174804688,140.20429338490882,138.33990858014627,139.67027842982736,5784000
2024-10-31,139.42669677734375,140.12935782717955,138.555389641796,139.37047188498934,8400900
2024-11-01,143.408447265625,146.08791442996161,142.12490998623852,142.85567635754418,11728000
2024-11-04,144.2516632080078,144.67325707504568,142.98686731121524,144.67325707504568,6130000
2024-11-05,143.72698974609375,144.9074552518701,142.92127111005306,144.77629241789495,5978900
2024-11-06,147.7649383544922,148.59876224448132,146.26592236778825,147.1840764500905,12118900
2024-11-07,146.8749237060547,148.03664767177938,146.52826781359482,147.97107339742936,8143200
2024-11-08,147.02481079101562,147.63379235940167,145.84434521648393,146.71565246809922,6041500
2024-11-11,146.62193298339844,147.9710444304259,146.05979844857865,147.22153648255787,7771700
2024-11-12,145.4883270263672,147.5307362028583,145.32905888117622,147.37146805766736,5681900
2024-11-13,148.7018280029297,148.98289530295327,144.77629235788223,146.21909782668752,8824000
2024-11-14,151.5874481201172,151.61555342490433,149.60124937585846,149.7511538651759,10111200
2024-11-15,151.23141479492188,152.13082735345014,150.61306955441356,151.3251086661544,9022800
2024-11-18,152.1494598388672,152.86876239711148,150.5499907809177,151.96017501251583,6075400
2024-11-19,151.0515594482422,151.83709053387705,150.2470811113599,151.41119618438157,4657400
2024-11-20,152.68893432617188,152.7930431452333,151.22195167267228,151.3449933065193,6391300
2024-11-21,152.9728546142578,153.93821145632248,152.6510545587313,153.34196504010725,7945200
2024-11-22,153.66375732421875,153.90036695212365,152.51856037089658,152.85927881273986,7005900
2024-11-25,151.7708740234375,154.43036382044596,151.2692627883472,153.46499253490205,10702400
2024-11-26,153.8246307373047,154.2126739440887,152.75515073277936,153.61641313568907,7369500
2024-11-27,153.42713928222656,155.85947861411427,152.95392005236855,154.04231850444006,7674500
2024-11-29,153.25677490234375,154.03286138162673,152.05480844029086,153.55964214543127,5077000
2024-12-02,153.52178955078125,154.22214477135495,151.53426300041264,153.59749191935282,6229600
2024-12-03,153.24732971191406,154.45876991188916,152.74571843105747,154.25055227362722,5900100
2024-12-04,149.84014892578125,153.17160201841273,149.40478086537203,153.1621428324384,7862700
2024-12-05,150.79603576660156,152.0642597882766,150.19031575315196,150.7581701424148,6358400
2024-12-06,146.92510986328125,150.3228204255666,146.85885224000046,150.24710361674767,9701700
2024-12-09,148.6665496826172,151.50586496049414,148.42048089080942,148.59083287555995,9404500
2024-12-10,148.59085083007812,150.97587999530361,148.3069163796812,150.54051191249422,9126200
2024-12-11,147.84315490722656,148.75172772140422,147.45511168128397,148.45833411596135,13764700
2024-12-12,146.4235076904297,148.1460182626245,146.00707243694146,147.52136538239213,7621500
2024-12-13,145.6284942626953,146.6601232520408,144.87135498008308,146.57493280746672,5816200
2024-12-16,141.36004638671875,145.6474113770534,141.25593758035612,145.6474113770534,11961200
2024-12-17,140.177001953125,140.68807237114527,139.04127868079834,140.07289314407393,11909300
2024-12-18,136.36285400390625,140.70700303602638,136.26820438203026,139.84574057807092,10174500
2024-12-19,133.58978271484375,137.0064261295859,133.4004979113396,136.8266149532351,16544300
2024-12-20,135.19873046875,135.19873046875,133.02191927249024,133.2774616826978,32209200
2024-12-23,135.31231689453125,135.6719681548346,133.958902295999,134.8485568189562,8156500
2024-12-24,136.13571166992188,136.3249964834226,134.6403370927067,135.43535641581863,3556100
2024-12-26,136.26821899414062,136.58054545001664,135.2460636225935,135.97482535297092,4492600
2024-12-27,136.28713989257812,137.90555603306467,135.7098118473174,136.56160069504404,5296500
2024-12-30,135.40696716308594,136.26821524821358,134.72553026745348,136.08838961721253,6194800
