Price,Close,High,Low,Open,Volume
Ticker,GS,GS,GS,GS,GS
Date,,,,,
2019-01-02,145.39166259765625,145.5775972804355,138.05574109895082,138.88398738841514,3999400
2019-01-03,143.2618865966797,145.17194071291235,142.23079886030948,144.23382032641197,4060200
2019-01-04,147.9440460205078,148.74693884987,144.60569400620466,146.20303277687697,3788300
2019-01-07,148.76380920410156,150.29353380886718,145.59448599665598,148.09613122663458,3152100
2019-01-08,148.2144775390625,150.52175451505911,146.12694859659587,150.25129936487187,2692700
2019-01-09,149.1441192626953,150.17520673536788,147.82568292609986,148.83141684583856,3321400
2019-01-10,148.7468719482422,150.49634418908022,148.32429560748014,148.45952313156556,2808700
2019-01-11,149.53292846679688,149.6258958215695,145.72129271314515,147.98630967669024,3182700
2019-01-14,151.04574584960938,151.73876460670215,147.14114309932526,147.49610581335003,3361700
2019-01-15,152.05148315429688,152.11909694352101,149.08498779614158,150.70769294549768,2911800
2019-01-16,166.562744140625,167.46705108689468,156.86039193169452,158.0436008976578,15194200
2019-01-17,168.2615203857422,168.86158473531714,162.97086684864055,165.6077402811112,8177000
2019-01-18,171.17724609375,171.5660220642971,166.41904449741025,169.35172580772695,5650900
2019-01-22,167.06985473632812,170.27299213267585,165.5823899574515,169.4531926130415,4648500
2019-01-23,166.41062927246094,167.41636345858942,164.40762068409515,166.95998648889022,3410700
2019-01-24,167.17123413085938,168.76011269886916,165.4471151175606,165.8358910977386,2631800
2019-01-25,169.656005859375,170.0363221032653,168.540397788219,168.88691358874567,3275000
2019-01-28,168.79396057128906,169.08976928386383,166.5796638067962,167.33184947155985,2369600
2019-01-29,169.45318603515625,170.69556204674583,167.23042939335775,168.1854564638209,2694100
2019-01-30,171.12655639648438,171.81112818538458,168.73477213056705,169.79121326060067,2773300
2019-01-31,167.3487091064453,171.01668223083362,166.4528491599388,169.115088341963,5604500
2019-02-01,166.1063690185547,168.7263485411991,166.1063690185547,167.34029810305466,3174200
2019-02-04,167.10365295410156,167.1374534000108,164.62734794687736,165.4809607342193,2400200
2019-02-05,167.3487091064453,168.464317044667,166.3767884994261,167.44167643463047,2601000
2019-02-06,166.17388916015625,168.2360634319392,165.50622432429427,166.64717252167932,2063100
2019-02-07,163.1737060546875,165.54858406911876,161.4664932775613,165.04148707915664,2948800
2019-02-08,161.99044799804688,162.79334064015399,159.0746731946004,162.0327082204755,2757500
2019-02-11,161.70310974121094,163.38496869467954,161.48337462456087,163.0130993464947,2056500
2019-02-12,164.37379455566406,165.3541621329637,163.11451207377445,163.15677229859142,2392900
2019-02-13,164.5428009033203,167.99947276464707,164.46674024626617,165.5823352377518,2757300
2019-02-14,162.71728515625,164.06953494094947,160.10576581675898,162.4468429369159,2865000
2019-02-15,167.76287841796875,168.09248758768499,163.19905716097287,163.29202451120113,3065400
2019-02-19,167.90650939941406,168.2361184837615,165.32034383053292,166.20775687177863,2558200
2019-02-20,167.84735107421875,168.4389554544384,166.92612472215356,167.95721216882563,2266000
2019-02-21,165.95423889160156,168.56575849253113,164.84709055634727,168.16008867491368,2785900
2019-02-22,165.64999389648438,167.12901169913155,164.97386889321473,166.15709087293956,2626600
2019-02-25,167.88955688476562,170.29824692523678,167.0951242826222,167.34021285953787,3032200
2019-02-26,168.10092163085938,169.50387866491747,166.11481987648622,167.7375120415611,2499800
2019-02-27,168.10093688964844,169.6198643967373,167.26933285184833,168.4403581247696,1804200
2019-02-28,166.91294860839844,168.35550838297252,166.32743593006109,168.05002407027874,2964300
2019-03-01,168.18582153320312,170.93518073618125,167.53242192098347,168.65253554193146,2580500
2019-03-04,166.3019561767578,170.41750633528108,164.74907888853426,168.7033994400922,2683600
2019-03-05,166.3189697265625,166.4717054224516,163.7732712103396,166.19168997998827,2338600
2019-03-06,165.24974060058594,167.64268988765127,165.07153605086822,166.23406727893297,2247500
2019-03-07,163.57806396484375,164.155082603373,161.2954194575375,163.88354822879717,3567800
2019-03-08,165.674072265625,166.1238113231513,160.98150213853532,161.56700194973706,3162700
2019-03-11,166.29345703125,168.83915467877875,166.0897965581361,167.36264538190048,2669000
2019-03-12,166.853515625,167.50690203975572,166.05586161416787,166.31891496921082,1977400
2019-03-13,167.37965393066406,168.80523868441978,166.76020433752666,167.80393695710427,1904500
2019-03-14,167.5663299560547,168.440351904903,166.91293050707938,167.43905023460675,1482300
2019-03-15,168.2366943359375,168.73735812790505,167.04022608919578,167.30327948350134,2985200
2019-03-18,171.80918884277344,172.9802142691853,168.79677643088712,169.01739896782468,3354900
2019-03-19,170.66357421875,175.18643214021253,170.3750649125923,173.8541903746676,3284900
2019-03-20,164.893310546875,169.99318628405135,164.59630734110624,169.99318628405135,5033500
2019-03-21,165.11398315429688,165.93709325660782,162.71253968496694,163.68838546081665,4031500
2019-03-22,160.34506225585938,164.37575138929407,159.3437474854932,163.4932353596739,5703100
2019-03-25,159.96319580078125,162.4579822836931,158.25758254830282,160.65902623940195,3751000
2019-03-26,161.81309509277344,163.2726300317949,160.11596264722223,161.25303827819923,2910100
2019-03-27,161.25299072265625,162.59372651301294,160.1583463152611,161.73667954207704,2343800
2019-03-28,162.22885131835938,162.84831385784506,160.62506200084934,161.85549313253793,2343400
2019-03-29,162.9162139892578,163.8666038999719,162.1949276082464,163.50171373547823,2632800
2019-04-01,166.94688415527344,168.09244051835424,164.2908683578433,164.6218085891453,3562600
2019-04-02,167.591796875,167.81241938932033,165.80980296949798,166.5226083005531,2247000
2019-04-03,170.44297790527344,170.63814447197726,168.47429844744062,169.07678604216593,3227900
2019-04-04,171.60549926757812,173.35354316314712,170.1374837069434,170.3920560976191,2582300
2019-04-05,171.73280334472656,174.38032530820672,171.46125599047704,172.58136940462052,2447100
2019-04-08,171.86851501464844,172.7934615964597,170.71446498468754,172.08065646906707,1891500
2019-04-09,170.2393341064453,171.0624442944327,168.74586236799902,170.75695996746737,2400900
2019-04-10,172.24191284179688,172.40314244393142,169.94230636907758,171.24061123625006,1907100
2019-04-11,172.11463928222656,174.3378780065033,171.0454508087073,173.30262647502576,2802100
2019-04-12,176.36595153808594,178.17340123283705,175.11855850200268,175.65315921692104,5096600
2019-04-15,169.6368408203125,174.58398240642518,169.4586362540633,173.20081561248446,6617200
2019-04-16,171.2746124267578,172.20804050080173,169.0683478987988,169.39079427593734,4852600
2019-04-17,176.41685485839844,176.92599960484213,171.22363541626342,171.37638401943204,4195300
2019-04-18,174.7282257080078,176.38292679509775,174.08330727030855,175.72952735883015,2874300
2019-04-22,173.6166229248047,174.456695046473,173.22627683584147,174.05786795813103,1591400
2019-04-23,173.22628784179688,174.11728486061918,172.03830044876145,173.3196306332562,2120900
2019-04-24,170.17140197753906,172.70013771320038,169.48406566179673,172.25887981431967,4606100
2019-04-25,170.90118408203125,171.8855237314946,168.94949267634726,169.45862449814288,2075300
2019-04-26,172.32676696777344,172.3607039070956,169.98472971189668,171.1811978073046,1543100
2019-04-29,175.5852508544922,176.50170356136982,172.48799056257826,172.6831570900902,2997000
2019-04-30,174.7367401123047,176.4932782584726,173.23477440083974,175.60228121105808,1833000
2019-05-01,173.7269287109375,176.8496585963794,173.13293504873383,175.1440325007987,1981800
2019-05-02,173.9475555419922,174.99128813577298,172.36072825762426,173.47234768772842,1514700
2019-05-03,176.09445190429688,177.1381846482556,174.5245993401534,174.81310872497255,1897600
2019-05-06,175.1694793701172,175.636193276268,171.1642596204788,172.08919348570214,1927800
2019-05-07,171.9449462890625,173.10747765739225,170.57026045590513,172.54742094566484,2839500
2019-05-08,170.5193328857422,172.42860636083333,170.39205316663856,170.90118499114254,1817600
2019-05-09,171.09634399414062,171.5969947600903,167.93967785763994,169.2973755084232,2333400
2019-05-10,171.45277404785156,171.4952049402309,168.8561639905572,170.54480215367727,2089400
2019-05-13,165.44488525390625,167.9311769859901,164.6217753413525,167.9311769859901,3605600
2019-05-14,166.55648803710938,168.1263398883683,165.38546313296843,165.4618438926934,2463300
2019-05-15,166.6583709716797,167.66816666669186,164.12964770850084,165.16489934976622,2271100
2019-05-16,168.98341369628906,169.7131808920484,166.84502399158455,166.85351793740557,2008100
2019-05-17,167.5323486328125,168.94097104363817,166.57347803226378,166.57347803226378,1928300
2019-05-20,167.3711395263672,167.82935940630816,165.95403605466296,167.24384687498682,2483400
2019-05-21,168.9579620361328,169.1361665777437,168.01605334039195,168.57610995906782,2327600
2019-05-22,165.91162109375,168.42336909909122,165.86070920754685,167.5408661926957,2427200
2019-05-23,162.8992156982422,163.77323764047634,160.8541685351901,163.77323764047634,3184100
2019-05-24,163.7732391357422,164.68121097712185,162.65312579289136,163.6798963571713,1637200
2019-05-28,160.75233459472656,164.0362806564909,160.70990370788462,162.9246613409112,3040000
2019-05-29,160.29205322265625,160.80347977333568,157.62406651103217,160.02781422050464,2815800
2019-05-30,159.71241760253906,161.41719874962348,158.55316590226377,160.32613985600528,1919300
2019-05-31,155.55279541015625,157.59852804387816,155.39935830907913,157.49624531412735,2640100
2019-06-03,156.1494140625,156.40513380770787,154.05252775953136,154.87934756538374,2857800
2019-06-04,161.85189819335938,161.94566166044385,158.29743167897746,158.6980432131249,2420800
2019-06-05,160.62448120117188,162.0905940230857,159.4055559218892,162.03945266988256,1967800
2019-06-06,161.79225158691406,162.58498157829072,159.66127516749535,160.30056809332098,1653500
2019-06-07,161.79225158691406,162.47416664241763,160.69267347733108,161.85192516975277,1838600
2019-06-10,165.46609497070312,167.92098459280444,163.1475909957077,163.1475909957077,2372000
2019-06-11,165.98602294921875,167.17084539902973,164.94610534504523,166.471891849105,1632200
2019-06-12,162.14173889160156,165.406396408477,161.80930708212588,165.03134246825869,2059400
2019-06-13,163.190185546875,163.87210066066692,162.01389530719413,162.30370500345978,1411400
2019-06-14,163.3691864013672,163.80390092739756,161.36606327795104,163.05379303327604,1403900
2019-06-17,162.66171264648438,164.7074450459887,162.58500060795407,163.67605962188298,1155600
2019-06-18,166.19912719726562,168.0317749196089,162.52532553475254,162.52532553475254,2363000
2019-06-19,166.76170349121094,168.44091408449006,166.03716624809903,166.51451592963156,2196800
2019-06-20,166.81285095214844,168.93530839557425,165.03135757943627,168.34715675423644,2749300
2019-06-21,167.01739501953125,169.0631269969689,165.33818471041877,166.5059555219485,3365500
2019-06-24,168.338623046875,169.92407007155376,167.0941270571268,167.52032235401413,2069800
2019-06-25,167.1196746826172,168.36417050070472,165.37227160511918,168.34711904937572,1828300
2019-06-26,167.929443359375,168.6624996905859,167.17081635434425,167.49472889799102,1649900
2019-06-27,169.89846801757812,170.1456555212852,167.71633757509215,168.40678475395507,2239200
2019-06-28,174.3991241455078,175.45608017861062,172.9841526102492,173.46148927119222,4854900
2019-07-01,176.32553100585938,178.87418374073812,175.37085763653053,177.2972558300546,2465700
2019-07-02,175.57542419433594,175.85671467241215,174.02407995923448,175.08103605163677,1621400
2019-07-03,175.62657165527344,176.78582351136055,174.93613727893657,176.7005922464194,978800
2019-07-05,177.21206665039062,177.94512336013196,175.76300469107497,176.32558581850617,1511400
2019-07-08,175.37937927246094,176.657965269587,174.4928987039579,175.89933809821684,1853900
2019-07-09,177.1011962890625,177.24610112839477,173.49557473354577,173.6745824800434,1812100
2019-07-10,175.56692504882812,178.14114877368092,175.29415376381957,176.5983105799463,1779800
2019-07-11,180.15277099609375,181.20972708920755,175.5924757675131,175.76295129803637,3691600
2019-07-12,182.3604278564453,182.57352548402244,179.67538994510514,180.70678818541518,2626000
2019-07-15,180.34877014160156,182.92299290200978,178.82298397643558,182.50531690574368,2600200
2019-07-16,183.70724487304688,185.2500699385839,181.17564348705582,183.09352253665816,5283700
2019-07-17,181.81495666503906,183.9288821656523,181.69562247564437,182.26672273963683,2583500
2019-07-18,182.85482788085938,183.97145744141434,180.49370237096625,181.3120030372561,2858100
2019-07-19,182.0024871826172,183.92036648182486,181.85758230745122,182.4286825824411,1822300
2019-07-22,182.4115753173828,183.1446317010657,180.9710332256672,181.90013579148408,1907100
2019-07-23,187.04005432128906,187.52592318354132,183.2213482546296,183.2213482546296,3330600
2019-07-24,189.25625610351562,189.30739745097873,186.35813369140382,186.8866116237845,3180000
2019-07-25,187.50888061523438,189.03466707340726,186.01719706468515,189.03466707340726,2776700
2019-07-26,189.35006713867188,189.4353114101538,187.84133197730034,187.9095247931959,2304500
2019-07-29,187.79867553710938,189.34150021453004,187.69637983581183,188.37829481652747,1372800
2019-07-30,188.71923828125,189.22215852592967,185.250015952555,186.23879198485741,1644600
2019-07-31,187.6367645263672,189.21367948029493,186.68207812050406,188.58291870130367,1991100
2019-08-01,180.36587524414062,187.48332970325296,179.64985717948971,186.9719030930163,3070100
2019-08-02,178.4650421142578,180.34883134127836,175.0043378482398,180.34883134127836,2503000
2019-08-05,171.9101104736328,175.4390196437134,170.1200982204545,175.4390196437134,2794200
2019-08-06,175.60096740722656,175.6521217641522,171.23673208043726,173.51261322185812,2349400
2019-08-07,175.370849609375,175.55837658497376,169.66835432059563,171.42427690443083,2454200
2019-08-08,176.4449005126953,177.12681577297192,173.49562253974094,176.58980539195568,2342200
2019-08-09,176.35960388183594,177.55295848472923,173.76834226964826,175.26854499181502,1790100
2019-08-12,171.77377319335938,174.01555183369274,170.8872796040032,173.27397610537423,1479300
2019-08-13,173.98146057128906,176.10391802675804,170.67418060207223,171.765239621648,2115900
2019-08-14,166.6935272216797,170.4014320584733,166.26733186142528,170.3076685589593,3025100
2019-08-15,167.2219696044922,167.8953654135365,165.1165769402702,166.9918335237329,1981900
2019-08-16,169.98373413085938,171.04922239489778,167.92095041245483,167.94652109027587,1878700
2019-08-19,172.35336303710938,174.27124173486604,172.02946347920576,173.7257123144287,1646100
2019-08-20,170.4610595703125,172.1743729102224,170.2223912553958,170.65711876263154,1545600
2019-08-21,171.0577392578125,173.05234314546453,170.62302473440607,172.8136748181298,1160800
2019-08-22,172.54086303710938,173.41882410772814,171.2537582166987,172.42152890148486,1275900
2019-08-23,167.2390594482422,172.0806455818377,166.37814948902496,171.16858125315028,2200500
2019-08-26,170.17979431152344,170.23094867781688,168.7733548900198,169.00350401576662,1441900
2019-08-27,168.83299255371094,171.21115632553085,167.49473322580974,170.75939040111186,1513300
2019-08-28,170.83609008789062,171.73110264941877,167.28162352085786,167.5543947042152,1437800
2019-08-29,174.4986572265625,175.29634927928996,172.71455615404912,172.71455615404912,1816800
2019-08-30,174.90182495117188,176.0168899411726,174.12985084051996,175.70810291452744,1529600
2019-09-03,170.66458129882812,172.92901507125265,168.61458259230773,172.49157224851623,2633600
2019-09-04,173.0319061279297,173.3492788637563,171.59090904703942,172.82605688098835,1720600
2019-09-05,177.5951385498047,179.2076814758107,175.87107210425432,176.0683618042439,2237900
2019-09-06,177.7323455810547,178.62438959506883,176.32565223213638,177.60367670329052,1438800
2019-09-09,181.82376098632812,183.4534751927776,178.78736648626256,179.45640278438,2734500
2019-09-10,184.95452880859375,186.20682220711822,182.88737172628197,183.1275379421107,2615800
2019-09-11,185.9580841064453,186.00097373547422,183.00745562710583,184.59428028463532,1886300
2019-09-12,187.6221466064453,189.35477285381182,184.5428485119222,185.59787866557008,2913800
2019-09-13,188.61709594726562,189.98948572952764,188.0166803255556,189.00308957158109,2722400
2019-09-16,186.31832885742188,188.1281612181602,185.54636790616271,186.83297821697926,2205500
2019-09-17,185.19471740722656,185.39199401805524,182.30412360122995,185.10036544759916,2429100
2019-09-18,186.19825744628906,186.89302496367318,182.95600030644465,184.26834185885417,2474900
2019-09-19,184.61141967773438,186.92731560132827,184.46560541422744,186.6271143840176,1596200
2019-09-20,183.3334197998047,185.85516533411948,183.2390678415492,184.12253931972393,5458900
2019-09-23,183.09320068359375,183.65072649259295,181.46348670146378,182.56997871856342,1485500
2019-09-24,178.195556640625,183.72797924723076,177.38070593064225,183.5907376509173,2837600
2019-09-25,180.15113830566406,181.06034064767118,177.93816744723154,178.37562324096746,1593400
2019-09-26,178.59866333007812,180.0997086619161,178.5043113856967,179.31058925803336,1685500
2019-09-27,179.24200439453125,180.59723573630728,178.48718868820555,179.99682010085695,1530900
2019-09-30,177.74952697753906,179.87673244396444,177.40643607680153,179.87673244396444,1794500
2019-10-01,173.8553924560547,179.5936774527154,173.78677165795077,177.56082393711372,3156200
2019-10-02,170.04702758789062,173.16062930517583,169.48950158512926,172.99765654151594,3386800
2019-10-03,169.18067932128906,170.1499168334271,166.39302371146783,169.49803900253036,2914500
2019-10-04,172.23423767089844,172.60305968081724,168.15138587394335,168.9662495480933,3021100
2019-10-07,171.8911590576172,173.71815017166955,171.0934668229672,172.22567726699927,2202200
2019-10-08,169.2921600341797,170.64739096823524,168.04843950175965,169.48944968139259,2654900
2019-10-09,168.84619140625,170.67316943317508,168.70036403073152,169.99556032235853,2443500
2019-10-10,171.43653869628906,172.68027252284494,169.43800235351372,169.4808919834083,2108000
2019-10-11,175.562255859375,177.8009582794669,174.7388326060519,174.7388326060519,3334300
2019-10-14,176.5401153564453,176.84031660949645,174.05266062615644,174.83320744263045,2286100
2019-10-15,177.08905029296875,178.61582682642683,170.35578437967158,173.26352318081666,8241900
2019-10-16,177.91246032714844,178.94174588944483,176.78025013504524,176.84028513974053,3405800
2019-10-17,177.08905029296875,179.207656579941,175.3135217681953,178.65870336665355,2876500
2019-10-18,177.14048767089844,178.46140165536445,175.82814637565536,175.82814637565536,2207000
2019-10-21,179.48214721679688,180.86310954208363,178.13548874273772,178.98465630149283,1934900
2019-10-22,179.7823486328125,181.54070554768063,178.67585646101404,179.7737628545638,1868000
2019-10-23,181.25767517089844,181.8580907258271,179.26771151676056,179.4564154180349,1574500
2019-10-24,181.02610778808594,182.82735471305392,179.93677385303045,181.50644030141075,1266500
2019-10-25,183.75367736816406,184.77439028907358,180.27982697860762,180.27982697860762,2602100
2019-10-28,186.7729034423828,187.7764577709072,185.00596096200266,185.54634140354466,2707800
2019-10-29,186.6785888671875,188.08528236406858,185.6578758680457,186.31833953009232,2030800
2019-10-30,185.10897827148438,186.1725812207792,183.39349724312075,186.14685005240028,1584900
2019-10-31,183.02462768554688,184.7229497989559,181.25768477821205,184.54281857889097,1876200
2019-11-01,186.46412658691406,186.89299665248848,184.19969316420426,184.6371359193829,2112300
2019-11-04,188.5913543701172,189.2947076939093,187.47630245769082,188.44554009061648,2538100
2019-11-05,187.53634643554688,190.22965056557055,187.3905321490772,189.38906870141867,2525100
2019-11-06,187.34759521484375,187.90513414501953,185.74362538055414,186.99591862492792,1863000
2019-11-07,191.52481079101562,192.79427575876224,189.05452782085877,189.36331482813802,3748600
2019-11-08,191.19888305664062,191.4733531319715,189.64637529183457,191.27607653832015,1610800
2019-11-11,187.87083435058594,189.91226020815992,187.43339156171012,189.47480433120737,2754500
2019-11-12,189.0544891357422,189.65490455812645,186.92728437061703,187.46766479480019,1891600
2019-11-13,188.11961364746094,188.5656291913519,186.1382225102432,187.3219083424369,1756000
2019-11-14,188.21392822265625,189.10598537144398,187.01309716245382,187.66497501112414,1483100
2019-11-15,188.9173126220703,189.6378113769701,187.87944103687872,188.70287753396354,1693100
2019-11-18,188.4712371826172,188.6599410603482,187.02165425280896,188.4712371826172,1603400
2019-11-19,188.73715209960938,189.28610531644873,187.25326518485372,189.18318067831544,1817100
2019-11-20,186.91018676757812,188.24825950464185,185.61499057387115,187.2961672743345,2177700
2019-11-21,187.18466186523438,188.1196087384791,185.97525799007263,187.50203467589176,1677700
2019-11-22,188.94302368164062,189.31185879974055,186.9873769332383,186.9873769332383,1529100
2019-11-25,191.06166076660156,192.090946557156,189.46626321041452,189.46626321041452,2181800
2019-11-26,190.8043212890625,191.07021867984784,189.65495246331,191.00159788737454,1926300
2019-11-27,191.2332000732422,192.37399625954984,190.29826627366322,191.66207022953475,1614600
2019-11-29,190.93130493164062,191.4919743666138,190.12048095229684,190.52589294196875,770400
2019-12-02,187.73114013671875,191.31946136742476,187.248099425253,190.60352132654793,2118500
2019-12-03,183.0732421875,185.82485018289796,181.14106607772996,185.82485018289796,3207100
2019-12-04,186.2647705078125,187.17047846028527,183.19400029033153,184.1945790218929,1583600
2019-12-05,187.29983520507812,187.72250237085683,185.81620277394723,187.30845623063118,1329300
2019-12-06,193.74331665039062,194.42474632391807,188.74900428856088,189.72370682604327,4229400
2019-12-09,191.3280792236328,193.77779316940402,191.29358195704495,193.74329590281616,2134600
2019-12-10,191.38845825195312,192.25103466280652,190.2412300460935,191.20731141445043,1854100
2019-12-11,190.79327392578125,192.22515389289927,190.49136692434956,191.7076027938367,1778600
2019-12-12,194.98541259765625,195.61508973195,190.28437349452625,191.4143465580782,2974300
2019-12-13,194.07968139648438,196.6587894564267,192.95832949381943,195.56331379166494,1908200
2019-12-16,196.7019500732422,198.99640684812184,196.55531363961248,197.09874107626123,3218400
2019-12-17,199.384521484375,200.17810332253922,197.35747492395717,198.39256392947593,3590000
2019-12-18,198.78076171875,200.29027066912738,198.34085242005733,200.09188174954522,2280800
2019-12-19,198.34080505371094,199.59153811010057,197.4954839286978,199.21200241588681,2418100
2019-12-20,197.4696502685547,199.5053315251374,197.2022536344828,199.22069283600374,3715500
2019-12-23,197.6076202392578,198.80660088404042,197.0210746170602,198.0992950948097,1670400
2019-12-24,198.31495666503906,198.34945393214355,196.98658154875307,197.51275371473375,467700
2019-12-26,199.43634033203125,200.29028273752817,198.38399583312403,198.6168820372372,1704000
2019-12-27,198.9618682861328,200.29886428947415,198.79797667024394,199.95382584500527,1343900
2019-12-30,198.22006225585938,199.84169696154024,197.96128669969463,199.84169696154024,1494500
2019-12-31,198.33216857910156,198.36667900283408,197.24532714519216,198.14241389605377,1447200
2020-01-02,202.11891174316406,202.3949293516033,198.53059070035306,199.25515172961155,3736300
2020-01-03,199.7554473876953,200.64390004051688,198.6513506315312,199.77270260128674,2274500
2020-01-06,201.79977416992188,201.86016084400552,197.9526902623565,198.33221287508582,3329300
2020-01-07,203.1280975341797,205.09477044434814,202.4984073589158,202.70543040909612,5255200
2020-01-08,205.08616638183594,206.80269820847204,203.1194931827927,203.29200583568087,3564700
2020-01-09,209.26104736328125,209.95109797837912,206.86308593876223,208.17419263694566,3980700
2020-01-10,208.83840942382812,209.9425063568706,208.21735325375752,209.39045789034935,2248100
2020-01-13,211.51234436035156,212.28865778045412,209.60604490966224,210.8481569113224,3359200
2020-01-14,211.9005584716797,214.36752793161835,210.98622943440762,211.60728560347422,4302800
2020-01-15,211.51234436035156,215.2127909669166,206.2937550131485,208.74346859316157,5411200
2020-01-16,215.40255737304688,215.48882026886972,212.39216131026166,213.06496977969584,3968400
2020-01-17,215.1783447265625,216.0409212475893,213.91897721463923,215.84251917120443,3108400
2020-01-21,211.9350128173828,214.65213629719457,211.8487630769597,213.23751156792014,2492400
2020-01-22,213.09950256347656,214.36749092627738,212.48706752735907,212.71996684102305,2030900
2020-01-23,211.83152770996094,213.05638469843825,209.50257391040913,210.8999435577658,2806800
2020-01-24,208.6745147705078,211.9436872245161,207.53592058301078,211.39163876593832,2877400
2020-01-27,205.4139404296875,206.1471356239427,202.71407212452857,203.88717653821422,2506200
2020-01-28,209.24378967285156,210.10636609338675,205.33631954077686,206.57843169224702,3123000
2020-01-29,207.12184143066406,212.62508308706938,206.64743493907437,210.917185496481,3711600
2020-01-30,210.58078002929688,210.76191370203435,204.19770679383188,205.0257859262456,3261700
2020-01-31,205.07754516601562,209.51118746668405,204.32710788761716,208.7348739484699,3482800
2020-02-03,206.16439819335938,209.0799108855942,205.33633214944635,205.60372875033227,2733000
2020-02-04,208.69175720214844,210.24439750986912,208.355352898965,209.50258120517327,3052500
2020-02-05,210.72744750976562,211.4433876043285,209.60609539584942,211.32262741740666,3126600
2020-02-06,208.5882568359375,211.9954313996056,208.03619523713002,211.6331508467929,2225600
2020-02-07,205.29318237304688,207.46687857761486,204.0424492304593,206.80269106696633,3006500
2020-02-10,204.7411346435547,205.18104386887939,203.10224474979947,204.7756319082998,2591300
2020-02-11,203.96482849121094,206.63018650187436,203.75780540967398,206.15576683285536,2238800
2020-02-12,205.85382080078125,208.036137702769,205.05163119037903,205.30177251652088,2119200
2020-02-13,205.59512329101562,206.12991653328066,204.05973810487697,205.16383502160875,1461300
2020-02-14,204.49961853027344,206.16438469745415,203.76642331104435,205.24143477539909,1718700
2020-02-18,201.16148376464844,204.49102978650274,199.42769646910304,204.04248629351042,2736500
2020-02-19,204.7152862548828,205.1206982706164,201.22184873043554,202.70548139187056,2207100
2020-02-20,200.74740600585938,204.3443480882413,199.4707965929883,203.92169406716644,3183700
2020-02-21,198.9273681640625,199.94521517562586,196.98657123471688,199.1775226944929,3081600
2020-02-24,193.68292236328125,195.53746974349127,191.95776935575915,192.55294924925394,4139400
2020-02-25,187.70529174804688,194.83016962311797,186.22165896447285,193.88996430151417,5343100
2020-02-26,186.1267547607422,189.76682861716677,185.24692305182913,188.6454765429635,4171100
2020-02-27,177.42337036132812,184.14283580696406,177.14733955122895,181.56374037970144,5848200
2020-02-28,174.23834228515625,175.52275727080104,169.1006691002298,172.78034661191717,6727100
2020-03-02,181.78863525390625,181.91880752477752,171.51328907959376,174.79376272902005,5285500
2020-03-03,176.54681396484375,183.8020443912342,175.40993197301253,181.3807474174144,5677200
2020-03-04,181.1551055908203,181.31131231367485,175.9132815181434,178.6383313697182,3520400
2020-03-05,172.51995849609375,176.58150486111285,170.92311709276947,174.7243057145119,4151500
2020-03-06,167.3649444580078,170.35902550207538,164.26671236766586,165.48169755465563,5071900
2020-03-09,149.97325134277344,155.56221100042066,147.6734526835002,150.64149997375694,6443000
2020-03-10,159.98822021484375,160.89945250495856,150.38978404656478,157.61897918197744,6803900
2020-03-11,149.1748046875,156.88132047504604,148.37638390878925,154.89393564384915,5314000
2020-03-12,130.7677001953125,144.71406336266136,130.1775682422741,138.85607279175903,8357700
2020-03-13,153.75709533691406,154.0955565547007,132.21704947301654,141.30344667630686,6368400
2020-03-16,134.22174072265625,147.13534515806592,130.17755484077327,130.37715671700568,6888000
2020-03-17,137.70179748535156,144.7053553544432,130.17753741201818,136.25248915791238,6876300
2020-03-18,121.51642608642578,135.35863838537932,117.51563490421653,130.17757003846083,9543200
2020-03-19,129.7349853515625,132.3385370389861,113.55825139673128,119.22531451030204,6548200
2020-03-20,120.11915588378906,129.47458048849126,120.01500484933932,129.3010130875335,7561300
2020-03-23,117.13378143310547,123.18270039428488,115.64975127188667,118.05370083167551,5472600
2020-03-24,133.3018341064453,133.56217864696134,124.64936408071134,125.24818300859205,6647400
2020-03-25,134.62962341308594,140.77400522367697,126.1160139537524,134.16966380617407,8587800
2020-03-26,143.8809356689453,145.50382518883197,133.9180151451288,135.7057851445803,6762200
2020-03-27,137.41546630859375,142.0931806995365,136.2525496363582,138.05768054546326,4186700
2020-03-30,138.52630615234375,139.2292630074798,132.93734626567587,137.5716784541691,4152800
2020-03-31,134.16098022460938,139.81069438540825,133.40595467006196,137.2331778288589,3588200
2020-04-01,126.08998107910156,129.80439304151201,125.83831028516367,126.79295103943797,4689100
2020-04-02,130.11679077148438,130.56807664105946,122.94835196989166,124.11995518667581,4446900
2020-04-03,127.51325988769531,130.97598794027095,126.03791677549745,129.48328411126693,2801600
2020-04-06,137.31997680664062,137.92746949003077,133.44937110793524,134.92471426541056,4689400
2020-04-07,144.0805206298828,146.78820951844185,140.98228848502762,144.0631599148074,4953500
2020-04-08,153.5747833251953,154.56413206284086,146.27615967481918,146.27615967481918,5194800
2020-04-09,159.91012573242188,162.57443307992406,156.01348552661955,156.71644230128112,6445800
2020-04-13,155.50143432617188,160.52629575210852,155.45805239837202,159.55430750408965,4774300
2020-04-14,154.67701721191406,159.14645599240694,151.47464620353497,158.25257088477838,4149600
2020-04-15,154.92868041992188,157.6710780322448,146.796911943962,148.0813402636524,6042700
2020-04-16,153.64422607421875,154.85922455657385,149.60872708772425,153.80044602927475,4662200
2020-04-17,159.24185180664062,160.7952979730361,154.72901978050805,159.24185180664062,5426700
2020-04-20,156.5602264404297,161.69791310414604,154.49475123494386,155.95273373293386,4674800
2020-04-21,150.841064453125,155.51877722429157,150.71089219994636,152.25566473527704,3819000
2020-04-22,152.72430419921875,154.63357236218027,151.41385490952672,154.04344046770038,2314500
2020-04-23,151.9171905517578,155.40595230229465,151.39647509919624,153.60949590906685,2013300
2020-04-24,153.6095428466797,154.4339981965397,150.56339227272812,153.6095428466797,2024400
2020-04-27,159.2852783203125,159.9014580150089,155.10224570765047,155.43203314219343,2743100
2020-04-28,162.29669189453125,165.2560648155778,160.43949264423364,164.16257812357492,3344700
2020-04-29,164.9176483154297,168.12001914542526,164.51844445549185,167.15670445056764,3086300
2020-04-30,159.18115234375,162.76537948906852,158.72986633273518,161.4202084369574,2695400
2020-05-01,153.6962890625,155.86591475089023,153.30574584471432,155.34519928873885,2650200
2020-05-04,152.76768493652344,153.0106819574566,149.0272523189333,151.87380020044552,2990100
2020-05-05,154.73773193359375,158.46949137357194,154.5988726887698,155.432014915367,3272600
2020-05-06,153.5401153564453,157.25451459395353,152.05609835447524,155.93537807037592,2408700
2020-05-07,158.2265167236328,159.14643617676003,155.50145331685084,155.50145331685084,2480100
2020-05-08,160.89076232910156,161.34204818101415,158.59096439190688,160.5783356996766,2277500
2020-05-11,158.95550537109375,160.42217487743252,157.30658142783292,158.41742904068218,2212200
2020-05-12,153.79177856445312,159.94483485647308,153.39256154511486,159.58901300655037,3549200
2020-05-13,149.09669494628906,153.50537637747138,148.19412315345252,152.44659787568943,3445300
2020-05-14,151.39646911621094,151.68286127956756,143.5077137484236,146.701396220382,4176700
2020-05-15,149.15744018554688,151.08406908352927,148.03791902488751,150.55467982341077,2867800
2020-05-18,157.8446502685547,158.90342891842977,152.08212358444902,154.22571533933154,4505800
2020-05-19,154.329833984375,158.11366215419412,154.23436991330186,156.69906180347735,2210500
2020-05-20,157.46278381347656,159.53694580720827,156.47343485500926,157.0375323364081,2599900
2020-05-21,156.2998809814453,157.22847413419416,154.19967110965342,156.38665808638896,2153500
2020-05-22,156.15235900878906,156.76853878867834,154.52948255255583,156.23914936956777,2176400
2020-05-26,170.15077209472656,171.05334405793738,160.74327556629842,161.0990974603017,5971200
2020-05-27,181.95352172851562,182.86476731544656,173.57875725343638,176.17363476925286,8182100
2020-05-28,174.62887573242188,183.3854839519869,174.62020199481293,182.97759316445914,4886100
2020-05-29,171.5898895263672,175.458493183495,169.9830526503181,172.23610479949676,3822600
2020-06-01,174.59396362304688,176.20080066373865,170.3935106168092,172.3059860862068,2230800
2020-06-02,178.2704315185547,180.33136190186673,175.80780193157457,177.9473238992837,4128700
2020-06-03,183.88558959960938,185.07323123669136,180.27021700095253,182.06917534416965,3471900
2020-06-04,187.59698486328125,187.74544004826916,181.60631645817347,182.3311231480785,3522300
2020-06-05,190.30416870117188,194.72293998012358,190.0771219000246,193.8671338410494,4737600
2020-06-08,192.8279266357422,194.09417321990557,190.5836159300387,192.13804497682534,3260300
2020-06-09,190.46136474609375,192.13805186821037,187.893933009841,188.40043432669782,2478400
2020-06-10,186.46176147460938,191.98959618769715,185.83300213970014,189.84133290590307,3091200
2020-06-11,169.52894592285156,180.68066241428744,169.43288510250065,178.75945933239328,4923400
2020-06-12,176.20947265625,177.22247510850585,171.34533661458815,175.19647020399415,3380800
2020-06-15,180.16542053222656,180.75925465052865,170.4196652284678,170.92616648889145,3467400
2020-06-16,183.02975463867188,187.73670765659887,177.9123611912957,187.73670765659887,3099100
2020-06-17,180.06063842773438,184.0776968614893,179.4056819447731,183.38781522915787,1798300
2020-06-18,178.0084228515625,180.99502259227305,176.9866924133028,178.1394221334662,2051700
2020-06-19,176.07852172851562,181.1347803901807,175.5021567711911,180.81167275885863,4962400
2020-06-22,177.6416778564453,178.65468050471782,174.65507762802116,175.51962505932482,1806900
2020-06-23,178.829345703125,181.21338395216463,177.83381222247237,180.3313805441273,2451800
2020-06-24,172.92599487304688,176.9343256783592,172.36709916157713,176.69853759418643,2756700
2020-06-25,180.85531616210938,181.1085601307369,172.56792894209903,172.78624776251436,3466500
2020-06-26,165.21498107910156,174.86467726579934,164.62114685639483,173.7818109332904,9530700
2020-06-29,168.95252990722656,169.32803179359883,164.7520789264828,167.12738819763072,3736000
2020-06-30,172.57667541503906,173.26657042364505,169.08357391359024,169.2756955621799,3102800
2020-07-01,172.53302001953125,174.4280259599349,170.74280285874224,173.67700861407278,2620100
2020-07-02,172.3845672607422,177.2749150756377,172.1487924850277,176.8382773537765,2699400
2020-07-06,181.0823516845703,181.45785363628917,175.64185074896565,175.82523108464895,3567700
2020-07-07,174.09619140625,179.64149575338047,173.94773618118577,179.45810204881542,2853500
2020-07-08,176.61990356445312,177.49317873658887,173.79922848948874,174.25332198491176,2789700
2020-07-09,171.88677978515625,176.8382491626969,170.28868437889332,176.49767232694407,3160100
2020-07-10,179.51046752929688,180.174165281654,171.88677793408465,171.92170308283443,4414800
2020-07-13,182.40975952148438,185.99018046434313,180.76799759809953,182.51454829953042,4449600
2020-07-14,186.88963317871094,187.14289046561495,180.77670637234542,184.63658141392148,5202000
2020-07-15,189.4134063720703,196.69653246779342,187.48347542998235,195.93677389919054,12516700
2020-07-16,187.46600341796875,192.5222747690225,186.44427293578977,186.4530008915761,5769600
2020-07-17,184.6191864013672,187.9026976576989,184.47945911595886,187.66690952921326,3614300
2020-07-20,184.8811492919922,186.15612397250476,183.60616128635385,184.0253297665788,2268700
2020-07-21,185.15182495117188,186.71498180854059,183.72838200875867,185.35267453058282,3393500
2020-07-22,179.8947296142578,184.2611065466427,179.32710594309773,183.82446885340423,4978400
2020-07-23,177.2923583984375,179.91218434663082,176.44528027584508,179.1087726548664,4088600
2020-07-24,175.93878173828125,178.96030691693278,175.80779576887764,177.27489192669418,3191500
2020-07-27,177.2923583984375,178.30534763797814,174.29701713527209,174.7423960745442,2601200
2020-07-28,176.0697784423828,177.79887329467485,175.6069435554397,176.32303576550254,2139600
2020-07-29,176.90809631347656,178.05208472383995,174.32319578977106,176.13960985302745,2635000
2020-07-30,174.24464416503906,174.64635672285837,171.42396827849143,174.21844696834708,3057900
2020-07-31,172.87356567382812,174.5153140003196,171.6073059648032,174.5153140003196,2399700
2020-08-03,174.12234497070312,174.55025462404296,171.62477731727793,173.3364026055149,2294600
2020-08-04,176.08724975585938,176.15711338633196,173.32769631525443,174.08745496844077,1944700
2020-08-05,178.60231018066406,178.85555421429513,177.28365563879976,177.42338291776085,2232400
2020-08-06,178.3665008544922,180.1479768114771,177.99972678467543,179.02145740597746,1882400
2020-08-07,181.87705993652344,182.33989480362393,176.79459102970398,177.69406356955017,3075000
2020-08-10,182.84640502929688,183.94672722128726,181.6762058821167,183.0297853987328,2432800
2020-08-11,184.3134765625,189.4570673756086,183.85064173488672,185.763116710368,4042700
2020-08-12,185.24790954589844,188.5838145490294,182.75034144062118,187.49222033037893,2439400
2020-08-13,181.98184204101562,185.30901885331664,181.37055198661136,183.74586190525977,2219900
2020-08-14,181.61508178710938,182.93372281344696,180.4274267376804,181.16971614049532,2287600
2020-08-17,177.3360595703125,181.51031533284882,176.86448334518414,180.76802583872617,3922600
2020-08-18,175.79908752441406,177.7814266263705,175.6157071327874,177.6678965481363,3067900
2020-08-19,177.2923583984375,179.98204797093084,176.20076425335697,176.75091864139333,2458500
2020-08-20,176.27061462402344,177.51939183604168,174.95196046783533,175.3187344739901,1764200
2020-08-21,176.777099609375,177.5805245525209,174.4978640357654,174.7511079911256,1780900
2020-08-24,181.06492614746094,181.14351773886403,175.80781760390383,177.37097477513245,3097400
2020-08-25,179.8947296142578,183.81574089658443,179.16990944446692,183.37910320334592,2627600
2020-08-26,180.96009826660156,181.0124926495517,179.04762333818536,179.79864058575694,2563200
2020-08-27,183.518798828125,186.00763876131884,180.25275773663915,180.4885324733744,3692400
2020-08-28,181.38803100585938,185.13437643962533,180.84659122122486,185.03831561695827,3697400
2020-08-31,179.99111938476562,181.3441133246739,178.90171031740235,180.54461812434644,3046200
2020-09-01,180.5094757080078,181.60767894592186,178.3569866370553,178.87534875375965,2457000
2020-09-02,184.5332794189453,185.31519958321113,180.43039375648968,180.79938843342177,3565200
2020-09-03,182.35443115234375,189.09300394810947,180.83452177432252,186.0356101883662,3533500
2020-09-04,185.32398986816406,187.44132887020118,180.38647253573635,185.28005905869173,3668900
2020-09-08,177.891357421875,184.46301554102553,176.82830414770189,184.06765163321055,4574700
2020-09-09,177.6629180908203,179.9559668587698,177.49598906312352,179.39368736883355,4681400
2020-09-10,175.72128295898438,180.41281695506345,175.31715171126447,178.98953657162372,2510300
2020-09-11,176.5207977294922,177.3905795381848,174.7900283179069,175.9233815903671,2376400
2020-09-14,176.88978576660156,178.61177431345354,176.30115044960345,178.61177431345354,2756900
2020-09-15,173.9553985595703,177.98799776333158,173.9378235535661,177.46964903552123,3717600
2020-09-16,176.3099365234375,179.05106095744932,174.01690100193173,174.38589568605224,3571400
2020-09-17,171.17031860351562,175.6158423221293,170.8891721931723,174.13986388522304,4274800
2020-09-18,171.19671630859375,172.76933753327052,169.01788471830238,171.32849534207432,9066300
2020-09-21,170.44110107421875,170.59045506955712,164.70408982701946,166.83898996754752,4871300
2020-09-22,168.35012817382812,172.3212341022553,165.54751188340845,170.44111104245195,3355800
2020-09-23,163.51805114746094,169.4922789359375,163.29841051851548,168.6840030301142,3116100
2020-09-24,171.4163360595703,173.48096337094404,164.33512420051034,166.03074345154462,5114600
2020-09-25,171.27574157714844,171.662311187958,166.58422145861107,169.52741093616694,3106000
2020-09-28,174.8954620361328,177.35542657488543,173.20861005841488,173.76210878253488,3280100
2020-09-29,172.892333984375,174.6318976432,171.69748827185967,174.09597390289971,2400000
2020-09-30,176.56472778320312,178.41849541581604,174.2716788481303,174.5528119106879,3075800
2020-10-01,174.43858337402344,178.46240114778266,173.84115391561835,177.05669581513504,2288700
2020-10-02,175.62464904785156,176.32750177167372,171.57447514077967,171.61840594960617,2541200
2020-10-05,177.2938995361328,178.20759855695292,175.3522706839169,177.40810353511114,2551600
2020-10-06,176.6701202392578,181.06293249885923,175.62462877654482,179.4463808047177,2833100
2020-10-07,178.8753204345703,180.1053025039852,176.74040670704412,179.1388784453027,2326600
2020-10-08,182.72341918945312,182.88156740544315,179.3233867123616,180.23708578477246,2330600
2020-10-09,182.33688354492188,184.3312244819168,181.04540880356606,183.40873103311813,3040900
2020-10-12,188.11782836914062,188.79432535622038,182.22268055628012,182.22268055628012,3474200
2020-10-13,185.2097625732422,188.10902156847632,183.7777013767374,188.02115995421462,3317300
2020-10-14,185.5787353515625,188.4077074031425,184.7353229395701,187.90693379710925,7550100
2020-10-15,183.26812744140625,185.13945629300125,181.77456059244105,184.12911486533537,4325700
2020-10-16,181.1683807373047,184.4981267452503,180.8169476905004,183.0221481660723,3244500
2020-10-19,180.7115020751953,182.66191167430216,179.7450780735484,182.2050554729965,3235300
2020-10-20,182.76736450195312,185.71055437936394,181.396809081645,181.598874712639,3335500
2020-10-21,178.2691192626953,182.69706834353488,177.4784049728955,182.2050754907527,3083600
2020-10-22,180.45672607421875,181.30893274304805,177.64532884984345,178.5238913203232,2136900
2020-10-23,180.1404571533203,182.92551219990986,179.24433301544147,181.65158579332834,2110200
2020-10-26,176.71405029296875,178.18124797275237,174.4034267643699,177.90011496034666,3249700
2020-10-27,171.91709899902344,176.23084397684048,171.67989678249953,175.712495333,3430400
2020-10-28,166.72479248046875,169.88760911642603,165.99558407068065,168.07777269478743,4214600
2020-10-29,166.8741912841797,168.9915304804371,164.20335333056153,166.75119304985532,3581200
2020-10-30,166.08348083496094,167.2783265994917,162.99094989624803,166.49640636132247,3658800
2020-11-02,167.10256958007812,169.29897562977894,165.37180054045,168.68398461702245,2459600
2020-11-03,173.8939208984375,174.8339894877555,169.7558978002237,170.3884640607844,4545500
2020-11-04,173.84112548828125,176.43289510939414,171.23179427258674,172.41785879091967,3868500
2020-11-05,178.3130645751953,179.33218696495427,174.88666251890976,175.40501121627523,2892800
2020-11-06,176.81948852539062,179.56939351180898,176.08149922357745,179.52546270450577,2475100
2020-11-09,188.82945251464844,191.52664612188346,183.94464662087174,188.44289623289023,6960500
2020-11-10,191.0609893798828,191.86048447826875,185.53482370620424,189.11057954279624,4166500
2020-11-11,191.57054138183594,193.2134488432771,188.91727907798963,192.08889000041486,2680700
2020-11-12,188.46038818359375,190.52501488558295,186.6066212530193,189.08417329540634,3005500
2020-11-13,192.47549438476562,194.1271963486179,189.2511712787997,189.6377409644503,2832100
2020-11-16,195.37472534179688,197.32513508741178,193.31009818582635,196.38506681466794,3004700
2020-11-17,197.3690643310547,197.54478755931677,191.8165561876166,193.30132898815026,2722900
2020-11-18,197.0615692138672,200.06625132136318,196.3674973394288,197.67656027578747,2856200
2020-11-19,197.29881286621094,197.62387674387293,195.1375429349677,197.0615972065595,1505200
2020-11-20,196.22694396972656,197.509637740145,195.5943778836188,195.91944172577413,1848100
2020-11-23,201.04147338867188,202.0693899811844,198.31792407443123,198.60785132962206,3371300
2020-11-24,208.6585693359375,209.2032737323485,202.62284995700185,203.03577535615156,3915200
2020-11-25,207.815185546875,208.61468070734384,204.2042928281761,206.46220508022088,2272800
2020-11-27,206.81362915039062,208.4829061215441,205.39914283860435,208.21933466233025,1050400
2020-11-30,202.5789337158203,206.46217818186415,202.38564890207974,203.87042160499635,2705400
2020-12-01,205.0081787109375,207.47272299606811,204.3633360127782,204.90218086435559,2577600
2020-12-02,209.92843627929688,210.3524546186394,204.56650076383275,205.00817642482758,2136300
2020-12-03,208.00270080566406,210.98843206959,207.26951771806046,209.61039292394554,2142600
2020-12-04,211.63323974609375,211.7834078025669,209.310022241946,209.97253550931586,2373000
2020-12-07,210.63511657714844,211.87181649496853,207.98506265465412,210.71461495989416,1788600
2020-12-08,210.9796142578125,211.28879259410397,208.98324523843576,209.36307981497657,1371800
2020-12-09,214.49539184570312,216.73909845455378,211.58915821283583,212.0043344461026,3552300
2020-12-10,215.8910369873047,216.58004987403396,211.571449976408,212.00429693504364,2541700
2020-12-11,211.99546813964844,213.0643155878459,209.44258360484113,212.71980914470132,2077300
2020-12-14,210.05209350585938,215.09603521091285,209.69875838782096,214.9016968523305,1927800
2020-12-15,214.15084838867188,215.19320992778867,209.52209622045115,211.56263555920447,2348000
2020-12-16,215.3345489501953,215.44937545290978,212.99365993118832,215.14903924754725,2400900
2020-12-17,215.91754150390625,217.24256839078856,214.65435567493628,216.42105819077938,2983600
2020-12-18,213.88583374023438,216.7655538452278,212.4989658645189,216.7655538452278,4088100
2020-12-21,227.0036163330078,230.42218139346065,219.742454423956,221.0939807724546,7408500
2020-12-22,220.91732788085938,227.63964542877952,220.6611619293461,226.8976065988553,3599800
2020-12-23,226.5354461669922,230.18366430289663,221.98617899514224,222.1628465550779,3376100
2020-12-24,226.27928161621094,227.56896701946638,224.15040166009618,227.0566351056504,968100
2020-12-28,229.3091583251953,232.01221111820414,227.0212817171384,227.73679410600886,2793400
2020-12-29,227.9134979248047,230.43102778878693,226.57962871602152,229.9010385275768,1430900
2020-12-30,229.18553161621094,230.24553712204062,227.75447970306098,228.6201737802388,1566500
2020-12-31,232.9485626220703,233.1429009854183,227.90463427219836,228.61130452560445,2043100
2021-01-04,234.08811950683594,236.36715424289085,229.81270199303674,235.85482229556678,3572000
2021-01-05,239.3263397216797,241.59655882842594,231.94153645735227,233.0987243996919,4207100
2021-01-06,252.24090576171875,254.74080456956213,241.24320030798455,244.0610925846454,6383500
2021-01-07,257.62939453125,261.37482227678714,253.23913760649322,254.20198726344097,4009700
2021-01-08,256.2425537109375,258.18593750926954,251.8081395355091,257.93860020382226,2800800
2021-01-11,259.5550231933594,260.5885557674673,251.04837535636221,253.3450664850745,2649700
2021-01-12,266.9576110839844,268.52116026830953,261.48966392444294,262.4790401074415,4814400
2021-01-13,267.6024169921875,268.2914298558194,264.21035158986604,265.07601852037766,2413800
2021-01-14,271.9573059082031,273.31767418570655,268.1324074072504,268.58289814869187,3192200
2021-01-15,265.89752197265625,269.29840212529,262.2492776337724,266.0565187000432,3863700
2021-01-19,259.8819885253906,270.83554031944476,259.5286264048204,269.42217271039857,6727800
2021-01-20,256.5870666503906,262.75286875264845,253.9458547513048,261.3130017448713,4792600
2021-01-21,255.6152801513672,258.59216877328447,254.8732685300549,256.56931434857853,2516000
2021-01-22,255.6330108642578,256.69301610538383,252.1967618350914,253.2479518956816,2568800
2021-01-25,250.02377319335938,252.94766399987435,245.1299991751715,252.22330942434508,4575000
2021-01-26,248.89306640625,252.4352867238246,247.40901576124662,250.80992359619404,3296800
2021-01-27,241.44638061523438,245.01512714414153,239.6708629684564,243.8049402683667,3891800
2021-01-28,242.93930053710938,247.18821875814777,239.67973160428213,242.57712321593453,3778700
2021-01-29,239.5384063720703,245.04166823480276,239.0525469368088,242.276774092975,3412000
2021-02-01,242.68310546875,244.51162211998994,240.27154678337985,240.85456185976852,2324100
2021-02-02,253.49530029296875,254.6259887745252,245.57163878341026,245.85431764323434,5195500
2021-02-03,254.89097595214844,256.0040070817835,251.91408674503398,253.1772724811423,2712800
2021-02-04,259.4844055175781,261.32176408502966,255.74782037333924,256.17183863863033,2994700
2021-02-05,259.2635192871094,262.5672434106647,258.10633163021487,260.5885457911321,2938100
2021-02-08,265.1378479003906,265.79154609650703,260.14691918865844,260.5885947730195,2826200
2021-02-09,265.41168212890625,267.1695692695184,262.9736512572502,264.6520130706099,2071700
2021-02-10,268.7861328125,269.58114359191813,263.0178498947962,265.00539032221275,3213700
2021-02-11,267.0548095703125,269.4310270628022,264.2722579700437,268.5211761723588,2159900
2021-02-12,270.588134765625,270.92381252085966,266.56887079865464,266.76320913285696,1977300
2021-02-16,275.5702819824219,276.41831869533576,273.14990788895574,273.8389208696082,2792200
2021-02-17,276.2593078613281,278.238033326101,272.7435865467163,273.86543311851403,2333100
2021-02-18,273.7505798339844,277.81400146314996,271.7011982181973,273.14990738176044,2093300
2021-02-19,278.8033142089844,279.8280048828771,274.04206504078934,274.04206504078934,2749500
2021-02-22,279.9075012207031,283.1670694309729,275.79108123509366,276.48893625816174,3162300
2021-02-23,281.97454833984375,282.6724033838652,274.35122264784655,280.8880435422913,2942500
2021-02-24,292.0712890625,292.3627831323796,282.76075873930745,282.82259980065066,3934400
2021-02-25,289.5271911621094,296.63815737258193,288.22866385019177,294.4474367430695,4244000
2021-02-26,282.2130432128906,290.3398578516773,281.8243665391075,287.76930269641383,3732200
2021-03-01,292.58001708984375,293.57325235048376,286.71811578878516,288.2168455507395,2957800
2021-03-02,293.48455810546875,298.1403685807422,292.21641050937984,292.65094416004365,2850300
2021-03-03,296.57952880859375,301.6078155877826,295.53308656523893,295.91441308489107,3606300
2021-03-04,292.02130126953125,301.30631843198245,287.25907672205244,295.42669073888123,3647600
2021-03-05,290.3185729980469,297.5993654931295,280.6433530883748,297.5993654931295,3740200
2021-03-08,296.36669921875,299.38188507441197,291.8527837734169,293.85698074266634,2998000
2021-03-09,293.1741638183594,298.31774207893017,288.7223319487817,291.4271252902774,3324800
2021-03-10,303.3105773925781,303.6475737791058,294.00783165538786,294.48672268169753,3153100
2021-03-11,303.3815002441406,305.9532759919261,298.37981630694674,300.3308335300291,2756600
2021-03-12,309.3320617675781,310.38738102816444,304.7472118948816,306.14837730695365,2436700
2021-03-15,306.8843688964844,312.5334408968828,303.2927549917694,309.89070480931207,2276200
2021-03-16,303.0356140136719,307.6382174373144,299.5238102265817,306.2015716636698,2332600
2021-03-17,305.9089660644531,307.75354214571973,301.8739135997547,305.61629992975213,2710900
2021-03-18,308.61376953125,316.4621423587802,307.7180714823049,311.05252776748836,3713000
2021-03-19,305.2437744140625,307.9396905508815,302.0778172040583,307.21251795787055,3513000
2021-03-22,300.9250183105469,304.0732497294539,297.9719156969071,302.45922869082335,2094500
2021-03-23,294.2205505371094,303.1952004822788,293.83034718890093,299.4084580435683,2457500
2021-03-24,291.4537658691406,298.8055207888923,291.2675410052444,295.6839200802192,3332200
2021-03-25,293.13873291015625,293.8836865241822,285.4854887900675,290.30092134632855,2804700
2021-03-26,290.33636474609375,297.48414044578146,286.16829486797894,296.65052647015847,3082600
2021-03-29,288.8642578125,290.6645036325466,281.7608118665406,284.0931557798829,4533200
2021-03-30,294.4334716796875,297.75017381626617,291.63111385495745,292.12773148833935,2717300
2021-03-31,289.9904479980469,295.00098090700016,288.60700949378855,292.85488938325756,2624500
2021-04-01,290.5580139160156,292.3493823988136,287.47186742783896,287.59600828128725,2659000
2021-04-05,286.9220886230469,295.1783903911056,286.48752790750706,295.1783903911056,3235000
2021-04-06,290.0437316894531,291.3562367729863,287.33006105568467,287.7645947716095,1801700
2021-04-07,289.59130859375,291.9414052606048,286.7534983975595,290.61117411949687,2157300
2021-04-08,293.66204833984375,293.9724141757107,286.41670566901104,287.58731640014,2402800
2021-04-09,293.36932373046875,296.99641924923264,291.5779546205345,296.1982855691089,2347100
2021-04-12,294.2826843261719,296.6239048118771,292.5977297991973,295.01876092914745,2318800
2021-04-13,290.59356689453125,292.695328826965,287.48969266704006,292.21646486054107,3575900
2021-04-14,297.39544677734375,305.4832504842742,289.2366822302439,291.36504735359966,9876800
2021-04-15,300.2333679199219,302.7164840266252,296.67723258292597,300.5437608162149,4354800
2021-04-16,303.5677185058594,304.8358661415202,300.295346590321,301.7763496861909,4231900
2021-04-19,304.2594299316406,305.4477668876257,298.50396999386925,301.5191561425688,3228200
2021-04-20,294.31817626953125,301.93596588967614,292.07452008135647,301.49255536186587,3662300
2021-04-21,297.324462890625,297.5018379136686,290.4870806512653,292.6509260269793,2733300
2021-04-22,293.4046936035156,298.83203305972705,292.9080760757332,296.74799857869806,2165200
2021-04-23,300.9427490234375,302.1133593836456,293.28947851568023,293.75949262132906,2163800
2021-04-26,304.6407775878906,306.751416157264,302.30846080492364,303.2396121438201,2171500
2021-04-27,307.3988342285156,308.21469456982624,304.76497420474163,305.0664901624986,2088600
2021-04-28,308.71124267578125,310.4937615308778,306.9198740140283,308.61370535715855,2140900
2021-04-29,313.021240234375,313.78389337883067,308.1526011259649,310.8751212953335,2584400
2021-04-30,309.01275634765625,312.8881593870615,307.90423021219135,311.3805530173786,2101100
2021-05-03,310.52923583984375,313.98783222946446,309.7311023751049,310.68885712006585,1871700
2021-05-04,310.2454833984375,311.9659184588327,303.79830388935267,309.4118694180963,2831400
2021-05-05,317.1449890136719,318.49297454054624,309.1015143409241,312.1610582658588,2786800
2021-05-06,324.5498962402344,324.84253527466956,316.15169993091286,319.05159498120116,3048700
2021-05-07,328.9129943847656,329.58695981999665,320.080239331304,321.2951795520964,3378100
2021-05-10,326.9532470703125,334.31387957353274,326.79362574296994,331.22773192672804,3396300
2021-05-11,319.18463134765625,326.9088348037348,318.03174779098674,321.91602816347046,3734300
2021-05-12,314.28936767578125,326.46543016277724,313.2872555815203,321.9781179152609,3309800
2021-05-13,318.2003173828125,320.0449206621341,313.26959360189755,313.26959360189755,2673900
2021-05-14,327.03289794921875,327.68916374704327,320.7630954371067,321.0291308526956,2732300
2021-05-17,327.4586486816406,328.7445499352258,323.2462490032715,326.15502075126335,1826100
2021-05-18,323.29949951171875,330.8552055749511,322.80288185856534,329.34762593631854,2018600
2021-05-19,317.8189392089844,319.25558501135447,313.8725746243637,319.25558501135447,3696000
2021-05-20,319.0604553222656,320.9848687823176,313.3582028407092,318.35100935433275,1919600
2021-05-21,324.80706787109375,325.5874746806755,319.70784712500705,320.57691438361746,2657500
2021-05-24,326.6073303222656,327.8754779216604,324.1419688990964,325.74711282585605,1834300
2021-05-25,323.255126953125,331.4670708976421,322.882650230218,328.0439548749605,2631000
2021-05-26,325.81805419921875,327.0507484713638,320.9494152077855,323.6896890537831,2121200
2021-05-27,329.3387451171875,331.2720086054774,325.72937677187196,329.30326469563545,3897000
2021-05-28,331.0293273925781,331.9636504541205,327.68363781070656,331.01154084898786,2169700
2021-06-01,340.30126953125,341.11988513180086,334.84669252430245,336.08354993072084,3644000
2021-06-02,341.1910705566406,342.2855540809199,337.56951269287606,341.0931766699013,2809700
2021-06-03,345.8893127441406,348.1405463731446,338.2457957641622,340.1322015364461,3003900
2021-06-04,348.31854248046875,348.8524104459833,343.7537812900824,346.74355051709927,2514100
2021-06-07,345.3910217285156,349.92908928389494,344.84821978517965,349.69772840755184,2188700
2021-06-08,342.3122863769531,343.8961580498279,340.10553253231564,343.28218272924397,2452600
2021-06-09,340.6037902832031,341.9296075226919,337.13351308099794,340.9419247307313,2025900
2021-06-10,332.73785400390625,346.7079784503307,331.3230495810318,346.7079784503307,3900800
2021-06-11,336.3949890136719,337.01787118877377,333.77892732629886,334.30394275804616,2117300
2021-06-14,331.83026123046875,337.01787760284645,329.85486822802096,335.84331373003215,2560500
2021-06-15,330.38873291015625,333.5386897539469,326.70490808863366,332.3463393452882,2302900
2021-06-16,330.12176513671875,332.86238671039456,325.0053226851389,330.1128582863233,3264200
2021-06-17,321.6684875488281,332.36406621101725,317.2638874382224,332.36406621101725,4146300
2021-06-18,310.3945617675781,318.89232246040905,309.7717067433352,317.23725026820506,6290100
2021-06-21,318.1448669433594,318.52748136231565,312.3610620943644,314.00722736700806,2717300
2021-06-22,318.1359558105469,320.22702912035345,313.78476911102274,317.6643543538699,1870800
2021-06-23,321.26812744140625,322.5405852424346,318.25166465065894,319.25716129925314,1713100
2021-06-24,328.1197204589844,330.0150332907802,322.80751671206394,323.00327736030187,2716600
2021-06-25,328.1374816894531,330.2552484056209,324.3735768708326,328.181988788594,2782400
2021-06-28,328.0840759277344,328.226449757695,323.7684625524737,327.2743400445385,1833400
2021-06-29,331.5632629394531,336.43055797671684,329.8993112168932,333.5564422663658,2365900
2021-06-30,337.7119140625,338.22799546866116,330.0327965310341,330.0327965310341,2238400
2021-07-01,333.672119140625,339.5894177255559,332.9246769010091,338.7529884480028,2571000
2021-07-02,332.93359375,335.10474719672106,331.38532243251433,334.8466929254627,1598900
2021-07-06,329.10736083984375,332.4619848256339,325.14769559460376,332.1060638262349,2162900
2021-07-07,327.15869140625,329.31203112174956,322.27358264185204,327.00741072382357,2012800
2021-07-08,319.39056396484375,322.9053481011638,316.409674870817,320.0579259789529,2940500
2021-07-09,330.79803466796875,331.1450488186336,324.73838933415055,325.6726853563569,2641800
2021-07-12,338.5750732421875,341.68943002628123,326.856181623539,329.5078437469518,4135900
2021-07-13,334.5530700683594,342.8728289543001,331.0204990333272,339.07332394887567,6466800
2021-07-14,333.14715576171875,339.7050963367595,330.46882765879184,337.01786138286525,3295700
2021-07-15,332.2128601074219,337.0178618151661,329.7391723333033,330.3353339381444,2183900
2021-07-16,324.6048278808594,333.6186672488688,323.7417053758519,333.6186672488688,2583300
2021-07-19,315.6355285644531,316.053743165299,310.54578002342674,314.9948599664558,4394600
2021-07-20,324.5693664550781,326.83838690763224,312.8059951811931,313.4555436292782,2937900
2021-07-21,332.3463439941406,333.5920812179979,327.39006134293663,327.4879552435798,2398800
2021-07-22,331.64337158203125,332.5154011898892,327.8527732265213,331.2785436998162,1887100
2021-07-23,332.8357238769531,336.35050857192743,330.45992993592296,333.31623220689403,1706900
2021-07-26,334.4818420410156,335.17589746193914,331.99924770058414,332.0615413402257,1559100
2021-07-27,333.5386657714844,333.8056268961895,328.53790360271284,331.4564993429407,1791800
2021-07-28,332.9958801269531,335.8521821294742,331.3141147077381,334.40177757978887,1668900
2021-07-29,335.9500427246094,337.6941017545255,333.5119554088496,335.48734814903656,1296600
2021-07-30,333.5742492675781,338.08562321371875,331.9547775194716,335.07804058295835,1474900
2021-08-02,336.5195617675781,344.29654599386123,334.3484082548116,334.7221429747281,2383200
2021-08-03,338.4504699707031,339.29580620566605,330.8069522254847,338.3526032250942,1494600
2021-08-04,336.225830078125,340.48805593302524,334.3572383724732,336.7775387580606,1460500
2021-08-05,341.956298828125,341.9652056782785,338.08562071568844,338.26356763354164,1583800
2021-08-06,354.0489501953125,354.9120457657431,345.8181510580176,346.0316982379152,3655800
2021-08-09,355.8196105957031,360.01954301506476,350.2137537520694,352.89210848252867,3319100
2021-08-10,363.0182800292969,365.38519414406335,355.48153648005166,356.0332181242768,3152300
2021-08-11,368.2859802246094,368.9889153567926,362.20852135906864,363.7567926059417,3000500
2021-08-12,369.27362060546875,372.4947500114879,365.32283560056464,368.7219390592482,2312800
2021-08-13,365.5187072753906,370.95549852266925,363.205179662826,370.16354904918035,1980000
2021-08-16,363.3563537597656,363.92582185521667,357.83948392961844,363.92582185521667,1590700
2021-08-17,360.3488464355469,363.35642935970577,356.1044331866501,359.3433498437978,2077400
2021-08-18,354.85858154296875,361.36313381008614,354.6717278013286,358.23989836542063,2187800
2021-08-19,350.20489501953125,353.9065328950255,347.83798116455046,351.121404427416,2241500
2021-08-20,352.2514953613281,352.767603906438,347.9180952966836,348.3540964963197,1612100
2021-08-23,357.2166748046875,359.57468197661575,355.0366145550561,357.60819605078484,1857600
2021-08-24,363.54327392578125,364.52207709447146,358.3289644667192,359.1208866975005,1958400
2021-08-25,367.6008605957031,370.76860406424777,363.88143543337213,364.73565137358855,1845300
2021-08-26,366.96905517578125,374.3723315262881,365.8567850686149,370.0567180794763,2076500
2021-08-27,373.4468688964844,373.589242711155,367.04908986081125,367.29823724772774,2174500
2021-08-30,368.0279235839844,374.3990097583892,367.24488111544974,373.6782609305404,2089400
2021-08-31,369.7358093261719,370.94287639601157,365.48864468003734,368.48399160088104,1958100
2021-09-01,369.869873046875,372.0604991853048,366.87449925863297,369.4228031467487,1680400
2021-09-02,370.6209716796875,373.37491044005776,368.95788463914204,371.1663838961084,1830400
2021-09-03,367.76861572265625,371.1752859624943,367.133784145114,370.17385381567294,1373600
2021-09-07,366.8835144042969,370.82667489661975,366.2755057812548,367.4915230273389,1557000
2021-09-08,362.1265563964844,367.47352129942794,361.8583254176479,365.89982679165024,1646200
2021-09-09,361.7511291503906,365.5959473095554,360.7944201415088,361.83162575847945,2424600
2021-09-10,360.76751708984375,366.4095367440317,360.48138582022585,364.8090189470226,1956000
2021-09-13,365.93572998046875,366.03407227864307,361.0537061359754,364.28156559156105,1802800
2021-09-14,360.9552917480469,372.86524022515175,360.1416212698037,366.8655426251908,3263200
2021-09-15,359.3995056152344,360.883753679324,354.2671245782347,355.86764246989884,3199800
2021-09-16,354.6873474121094,363.00286341078987,353.086856915571,361.69739973677974,2882900
2021-09-17,350.01995849609375,356.90484587144584,347.6683664559856,354.3654921136772,3843700
2021-09-20,338.10107421875,340.5420583172392,333.0670629682394,337.8238930741376,3834500
2021-09-21,336.0534973144531,341.11433182913436,334.4798025432502,340.53314641971815,2377300
2021-09-22,344.6640319824219,348.0796521925502,339.51377856765157,340.48838756828394,2991300
2021-09-23,350.3775939941406,352.0585811123995,347.08716621928244,349.0632347396719,2518000
2021-09-24,349.474609375,350.9409847224817,347.46279446182456,349.1348318237459,1789700
2021-09-27,357.4859924316406,358.55002086104435,353.34612124131854,354.5979113679764,2788500
2021-09-28,348.2674865722656,361.42027669180237,347.2750043937786,358.0583292661768,2609000
2021-09-29,344.14544677734375,350.8514946159391,343.61788033483316,349.32249606211485,1955000
2021-09-30,338.0116882324219,346.9441366504056,336.7509477626643,346.9262636766227,2665700
2021-10-01,339.77313232421875,342.2051937312819,336.0624575207059,339.27241620691007,2382300
2021-10-04,334.54241943359375,345.9158794175317,333.35322543931824,339.96090474185365,2895600
2021-10-05,344.968017578125,347.12289741777363,335.7494399323157,338.07420848910925,2508100
2021-10-06,346.970947265625,348.3121569996042,338.57498852014584,341.90118975189347,2111800
2021-10-07,349.2689208984375,355.733562152967,348.49997368763593,351.31650889529135,2348000
2021-10-08,351.2270812988281,352.5682911082084,347.0872093212902,349.45667452713207,1446700
2021-10-11,344.4583740234375,354.92876970075514,344.26166219525874,351.3074874938706,1787400
2021-10-12,345.6119079589844,347.45383404199185,340.68518818565667,345.3347267621133,2088200
2021-10-13,345.4151306152344,347.2660064786297,338.5481437653104,346.92622900183477,2391600
2021-10-14,349.7875061035156,351.98708240529845,341.7402477786217,350.5028070398247,3380900
2021-10-15,363.0833740234375,364.15632546706655,354.3833834935277,359.7213994687047,6451400
2021-10-18,369.8966979980469,371.90851255866943,364.4513898617329,364.8179904561063,3832300
2021-10-19,368.5286865234375,371.8280647768271,366.3201599864394,371.2289790667094,2568300
2021-10-20,364.71075439453125,370.46899052258,363.19965570812406,367.49151651910034,2453400
2021-10-21,364.44244384765625,368.97573925766443,361.78684750616446,363.73606575359435,2162100
2021-10-22,370.4599609375,371.3898465635256,365.7925506890682,366.58832081970337,2411000
2021-10-25,370.8445129394531,375.08272721264075,369.5211761019127,372.1499495158346,1824700
2021-10-26,373.4016418457031,375.36875996787757,369.95922606236235,372.2929174242828,1843300
2021-10-27,367.4825134277344,373.80408846165375,367.08908972661186,372.453928610666,2067200
2021-10-28,370.9071350097656,370.9965544608132,365.75688024366315,368.38565383994586,1444700
2021-10-29,369.59271240234375,371.9264043127602,367.65241692184725,370.19177082104824,2061700
2021-11-01,372.58807373046875,374.40317647272076,369.50328043815244,372.9189010977933,1820800
2021-11-02,378.9811706542969,381.0466314691084,369.09198636308366,371.15744717789516,3000800
2021-11-03,373.6610412597656,379.11529985182284,368.88633769173015,378.3284524107414,3542400
2021-11-04,364.87164306640625,371.9532151633984,360.3651707311501,370.75507107847756,3802300
2021-11-05,363.98638916015625,370.5762218891104,363.1101496887165,367.84907934133685,2105600
2021-11-08,365.113037109375,369.86091719226863,364.7732596246212,366.49897015050334,1728400
2021-11-09,362.4395751953125,364.43348949559055,357.7095679893636,363.1191028915549,2246900
2021-11-10,356.8690490722656,362.6183610581859,355.19701212246423,359.7392300006039,2243900
2021-11-11,359.74822998046875,361.01792059493835,356.32368630406927,357.78113864981833,1252400
2021-11-12,362.0461120605469,362.2160007878467,356.9405819735819,360.3383019456228,1360100
2021-11-15,361.9567565917969,364.2189293589182,361.1520361706399,363.0207852141764,1436500
2021-11-16,360.4188537597656,362.8777385171252,356.7618247950763,361.15205503629096,1311000
2021-11-17,350.1004638671875,360.0254221277512,350.02894468208626,359.310121128803,2927000
2021-11-18,349.93951416015625,352.219587185236,344.85185615172975,350.7710576846872,1847400
2021-11-19,346.3808898925781,348.929166931998,340.70309572703894,341.90123999101166,2610400
2021-11-22,354.222412109375,359.8823048080844,348.87544649841846,351.53999281791494,3058700
2021-11-23,363.32470703125,363.8790692558478,355.4294658210036,357.87939976337873,2402300
2021-11-24,356.9316711425781,364.344097770571,356.1358736179275,362.12662122960484,2186300
2021-11-26,348.1690368652344,350.2434200284673,342.20511364262904,343.77880809271477,2687900
2021-11-29,345.6207580566406,354.41013906685555,341.96373005565334,352.2910324003132,2883400
2021-11-30,340.6582946777344,345.8800675441716,337.3231708733427,342.92941728346915,4570400
2021-12-01,338.4021911621094,350.69856643164286,338.1594818591847,344.99980795816884,2476000
2021-12-02,348.3435363769531,349.7367557020264,337.99766906754905,339.7684209299522,3343700
2021-12-03,344.0200500488281,350.4468814639513,340.6942633372926,350.4468814639513,2807500
2021-12-06,349.925537109375,353.79064438931266,344.70317240337795,349.3592794031533,1990200
2021-12-07,359.6421813964844,361.1163221759703,353.30524135122647,353.7726377922697,2441000
2021-12-08,357.1343688964844,361.0803423766487,355.1748644816242,360.6489079695467,1635200
2021-12-09,356.38836669921875,359.71415383056996,353.2513595866561,355.6782882966672,2111500
2021-12-10,351.5075988769531,358.5186841260016,349.3503439873216,357.7456789915355,1893800
2021-12-13,345.73681640625,351.6243263916857,343.9570673713292,351.6243263916857,2313300
2021-12-14,349.49407958984375,352.8018714444102,344.49642979647246,344.76607630544027,2788500
2021-12-15,350.473876953125,351.81316717178845,342.10550756496207,350.10534172275175,2802300
2021-12-16,357.1793518066406,359.39953311326434,352.1727040222854,355.16591780357425,3578200
2021-12-17,343.1841125488281,353.85358437607135,342.1324636238497,349.8446563206197,7058600
2021-12-20,334.0247802734375,337.63820885057964,329.56644997756774,337.53932015553687,3735600
2021-12-21,341.85382080078125,343.4447902355902,336.8561704735715,338.3572485854633,2942800
2021-12-22,343.6605529785156,345.17065608296434,340.9100482050679,341.9437574090432,1487900
2021-12-23,346.096435546875,348.4064807174477,344.7751126416072,344.97286258086433,1624000
2021-12-27,348.7930603027344,349.7548180509639,346.06052277984895,347.8492424183804,1430400
2021-12-28,348.4064636230469,351.75021770307416,347.1750321016757,349.59296320037447,1528200
2021-12-29,347.1391296386719,350.06938940831805,345.53916276277295,348.7300991525379,1327800
2021-12-30,346.52783203125,350.35697705766165,346.24021823101845,348.5322958580809,1160100
2021-12-31,343.8583068847656,347.85823816682966,342.321266536332,346.06052117371945,1601300
2022-01-03,355.3456726074219,358.91414148643304,348.163802902626,349.65591111065135,3334300
2022-01-04,366.266845703125,368.78363835377684,360.6040210926845,361.54783890991587,3916400
2022-01-05,358.3118591308594,370.9228389483255,357.64671282132474,368.3520901570577,3469600
2022-01-06,356.7838134765625,360.6219559200416,347.3458014577431,360.4421732901491,2960900
2022-01-07,357.30523681640625,360.0377467967641,354.6266287184284,357.4490574623698,2360700
2022-01-10,358.7972412109375,363.47128741120633,354.34788213059966,360.7297808625379,3009400
2022-01-11,362.2847900390625,362.545466600255,356.2264944904217,359.76799802712804,1748800
2022-01-12,350.8334045410156,363.24663630676673,349.2604024099221,362.45563656046,4158000
2022-01-13,351.2738342285156,356.7299110278401,350.3300439279779,354.1951238828221,2497800
2022-01-14,342.4111328125,345.51220537105394,337.07191153923986,343.48077653959643,4685300
2022-01-18,318.5553894042969,325.0002157554313,312.11059048414194,323.62496359594803,13123500
2022-01-19,312.1914978027344,323.32833881965377,311.35556609631044,322.0969072332265,7426100
2022-01-20,312.89263916015625,321.05426200508697,311.13088423812854,313.61171496437635,4599900
2022-01-21,309.1263427734375,313.69253059496276,306.2589827732931,310.59148610384705,4904100
2022-01-24,308.65899658203125,309.27021370552467,293.23458327428466,303.20291955586293,6569800
2022-01-25,307.00506591796875,308.245494860018,297.4412271060622,303.68827633152597,3959300
2022-01-26,308.02081298828125,315.0319254917511,304.1826972080973,311.54435024969973,3745900
2022-01-27,306.5377197265625,313.4948758877325,303.5625002222852,310.7084364228094,2573400
2022-01-28,311.9128723144531,312.03869823043834,299.7243542082042,303.5714671881857,3714600
2022-01-31,318.80712890625,319.2835228180597,308.7039680582937,309.74664721887405,3312400
2022-02-01,327.2384033203125,327.66986524910334,318.2408215071756,320.1104624342865,3303700
2022-02-02,326.3395080566406,331.2562642937289,321.6384690441185,326.7350079223317,2742400
2022-02-03,322.5822448730469,328.7663938633476,321.9350658524113,326.12374848166706,2372900
2022-02-04,330.4202880859375,333.43146861758737,324.5057856203845,325.53949452106764,3762300
2022-02-07,330.91473388671875,333.8989505332216,326.6002242860032,328.52376711073634,2635600
2022-02-08,332.66748046875,334.9595582864297,329.20687033872036,333.5483440949896,3422300
2022-02-09,336.6494140625,338.22241616254416,333.3865538888802,335.27416189512917,2250400
2022-02-10,333.0899353027344,339.229125578552,331.5259031678121,334.1146195267382,2406200
2022-02-11,326.3395080566406,336.98198755392,324.28111476897277,331.2742315854495,3142100
2022-02-14,323.80474853515625,327.44514159578284,321.05424396365106,326.3395358637143,2585600
2022-02-15,327.1305847167969,328.883369871525,324.8115142834339,327.2654080138561,1846400
2022-02-16,323.63397216796875,326.3035828470075,320.4700003165455,324.80250460512383,2165300
2022-02-17,313.75543212890625,324.45183891695723,312.65882405901345,322.4923346804032,3102400
2022-02-18,311.0409240722656,314.600395148125,308.64096041679124,310.6184595872562,2910900
2022-02-22,309.449951171875,313.7015609998334,306.6904769126302,307.8230197691909,2590800
2022-02-23,306.6815185546875,313.93531287230934,305.45008685989825,312.4162398883915,2217300
2022-02-24,305.7825927734375,306.51066576743915,293.8817182236056,295.337864211609,4564000
2022-02-25,314.708251953125,315.22960510916676,305.7825959480846,305.7825959480846,2980500
2022-02-28,306.7713623046875,309.06344003776996,303.4096135502599,305.83654197550635,4245700
2022-03-01,296.7443542480469,305.74975072191666,295.67742796076124,305.0625825356451,5631500
2022-03-02,304.1402587890625,305.60498834202764,296.02092105892024,299.81839053100947,3469900
2022-03-03,301.4639892578125,308.7695644696397,298.4893054934877,306.3916275378123,2393700
2022-03-04,298.0733947753906,298.96850120890105,292.9468134001109,295.6592838945564,3293100
2022-03-07,291.0390625,296.37358241129317,290.09873164743647,295.49654916064816,3689900
2022-03-08,290.5688781738281,298.87808170989695,288.0191492722814,291.5905798140514,3596400
2022-03-09,301.6176452636719,305.1257778492189,298.3988494587765,299.8907025695423,3202100
2022-03-10,298.2813415527344,300.0354080624167,293.63398965677294,296.22891542107317,2232600
2022-03-11,295.6593017578125,304.34823618883934,295.39708853489077,302.32293359361114,2613500
2022-03-14,293.8329162597656,299.83650366554934,291.9522544752947,297.6574822479394,2342200
2022-03-15,297.61224365234375,300.0896243552403,293.7062798108951,295.7225593273207,2140700
2022-03-16,308.1004943847656,308.6158428143968,302.2234749103314,302.95583974511595,3468500
2022-03-17,310.3699035644531,310.66829076877514,302.8021153496408,305.03538381239355,2403500
2022-03-18,312.2776794433594,313.5344430449325,304.9720770604559,306.3916098561731,5861900
2022-03-21,306.5091552734375,313.1094888779486,304.83645967450155,312.1691856724499,3401200
2022-03-22,310.1347961425781,313.0552046021002,307.5217700549294,309.402431428551,2840200
2022-03-23,303.4440612792969,308.16376104816334,303.0100836590551,307.4133230180441,2196800
2022-03-24,304.004638671875,305.152907828712,302.25959514704397,304.1945038663528,1944100
2022-03-25,305.1438903808594,309.0679278489423,303.32655385212894,305.08964317657956,1580800
2022-03-28,303.16375732421875,306.05707005754925,299.7370229944364,305.74060966598574,2182600
2022-03-29,307.10595703125,311.0299949353004,304.45678375477115,309.64663588711517,2378700
2022-03-30,303.4259948730469,307.2867347005412,301.653855167783,306.50917305173874,2650200
2022-03-31,298.462158203125,304.2487560689625,298.462158203125,303.9142224756315,2632000
2022-04-01,298.5706787109375,302.1330589383762,296.17466855610627,301.9250929277012,2444800
2022-04-04,296.75335693359375,300.06257481664795,294.6285824959205,298.3718056660361,2569400
2022-04-05,292.9106140136719,298.13663894297827,292.4766364314875,295.9847414557331,2573900
2022-04-06,285.9486999511719,289.8908112032691,285.48757105425267,289.3302382814279,3151300
2022-04-07,284.0408630371094,285.5598398914657,278.66114644642835,284.8094018622572,3562600
2022-04-08,290.5869445800781,292.65744362420446,283.00105637400407,283.52545513641275,3294200
2022-04-11,290.017333984375,297.3771557340748,288.4531328410181,289.8816883949177,2747700
2022-04-12,289.1312255859375,295.7677323877131,287.53087817599896,290.84911778055056,2365200
2022-04-13,291.1113586425781,291.70810542661786,284.5562220082432,285.53269918678774,3022900
2022-04-14,290.81298828125,301.11131924355806,288.4531248320585,296.98836669979784,5460900
2022-04-18,298.2632141113281,300.7767686125572,289.9178379069017,289.9178379069017,3653400
2022-04-19,303.75152587890625,304.8817220198567,298.79673606361507,298.79673606361507,2774800
2022-04-20,308.3717346191406,311.84369362964594,305.15293842421346,305.69543805550313,3040100
2022-04-21,302.2596130371094,314.05887606046286,301.40970342129043,311.3283048124452,3097800
2022-04-22,289.1222229003906,300.6321494112122,288.85098688536107,300.46035740413447,3125200
2022-04-25,290.61419677734375,291.2832642236816,282.76609192088,286.0572371175722,3093600
2022-04-26,283.10955810546875,290.7768173048385,282.8202213222455,287.4766506746793,2791700
2022-04-27,283.20904541015625,288.6430090345693,282.223517805753,282.223517805753,2469300
2022-04-28,287.8926086425781,288.75154116226605,282.2325774851831,286.72623848806853,2176000
2022-04-29,276.2109069824219,288.4983970291389,275.5056656417499,286.8438018965673,3129600
2022-05-02,280.6683349609375,281.52726727035275,273.24518858705017,276.5001582256562,2968100
2022-05-03,284.50201416015625,288.8962034604054,281.4821334179002,281.6629482427346,2606200
2022-05-04,293.04620361328125,293.67007391989546,282.2505984123749,285.55978752658274,2629400
2022-05-05,283.0643310546875,289.9449499657325,279.10412048464207,289.782208389814,2622100
2022-05-06,282.9649658203125,283.6430835674997,276.7262880647269,282.3501456851064,2375600
2022-05-09,279.2850341796875,283.6972966121319,275.7497774390066,279.31215778260105,3234000
2022-05-10,275.82208251953125,284.9450216947894,271.8347475567814,281.8437703657651,2798400
2022-05-11,272.64849853515625,281.1114213548995,272.15122328383524,275.8220980416448,2320600
2022-05-12,270.7135925292969,273.8600681467698,265.7316796998004,271.24704173358515,3408300
2022-05-13,277.56707763671875,279.9540647509418,274.4748769391818,274.52912413789824,2152500
2022-05-16,274.35736083984375,277.096955032262,271.74433426011024,276.62680339665394,1568800
2022-05-17,282.9739074707031,284.19452446508313,278.59779260175446,280.1710163409675,2096200
2022-05-18,277.33203125,282.87448937711383,275.6593356149591,279.38445729742995,2033200
2022-05-19,278.66119384765625,280.27961498427067,274.31220095669664,274.7009818380499,2108800
2022-05-20,277.39532470703125,282.6304008617895,270.7136195925484,281.42788433066573,2201100
2022-05-23,286.2651062011719,290.98480637789106,281.25609678351645,282.7479501673695,2653000
2022-05-24,283.8600769042969,285.53274513706316,277.06079918662385,285.1258910774766,1870900
2022-05-25,284.718994140625,287.1602287378097,280.2705577718735,281.4188270686368,1929500
2022-05-26,292.61224365234375,294.30301230359197,287.50376370385754,287.7930728837704,2440400
2022-05-27,297.08782958984375,297.16922798350436,292.21443877969307,295.43323478446786,2106700
2022-05-31,297.3335266113281,299.94434427574754,293.52190605404155,294.7499986598529,2722900
2022-06-01,292.7850036621094,299.5349172315507,287.30862830999547,297.46992195711493,2330200
2022-06-02,294.9682312011719,295.8324514643254,290.40157806312374,291.6387483749507,1957500
2022-06-03,289.90118408203125,293.3762207079412,288.82775216983356,291.9025213434581,1238900
2022-06-06,291.5660095214844,295.8415543227839,290.91102878336477,293.83113851672255,1099700
2022-06-07,292.4757080078125,292.7758947933711,288.06368683932067,289.5373865826475,2516800
2022-06-08,286.2624816894531,290.6926867247569,284.5522526444923,289.591964833262,1438100
2022-06-09,276.74713134765625,285.77130874572305,276.5651814288202,285.2436706380944,2896500
2022-06-10,261.100341796875,271.68008664474,260.9457093753007,270.16999138952707,3866900
2022-06-13,257.7345275878906,260.5545847245363,253.18605729061028,253.80464258824213,4218100
2022-06-14,257.0249328613281,263.06528616995723,255.89689350096003,258.6532650209774,2487700
2022-06-15,263.8749084472656,267.8866617592533,258.50772014801447,261.2276959450022,2725800
2022-06-16,259.2445983886719,260.29074090516514,253.94106698018953,257.15228559402846,2777300
2022-06-17,254.52328491210938,260.4090060379026,253.03137346825497,256.65196548115335,5234400
2022-06-21,259.0899353027344,262.05554650494753,257.4252075660768,261.7826216591361,2506300
2022-06-22,258.84429931640625,260.18155040426893,255.66037079879536,256.79748812651354,2463100
2022-06-23,260.3271179199219,260.70917381483207,253.74091514674996,258.1347522698017,2547000
2022-06-24,275.4098815917969,275.7555697826464,263.81128211930996,264.72097619558343,3984300
2022-06-27,273.61773681640625,276.8380610743467,271.88932391650957,275.6918378486133,2091700
2022-06-28,272.4441833496094,281.0680904434467,272.162180496608,278.27532385492214,2276600
2022-06-29,275.8919982910156,279.67632870468236,272.82633391864,275.9738674205311,2475900
2022-06-30,270.197265625,273.2083501399762,265.8398519381638,269.7969980977838,2669500
2022-07-01,272.2077941894531,273.20843555869055,265.3759821465914,268.60538531821265,1749400
2022-07-05,270.3610534667969,270.4975020071787,262.3193345059833,266.54032776616884,2480900
2022-07-06,267.2317199707031,270.488412295645,264.3570835815876,269.51503304684815,1774500
2022-07-07,271.6346435546875,272.0622008602681,267.0861733938979,270.7795289435264,2046500
2022-07-08,269.6970520019531,273.7179127513063,268.4234856203701,273.3631186726876,1438900
2022-07-11,266.7040710449219,269.76065721540573,265.5214799904331,266.7222826917538,1519400
2022-07-12,266.1128234863281,272.0713089499094,263.3655572002053,263.54747936971955,1772600
2022-07-13,263.94769287109375,264.89378234816706,259.99962447697925,264.2751971277044,1884100
2022-07-14,256.16070556640625,258.5713888829242,252.74935339350677,258.5713888829242,3171900
2022-07-15,267.3317565917969,269.6605708824041,259.39922423889846,260.627316623487,3457600
2022-07-18,274.05438232421875,283.1422151409161,271.73464631426486,278.14800471179825,6767900
2022-07-19,289.3281555175781,290.31974637329824,276.09211938327337,276.17398850902276,5641100
2022-07-20,292.4211730957031,293.0761539437136,287.7453321993054,288.6277365672965,3489800
2022-07-21,297.05145263671875,297.6154584104948,290.96559825024303,291.56599955313015,2518800
2022-07-22,294.67718505859375,299.33481412277445,293.0943263055043,297.57000545619144,1830300
2022-07-25,294.85003662109375,297.73377902926853,293.46731163313746,296.53297619775765,4024500
2022-07-26,289.78302001953125,295.00468259123664,289.0643817295134,292.71223588504364,2054700
2022-07-27,295.2321472167969,296.9150869466438,289.6284279213493,291.3659470792637,2081900
2022-07-28,299.3893737792969,300.18083086524996,292.82140986533534,295.9234419208346,1820700
2022-07-29,303.28289794921875,304.91123023136794,299.7441749407114,299.7441749407114,2112200
2022-08-01,302.0911560058594,304.56552467101454,299.29841666615386,301.772785331309,1476500
2022-08-02,298.2705078125,301.86378287294275,297.6701063713513,299.7442078218372,1862900
2022-08-03,303.0827331542969,305.2114135789317,299.8533031067403,302.0820642978476,1770600
2022-08-04,301.9001159667969,304.1106655235828,300.762998569892,303.1827877219042,1533400
2022-08-05,304.4472961425781,306.485001771644,299.8988262479439,301.01773207456336,1876400
2022-08-08,304.4563903808594,308.2407208656635,304.14709774298973,306.66694020430515,1460000
2022-08-09,306.2211608886719,307.63120311236423,304.3562994696348,305.7936036386259,1587900
2022-08-10,316.4916687011719,318.1200288673311,310.5240777950727,310.5331558578863,2459500
2022-08-11,319.92120361328125,323.896562254066,318.1927904340261,318.3929242397289,2360800
2022-08-12,321.8679504394531,322.54111514227685,318.52936111262716,321.52226226395163,2369000
2022-08-15,323.714599609375,326.2344418718543,317.528664055127,319.30257837297273,2045700
2022-08-16,322.9140930175781,324.2786340713592,320.23048450714515,321.1128888323899,1740900
2022-08-17,321.7950744628906,323.4780135375572,319.0932827787279,320.12124120991103,1576300
2022-08-18,322.50469970703125,323.03233776181463,319.17521640974473,320.8126822302903,1102200
2022-08-19,317.7288513183594,320.0849557282477,316.11870274032606,319.30263212044446,1812300
2022-08-22,311.4974060058594,313.4168468619669,309.9873107589984,311.51558989016297,1723900
2022-08-23,309.4596862792969,312.99840912792325,308.41354377212025,311.0698623644345,1538000
2022-08-24,311.0607604980469,313.2258366036528,307.92230517493624,308.4044418719417,1530800
2022-08-25,315.1998596191406,315.53644195134126,311.21539552752347,313.3441038802521,1763900
2022-08-26,306.02105712890625,317.2466777971698,305.65718507995217,316.88280574821573,1703900
2022-08-29,303.7650451660156,306.0210686111743,302.0275262232839,303.7650451660156,1835600
2022-08-30,303.5011901855469,305.6662661799399,301.27242895328214,304.74746642728013,1830300
2022-08-31,304.9126892089844,307.17659844082044,302.17214984123416,303.8861162853819,2488000
2022-09-01,305.6734313964844,305.84758041668937,297.5343562440201,302.3463068132301,1575100
2022-09-02,303.8220520019531,311.9244585967763,302.43803411149247,306.7550342966183,2215400
2022-09-06,299.2483215332031,305.44428966827263,296.4711397632464,304.5918937125316,1578100
2022-09-07,302.9787902832031,304.4452953572267,296.27872302269526,297.1952851975528,1496600
2022-09-08,307.39654541015625,307.7906603280477,300.04570080959735,302.7312485300854,1755600
2022-09-09,311.7227783203125,312.5751743670913,308.90892593749925,309.77967112802963,1445600
2022-09-12,313.99578857421875,315.6364423387339,311.7135582110047,313.15256722249984,1563200
2022-09-13,300.9898376464844,308.44146392958464,299.55997505497527,308.038174372974,2242100
2022-09-14,299.9540710449219,303.3178377188734,296.507789181227,301.0447819970753,1953300
2022-09-15,303.95025634765625,307.30487629733204,300.2565129664251,301.3014069708117,1489400
2022-09-16,298.99169921875,301.5489151763609,293.1073865074783,299.1475270749771,2946800
2022-09-19,301.2372741699219,301.8147127127854,293.7947951091312,293.8222908506365,1652700
2022-09-20,296.287841796875,299.53245114552436,293.3090152895752,298.5242553200557,1569900
2022-09-21,293.95062255859375,302.2730220706654,293.87730989812087,297.8093691297027,1796700
2022-09-22,286.8105773925781,296.40698211759695,285.2340897214253,295.42625411905254,2239900
2022-09-23,276.7742919921875,283.94181519576716,272.6405874695108,281.88869682254006,2918500
2022-09-26,270.0375061035156,276.8934002921348,267.92025001035825,274.052052349114,2308800
2022-09-27,267.06787109375,274.1895485923064,264.5381507287583,272.67722671068316,2007400
2022-09-28,275.69268798828125,277.17751393228735,268.0577109702718,269.46922426264575,2289700
2022-09-29,271.4031677246094,274.3728477052744,267.2236471294175,272.28308740767847,1930800
2022-09-30,268.5985412597656,275.96770917253724,268.277766867085,271.3024109356343,1970800
2022-10-03,274.18951416015625,276.09597876635786,266.81120131715795,272.3747393186063,1938800
2022-10-04,288.5978698730469,288.86368068261066,280.35798651784023,281.2012078863669,2399500
2022-10-05,283.2176208496094,284.3266528921841,278.26819229308927,280.9995287932112,1992800
2022-10-06,279.2490234375,283.29103820666285,278.10332066429396,281.7420737908467,1367400
2022-10-07,275.9584655761719,279.68887950657637,274.1895076874548,278.63483883549503,1790100
2022-10-10,275.463623046875,279.2948464914834,273.52966217819085,278.295797007866,1309600
2022-10-11,269.6617126464844,277.27834103716447,269.3959297915357,273.1446652159811,2392800
2022-10-12,270.6699523925781,274.76698611173765,267.3703232276081,269.4600837035465,1763800
2022-10-13,281.4487609863281,282.9977533393828,263.74077259947506,266.1880059766484,2724900
2022-10-14,274.95941162109375,285.6190316211818,274.1161902873406,281.8061305361105,2397600
2022-10-17,281.11871337890625,285.6190359984257,278.76317037925065,279.01063204096505,3118600
2022-10-18,287.6629943847656,297.40605309258024,285.9673490605088,294.83051606470343,6428600
2022-10-19,285.7474365234375,288.5246188326892,282.3561452412123,286.5264920057995,2363800
2022-10-20,284.8766174316406,289.67939309866904,283.2176425398998,286.0589901790487,2382300
2022-10-21,297.974365234375,298.5884462206058,283.6668153033404,285.05083312235746,3545700
2022-10-24,301.2739562988281,303.60200376092547,298.66174886836063,301.0906327007675,2232600
2022-10-25,304.66522216796875,305.7651078249261,298.7259179399108,300.50402259702696,1837700
2022-10-26,307.6806945800781,310.41205936145775,306.26003469368635,306.6083047516793,2176700
2022-10-27,309.0463562011719,313.400025528661,308.45059651902886,310.9986376592146,1998800
2022-10-28,313.2992248535156,313.9957929426152,307.9648273804326,310.27455351613514,1677100
2022-10-31,315.76483154296875,317.2954746516084,312.15357447663297,312.6118555462567,2224000
2022-11-01,319.4951477050781,319.5959840632025,315.0864870256292,316.33302580505006,2316600
2022-11-02,320.604248046875,327.6159421514268,317.80871700512284,318.6152960863988,3221200
2022-11-03,319.760986328125,321.41081474112974,314.00497798142595,318.5053008404996,2515600
2022-11-04,328.0467529296875,328.47753824651875,321.9241246587188,324.46299167078433,3172700
2022-11-07,332.3087463378906,332.67536557657826,328.6058276932589,329.97152421640874,2526900
2022-11-08,333.64691162109375,336.5524256639538,331.30051498090745,332.0704237561635,3501300
2022-11-09,331.79547119140625,336.5157602839944,330.7689261426789,332.6662163512668,3047200
2022-11-10,346.74456787109375,348.68767483507014,338.8896248205123,339.1279398912367,3790400
2022-11-11,353.0322570800781,354.70955351414847,347.147915745436,348.29361843766515,3409100
2022-11-14,350.4566650390625,354.98448397207204,348.7518729888934,351.9598402831408,2609100
2022-11-15,350.933349609375,357.07429974157344,348.8894057754906,353.77469810457575,3192400
2022-11-16,350.42919921875,353.2430517702248,348.302796260285,351.23577839700727,2303700
2022-11-17,348.0918884277344,349.87002080846554,343.7198980941584,345.68132607801886,2297600
2022-11-18,347.5603332519531,350.88742992775195,345.9013582139813,349.4667699685784,2384500
2022-11-21,348.486083984375,348.99935654590945,344.09577146593756,347.2853898167222,1877500
2022-11-22,351.8407287597656,353.6371828475801,349.57681899712736,349.57681899712736,2019400
2022-11-23,354.0220642089844,355.8093712556276,351.4190315464964,351.86813796517777,1865400
2022-11-25,356.414306640625,356.94592829547196,353.0413649973871,353.57298665223414,1129300
2022-11-28,350.4566650390625,355.9835612584135,349.1093456278834,353.27051735026066,2232200
2022-11-29,351.6940002441406,352.8122070127075,347.6153160914498,349.3292825709432,1746900
2022-11-30,356.25152587890625,356.25152587890625,346.0571064190844,352.88414036647805,2964100
2022-12-01,354.09271240234375,356.57443582514503,350.99288088587764,356.57443582514503,1706300
2022-12-02,351.11279296875,352.902586703579,349.1015907404383,351.9800137744792,1932300
2022-12-05,342.7727355957031,349.53518241561665,340.71538793835185,349.23995233699685,2329600
2022-12-06,334.81097412109375,341.69336088587204,332.4307199909157,340.8722855481892,3081900
2022-12-07,332.0524597167969,337.01587840578867,330.41948761974413,334.42345073764346,2128200
2022-12-08,330.3548889160156,334.51570167015853,328.4913018090929,333.99906310279994,1967800
2022-12-09,331.3328552246094,333.6392875470349,328.6296951451612,329.0909816096463,1588800
2022-12-12,335.06005859375,335.8258099577166,328.7496625918408,330.807010537246,1750400
2022-12-13,340.1434020996094,349.2491920468164,337.2096270576241,345.6234873352295,3062600
2022-12-14,332.47686767578125,340.2725927603087,331.6188815288925,338.5935312704483,2519700
2022-12-15,322.7436828613281,328.5374398638492,321.0000346254528,327.0336696045875,3163700
2022-12-16,319.5331115722656,320.8523839879311,316.82074514646047,318.36142603617077,5008800
2022-12-19,317.9278869628906,321.42444672458487,316.10121033303244,319.4593616127232,1646700
2022-12-20,317.8171081542969,320.52026796891136,316.8945353157129,319.2009674121729,1623000
2022-12-21,323.048095703125,323.71234924670364,320.03129277649435,321.2952130103914,1923100
2022-12-22,318.82275390625,321.10151026348973,313.56410488125323,320.2804349623767,1528900
2022-12-23,318.7581787109375,320.8339677816684,316.543981178405,318.14004246625575,1062000
2022-12-27,315.4922790527344,320.8247496825938,315.32622267558924,319.6807682115594,1035000
2022-12-28,314.4774169921875,316.3041214528795,313.0289707955389,314.1360695271141,1117200
2022-12-29,316.8392333984375,317.95556698137415,314.8187963094412,315.92589515302853,1273600
2022-12-30,316.7930908203125,317.07908617047036,313.12124049726305,315.2800577313695,1031400
2023-01-03,319.4132385253906,321.60896686183867,316.26726108544636,318.7489848114626,1589700
2023-01-04,320.7785949707031,323.1864966232053,318.3614304254028,321.083031626712,1881000
2023-01-05,317.1436462402344,318.41680125516143,313.8039370878538,317.5956979191302,1397800
2023-01-06,321.1291809082031,321.97796041254145,314.551259407023,320.4095751314631,3097800
2023-01-09,325.6683044433594,328.89731029478077,322.4392985919379,324.63502707565596,1989000
2023-01-10,329.6906433105469,329.8198170328674,323.3618066294266,325.3361261813016,1610100
2023-01-11,336.2593078613281,337.2003218797247,328.6296136126575,331.083660373436,2127000
2023-01-12,341.296630859375,341.44424590625476,334.49727289228264,337.88309976767226,2103100
2023-01-13,345.0423278808594,345.3652340860186,334.3035638411156,335.3460759140631,3310200
2023-01-17,322.8266906738281,338.39048950321404,317.3650472402358,336.554550462654,14448300
2023-01-18,322.0610046386719,327.3196819915236,320.8708775874003,321.3506335655808,5585200
2023-01-19,323.5924377441406,324.89326888384164,318.7673714447976,319.2378926232207,3100400
2023-01-20,315.372314453125,324.976301650515,312.02337034584406,322.7805736598079,11247200
2023-01-23,322.107177734375,322.4946426602252,310.13216905489924,315.215555720508,4915700
2023-01-24,321.3598327636719,323.1773026549643,313.6748122515732,313.6748122515732,2372000
2023-01-25,322.5592041015625,322.86364080501386,317.2728506495391,318.0570433343842,1985200
2023-01-26,327.4857177734375,327.5133938354613,322.4576839864812,324.4965904561026,1919200
2023-01-27,326.3140869140625,328.4267588486299,324.5888517247653,324.69958413659197,2427400
2023-01-30,329.78289794921875,334.2758234265766,325.11468137008103,325.9357847578593,3184500
2023-01-31,337.48638916015625,337.5878868192536,329.2293504710852,331.35128502675406,2311500
2023-02-01,337.3940734863281,340.37399361305705,330.9822097482601,331.29588110559695,2889400
2023-02-02,340.8630065917969,344.01821826178434,336.32393558763226,339.5068233181157,2619600
2023-02-03,341.30584716796875,345.56812935570696,337.1450344824673,337.31109084323083,2243100
2023-02-06,342.0899963378906,342.51440011384,337.45869083671005,340.42937649491284,1816200
2023-02-07,345.4112854003906,347.17340300403316,338.89792303021994,339.6636742977974,2205500
2023-02-08,346.0571594238281,349.05552186005013,343.17873598980617,344.045956916043,1893200
2023-02-09,339.49755859375,350.28243697124253,339.3222675078615,347.8468593986511,2052500
2023-02-10,342.5328674316406,343.40932295426336,336.3331763768045,338.58425651993906,1933400
2023-02-13,345.06072998046875,346.02021374667873,339.50685087093245,340.5124520234816,1570600
2023-02-14,342.994140625,347.8560895162329,340.7799713670175,344.98690140359116,2155500
2023-02-15,345.35595703125,345.38363309374716,339.7374911067844,340.1895428458024,1687200
2023-02-16,341.5364685058594,345.27287715710713,340.24484403683186,342.04387229391443,1947800
2023-02-17,339.9681091308594,342.32989347108935,338.4550760807204,339.552940069502,1857300
2023-02-21,333.1595153808594,338.32592916243823,332.20926643648266,338.32592916243823,2403000
2023-02-22,332.9473571777344,334.89397253967735,330.31801870454245,333.630052134292,2203800
2023-02-23,335.39215087890625,339.3961137780595,331.7664180823964,335.07847947995214,1931400
2023-02-24,335.67816162109375,336.90517121315037,331.6926398608692,332.28310004224664,2428600
2023-02-27,337.2280578613281,341.62872028704516,336.2870436757096,339.7097811179339,2842400
2023-02-28,324.42279052734375,337.67095347670795,324.12756040957277,337.6617187371858,4945600
2023-03-01,321.7095642089844,327.5726797689325,321.4586678020586,324.64577241964736,2717400
2023-03-02,324.37628173828125,325.0081164329898,316.37603858586124,319.6281639546226,3259800
2023-03-03,331.80047607421875,332.43231089419425,324.8037603850879,325.80728943449697,2396200
2023-03-06,331.76324462890625,333.4450558131644,328.67839288511493,332.70172419313167,1614200
2023-03-07,321.5701904296875,330.9735038161591,321.1520769785154,330.36951490398786,2048500
2023-03-08,324.5528564453125,324.92452227739716,320.7246444978987,321.6723966231573,1584600
2023-03-09,317.86273193359375,329.1987231968981,316.89637816452114,324.4692071081089,3177800
2023-03-10,304.4640197753906,315.85573220331605,302.94015298291123,314.87080497648356,4559700
2023-03-13,293.1651611328125,303.01443201003025,292.2638567197522,297.03054766942773,5660700
2023-03-14,299.3349304199219,303.2653667640396,296.36157541602495,301.769374222382,3785900
2023-03-15,290.0802917480469,290.37763572845927,282.85128281743107,288.7608455576435,6596700
2023-03-16,292.77490234375,295.77615964192637,283.3251711940323,287.11620767294966,4399100
2023-03-17,282.0429992675781,288.4171535438504,280.4912578736405,288.1291103247356,6369800
2023-03-20,287.6087341308594,290.0896541873694,284.57032943808974,285.05349224161097,3963700
2023-03-21,294.80987548828125,297.63458723834384,293.01656704580313,295.12579290641554,3242400
2023-03-22,291.4554748535156,299.3999408385167,291.2882011484782,294.8097961141174,2505900
2023-03-23,292.55194091796875,298.6008754183087,290.4984637794526,292.8864316635939,2585900
2023-03-24,290.43341064453125,290.6006560151466,283.73401139549037,288.1847855776565,2456700
2023-03-27,295.9713134765625,298.1734626319174,294.7076439560985,296.0549361633915,2300600
2023-03-28,295.8876953125,297.903997401531,293.7319937203374,296.4916558530208,1224300
2023-03-29,298.0061950683594,299.85525161522935,296.11066257252116,299.66013202715715,1475900
2023-03-30,298.396484375,301.8623030456533,297.2257100485671,301.5742598949096,1456300
2023-03-31,303.943603515625,304.1480239454278,299.5857818936914,300.56140809812945,2281100
2023-04-03,303.3954162597656,305.68121625827956,300.26408860518313,303.0423521761346,1808800
2023-04-04,299.79949951171875,303.7206347289459,297.4486785535699,303.67418713682684,1536800
2023-04-05,298.7588195800781,299.3813817718882,296.7517902303116,296.98408490010473,1329300
2023-04-06,299.56719970703125,300.3384338882369,297.318603188859,297.69026898829514,1311000
2023-04-10,301.9459228515625,301.97379708019804,298.554426038242,299.5672274870466,1114400
2023-04-11,304.18524169921875,305.8856546848027,300.7472973510017,302.95871894835244,1559600
2023-04-12,306.85198974609375,308.5524027847732,304.00870496157603,308.2271845420921,1862400
2023-04-13,308.608154296875,309.3607868439729,303.8414625943975,306.703320774484,1765500
2023-04-14,313.0589294433594,315.57699601677587,310.643058925512,312.69653610535346,2275700
2023-04-17,315.62347412109375,316.33896000437977,310.0484008593191,312.2041026593813,3012100
2023-04-18,310.2620544433594,312.71507139749394,303.033045493768,304.77060507717226,7549500
2023-04-19,313.0309753417969,313.12387051178,308.18066217621595,309.3978838082964,2625400
2023-04-20,314.7221374511719,315.2796503918766,310.64305734164986,311.2284445115755,2217900
2023-04-21,317.46319580078125,318.11360387241376,312.2040409932013,314.99157707349775,2278900
2023-04-24,319.6003112792969,320.6224135639419,317.34241374795704,317.7698280283414,1966300
2023-04-25,315.43756103515625,319.1449745716075,314.36898296115186,316.8499022975471,2138200
2023-04-26,312.724365234375,316.47825493284455,310.94035809985235,313.67211725232255,2041900
2023-04-27,317.4075012207031,319.04283671643367,314.76863668621996,316.05090803779933,1768200
2023-04-28,319.1171875,319.7304489456523,315.6420676642586,315.96725757773436,1714100
2023-05-01,316.450439453125,322.852466816503,316.2645923454824,319.68396361832214,1375000
2023-05-02,309.7602844238281,315.8185474169897,306.6289568859675,315.00086566162196,2397600
2023-05-03,305.37457275390625,311.11689028939173,305.0029069467815,308.8218177761349,1825400
2023-05-04,298.5080261230469,303.82293063001987,295.99923171998057,302.8658774856171,2965100
2023-05-05,303.86004638671875,304.64985405206136,299.5858465155228,302.03886384600037,2413400
2023-05-08,303.3861389160156,306.907705685493,302.60563223005164,306.29447271217214,1607300
2023-05-09,301.7693786621094,304.0087028986155,300.4034847371462,302.02027507781395,1253300
2023-05-10,299.7065734863281,306.5546442136467,296.48232231531944,306.5546442136467,1752200
2023-05-11,298.0061950683594,299.1397942214422,295.6460732205411,297.0212679106643,1515200
2023-05-12,296.87261962890625,300.3291658179919,294.84701669797977,299.23274166524664,1099100
2023-05-15,299.2606506347656,300.357074914792,295.53463422770335,297.7275111440454,1178200
2023-05-16,298.08984375,300.18979687813027,297.8018005951503,299.6601581651669,1618900
2023-05-17,306.7962646484375,306.9914126226768,299.8088499329212,299.8088499329212,2098100
2023-05-18,306.23870849609375,307.18648893367293,302.5963438118237,306.62897603326473,1645400
2023-05-19,303.0516357421875,308.4408893654874,301.78796628614197,306.6289795077009,1546100
2023-05-22,301.9087219238281,304.1573182468899,299.5950479372512,303.0515934490202,1498900
2023-05-23,300.6544189453125,303.97159437380645,299.9482339179475,300.68229317764064,1550900
2023-05-24,297.1606750488281,299.10265537264013,296.2221953701119,297.69961464194154,1439100
2023-05-25,300.9423828125,302.15030370340133,296.2221394362565,296.33366469246374,1618500
2023-05-26,308.49664306640625,309.2957231731494,301.05391227232917,301.7229221005191,2718700
2023-05-30,307.4001159667969,308.9797307864838,304.51968525226346,308.561589111779,1998600
2023-05-31,303.2525939941406,306.38904987537165,301.30519870115364,305.2842772709636,2938000
2023-06-01,296.2306823730469,303.98286232170256,294.00239386455405,303.82371518378,3339700
2023-06-02,303.0185546875,304.5352813622052,296.83927352534545,297.95341789942154,3987700
2023-06-05,301.29583740234375,302.86873695151684,299.90082836349126,302.3444371017925,1462900
2023-06-06,305.96771240234375,307.1567729445645,300.91194789435775,301.8762881087103,1495600
2023-06-07,314.34722900390625,316.3039961146858,305.51836208757277,306.754224022444,3382700
2023-06-08,314.0850524902344,314.8902170155376,310.2183198593495,313.98204971827846,2009500
2023-06-09,314.6000061035156,314.7685535101621,311.341861015414,313.8416427763058,1702100
2023-06-12,317.8487548828125,318.4105128091445,314.90893316478065,316.8656999408778,2290800
2023-06-13,320.66693115234375,323.26971561121786,317.8113684497937,318.5135588099813,1772400
2023-06-14,316.8470458984375,325.5635671049825,315.7329015121392,322.8016067714463,1819400
2023-06-15,318.08282470703125,322.0712746348562,314.3003803094632,315.8171067405528,3322700
2023-06-16,316.7439880371094,319.6370085512727,315.620472164415,319.61829376319946,4544900
2023-06-20,309.6378479003906,314.00079389645265,308.2428389264502,313.94462095603876,3208100
2023-06-21,304.3480224609375,308.9637467289855,304.2075901086821,307.51256480201636,2158700
2023-06-22,299.2079772949219,303.5896668005685,298.67433434296754,303.0559952764156,2409100
2023-06-23,294.6484375,297.4571990153654,294.0492499009325,296.38051281558194,2612000
2023-06-26,292.4482116699219,296.4554052045137,292.27034974138934,295.0416528794067,2481000
2023-06-27,293.46881103515625,295.556639050181,290.7630234144145,292.49509893032774,2156800
2023-06-28,293.6653747558594,294.82632034222627,290.8846997851267,291.84904007075056,2423500
2023-06-29,302.4942321777344,304.75060722982016,296.09025971253647,297.58827148401974,3553600
2023-06-30,301.9793701171875,305.24688740115545,301.8951106867011,305.0502820633539,2361800
2023-07-03,305.7898254394531,308.40198141811345,301.857576808768,301.857576808768,1106800
2023-07-05,299.64801025390625,303.91732519629323,299.25479966753255,303.2994228462774,2561000
2023-07-06,293.0474548339844,298.32794025874796,292.89765078943077,297.72872408053365,2896900
2023-07-07,295.0791320800781,297.13887336211076,292.76658397781733,293.23471089267014,2903100
2023-07-10,296.2962646484375,299.6761274189299,295.85622418476834,296.4835268521183,1775800
2023-07-11,300.42510986328125,300.574913892938,294.52669405585834,298.50577251973846,2041700
2023-07-12,305.5932922363281,312.1002688023354,303.5803519011545,303.88930314165117,2741300
2023-07-13,307.7279357910156,308.2896938651647,304.92854567490616,306.48273063209746,2787800
2023-07-14,305.3966369628906,311.2856815127218,304.30120741766507,310.8268977101269,1815200
2023-07-17,306.3422546386719,306.61374766855585,303.683268704441,305.1157644470491,1777400
2023-07-18,315.77032470703125,316.6878637631278,306.4358727091,306.4358727091,3887400
2023-07-19,318.8411865234375,323.83143475139843,310.1808397871024,316.4537510141909,6037400
2023-07-20,328.49395751953125,329.2616924063059,317.5398064378015,317.5398064378015,3915000
2023-07-21,329.52392578125,332.4450334764273,324.674137272662,329.3554069308826,3217400
2023-07-24,336.0495910644531,338.5681162332693,329.5613586729083,330.33843680482914,3517500
2023-07-25,332.0892028808594,337.8190710233936,331.4150990657262,334.63581411889635,2893000
2023-07-26,334.76690673828125,337.29480342939627,331.69599541445336,331.8926007124117,2281600
2023-07-27,331.91131591796875,337.5569247151459,331.59299308135496,335.3005498178992,2010800
2023-07-28,330.71295166015625,333.7744914075521,329.19619645030747,333.4093386980886,1827400
2023-07-31,333.1846923828125,334.4299261508281,331.45261684128445,332.2578101049357,1385500
2023-08-01,334.916748046875,335.0571804181878,330.86278120990437,331.4338823773101,2024300
2023-08-02,328.71875,332.36076281340604,326.63089351703564,332.36076281340604,2106600
2023-08-03,330.6473083496094,332.5666167052158,326.3967092169316,327.67937201354755,1840400
2023-08-04,330.7035217285156,335.8622885819027,330.038789624501,330.8158675971159,1725300
2023-08-07,332.8944091796875,334.8699196165768,331.3589677575502,332.74460513837175,1260300
2023-08-08,326.0597839355469,329.56136428800266,320.22691200320725,329.2804995541375,1917300
2023-08-09,320.84478759765625,326.2469612424765,320.6575254259422,324.7115200087654,1326000
2023-08-10,318.7008361816406,325.1235530820977,318.1390781019308,322.13690072097336,1345900
2023-08-11,319.0097351074219,320.00216174868734,316.0324266114299,318.2607150002999,1256800
2023-08-14,316.21038818359375,316.875149035386,313.5139723362053,315.90143696333973,1347000
2023-08-15,311.0328063964844,312.73679483835656,309.41310592375135,312.053319411313,1657800
2023-08-16,308.1304626464844,311.6976157748006,307.9994019770283,309.46932724427023,3340300
2023-08-17,306.6418762207031,312.69944027791195,303.34627268004857,308.9637962481976,3135200
2023-08-18,304.2169189453125,306.7354437756643,302.5972182716236,303.6458178822005,1730500
2023-08-21,301.5298767089844,305.58387139676256,299.0300952278396,304.647617658345,1983500
2023-08-22,298.4683532714844,302.07293607207595,298.0189411669598,301.92313203723444,1810300
2023-08-23,301.78265380859375,301.89502825743057,297.7286877081083,300.1816679220765,1429000
2023-08-24,299.563720703125,306.6137098000676,299.1424236886832,301.61411855666006,1185600
2023-08-25,299.74169921875,302.1478787503824,297.9066494595759,300.35025857757677,1159600
2023-08-28,305.19061279296875,305.7804571821091,300.85575368897634,300.85575368897634,1440100
2023-08-29,311.3511962890625,311.49165721976624,303.9828833001266,304.80679123295283,1831700
2023-08-30,310.1994323730469,313.34317043767453,309.3214628924712,311.5400111582628,1131500
2023-08-31,309.37811279296875,312.0026002920737,307.7260066274419,310.9830274493729,1271100
2023-09-01,309.08544921875,313.06938629059096,307.9620147470629,311.22848532025216,1201400
2023-09-05,305.6396484375,310.105065873691,304.58230507419836,309.02882285790093,1846000
2023-09-06,303.1662292480469,306.00786128731187,301.4480317912612,304.2802140038079,2120800
2023-09-07,303.9497985839844,306.0833851515421,302.2221800449923,302.68476060468635,1471100
2023-09-08,307.31060791015625,307.73544672060467,303.6665476836024,303.9120126683454,2026400
2023-09-11,306.4892272949219,311.6815599048512,306.149379353101,309.897300589413,1283100
2023-09-12,312.3896484375,316.5246384971383,305.87563602498255,305.88508585037454,2054700
2023-09-13,316.241455078125,318.15789709471403,312.31415921541907,314.84423490827095,2165000
2023-09-14,325.29498291015625,325.81420474000697,318.0068335884654,320.03655821030617,2822700
2023-09-15,323.3785400390625,326.82435561666625,322.73655690723683,325.8425244830897,3063900
2023-09-18,324.1149597167969,325.00237917074776,320.2914962029576,323.3785934476088,1356600
2023-09-19,322.764892578125,325.67258655146793,319.06416234706364,324.24704582517603,1660200
2023-09-20,317.865234375,324.5680419837301,317.4781660488163,323.44460749834064,1224400
2023-09-21,311.7666015625,315.96768327193547,311.61554839072033,315.7883094311,1685100
2023-09-22,309.5480651855469,312.99388084970246,308.5473343753294,311.6344311876635,1669100
2023-09-25,310.4448547363281,310.8696934901208,307.0840016246412,308.7738780049282,833300
2023-09-26,305.7057189941406,309.1137640268639,304.3840398791017,307.3955667720914,1481800
2023-09-27,303.9403381347656,306.819711596338,301.13647684868283,306.80084075507676,1493000
2023-09-28,307.008544921875,308.55678945696303,302.29766253355643,302.29766253355643,1389600
2023-09-29,305.46966552734375,309.6140761765677,304.24236958052177,308.8966097814949,1403900
2023-10-02,300.6833190917969,305.47913455016607,299.361639934801,304.01585205678583,1303800
2023-10-03,288.9958801269531,298.02109884028704,287.3626734232308,297.6340304648899,3118600
2023-10-04,291.337158203125,291.77141808863917,286.50357168999017,287.7969303299757,1872000
2023-10-05,293.1308288574219,293.17802036526626,287.1926793621136,290.16646461741885,1584600
2023-10-06,295.00006103515625,297.6811896307835,289.98710164957106,290.874492091044,1595100
2023-10-09,295.1227722167969,295.9441291448008,291.11996446664244,291.6203154354117,1094400
2023-10-10,297.1619873046875,299.1256497681342,294.8207351196244,296.87878060825153,1193800
2023-10-11,295.5097961425781,298.9178693998889,294.16924641721255,297.7849853186333,1672500
2023-10-12,292.5172119140625,296.6710732072216,290.7895647095072,296.5766613756949,1727700
2023-10-13,291.9979553222656,298.49309737747046,290.9311909600379,294.5469306695456,1785200
2023-10-16,296.80322265625,298.22873455574694,292.89479798546523,295.66088859907313,2273900
2023-10-17,292.05462646484375,298.49312784148,288.7976340891855,295.84976920525463,4123000
2023-10-18,285.0685119628906,290.03427961168217,284.61538134337223,289.8265851409225,3460300
2023-10-19,282.4535217285156,288.25948924245716,281.9248500439892,285.0685594827071,3211800
2023-10-20,283.265380859375,286.28638640330723,281.42447991485346,281.802098405234,2329000
2023-10-23,282.4818115234375,286.569581210677,281.50943026598236,281.6038420872819,2959800
2023-10-24,282.444091796875,286.1448226596765,282.3496799586067,283.2182285360477,1697100
2023-10-25,280.1595153808594,283.2182634063029,278.5262796901205,281.89658393916386,1809300
2023-10-26,280.3765869140625,283.3504012611852,278.2902207682033,280.34826624458736,2011200
2023-10-27,273.6925964355469,281.58492877361624,273.1733458488161,280.90520402786143,2601700
2023-10-30,284.00177001953125,284.9269598848338,276.88357302702633,277.0346261975112,3065200
2023-10-31,286.6262512207031,287.26823438350993,283.87905997597477,284.80422101012874,2611000
2023-11-01,289.9776611328125,291.0066837429716,285.8993123731491,286.36189285383654,2345400
2023-11-02,296.2084655761719,296.94483169797115,290.7706672549198,292.36613198722546,2597000
2023-11-03,309.2931213378906,310.9074568561274,300.14517205047827,300.6455230034028,3742000
2023-11-06,305.79071044921875,310.50156420999343,304.08196285545466,308.3868774222295,2087600
2023-11-07,305.8284912109375,308.13200174369643,303.31728616094796,304.11029373297924,1505000
2023-11-08,306.4043273925781,308.3868605528819,305.5641283814329,305.8284642154437,1484400
2023-11-09,302.83575439453125,308.37738543876833,301.7784111451941,307.7637518183969,1787900
2023-11-10,307.3011779785156,307.8203997891592,303.65708904725125,305.2336829404843,1781400
2023-11-13,308.6228942871094,310.3316418902056,305.4319644350014,306.0267272999199,1403300
2023-11-14,319.77227783203125,322.66110159781294,313.871897785835,314.872599936834,3592700
2023-11-15,318.7148742675781,322.00018681941265,316.58128802565784,320.8862021911571,2534500
2023-11-16,317.8369140625,320.74460820940675,316.2697699146576,318.86593672135626,1620400
2023-11-17,320.2159423828125,321.40546805163245,319.205790546924,320.5085988869753,1465200
2023-11-20,320.4613952636719,322.2267840479995,318.6204654944153,320.98061709067025,3146000
2023-11-21,316.2320251464844,320.1215507599837,315.8355069617003,319.43237605256377,1900900
2023-11-22,319.6966552734375,319.9515412316757,316.60955906035485,318.0917409307656,1235200
2023-11-24,320.17816162109375,321.23550493260547,318.75264963988695,319.84773463363524,460100
2023-11-27,318.8186950683594,320.99947273522304,316.9588945461376,320.21591511895633,1250500
2023-11-28,318.7620544433594,319.47009989028396,316.13756713917667,318.507168454226,1419000
2023-11-29,323.86376953125,326.9761863239934,320.29447222658365,320.7608511126817,2038100
2023-11-30,325.08209228515625,328.14693010151194,323.7019523592104,325.2153309482937,1903600
2023-12-01,331.64013671875,332.0779915335257,324.0161357177557,325.0060001451091,3623300
2023-12-04,332.5538635253906,333.600834290297,328.651425524769,329.6127366296568,2178100
2023-12-05,325.2819519042969,330.1171470699858,324.1302668061394,329.89824876486546,2429700
2023-12-06,325.4914245605469,330.27904178535283,325.1392584718727,326.95722440653554,1869300
2023-12-07,328.01373291015625,328.0803667795585,325.5199879424482,327.1475797489942,2162400
2023-12-08,333.9244079589844,335.3140752949774,327.2141406215593,327.7186001471684,2238800
2023-12-11,334.80963134765625,336.0184229717137,332.23019811926383,334.5050443244707,1636000
2023-12-12,335.6186828613281,336.94171653832797,332.7346913647029,334.4765249792408,1597600
2023-12-13,345.25103759765625,345.36525047627356,334.65735740061615,335.9327829568744,2876500
2023-12-14,364.9916076660156,367.5900667258478,347.41162639583087,348.8393454084164,5376300
2023-12-15,362.17425537109375,367.304510657304,361.04159594809573,361.8696683395105,4522300
2023-12-18,358.2623291015625,364.31587356317016,357.7959501285265,362.88815437516155,2740900
2023-12-19,364.020751953125,365.27712254896096,356.5014089387016,357.8910762923183,2091800
2023-12-20,359.32830810546875,366.5716176162005,359.0713291419356,362.3836476847835,1836500
2023-12-21,362.2314147949219,363.1070663300392,358.84296345220406,361.73645353444294,1301600
2023-12-22,362.3074951171875,365.0106396747123,361.12725667507584,363.5924480597867,1538200
2023-12-26,363.2212219238281,364.17303460134286,361.7363964706666,362.307489886579,837300
2023-12-27,365.9529724121094,367.16176413392526,361.9839005090916,362.83102778952025,1367200
2023-12-28,367.7899169921875,369.0748698351401,365.14387907757373,365.99097720265064,1024700
2023-12-29,367.1807861328125,368.00888760681704,365.0868155565203,366.9904410151601,881300
2024-01-02,369.5888366699219,370.3883848492788,363.773275379309,364.5442412943163,2263100
2024-01-03,363.39263916015625,366.82866963469246,358.605021646677,365.38192454757564,2265300
2024-01-04,364.4967041015625,368.4371937807095,363.5448913519013,365.06776851374326,1618300
2024-01-05,367.8184814453125,370.7024726023903,362.7167505555115,363.51629873996393,2913900
2024-01-08,370.12188720703125,370.3312871711877,363.62101898979836,367.3711634997694,1902600
2024-01-09,365.24859619140625,367.35212317219305,363.3735240105848,366.06717021783,1708800
2024-01-10,363.55438232421875,364.59185471458056,360.28967163064624,362.9737905013178,1547300
2024-01-11,361.45086669921875,362.621606757304,356.6251694207191,362.53594710139794,2209900
2024-01-12,359.5472717285156,367.256960929054,358.43363801355173,364.8679015955202,2223800
2024-01-16,362.1172180175781,366.4574823811033,356.2826004768372,360.1279035578574,3926600
2024-01-17,359.0046691894531,361.87916182908276,356.1016523807439,357.1200988331559,2415100
2024-01-18,358.74774169921875,363.2498263960179,356.51097596091427,362.0029249889899,1771200
2024-01-19,363.7828674316406,364.8298382845363,354.1409990233008,358.57645020148084,2603300
2024-01-22,367.3616638183594,373.805455128714,366.0291316944749,367.7423831327518,2922700
2024-01-23,362.42169189453125,364.88688316974293,360.3848279301665,361.66978081569056,3313300
2024-01-24,361.11773681640625,366.07667290854533,360.9083368580635,363.41160893601847,2235800
2024-01-25,364.2587585449219,368.0755079990459,363.60200541013586,364.24923112217925,2376300
2024-01-26,359.5852966308594,362.5454199265136,358.5954033762317,360.4038415387325,3464700
2024-01-29,362.22186279296875,362.4883692047496,356.2063991590348,357.77691345572873,1632300
2024-01-30,368.227783203125,369.2272039896821,363.2022131916105,365.49608533783663,3897900
2024-01-31,365.505615234375,374.9285554388753,365.2105556122466,367.39971326939644,3421100
2024-02-01,365.3533020019531,370.76911845971375,360.54663055323346,365.9053405741158,2138500
2024-02-02,369.1700744628906,370.0076743195016,362.25993373988933,363.4020915967974,2180900
2024-02-05,364.5633239746094,366.76200919336986,362.64067259781626,366.0672044475148,2231100
2024-02-06,366.4383850097656,368.1802186261004,364.54428691327837,364.5633127115424,1487800
2024-02-07,368.0279235839844,368.4181702994419,364.0683790348518,366.7429705544573,1963200
2024-02-08,366.4859619140625,369.4080047617327,362.96424338431285,367.3996939523853,1913700
2024-02-09,365.7435607910156,367.52344590900935,364.1540207865771,366.2289655205475,2028200
2024-02-12,373.7197570800781,377.25097410746747,365.8006683471186,366.4478940198171,2797200
2024-02-13,360.4990539550781,370.4074274781391,357.1201305467156,368.9130745934304,3030800
2024-02-14,359.8232727050781,363.09751063916485,357.6721667590629,362.52641722330924,2041300
2024-02-15,366.8476867675781,368.5514106942521,360.8703037962078,361.1368102071471,2218900
2024-02-16,365.9149475097656,368.9036248615717,362.59312983909916,364.7727604299655,2376800
2024-02-20,365.99102783203125,366.9999470223295,362.4978913091174,362.59307839343273,2358900
2024-02-21,369.5603332519531,369.9315541743218,362.88814549523664,363.44018412040214,1772500
2024-02-22,371.65435791015625,376.53716238895663,370.2551918843422,370.47411929277007,2326800
2024-02-23,372.20635986328125,377.6697847355901,370.4550279096523,371.206968106418,2247400
2024-02-26,371.41632080078125,376.9749030019088,370.0837889455479,372.2063124927002,1797800
2024-02-27,371.9779052734375,376.82262825249626,370.5692120723546,373.358045256452,1724900
2024-02-28,376.8857727050781,376.96247371554955,370.9618921457635,371.1440204795526,2572900
2024-02-29,372.9269104003906,379.56973836489846,369.6870095218173,378.8412250564249,3139100
2024-03-01,372.01629638671875,374.8344587222487,369.284400744783,373.4828886835465,1697700
2024-03-04,375.9942932128906,380.135269887318,370.19503028321844,372.6968520743128,1955100
2024-03-05,374.7098693847656,381.0171674481284,374.1347287985126,374.5277410449044,2697800
2024-03-06,373.42535400390625,378.9083055673878,368.58461975874474,378.63031562587395,2692400
2024-03-07,372.3326110839844,378.1606590750836,371.01939153664495,375.6588079259657,2033100
2024-03-08,370.9522399902344,379.22459773382127,370.68384500071073,372.6201503027869,1657200
2024-03-11,370.15667724609375,370.3963166920072,365.6131227124906,369.68699329301927,1654200
2024-03-12,372.09295654296875,373.0035981461835,367.87530811027034,371.5561665198723,1703900
2024-03-13,376.05181884765625,378.8699811998462,372.09297034087206,372.7927280857571,2370600
2024-03-14,372.5051574707031,379.95317079547726,369.47614036312183,378.0839712596166,3029500
2024-03-15,371.16314697265625,374.92070631286185,370.38671751700593,372.75435638566574,3763900
2024-03-18,368.44085693359375,372.9077397922773,367.5206496363252,372.54348314779156,2069000
2024-03-19,372.5530700683594,374.585207880319,367.8081973589756,368.153293371063,1858200
2024-03-20,380.0394287109375,380.0681842760771,370.00332693711414,370.3483937187897,2157400
2024-03-21,396.56494140625,396.86209198563876,382.5508309744098,383.20264326127153,4613800
2024-03-22,389.9604797363281,399.48854632805273,388.9635714628754,397.22633477516325,2190300
2024-03-25,388.1584167480469,393.4496455303244,387.1231578921001,390.0084263713243,1683900
2024-03-26,389.34698486328125,392.36643596389933,387.7557754675487,389.2607181750192,1407000
2024-03-27,398.0411071777344,398.2711516776801,391.4462251525859,392.64442234457186,2353600
2024-03-28,400.3799743652344,401.8274058759682,397.7822911480825,398.9612984158395,2409700
2024-04-01,396.3732604980469,400.6292596341185,394.9258288034093,399.4118724594209,1863900
2024-04-02,393.1524963378906,396.0473597668044,390.7273461474376,393.7180419590627,1976000
2024-04-03,396.8428955078125,399.3639069882352,393.9672223519588,393.9672223519588,1549200
2024-04-04,389.4140930175781,401.63570455228364,388.8868979466374,400.6771467848557,1704700
2024-04-05,391.1587219238281,392.1843858782437,384.83223405212954,389.71129016110837,1694900
2024-04-08,393.5263366699219,395.4338573759259,390.6602288884816,392.1460110651877,1181900
2024-04-09,393.689208984375,396.09519807578,390.1808844327592,394.45607266532994,1247200
2024-04-10,384.151611328125,388.6472494933519,380.82541478215916,387.26692400003196,1903300
2024-04-11,381.0075988769531,384.83223547935575,378.4769920177424,383.8832725335843,2176200
2024-04-12,373.34869384765625,377.7580658815957,371.07691638581485,376.55986854915915,2815800
2024-04-15,384.2666320800781,395.75973003936184,382.16738828603474,390.1330007774035,6177000
2024-04-16,380.4132385253906,388.18715757782184,378.802868424896,387.68871804753434,3459700
2024-04-17,387.1711120605469,390.24807462671083,384.55423854929217,385.7236803186275,4373800
2024-04-18,386.4042663574219,390.95741644522496,385.7332933698863,388.6856388713481,2776300
2024-04-19,387.2573547363281,391.09158597134126,386.30839186657846,387.3148658646243,2805500
2024-04-22,400.05413818359375,400.6580343301353,387.80376961316443,390.07554711463786,4165600
2024-04-23,406.42852783203125,407.72258677829564,398.95178831362534,400.39919077315506,2662300
2024-04-24,405.50830078125,406.98445873438675,402.22042528795197,404.03211357525066,1575900
2024-04-25,402.6422119140625,406.0546755090081,397.65772866159307,403.54325863043323,1970100
2024-04-26,409.8505859375,410.77079328043556,402.2492292263766,402.8147748461424,2322700
2024-04-29,412.9562683105469,415.3718233467969,409.4958888210151,409.85055051353095,2453000
2024-04-30,409.02618408203125,413.51225674620207,408.3456162457564,410.74201070729254,1829900
2024-05-01,409.25628662109375,415.4677227803504,407.569215440622,409.007052218652,2310100
2024-05-02,414.6433410644531,415.6785705834829,410.425692732367,413.33012160167414,2087500
2024-05-03,420.0208435058594,423.97009690237746,416.895965016509,416.9726367681036,2406300
2024-05-06,425.2833557128906,425.96392356603513,421.45869016552865,423.4429118495515,1914300
2024-05-07,425.4079284667969,428.8779321816251,424.51647675752383,426.7211771897868,2058200
2024-05-08,428.42742919921875,429.45306383408143,423.7304724805829,424.4493908453296,2006700
2024-05-09,436.68060302734375,437.5145436596211,427.8426986578943,427.8426986578943,2710200
2024-05-10,435.8849792480469,439.73837089906425,435.491967057445,437.6007765705303,1823900
2024-05-13,434.76348876953125,438.25265332602953,434.5334442503295,437.36117230839574,1579600
2024-05-14,439.4700012207031,442.63323029903523,435.19484157015063,435.9904316828201,2412900
2024-05-15,446.7742004394531,446.87006206979987,441.8472285705452,442.4606903496119,2217700
2024-05-16,445.2692565917969,448.84468769969845,443.1220964909994,445.1254787730582,2070300
2024-05-17,448.336669921875,449.2377166233173,445.0104730779201,447.0522059385742,1655900
2024-05-20,443.7547302246094,451.94082165758573,443.4288240976764,448.7967533857406,2591500
2024-05-21,450.9151916503906,451.77788784553564,443.0454400685902,443.074195633333,2762600
2024-05-22,443.21795654296875,450.83847343760925,440.69694486956473,447.9915556252705,2729500
2024-05-23,439.163330078125,445.06805071019954,438.45400653805564,444.99137894351685,2254500
2024-05-24,442.0676574707031,445.9689945457719,440.0738702158896,440.7831935921344,1932200
2024-05-28,440.75445556640625,444.47366447617145,439.891759405026,440.87907275970184,1930800
2024-05-29,438.223876953125,439.72879044859707,432.9326192398198,435.99042092475895,2315700
2024-05-30,434.18316650390625,439.6124804936116,431.64689877391044,436.8544291292082,2135000
2024-05-31,440.2489929199219,440.4900825783786,432.1483862817534,433.7299485675768,2638300
2024-06-03,438.7638854980469,442.51522514059855,434.15425257695745,442.51522514059855,1930700
2024-06-04,439.072509765625,441.39661779294147,433.19956874161386,434.44359972036165,1835000
2024-06-05,445.2250671386719,446.517304118761,441.19405529228936,441.24226144987404,1678900
2024-06-06,441.772705078125,447.9638711531898,440.72155767734023,445.36012044653387,1598000
2024-06-07,438.6963806152344,444.723621952582,438.30099005191767,439.20748950344586,1736100
2024-06-10,437.3848571777344,439.1303439927819,434.25069154200185,436.20833843881763,1698600
2024-06-11,428.43560791015625,435.7550865503395,427.577344013057,434.9643348220825,1938200
2024-06-12,432.70770263671875,441.32907061698677,430.2871532056254,439.36177089151863,1733000
2024-06-13,430.4414978027344,432.341285557898,426.391179620897,430.8079588057443,1849100
2024-06-14,430.54754638671875,432.2544799996334,423.49808714472056,426.2368621266421,1559100
2024-06-17,434.1349792480469,434.71360033635915,427.5870050644884,429.2360501507709,1531600
2024-06-18,441.1265563964844,441.3772990551996,432.52449398851786,433.5467117711253,1798400
2024-06-20,441.7244873046875,444.0003891224128,439.0146417332948,441.6762811420217,2080600
2024-06-21,434.1349792480469,442.44774627946316,433.86495999748666,442.33202794777895,3780800
2024-06-24,445.6204528808594,446.999478587644,433.9613611755301,435.16680940101764,1882200
2024-06-25,441.0783996582031,447.53958547694134,440.4708489508674,443.0842528630028,1555900
2024-06-26,439.6125183105469,441.6087477712645,436.3240812254568,439.17857457771066,2131700
2024-06-27,430.06536865234375,433.74922570145816,427.01799183395775,433.74922570145816,2835200
2024-06-28,436.1987609863281,441.03983136232654,433.50819180802546,434.0578833638958,3839700
2024-07-01,447.134521484375,447.4816764613861,437.82846668311566,438.31064599333524,1850500
2024-07-02,449.0150146484375,449.65149488583256,443.21923920332756,445.06116774717754,1491800
2024-07-03,451.24267578125,453.14246334453554,449.21751689487184,452.32275267268153,993900
2024-07-05,448.1856994628906,450.9148215959976,443.73036704091794,450.8087562668514,1593800
2024-07-08,448.2532043457031,457.9353442093131,447.5010057598069,450.9823264344357,2214300
2024-07-09,455.9776916503906,462.21709334946314,445.12865673986283,449.0053973830215,4525100
2024-07-10,461.82171630859375,462.75711592266816,453.1039060933922,455.6691035689009,1946000
2024-07-11,462.1496276855469,465.9395502911473,459.2951047607646,462.8921732854312,2251400
2024-07-12,462.77642822265625,466.209542621848,461.05987102306034,463.78899302127945,2727800
2024-07-15,474.6862487792969,475.4287943135864,459.3336467723925,463.13322204685574,3568200
2024-07-16,485.0916748046875,488.53444222903175,474.4548001321039,476.39317042528586,3981700
2024-07-17,484.2816162109375,491.3214519617885,481.62962994305786,485.0723973612607,3908900
2024-07-18,468.88079833984375,485.73779768231,466.96173409562726,481.7164092710342,3320200
2024-07-19,467.64642333984375,475.043066980417,465.96844874136235,471.6870883535644,2032700
2024-07-22,469.6812438964844,472.0246283466245,465.18732906776074,467.28962385603734,1792500
2024-07-23,474.609130859375,478.13868725185404,468.9483499688583,469.7198251610308,2020500
2024-07-24,469.3533935546875,478.31226473574577,468.5047531853977,471.8221494854077,1598600
2024-07-25,474.1847839355469,478.4279561130087,466.00704141204716,468.7265104405351,1489700
2024-07-26,481.243896484375,486.0367601575689,477.9843595348533,478.05187170360443,2249700
2024-07-29,475.1588134765625,484.10806091549387,473.5579745244183,482.5843871390556,1599500
2024-07-30,487.6472473144531,491.31179838108375,480.5398994037706,480.5495524077528,2642500
2024-07-31,490.8874816894531,498.8241639617032,486.8660931758868,486.8660931758868,2658900
2024-08-01,482.2950439453125,495.69965274134825,477.0489305282198,491.8229121282661,4006800
2024-08-02,453.8657531738281,476.8367530409023,450.55798075413566,473.5965222173947,6115500
2024-08-05,442.659912109375,446.6716477625454,421.78155250682437,431.6372994250254,4177200
2024-08-06,453.4607238769531,458.31144669103776,441.1265685494121,444.5789889841831,2209300
2024-08-07,456.15130615234375,471.1374187681506,455.7269859810706,462.30391920591376,2587600
2024-08-08,468.45648193359375,470.34664604127653,460.15336824087194,460.83805462902063,1936400
2024-08-09,472.7864685058594,474.4644430943601,465.0137403493958,467.7332093028546,1622700
2024-08-12,468.1961669921875,475.30348617780714,466.50853920179344,472.7865239996252,1839300
2024-08-13,474.4065856933594,475.68916971912523,469.1315428223309,472.81539984353765,1243700
2024-08-14,480.9256896972656,481.55251695877365,470.99277754839284,475.33239164637536,1545600
2024-08-15,481.23419189453125,488.8429949624837,480.5012994105782,487.00106660472886,1732300
2024-08-16,486.2875061035156,486.9143333449834,479.28625283170874,479.3344589926329,1587000
2024-08-19,486.6925048828125,489.6820225129304,483.9730064910987,487.00110670667146,1027900
2024-08-20,479.6141052246094,486.1910379758779,478.8040475277503,485.91136573997414,2122700
2024-08-21,478.7655029296875,482.93153949826905,476.4221183960697,481.6971615627513,917100
2024-08-22,480.0094909667969,481.8900020001994,477.1549977641487,479.2862220200865,943800
2024-08-23,491.2635498046875,494.1759020565059,482.0346313369613,484.8312652705453,1751800
2024-08-26,489.76885986328125,495.19820418169,487.3097568919797,494.0795739614936,1084200
2024-08-27,489.1805725097656,493.25016714248517,488.53443927265164,489.73988757108884,977900
2024-08-28,485.3906555175781,490.25103164595845,480.7038863233448,488.5441273276683,1568100
2024-08-29,491.9193420410156,494.9474128294683,483.2786969742898,487.9654657801393,1566300
2024-08-30,494.97503662109375,495.8868989294896,490.04712571537726,492.6274692815222,1838900
2024-09-03,472.8672790527344,494.4415175203063,470.8689500463276,492.27826464653714,2373600
2024-09-04,475.9521179199219,481.3456702895517,472.1300641725514,472.1300641725514,1509400
2024-09-05,473.2747497558594,480.92853803932695,468.60874506600425,478.80409586697306,1828300
2024-09-06,465.2522888183594,480.57931474957616,462.77863794916834,472.03305496806774,1995600
2024-09-09,473.94403076171875,479.48308622002656,468.9191078821471,470.9950288137252,1714200
2024-09-10,453.1459045410156,474.55521956600285,447.7523522181096,474.4873079955064,3583100
2024-09-11,457.06494140625,457.76338847710457,443.78476655341535,450.09018080829827,2426500
2024-09-12,459.868408203125,460.14002486261364,451.46765277208857,457.1910228424541,1480500
2024-09-13,464.65081787109375,467.667731473988,461.2653049171153,461.7406266728785,1794500
2024-09-16,470.6361389160156,472.7896816545226,465.13586435280297,467.0177904217684,1500300
2024-09-17,470.8592529296875,475.0693260084608,467.3766980518582,473.39110508096064,1444900
2024-09-18,470.0734558105469,478.23169509894876,467.34757917554396,470.8689151513506,1699500
2024-09-19,488.7472229003906,491.250004039472,478.6876662044951,479.9293466629239,3060700
2024-09-20,483.5088806152344,487.02050674661467,480.64721023932924,485.2162023337385,4452600
2024-09-23,482.5194091796875,486.3899540347346,480.39496721762504,483.29544833123714,953200
2024-09-24,483.1111755371094,484.6050821169394,479.30854192081296,482.6940551972603,1035400
2024-09-25,476.4371643066406,486.9720433044632,475.71929694077147,483.57681989496996,1763900
2024-09-26,482.04412841796875,483.4798039308408,477.73704267135577,479.21152902630496,1378100
2024-09-27,483.58648681640625,490.27021062293437,481.0157942098993,484.0327078498242,1420100
2024-09-30,480.2882385253906,481.6560319353902,474.26415105904846,480.0748529249041,1602500
2024-10-01,475.4961853027344,479.7741406040969,470.1026033455109,479.7741406040969,1528600
2024-10-02,477.26165771484375,480.04573595718745,473.34262145651843,476.46622793417157,1445100
2024-10-03,471.54803466796875,475.8260197196772,469.7049193079217,475.2633661188636,1290600
2024-10-04,480.3367919921875,481.4523594349587,471.45100408291864,480.80243327094314,1721600
2024-10-07,479.81292724609375,484.07152131813683,476.0975961096794,479.82263735687167,1173300
2024-10-08,481.70458984375,483.42159211791693,478.0280397406265,482.12171017415244,1296700
2024-10-09,490.0567626953125,491.11412855389915,480.4240374590923,483.2857371563272,1695900
2024-10-10,488.6405029296875,491.62828619031114,484.6341349908544,491.1529644362109,1309000
2024-10-11,500.84393310546875,502.46392308942546,492.5983907230359,492.79241532657477,2409700
2024-10-14,507.10089111328125,507.41131865852105,500.0776381252315,502.1535890295225,2174900
2024-10-15,506.741943359375,524.3292051641073,500.0776096482599,522.6703747159445,4525400
2024-10-16,513.9979858398438,520.1675773376902,510.23413359595116,514.1338089804366,2649000
2024-10-17,513.1636962890625,519.2653756351659,512.4167282949774,515.3366294995035,2123500
2024-10-18,512.6787109375,514.8807746784352,511.09750222956785,513.5420819170203,1779200
2024-10-21,502.2989807128906,513.9882366586266,501.52294158105576,512.1936424657591,1752100
2024-10-22,502.78399658203125,504.07419786257066,497.58446943530055,500.17452289852827,1588000
2024-10-23,501.717041015625,504.4332079862588,498.0308101834791,500.35892792630835,1263200
2024-10-24,508.7984619140625,509.28349381293197,502.6870718299064,503.46311102649844,2058200
2024-10-25,497.2546691894531,512.9697142431803,495.4503647713126,512.2421664092855,1633200
2024-10-28,507.906005859375,508.8857797414816,499.56342190297744,499.9708913166019,1687100
2024-10-29,508.5850524902344,511.4564033040092,505.40321496276283,505.5778193332227,1281600
2024-10-30,508.70147705078125,514.9001396938545,507.4112756270451,507.7314132571741,1441600
2024-10-31,502.2893371582031,509.2835187979071,499.12697875714804,506.8001577221839,2061700
2024-11-01,503.8025817871094,510.87438437431996,501.56173690668277,504.4331469039362,1625000
2024-11-04,496.1585388183594,502.54154567183656,495.2272858485021,502.4930543228641,1797800
2024-11-05,511.184814453125,511.669846327592,497.25465402035877,497.6427032031294,2169900
2024-11-06,578.1386108398438,580.6898833981188,549.1530994452328,550.3171878594413,8042800
2024-11-07,564.7420043945312,577.1879390535373,564.1114984733024,572.3376202379613,4475600
2024-11-08,571.6197509765625,577.333440435868,563.8980225334809,568.8647439898581,2714000
2024-11-11,584.3082885742188,588.9742933492633,578.3229519580647,580.9712665441162,2510800
2024-11-12,574.85009765625,584.0657031849375,573.7635717962522,580.1466077827808,2392900
2024-11-13,576.4312744140625,585.4819861143775,574.9083263732972,576.8290337227423,1763100
2024-11-14,570.9892578125,583.5225251488206,568.6902112678276,582.0382990663625,1670500
2024-11-15,575.7715454101562,577.3236827423405,569.5146823654914,575.5969410617828,2007700
2024-11-18,570.3876953125,577.2557622825507,567.2155683459966,576.9065535911881,1848900
2024-11-19,563.9757690429688,567.2545898437244,558.2814985440003,562.3072283050205,2217400
2024-11-20,564.50927734375,570.2035476912505,559.3582404110844,566.352422434083,1528600
2024-11-21,578.2647094726562,582.7173283035319,567.0119932341654,568.9521208068704,2281900
2024-11-22,584.7350463867188,585.8602942673859,576.6446887882968,578.3713714478021,1733700
2024-11-25,584.9776000976562,592.9999874397806,580.9033203074529,590.5651178353116,2940800
2024-11-26,587.3737182617188,589.0131286958726,575.247918958215,582.1644796175739,2846500
2024-11-27,587.3057250976562,593.9215673835977,585.2201234319685,589.4883686690946,1424500
2024-11-29,590.3516845703125,594.3871235897924,588.8868788813601,591.0695222490862,1170200
2024-12-02,586.5887451171875,596.5323663627692,586.189015303598,592.7206528188045,1804100
2024-12-03,586.949462890625,596.0547109740058,585.7016013324279,593.6565700126491,1718100
2024-12-04,583.6641235351562,589.0941536393175,581.7631161627563,587.8462921533876,1617300
2024-12-05,581.8021240234375,591.3168601633115,581.3634208343582,585.4384278338542,1672800
2024-12-06,584.6097412109375,584.9217065946121,579.4331864876277,582.15305100282,1405700
2024-12-09,579.1893920898438,587.8462369563703,578.7994205367802,583.9370012169326,1633200
2024-12-10,570.327880859375,581.285403533819,569.0897776652905,575.1729532780561,2600800
2024-12-11,577.668701171875,578.789824960731,572.150965670761,575.290017077453,2195300
2024-12-12,576.7424926757812,581.3341491392082,573.8178843681659,577.6979051838252,1218400
2024-12-13,570.7665405273438,580.047316633905,570.3766284522405,579.0724471941842,1215000
2024-12-16,571.5952758789062,573.4865251726148,564.1570165047825,573.2232913555513,1713300
2024-12-17,560.2379760742188,566.9938143152748,557.9080237764297,566.2432052893641,2314100
2024-12-18,536.4219360351562,564.9075939278612,530.8066782613117,562.9773713810939,3271600
2024-12-19,540.0679321289062,552.7509935469029,539.6877187525012,547.3307216339734,2753300
2024-12-20,551.8735961914062,558.5027563449113,539.4732848009719,540.9940788300122,4515900
2024-12-23,556.4360961914062,557.2744697630862,547.6817267643157,550.801321369682,1519500
2024-12-24,568.1442260742188,568.1442260742188,557.0014738175712,559.7701296295533,913400
2024-12-26,566.6233520507812,567.9492197253386,562.9871080384153,563.6207969821858,1092000
2024-12-27,561.7001953125,567.334968519201,556.9915598561929,562.4995952917188,1486000
2024-12-30,559.1363525390625,561.5443109841716,550.8986939131235,553.0142034279968,1265900
