Price,Close,High,Low,Open,Volume
Ticker,JNJ,JNJ,JNJ,JNJ,JNJ
Date,,,,,
2019-01-02,104.38788604736328,104.90267961226593,103.18670937482909,104.69839803487383,7631700
2019-01-03,102.72911834716797,104.8127928838059,102.43495238354429,104.7065624760547,8654500
2019-01-04,104.45325469970703,105.1232917710924,103.554417031391,103.87309578439233,8831700
2019-01-07,103.78321838378906,104.87817092321767,103.61162260016845,104.28983272566535,8404700
2019-01-08,106.19374084472656,106.63498356651046,104.37154642848229,104.73924454051621,9351600
2019-01-09,105.35208129882812,106.42252715843877,104.86181303044205,106.08750240394285,7403500
2019-01-10,105.98945617675781,106.13653292361155,104.33885758581677,104.33885758581677,6224400
2019-01-11,106.02215576171875,106.09569414903146,104.84549169127537,105.40931093072615,5300400
2019-01-14,104.82096862792969,105.37662103714878,104.25714944370694,105.19685224019779,7374400
2019-01-15,105.70344543457031,105.8096758301467,104.30616038458666,105.01706242089897,5194400
2019-01-16,104.62483978271484,105.7443112260387,104.51044884038845,105.7443112260387,6264200
2019-01-17,105.48283386230469,105.83420466413682,104.15092020240915,104.35520178280792,7632000
2019-01-18,106.79024505615234,107.19062898932648,105.77700388994045,106.14470825507618,10593000
2019-01-22,105.24588775634766,105.81787376953802,103.78323068355515,104.75560690597878,10568100
2019-01-23,105.24588775634766,105.65445097553506,104.53498551065677,105.00074733116321,9267800
2019-01-24,103.79954528808594,105.1641446129244,102.14078001806118,104.99255508477394,9917000
2019-01-25,104.78009796142578,104.95986673803782,103.79954893249663,104.69839281555683,7585100
2019-01-28,105.40113067626953,105.53186141420989,104.01201216315155,104.43691511526413,6927700
2019-01-29,106.49610137939453,106.61049859403111,105.00075834412696,105.36846278629017,6669300
2019-01-30,107.5665054321289,108.01592738996011,106.4715591845822,106.52875154192918,7299300
2019-01-31,108.74317932128906,110.46731646873796,106.93732454911672,107.55834857295322,17298100
2019-02-01,109.6583480834961,110.05874446318404,109.06184936955934,109.51127133280949,9575200
2019-02-04,108.5797348022461,109.61747611199296,108.03226173760986,109.46223260547296,7759000
2019-02-05,108.5797348022461,109.39686101245358,108.47350440504505,109.10269507804463,6449800
2019-02-06,108.67779541015625,109.14356337529712,108.1058095069322,108.7431670088615,5066100
2019-02-07,107.90153503417969,108.38363657944046,107.47662584882454,108.22838058084771,6085300
2019-02-08,108.18751525878906,108.23655330936029,107.4847861542264,107.81981092382946,4436700
2019-02-11,107.86068725585938,108.40816046012156,107.2560092174822,108.11399445068938,4962200
2019-02-12,109.62564849853516,109.74004566207627,107.92602459138473,107.92602459138473,6262300
2019-02-13,109.86264038085938,110.2957163690619,108.84941163941612,109.55214083188122,7902200
2019-02-14,109.74822235107422,110.16496470962137,108.96378814973278,109.74005557735329,3910400
2019-02-15,111.43970489501953,111.46421769009478,110.32023322369109,110.46732246250227,6665000
2019-02-19,110.87589263916016,111.43971189804147,110.82686704592881,111.24359705675566,5935500
2019-02-20,111.41515350341797,111.72565295626094,110.90852682119622,111.10464158221967,6089800
2019-02-21,110.6552505493164,110.95758331366432,109.71556021948116,110.29571295476278,6665500
2019-02-22,111.61949920654297,111.6521787846565,110.16501484742213,110.54905288079674,5223900
2019-02-25,112.03073120117188,113.091822271521,111.7510686520304,112.1541205971242,6846600
2019-02-26,111.95668029785156,112.65584906690441,111.90732957082187,112.22812184756444,5106900
2019-02-27,111.75927734375,112.07184871797867,111.36445893228553,111.47139388684818,4378100
2019-02-28,112.39265441894531,113.47018737818392,111.61123844134158,111.82509582489078,10133200
2019-03-01,113.7991943359375,114.01305168399978,112.69697363933078,112.86971374622561,5641600
2019-03-04,113.90612030029297,114.67109429613146,113.1082500002806,114.21047073139253,8377700
2019-03-05,114.14466094970703,114.44899881743163,113.80741422809041,114.17755725254877,6568900
2019-03-06,114.40788269042969,114.86850629153238,114.00484331499072,114.72045408448587,6236900
2019-03-07,113.70869445800781,114.43252596341995,113.2645128593441,113.94722713058775,6100400
2019-03-08,113.56066131591797,114.58062253806213,112.21168682265727,113.58533668369913,7046700
2019-03-11,113.971923828125,114.3585212896503,113.11648187029178,113.6017807939765,6150400
2019-03-12,114.48192596435547,115.15641958931293,113.92260080799886,114.0459776657088,5552900
2019-03-13,114.67108917236328,115.02477776839461,114.35029687903592,114.81914136110656,6446900
2019-03-14,113.52774047851562,114.1693250042976,113.46193532830092,113.79094852832536,8493600
2019-03-15,113.18229675292969,113.72516739249853,112.54893303053905,113.51131002242909,11922500
2019-03-18,112.82861328125,113.33036675420634,112.45847015717978,113.22343177685465,7369600
2019-03-19,113.87324523925781,114.18581666694858,113.07537479040214,113.19053070306929,5882500
2019-03-20,112.92729187011719,113.93079861255767,112.40086313236573,113.78274641337028,5475700
2019-03-21,113.59356689453125,114.1528919494936,112.64763180303706,112.68876159850227,5765100
2019-03-22,112.61476135253906,113.83212576128544,112.57363154763085,113.30569689120152,6528800
2019-03-25,112.36796569824219,112.69697894938668,111.65235497392486,112.61473191212606,4500300
2019-03-26,113.98015594482422,114.55593538557193,112.63116903928602,112.63116903928602,4758600
2019-03-27,114.08712005615234,114.72870488913905,113.56892464554312,113.99663950016422,6764900
2019-03-28,114.23513793945312,114.71221589773499,114.09530669236102,114.38319012423892,4602100
2019-03-29,114.98368835449219,115.05772702591356,114.23518110791545,114.56419445469282,7168400
2019-04-01,114.31739807128906,115.39493093200208,114.11999513561727,115.14817726241235,5885200
2019-04-02,113.27279663085938,114.34209621488678,112.61475742842062,114.34209621488678,5517800
2019-04-03,112.82861328125,113.70874336949049,112.58184701485196,113.67583450674212,5947000
2019-04-04,111.5125503540039,112.69700587171069,111.15062816065434,112.58184995119528,5844600
2019-04-05,112.01428985595703,112.34331573254458,111.61947135510582,111.89913393691485,4759700
2019-04-08,111.98136138916016,112.28569925544303,111.61943930436416,111.90733529482922,4329600
2019-04-09,111.5125503540039,112.08009646515228,110.68177098716403,111.86623905592481,5210300
2019-04-10,111.520751953125,111.97315461635093,111.3151155199361,111.77573912211092,4194100
2019-04-11,111.2164077758789,112.01426554468595,110.5665896550619,111.83331704065269,4485200
2019-04-12,111.84976196289062,112.15411240984683,110.83803425541024,111.22463174261155,5756800
2019-04-15,112.2939682006836,112.51604655379656,111.70173415694059,111.86624082441271,5380900
2019-04-16,113.52774047851562,115.73215653098725,113.14936400254336,113.77450665405847,10745700
2019-04-17,113.93905639648438,115.27979761774503,113.23988739288454,114.33387489621943,9543700
2019-04-18,113.11648559570312,115.35381085270629,111.660576225649,114.6217456984623,10485300
2019-04-22,113.3714828491211,113.91436605934486,112.2445991817902,112.67231393737363,4666500
2019-04-23,115.07413482666016,115.85556325817086,112.89439380994855,113.03422506846864,5790500
2019-04-24,114.49834442138672,115.27153928958127,114.21868193107585,114.86848742927461,5676300
2019-04-25,114.86852264404297,114.96723668051189,113.47843070391369,113.93905437059009,5218100
2019-04-26,115.47720336914062,115.58413833856001,114.5888524066365,115.057709533119,4613600
2019-04-29,115.02478790283203,115.51008685453779,114.8109305387883,115.44429424333308,4275200
2019-04-30,116.14341735839844,116.34905372502134,114.30092354612792,115.31265095561916,6003700
2019-05-01,116.7603530883789,117.08937888064673,114.95075515958307,115.93780743428529,6656300
2019-05-02,116.2092514038086,116.9248621212978,115.25509541312239,116.72745919291508,8835600
2019-05-03,116.80970764160156,116.87551280220835,116.0447461827684,116.21747374719155,5281600
2019-05-06,116.87550354003906,116.99889291304255,115.09880199760936,115.36202261917674,5818900
2019-05-07,115.1317367553711,116.29152934688587,114.38321706430386,115.83090570655308,6606700
2019-05-08,114.98368835449219,115.91316925816754,114.90966223412548,115.32093519312454,4667300
2019-05-09,114.11176300048828,114.59707450889545,113.21519118753258,114.29272406103641,5604200
2019-05-10,114.375,114.53950665554237,112.20347951410223,113.8650130514494,4771600
2019-05-13,112.85328674316406,113.5606766676399,112.30218253646423,113.38794906982162,5560000
2019-05-14,112.54070281982422,113.37969035324187,112.46666417189269,112.72165131740496,7179400
2019-05-15,112.61476135253906,113.09183947715483,111.31513733397625,112.60652786092484,6429400
2019-05-16,113.68406677246094,114.49015818635492,112.66410540616909,113.0095731549808,6857200
2019-05-17,114.0130844116211,114.35855217352739,112.5736291281512,112.68878504878663,6915300
2019-05-20,113.85680389404297,114.30098571613225,113.2481153993873,114.01308962585013,4771100
2019-05-21,113.61003112792969,114.80273267586219,113.57713481571507,114.4325769948879,4859000
2019-05-22,114.13642883300781,114.29271451324826,113.09180490380666,113.79919465838681,5456800
2019-05-23,114.98368835449219,115.03305165245798,113.23989502467369,113.92260964273868,6951800
2019-05-24,114.99193572998047,115.53024363839847,114.7517582543386,115.53024363839847,5473300
2019-05-28,113.51779174804688,116.35014470037973,113.50122473328106,115.1161611573836,11919600
2019-05-29,108.76405334472656,112.54052338812708,106.4368872737582,112.54052338812708,23247400
2019-05-30,109.4100570678711,109.99806611127347,108.63157156122477,108.8551820579475,7360600
2019-05-31,108.61499786376953,109.31895070718645,107.33961566576839,108.92143078840991,7811000
2019-06-03,108.85518646240234,109.65022638102549,108.52390929886631,108.90487487769983,8434600
2019-06-04,110.75169372558594,111.22375892120469,109.79929878145371,109.81586579803623,6648900
2019-06-05,111.28999328613281,111.91112360263628,110.85933939501705,111.55500231663807,6860600
2019-06-06,113.1948013305664,114.00642084215305,111.46392093163102,111.72065281587408,9115800
2019-06-07,114.74349975585938,115.60479507700705,113.57577148956284,113.94844722816588,6533900
2019-06-10,115.13272857666016,115.24038258069213,113.95672326274777,114.78489708693365,4994700
2019-06-11,115.76213836669922,116.49093538985815,115.53025070240862,115.67931592791118,8230500
2019-06-12,117.33567810058594,118.35434114839009,116.19280665311838,116.19280665311838,9216500
2019-06-13,116.53233337402344,117.5592607315536,116.11824650097329,117.3687843082905,7500800
2019-06-14,116.01886749267578,117.17831842365042,115.97745627426067,116.96298514266375,6548100
2019-06-17,115.48056030273438,116.14310189082501,115.29008386112211,115.9443356233189,5562800
2019-06-18,116.13481140136719,116.71453054878546,115.77041289815293,116.40811027877787,7122700
2019-06-19,116.31703186035156,116.7476858642078,115.86982347564341,115.95263329069873,6393400
2019-06-20,117.77462768554688,117.93197012729773,116.77253160584236,116.97957510159739,7335800
2019-06-21,117.6751937866211,117.95676980167623,116.78076470621598,117.15345296741361,11272200
2019-06-24,118.47856140136719,119.0085922155523,117.67523167154943,117.94853058718209,5894700
2019-06-25,119.45576477050781,120.06860514768155,118.5861799619781,118.65243536649646,7517000
2019-06-26,117.47648620605469,119.1328341954982,116.57376694773943,119.1328341954982,7674100
2019-06-27,116.51578521728516,118.01477791841012,116.44125260093686,117.79116743243468,5233500
2019-06-28,115.34803771972656,116.85531999517248,114.7103404003511,116.5571769427177,12792400
2019-07-01,115.41432189941406,116.15967339784568,114.88429107816832,116.10998498287445,5872300
2019-07-02,115.9692153930664,115.9692153930664,114.85946515890635,115.2983964102821,4501200
2019-07-03,117.71661376953125,117.7497351585652,116.59857417647893,116.77249622045998,3436300
2019-07-05,116.4164047241211,117.48474343554665,116.25075984377467,117.38536661688292,4652400
2019-07-08,116.7476577758789,116.83875739637445,115.64618514149788,116.04370501414711,4078100
2019-07-09,117.11206817626953,117.98993044296837,116.69798124768101,117.15347939651443,4217400
2019-07-10,116.94644927978516,117.5924239511565,116.49922826918552,117.41850186104962,4874400
2019-07-11,116.03549194335938,116.94648865170358,115.13278506495934,116.72287807112166,5817400
2019-07-12,111.22373962402344,116.04370438493088,109.58395910092388,116.04370438493088,17780100
2019-07-15,111.56330871582031,112.92979056036287,111.34797541980791,112.12646088738703,10038200
2019-07-16,109.7330551147461,110.83452805232977,109.11192461409658,110.08916386939093,10214500
2019-07-17,109.20301055908203,110.62747067281367,108.83033483283462,109.72476415798687,8862100
2019-07-18,109.37691497802734,109.74130081883676,108.63155100894595,109.42660338191368,6203100
2019-07-19,107.9193344116211,109.64193756861556,107.81995759156017,109.52599373290104,8340200
2019-07-22,106.53628540039062,107.7868233862159,105.87374378155016,107.66260236134032,12624800
2019-07-23,106.70193481445312,107.20712145845,106.13878256183094,106.51145833335237,5803600
2019-07-24,107.48040008544922,107.48867727456532,106.47831681441349,106.73504868324198,6838600
2019-07-25,108.59015655517578,108.92971088338379,107.38930694048948,107.71229425253517,8897800
2019-07-26,108.26717376708984,108.73923897046004,108.06842011256028,108.73923897046004,4894600
2019-07-29,110.16368865966797,110.40385351503433,107.83652217164645,108.49077395048796,7832000
2019-07-30,109.38522338867188,109.72477776138739,108.71440447087394,109.70821074305356,5509600
2019-07-31,107.84479522705078,109.31894360716271,107.811661197762,109.02080052821144,8559200
2019-08-01,107.90277099609375,108.27545935761742,106.8509992502096,107.8779267902496,7870700
2019-08-02,108.54876708984375,108.8800316193363,107.47213841359533,108.37484499785452,6574900
2019-08-05,107.79512023925781,108.8717488604387,106.84271265105002,108.4162506779855,9480000
2019-08-06,108.30028533935547,108.67296100123683,107.32303373851889,107.94416405396403,7880600
2019-08-07,107.83653259277344,108.41625181427565,106.16361772192599,107.13257970006495,6771700
2019-08-08,109.05393981933594,109.27755032448243,107.85309011758085,108.47422058092985,5260500
2019-08-09,109.3520736694336,109.94835987461231,108.6812548478402,109.15332002566106,4677300
2019-08-12,109.26097106933594,109.8986684786231,108.73094030545485,108.90486237596234,6852100
2019-08-13,110.49495697021484,111.05812177684756,109.31895158325092,109.56740627332623,5013200
2019-08-14,107.87793731689453,109.76617296688664,107.77028329337534,109.75789577644116,7736200
2019-08-15,108.10981750488281,108.54876130662562,107.04147871279588,107.80339719958096,7251200
2019-08-16,108.78893280029297,109.04566470812955,108.15952513472806,108.88003244213162,5858900
2019-08-19,109.5260009765625,109.79102269682632,109.16989225650555,109.73304445666943,4958000
2019-08-20,108.1595230102539,109.86555932669317,108.04357916263955,109.28584008862133,7302000
2019-08-21,108.92971801757812,109.65851513328178,108.3665658004846,109.07050607185151,6912800
2019-08-22,108.71438598632812,109.42661601039502,108.32514326172586,108.98768487617208,7213500
2019-08-23,105.78266143798828,108.70610815274125,105.28575201310119,108.54876571722757,15714000
2019-08-26,106.63372802734375,106.8673533244217,105.65749894196526,106.3166596677563,8889500
2019-08-27,108.1689682006836,110.47185125722145,107.71840882956911,108.36922388319115,20183800
2019-08-28,107.36797332763672,107.52650750716914,105.97456712687898,106.68378859635722,9878800
2019-08-29,107.00086212158203,107.80185953988132,105.824383636104,107.50148232511297,6749900
2019-08-30,107.1009750366211,107.71842057630221,106.48353586275168,107.0258839218503,7371100
2019-09-03,107.41805267333984,107.61829566337568,106.39176278872046,106.79226150041663,5710200
2019-09-04,107.5181655883789,108.12725918717288,106.86735045944867,108.04382885852388,4807200
2019-09-05,107.2845458984375,108.3859205081162,107.05925980923935,108.3859205081162,4754100
2019-09-06,106.97583770751953,107.82689592042121,106.85902504702567,107.53487063499911,6758300
2019-09-09,105.92449951171875,106.93410454246526,105.62412231288391,106.80060073595563,7684700
2019-09-10,108.09388732910156,108.09388732910156,105.41552302280515,106.24990268149119,8239500
2019-09-11,109.44560241699219,109.53738470893563,107.70175160169269,108.35256686033678,6203600
2019-09-12,108.8281478881836,109.94622646216496,108.51943144570645,109.60412769899436,5250000
2019-09-13,109.12017822265625,109.77934532790128,108.43599347608921,109.57908961270834,5369800
2019-09-16,108.08553314208984,109.09513811007037,107.91032054710948,108.56113564885386,5101700
2019-09-17,108.19400024414062,108.88653683379005,107.72674970934636,108.13560029310244,4976400
2019-09-18,108.81146240234375,108.9366142677649,107.45141938385466,108.38592059666358,4373600
2019-09-19,108.56111907958984,109.46225048253578,107.93533444406803,108.16062047770977,4730100
2019-09-20,109.84608459472656,110.13812258817819,108.71132767091675,109.30374287160109,12053100
2019-09-23,109.92118835449219,110.17984402935767,108.87821370963198,109.32043394052279,5183700
2019-09-24,109.76264190673828,110.78892527775098,109.58741658406653,110.22155324552368,7102600
2019-09-25,109.29539489746094,109.77933662208115,108.66125821545091,109.72092393542314,4522900
2019-09-26,107.50981140136719,109.56237798931095,106.82561405097147,109.37881346757656,7545800
2019-09-27,107.30123901367188,107.9687326163725,105.71590987819692,107.3095782276371,6006500
2019-09-30,107.95204162597656,108.70297820743988,107.6349732894542,107.69338597528638,6552100
2019-10-01,108.46101379394531,109.13685926408277,108.27744925494218,108.48604416457093,7673000
2019-10-02,110.13815307617188,112.39097638822258,109.48733773561561,110.77227725292147,12051800
2019-10-03,109.46226501464844,110.44682686073423,108.47769043693995,109.83773329948417,6997600
2019-10-04,111.52317810058594,111.57323883849797,109.51232025030532,109.58741135717338,7233300
2019-10-07,111.10600280761719,111.65669645975494,110.25493195718829,111.04759011801605,5427200
2019-10-08,110.00462341308594,111.18944113275396,109.71259813895364,110.51359557090896,7870400
2019-10-09,107.81854248046875,109.51233219996499,107.23447925506028,109.42054992657056,7787700
2019-10-10,107.68504333496094,108.56948379049635,107.32626617084239,107.59326105759648,5119700
2019-10-11,109.57908630371094,110.65543050276302,109.1535572448529,109.42055212542353,7161400
2019-10-14,109.07011413574219,109.60411662827511,108.8197976823247,109.60411662827511,5700000
2019-10-15,110.83899688720703,112.0154753261101,110.22156405413295,110.97250069551318,10008800
2019-10-16,112.7830810546875,113.96789847538093,111.63998515737778,112.55779501371254,12434200
2019-10-17,113.61748504638672,114.71887238895296,113.18360402674328,113.44227243473928,8434000
2019-10-18,106.55028533935547,112.13228757966667,106.55028533935547,111.23115597421688,25868700
2019-10-21,106.81729125976562,108.19401265279498,106.01628115709262,107.35963296450478,13823600
2019-10-22,107.80182647705078,108.91989192681265,106.87566474320434,107.43469746808528,7613700
2019-10-23,108.38591766357422,108.86985941614667,107.69339371815246,108.18567468431927,6693400
2019-10-24,106.3833999633789,108.95329068244581,105.2152672396384,108.81978688964749,12111600
2019-10-25,107.09263610839844,107.7184208630678,106.22487411888115,106.6587551136398,6947300
2019-10-28,107.78514099121094,108.4693383132883,107.2261082369293,107.31789049399771,7876300
2019-10-29,107.73509216308594,108.44431993077853,107.2678416142345,108.21903386914566,4506300
2019-10-30,110.83899688720703,111.41472092035637,109.912834905972,111.22281715318123,9627600
2019-10-31,110.17149353027344,110.83899985807172,109.21196193705511,110.45519231343408,7686700
2019-11-01,109.47062683105469,110.97251301213039,109.42056608028972,110.17985475122595,5541800
2019-11-04,108.66126251220703,110.09639658496825,108.544449865895,109.97124472521378,6140300
2019-11-05,108.81979370117188,109.69589489026922,108.20234816954772,108.911575973013,6257300
2019-11-06,109.27037048339844,109.70423875812575,108.21904391922558,108.819798318289,5450000
2019-11-07,109.66251373291016,110.45518460337878,109.31207579989298,109.9128301798148,5873700
2019-11-08,110.97249603271484,111.00586561757731,109.27870632232433,109.55405314102738,5003000
2019-11-11,110.12142944335938,110.5720016118961,109.57908773001301,110.36340668651306,4371400
2019-11-12,109.59575653076172,110.21318923569657,109.3204097576335,110.13809813346741,5228700
2019-11-13,109.52901458740234,109.71257911949168,109.07010325717901,109.33709811100378,5885400
2019-11-14,109.27037048339844,109.6041172688231,108.58617302216697,109.32877044161707,4217500
2019-11-15,112.59120178222656,112.61623215536963,109.1201790813137,109.51233856938734,10495100
2019-11-18,112.49942779541016,113.21699491885708,110.6888251920717,111.99045561794635,9291800
2019-11-19,112.4910659790039,112.7997823629109,111.98209390380387,112.64124819875674,5192200
2019-11-20,113.42559051513672,113.75933733797311,111.86530438435753,112.73305376270727,7594400
2019-11-21,113.8427734375,114.18487218551276,112.64126457827186,113.4255835686916,6424900
2019-11-22,115.20279693603516,115.67004747275642,113.89281485907806,114.01796670583474,9235800
2019-11-25,115.25321197509766,115.64808843821483,114.46347186869524,115.15239681679775,6111900
2019-11-26,115.24482727050781,115.38765303326882,113.54769927916144,114.65671741801152,10636500
2019-11-27,115.73210906982422,116.15218932053138,115.01796751568928,115.2364174507494,5523000
2019-11-29,115.5136947631836,116.16901905809632,115.05160383219786,115.60611294938074,3278900
2019-12-02,115.4044189453125,115.81610210611142,114.97594180884496,115.70687716512157,4717100
2019-12-03,115.23641967773438,115.48006058712696,114.39625916008364,115.0263795483217,5741400
2019-12-04,117.10159301757812,117.40405135796141,115.97576802736413,116.36224755890038,7257300
2019-12-05,117.2528076171875,117.41244017736757,115.90014858070501,117.07638107581278,5472900
2019-12-06,117.9417495727539,118.94993973256902,117.16880335623453,117.16880335623453,6640400
2019-12-09,118.04254913330078,118.30299683466382,117.67287646562484,117.95013096638179,4241000
2019-12-10,117.61408233642578,118.46263989357324,117.54686795271614,118.2946103442156,5310300
2019-12-11,118.44580078125,119.28596111867944,118.15175235504732,118.40379020041266,6631500
2019-12-12,118.7482681274414,119.35318464239408,118.23576976949069,118.73147414968132,5012400
2019-12-13,118.78190612792969,119.13477203084797,117.88292815967387,118.54666219265084,4257200
2019-12-16,119.12637329101562,120.01695435142925,118.87433535110384,119.07596570303326,5353100
2019-12-17,120.61344146728516,121.02512473472372,119.73968017251951,120.14295363011658,10722400
2019-12-18,120.30258178710938,120.88229457239652,119.9245121331752,120.7478658181612,7849200
2019-12-19,122.1173095703125,122.56259352136505,120.65542597526516,120.89066984299748,9414700
2019-12-20,122.7138671875,124.20935217618708,121.6552693430983,123.4028051004052,14532800
2019-12-23,123.03311920166016,123.30196392491361,122.10893742209113,122.44500935094952,6558700
2019-12-24,122.60462188720703,122.67183626902734,122.04171586177354,122.66343927873699,4238900
2019-12-26,122.52056884765625,122.81461723858371,121.95766302748649,122.6381907679928,3019300
2019-12-27,122.4533920288086,123.12552298813031,122.27695268430182,122.83146168722963,3432700
2019-12-30,122.07530975341797,122.83144899211007,121.84846285387817,122.4785831593984,2923300
2019-12-31,122.55419921875,122.67182116749754,121.6384274163705,121.90728491055398,4435000
2020-01-02,122.63822937011719,122.6802399591382,121.89048703693778,122.55420819207515,5777000
2020-01-03,121.21835327148438,122.13412511975811,120.142948880518,120.56302912135898,5752400
2020-01-06,121.06712341308594,121.151131764411,120.0169228727914,120.98310224193004,7731300
2020-01-07,121.80645751953125,122.20133395359662,118.78188761457025,120.99150086367982,7382900
2020-01-08,121.78966522216797,122.64661965616293,120.73105484396183,121.71404103813099,6605800
2020-01-09,122.15092468261719,122.68862684624642,121.81486563778546,122.46177994007806,6112700
2020-01-10,121.87367248535156,122.81464808437684,121.73924373696765,122.45338524540502,5042600
2020-01-13,122.411376953125,122.48698831807131,121.5880232885477,122.22654062559093,4593200
2020-01-14,123.10030364990234,123.17591500806962,121.5964093761481,121.86526685384969,7037500
2020-01-15,123.5119857788086,123.83964784851749,122.86507144876244,122.99948738056328,4960300
2020-01-16,124.51176452636719,125.04946665148097,122.83144378290791,123.85644046200446,6476000
2020-01-17,125.32672119140625,125.52836429588703,124.28491771466707,124.68820392362863,9083600
2020-01-21,125.41070556640625,126.16684455168789,124.7637786799957,124.83099302843813,9543900
2020-01-22,124.55377960205078,125.33512262242704,122.66341869746654,123.25152841492667,10305300
2020-01-23,124.7890396118164,124.99068274949667,123.30195191852546,124.37735634648953,8671900
2020-01-24,124.61258697509766,125.141879268385,124.28491213758406,124.83102404694408,9051900
2020-01-27,124.97388458251953,125.57040422696761,123.50360358743107,123.9404906726677,7587100
2020-01-28,125.60398864746094,126.5029664923029,124.46976689963499,124.73022741063913,7336600
2020-01-29,126.4777603149414,127.02387235034539,125.29314371287317,125.56198841567034,6288600
2020-01-30,126.3265609741211,126.4525799488023,125.22595252912319,126.04930640998784,6470600
2020-01-31,125.07466125488281,126.02404650758523,124.8814279731233,125.81400643007258,8651700
2020-02-03,126.16693878173828,126.43579637630916,125.38559543470865,125.53681821677797,5765200
2020-02-04,127.36832427978516,128.33450363090722,127.03225242125923,127.27590612116934,6541400
2020-02-05,129.37628173828125,129.40148552023896,127.12464559804363,127.46911437790314,5979900
2020-02-06,128.98983764648438,129.8047943387934,128.32611650709603,129.5947542185041,6201200
2020-02-07,127.61200714111328,128.93106558258336,127.32635558226676,128.83023758194034,5700300
2020-02-10,127.58676147460938,127.62877205943741,126.77180484430173,127.43552593319457,4835600
2020-02-11,127.69599914550781,128.02366122806188,127.31791666424154,127.94803703990951,3715300
2020-02-12,126.93982696533203,127.8303949045267,126.79700124110552,127.59515102699716,5166800
2020-02-13,126.09967803955078,126.89782789786786,125.92325152530933,126.15849542418528,5480200
2020-02-14,126.1332778930664,126.56175505794018,125.30991151688282,126.49454069132338,5716300
2020-02-18,125.3015365600586,126.64579848909474,125.2343221816236,126.41895156435562,7230700
2020-02-19,125.13349151611328,125.82241637498787,124.83103326055534,125.36033841273931,6115200
2020-02-20,124.65461730957031,125.5031876739049,123.83966054650605,124.85626045769425,7464700
2020-02-21,125.96527862548828,126.22573919259806,123.95729520830211,124.41938612435625,7776800
2020-02-24,123.3695068359375,125.98215377420506,122.8114619845858,123.86835924779223,10588900
2020-02-25,122.3041763305664,124.07976933172091,121.61085826356567,123.43718028162498,10529000
2020-02-26,121.48401641845703,123.63163929919178,121.40792289710937,122.89604278967025,10093800
2020-02-27,117.62844848632812,122.4056324583987,117.48471198862549,120.5370321851052,12566700
2020-02-28,113.70526123046875,116.08116483403684,110.61067504128432,114.44932122647745,19820300
2020-03-02,118.38941192626953,118.48241940501316,113.30784143553485,113.95889378674019,11508200
2020-03-03,114.64374542236328,119.20954888571656,112.53841454070674,118.37248169204096,13662500
2020-03-04,121.31492614746094,121.45021213178019,115.95434480923088,116.41091887933139,10560500
2020-03-05,120.07200622558594,120.6385017359344,118.23723371851025,119.04893667311121,11339200
2020-03-06,120.08893585205078,120.91753998548175,116.18264632143656,117.08734398821088,12239100
2020-03-09,115.36246490478516,118.10193465718015,114.06036010752884,115.26945741926684,13848600
2020-03-10,119.7591552734375,120.02126375913359,113.49386451537956,118.34714192351585,12698100
2020-03-11,111.43926239013672,117.31560924592293,111.18560443847831,116.7575643325903,17763400
2020-03-12,106.0363998413086,113.09646635935306,105.26697547838084,107.64287864380091,21539200
2020-03-13,113.54458618164062,114.07726655462226,105.39380109015397,109.34237434466701,20084200
2020-03-16,107.4906997680664,113.09648172061101,103.5167677945821,104.48065778731302,18877900
2020-03-17,115.48928833007812,115.64148826283063,108.06564210600494,108.69133000451292,18911800
2020-03-18,114.1111068725586,114.71141738514468,108.82661974693511,110.77976412431276,17521100
2020-03-19,107.42306518554688,114.13648021387327,106.66209769039305,114.13648021387327,18482300
2020-03-20,101.369140625,107.75280335724702,99.88102731316314,107.23703692162384,19785100
2020-03-23,93.97085571289062,100.24459677059316,92.29673393993295,98.92559095543992,20815200
2020-03-24,100.76882934570312,101.16622381356711,96.2706741183646,100.41371335557403,17604800
2020-03-25,100.95484161376953,104.81040129051904,98.67193934401799,100.54053963641807,13986100
2020-03-26,107.01720428466797,107.46532775603872,101.78344622674128,101.9440966979081,15066800
2020-03-27,104.13397216796875,107.90498066684661,101.95253476232004,102.85723852269221,12133200
2020-03-30,112.46234130859375,113.29095821395676,107.80354190683592,108.6152448402416,21754000
2020-03-31,110.87277221679688,114.74524595170479,109.95961128833308,114.1364719993956,15746100
2020-04-01,108.91116333007812,110.11179725164982,106.11250102467609,107.97263790455365,12606100
2020-04-02,112.5806884765625,113.29938375804682,107.56677417913154,109.1732528180549,11594500
2020-04-03,113.44315338134766,113.96737043534378,111.25326476372628,111.92968177307759,10071200
2020-04-06,118.16956329345703,119.19264550996958,114.60147713898918,115.84438933932445,14994400
2020-04-07,116.24176788330078,120.08887593572557,116.05575296021554,118.25410410490858,11567100
2020-04-08,121.12887573242188,121.86448499361414,116.08959685478652,116.47007728556719,10758200
2020-04-09,119.4124984741211,122.955220808449,118.60925898842967,121.7630373825218,11125400
2020-04-13,118.17803955078125,119.63233135928265,116.54618330800433,118.37250505378458,8153200
2020-04-14,123.47096252441406,124.64623174295063,121.79684090339728,122.95519615359858,13838000
2020-04-15,124.84917449951172,125.06055397161508,121.36563202617444,123.06513123889613,11962300
2020-04-16,126.54866027832031,127.40262869745717,123.81764112267514,125.39875543885196,12181700
2020-04-17,128.5355987548828,128.77234266842103,126.48944755840206,128.51023425711628,10920000
2020-04-20,128.23973083496094,129.36427147505822,126.90381066630964,127.61404278587132,12226200
2020-04-21,126.55709075927734,128.21431122770016,125.61857844131212,126.92912063391779,9951100
2020-04-22,129.3557891845703,131.0552755323895,128.29042836516717,129.20358925255013,11515600
2020-04-23,131.48646545410156,132.74629159212336,129.95608033503075,130.42111769480908,10665000
2020-04-24,130.9368896484375,132.1544373690933,129.9053568796362,131.537212975164,8653400
2020-04-27,130.45498657226562,131.9431067377508,130.20979199131608,130.89465961221197,8924000
2020-04-28,128.00296020507812,129.4488015567396,127.41955076320735,127.88458820974057,8558700
2020-04-29,127.03062438964844,128.20589385125868,126.11746343434561,127.99451435887137,9285200
2020-04-30,126.86151123046875,127.1912627244948,124.42642823673037,125.52560418401069,14829600
2020-05-01,125.3818588256836,126.54867779681732,124.11358182282724,126.50639931640593,7309000
2020-05-04,125.36489868164062,126.04976587621414,124.36718120070564,125.78765748338475,7198400
2020-05-05,126.4049301147461,127.48719202942155,125.67778418130041,125.98217115115162,6562300
2020-05-06,125.20433044433594,127.09829576372603,125.17050249311325,126.8277237602775,6191600
2020-05-07,124.78997039794922,126.43027701250317,124.40103943049331,126.29499106661507,5570500
2020-05-08,125.72850036621094,126.13434531741615,125.04363297930888,125.91451532334214,4712100
2020-05-11,126.07516479492188,126.91223209548944,125.23809749435429,125.51711992787682,5887500
2020-05-12,124.40950012207031,127.11515475285978,124.31649263937541,126.91223871903742,7039200
2020-05-13,124.40105438232422,125.93989027162668,123.45406554886634,123.51325799539846,6970500
2020-05-14,124.83228302001953,124.93374105640328,121.97442791378414,122.9298674283358,6871400
2020-05-15,127.19973754882812,127.23355259414355,123.15816230060189,125.02674996684165,10340400
2020-05-18,127.267333984375,129.88843124045914,127.21660498416865,128.93300496622683,7388400
2020-05-19,125.99905395507812,127.7577323567949,125.47482419681998,126.91221463875279,6107300
2020-05-20,124.86608123779297,127.15744049612938,124.51942869300352,126.61630953903742,5713400
2020-05-21,124.04596710205078,125.55943883624255,123.29345650320326,125.55943883624255,6487300
2020-05-22,122.91360473632812,124.54825115881125,122.64967927622618,123.08389096053645,6140900
2020-05-26,123.07537841796875,124.67597551458942,122.85402449671915,124.46313070880544,7072300
2020-05-27,123.35633087158203,123.66282790099447,121.75573383009306,122.87105148643803,7950000
2020-05-28,125.12720489501953,126.0977766853438,124.13960188282546,124.31839723491863,6189600
2020-05-29,126.64262390136719,127.15345648829864,123.73090933428749,125.97004021988603,8504000
2020-06-01,125.31449127197266,126.29357203638246,124.3098571829391,125.39962138700035,6141800
2020-06-02,126.21694946289062,126.3020925678715,124.40350785311217,125.20380627228228,6078300
2020-06-03,126.55746459960938,126.97464492521308,124.684433672408,126.44679417972279,6339500
2020-06-04,124.92284393310547,126.31910505059277,123.94376322542725,124.98244670208389,8170500
2020-06-05,125.40817260742188,127.40039703758573,124.81220969981095,125.74021001244918,9725400
2020-06-08,124.9569320678711,125.67208749660712,124.08001250836993,124.19920507982594,7555600
2020-06-09,124.26728820800781,127.13643136520207,124.00334979780065,126.2169404592586,8247200
2020-06-10,125.8338394165039,127.73241126010782,124.81218704730522,124.81218704730522,10137100
2020-06-11,119.93376922607422,127.00021832871764,119.83160789156824,126.49790777937788,11913300
2020-06-12,121.0235595703125,122.35172216082563,119.43148447232875,121.61101335263206,8687400
2020-06-15,120.25729370117188,121.23637443578481,118.67372811049289,120.04444893355918,8649600
2020-06-16,122.9902114868164,123.80752802148511,121.5513789517087,122.67519243463119,7579100
2020-06-17,122.61561584472656,123.8075413321855,122.14735476357717,123.36482058355212,5100100
2020-06-18,122.09630584716797,122.70077786191207,120.78517447901702,121.33857880646349,4797400
2020-06-19,122.45384216308594,124.19917169752244,121.96004078805922,124.12253771495733,12206900
2020-06-22,122.07926940917969,122.30914544279217,120.92139311645029,122.1473813076951,5285600
2020-06-23,121.62803649902344,122.66672019191557,121.47478148332631,122.37725437350721,5921600
2020-06-24,119.03984832763672,121.05761291431023,118.10332599275844,120.46165006075854,8211200
2020-06-25,118.9121322631836,119.67838134396683,117.09869039544724,119.67838134396683,7421200
2020-06-26,117.32855987548828,118.85253584574549,116.6559760556253,118.79293306890175,12849700
2020-06-29,118.37572479248047,118.93763802349672,117.47326517412756,118.12032149748394,5309800
2020-06-30,119.72944641113281,120.06148373888657,117.35409145865174,118.68224076966676,7738300
2020-07-01,119.51659393310547,120.37648208775362,119.24414640429822,119.78051935725425,6174800
2020-07-02,120.0189208984375,120.75961660850052,119.47403875715833,120.2573060233087,5152200
2020-07-06,121.73017883300781,122.40277559008284,120.79366962721375,121.04056384763734,6156400
2020-07-07,121.6195068359375,122.57304724889552,120.2402638917503,120.37648766246254,5622600
2020-07-08,121.9770736694336,122.07923499289748,120.64040239605532,121.63651427286621,6257400
2020-07-09,121.31302642822266,122.96469115755374,119.68688904449863,121.54288945782635,5738600
2020-07-10,121.21085357666016,121.63654318027673,120.41055504329846,121.5343818325338,4282400
2020-07-13,123.6287841796875,124.84625024758081,121.98561550414131,122.26657221004349,6951900
2020-07-14,125.93602752685547,126.33617684676366,123.67135541652772,123.72244908821135,7447100
2020-07-15,126.22545623779297,127.88565581705598,126.1999159049748,127.47698450993795,8512800
2020-07-16,127.068359375,127.14498039346245,124.88030835811416,126.58306694270378,9304700
2020-07-17,127.1534652709961,128.2006578564233,126.5915519847617,127.70685645255186,7441100
2020-07-20,127.36629486083984,127.97928873807795,126.37017006706915,127.90265476016442,6191500
2020-07-21,127.48550415039062,129.12865948799188,127.28116850078175,127.3663116025388,5575900
2020-07-22,127.71533966064453,128.05589900338077,125.87637117391122,127.64722779209728,5910200
2020-07-23,127.37479400634766,128.43050848809457,127.09383741868088,127.88562652774372,6566300
2020-07-24,126.10624694824219,128.2176761150391,125.17824700299532,128.13253302293805,5405900
2020-07-27,125.30599975585938,126.78740442192637,125.03356513384564,125.46776390221933,5675200
2020-07-28,125.00800323486328,125.99560617525059,124.93989134335227,125.4932825992337,4842200
2020-07-29,124.7611083984375,125.55289784877394,124.36097210645875,124.63340670855239,4489100
2020-07-30,125.01651000976562,125.5784233609531,124.42054720896745,125.52734269102963,5922500
2020-07-31,124.09700775146484,125.53584044887792,122.56453582833981,124.86325670404092,8259600
2020-08-03,125.45069885253906,125.82529469413481,124.42903367596696,124.63336930948385,4078700
2020-08-04,125.34003448486328,125.34003448486328,124.14810891898254,125.14422092568594,4162200
2020-08-05,126.34467315673828,127.11943137769106,125.8338534108366,126.94064901348112,5467500
2020-08-06,125.62100219726562,127.06834422338245,124.72705144874728,126.3446667148163,4837900
2020-08-07,126.51490783691406,126.55746638846625,125.28039805764011,125.58689497667882,3635100
2020-08-10,126.02960205078125,126.86394963283695,125.7656767027541,126.73624800992364,4096600
2020-08-11,125.12720489501953,127.05131725379826,124.6163721670527,126.974696241908,6388400
2020-08-12,127.41741180419922,127.91121328987562,125.5699205337118,125.61247910010248,5257300
2020-08-13,126.00411224365234,127.0172554949846,125.60396301008389,126.46385126146787,5155500
2020-08-14,126.20843505859375,127.14494421905869,125.64652176770679,125.67206209992771,4240200
2020-08-17,126.8469467163086,127.9026482358023,126.19989043944624,126.27652441345064,4306900
2020-08-18,127.78347778320312,127.79199988790407,126.48939098795799,127.07683161672693,4322600
2020-08-19,128.03892517089844,129.05206855920068,127.1279561267132,127.34931005543662,7816300
2020-08-20,128.91583251953125,129.05205630474083,127.32375762681654,127.49403086282095,4874700
2020-08-21,130.05667114257812,130.81439804817464,128.20917999052858,129.22232323317195,6722800
2020-08-24,130.39947509765625,131.0422592596443,128.85680357086667,130.90514191063625,5387900
2020-08-25,130.3223876953125,131.18801235903192,129.87672019901547,130.9394617432679,3863500
2020-08-26,130.52806091308594,130.82801905743324,129.10536193224533,130.15095871792536,8008300
2020-08-27,131.11082458496094,131.35079629277678,130.17664807400095,130.63088116932929,5575400
2020-08-28,131.67648315429688,131.72790379699964,130.18521912852756,130.90514735879975,5395700
2020-08-31,131.47938537597656,132.32785225842662,130.49377496399114,131.1279934966388,6362700
2020-09-01,129.85955810546875,132.05359283577587,128.61684455185494,131.8736074985729,6307700
2020-09-02,131.83934020996094,132.26786305544186,127.91406937605807,129.2339139860484,6881900
2020-09-03,128.17115783691406,133.24486565518492,127.09985095609312,132.69635705530365,8672800
2020-09-04,127.34843444824219,129.37106309372476,126.09715488236068,128.7025684045593,7200100
2020-09-08,126.20854187011719,129.3196218669313,125.90000490285068,128.77111315595516,8756800
2020-09-09,128.2997283935547,129.49960012389397,126.94559472676694,126.97130504950836,6960700
2020-09-10,125.9085922241211,128.36830930183825,125.57434491015437,127.91407610792142,6191800
2020-09-11,126.6541976928711,127.29698189272428,125.66860048408743,126.02855806670786,3934700
2020-09-14,127.1427230834961,128.10260999405054,126.85131763352491,126.94559317491711,4375800
2020-09-15,127.60552978515625,129.06250481439167,127.28842707080219,128.08547326984754,3658800
2020-09-16,127.18559265136719,128.60829183096482,127.14275082296051,128.0340727090147,4323000
2020-09-17,126.1313705444336,127.38266258843255,125.17148387669195,126.87699586116327,5461400
2020-09-18,127.85409545898438,128.25690806045847,125.30010245106007,125.56578457597233,12174000
2020-09-21,124.3573226928711,126.78275025028042,122.52324561866888,126.48279213459183,7574500
2020-09-22,123.59453582763672,124.57156716282658,123.17457882977895,124.00591400101236,5295900
2020-09-23,123.79169464111328,126.4571075418538,123.74027398667468,126.39710806002158,8784400
2020-09-24,123.98880004882812,124.48588812492399,122.84892769669995,123.89452449857754,5614800
2020-09-25,124.83727264404297,125.34292643946023,123.32029818031235,123.41457372500699,5531200
2020-09-28,126.0799789428711,127.09128647531612,125.48861538551884,125.75429742955176,5843200
2020-09-29,126.0370864868164,126.77414600745463,125.18004114084053,126.4998982970289,6768600
2020-09-30,127.59696197509766,128.32544293920782,125.84858150627541,126.37137988168573,8487700
2020-10-01,126.25994873046875,128.25685322769365,125.5228890809115,127.96546089768825,6457800
2020-10-02,125.3343734741211,127.19416115689346,124.9829815828306,125.30866314817106,5485600
2020-10-05,127.03985595703125,127.16842063373272,125.48860563149671,125.98569361095964,4992800
2020-10-06,125.35147094726562,127.3655331165143,125.01722372316442,127.08270653035534,5118200
2020-10-07,126.73991394042969,127.03987206915531,124.96582318126691,125.54862101911219,5603100
2020-10-08,127.60552978515625,128.42829938568354,126.87703573179897,127.2712824956406,4413500
2020-10-09,129.38818359375,129.82527216994882,128.08547053633308,128.25687705185345,5054100
2020-10-12,130.1338348388672,131.24799702608834,129.4310640631465,129.92815221059843,7273200
2020-10-13,127.1512680053711,128.6596633431038,126.64561431048911,127.69977658977173,11057600
2020-10-14,126.92847442626953,127.72552065651757,126.31996622026324,127.54554838145238,7706400
2020-10-15,126.14856719970703,126.75706236443668,125.41150732480207,126.39710471541059,5978600
2020-10-16,126.92847442626953,127.49411465395409,125.99428466683905,126.49995157280809,6097000
2020-10-19,123.68880462646484,127.61406124771871,123.52596389987832,127.29695861856113,7250800
2020-10-20,123.88595581054688,124.914408012305,123.51741936740832,123.980231358561,5325400
2020-10-21,123.35458374023438,124.56302133950186,123.33745224168405,123.51742451882103,5221300
2020-10-22,124.34016418457031,124.86296246887228,123.27742304406954,123.55168388451231,5279700
2020-10-23,124.47731018066406,126.38851824579665,123.71454010426741,125.02581885270796,4154400
2020-10-26,123.38888549804688,124.07452475702077,122.34328857054496,123.78311924465709,6929500
2020-10-27,122.68604278564453,123.66307401063469,122.48892600693354,123.19170950643122,4890100
2020-10-28,118.58080291748047,121.68330310293751,118.42652794408713,121.21192551406212,8426100
2020-10-29,117.57808685302734,118.87222098899092,116.60105540129507,118.27229169011635,7205400
2020-10-30,117.509521484375,117.87804481125059,114.54413798594796,117.14098508002152,7364100
2020-11-02,118.86365509033203,119.13790287912234,117.83520299678209,119.11219255759443,7088000
2020-11-03,118.70083618164062,120.80917447729756,118.0837621964474,120.00354938121305,6363000
2020-11-04,119.47212982177734,122.16325199642358,118.87220062567322,119.5492738507216,10263500
2020-11-05,119.78068542480469,121.55477605069663,119.35216263526299,120.4577587556681,8016200
2020-11-06,121.91472625732422,122.72035114537526,119.68640265537358,120.32918680084278,5942500
2020-11-09,125.19720458984375,127.69121006133636,124.20302869999104,127.21125361013166,12351600
2020-11-10,127.08270263671875,127.48551505822687,125.35146710667168,126.19994683915232,7386500
2020-11-11,126.6713638305664,127.87122264356009,125.86573873720768,127.84551231738739,6382400
2020-11-12,127.0998764038086,127.39983454400961,125.77145299012068,126.50851279479738,4710300
2020-11-13,128.47113037109375,128.90823199723116,127.19414079506859,127.7769255266144,5893500
2020-11-16,129.2853240966797,129.6709919716686,128.3854236700542,129.3453104838003,6266400
2020-11-17,127.99976348876953,129.09678079255428,127.80263358822295,128.55683788862913,7297700
2020-11-18,126.30277252197266,128.35111044176685,126.30277252197266,127.58834058236586,6661000
2020-11-19,126.10570526123047,126.3799661656532,124.77728179507726,126.24283571344183,7987700
2020-11-20,125.43722534179688,126.79135929161897,125.24010846708619,126.02858904341021,6354900
2020-11-23,124.15991973876953,126.0067409070287,123.44362750116403,126.0067409070287,7318300
2020-11-24,124.15991973876953,124.92798991696267,123.93554427344073,124.27211405560746,11034800
2020-11-25,123.99597930908203,124.418854546338,123.28832532549598,124.32392390811117,7594600
2020-11-27,124.27214050292969,124.84172430730541,123.59900079534015,124.70364099078708,3059000
2020-11-30,124.85897827148438,125.01432529891737,123.46092086633853,124.47063045542723,15663200
2020-12-01,127.24951934814453,128.69936815519594,125.87735065401488,126.24843483474628,9738200
2020-12-02,127.84495544433594,129.1998732061761,127.46523293354382,127.59469097223148,7745500
2020-12-03,128.5872039794922,129.087746353709,127.45667429305237,127.75871687118533,7310500
2020-12-04,129.68316650390625,129.71768075050997,128.8201654869583,129.26891653455888,6747100
2020-12-07,128.561279296875,129.37250246542646,128.16429298328626,128.88922393991126,6634700
2020-12-08,130.78782653808594,131.29699405470942,129.0618242430755,129.45017212578236,8339800
2020-12-09,132.1254425048828,132.47063759609998,130.96901129577319,131.8924285757195,8440100
2020-12-10,131.39187622070312,132.02186313876194,130.89995942734586,131.8837930140604,7392900
2020-12-11,131.99600219726562,132.39298845699676,130.51163940264553,130.7705423400049,5977400
2020-12-14,128.64755249023438,132.45337651064617,128.57851083695573,132.25488998768816,8547300
2020-12-15,129.9420928955078,130.09742678578596,129.04456430161352,129.45017590625469,7612600
2020-12-16,129.16537475585938,130.24412614504945,129.06181883636975,129.6227642914078,8486100
2020-12-17,132.57423400878906,132.80724800916906,129.41565977057812,129.52784096691815,9920300
2020-12-18,133.34228515625,133.8514657747664,130.89136537764006,132.6001037395328,17137200
2020-12-21,132.0564422607422,132.39301218913621,129.49332774129826,131.1848026543313,7893400
2020-12-22,131.79751586914062,132.81585074452474,131.0553344706054,131.5213492239413,4699500
2020-12-23,131.12437438964844,132.55695921379674,131.0898469752821,131.86655577832224,4607300
2020-12-24,131.58177185058594,132.07367560417381,131.02082643242673,131.0467154105971,2114900
2020-12-28,132.203125,132.78995935787384,131.43505463845915,132.31531934362008,3855500
2020-12-29,133.0229949951172,133.70476010062865,132.72957776835796,132.99710601442388,5212000
2020-12-30,134.6713104248047,134.9561023386887,133.41996159229632,133.54078120712435,5412800
2020-12-31,135.819091796875,136.0607310059769,133.86007598104604,135.08553573244828,5099900
2021-01-04,135.05966186523438,135.81910698927533,133.01435362785674,135.6982873712098,11765900
2021-01-05,136.6475830078125,137.01004186837488,133.82557905735874,134.84391397488864,9602300
2021-01-06,137.93344116210938,138.2786362691222,135.2495077247846,135.69827189858063,8230100
2021-01-07,138.3994598388672,138.96904363327252,136.6562073796503,137.2171527367058,7747200
2021-01-08,138.1147003173828,139.02949261147933,137.97663013926592,138.5203119174168,8228900
2021-01-11,137.53646850585938,139.21933103152605,137.01867579425857,138.5634418278076,7066200
2021-01-12,136.46636962890625,137.78676027268088,135.77596610778866,137.34662127918807,6903200
2021-01-13,136.2592315673828,136.75114847336843,135.2754109237622,136.5526487560318,6643100
2021-01-14,138.64109802246094,139.76300189657118,137.74358282418245,138.46850046529386,10030800
2021-01-15,138.33905029296875,139.29698184217196,137.31207708987216,138.33905029296875,7630800
2021-01-19,140.4793243408203,140.7036998963341,139.02948874823466,139.80618450592664,9057600
2021-01-20,140.13412475585938,141.65300197210635,139.63358253078493,140.8417788200323,6839900
2021-01-21,139.57310485839844,140.22035540813658,138.13189521451636,139.219284565818,6818000
2021-01-22,141.143798828125,142.53323079400948,139.6939504788614,140.11682565746924,8137000
2021-01-25,143.24090576171875,143.3358364007517,141.23875024077478,142.40379371797846,9924400
2021-01-26,147.12442016601562,149.86013200448133,146.1837521509159,146.45128037829733,14205700
2021-01-27,144.88063049316406,147.5041480722668,144.509533168494,145.9507434413202,14207300
2021-01-28,145.98524475097656,147.45234374123652,144.8115629250987,145.15675803986002,8944400
2021-01-29,140.7813720703125,143.25818098552713,138.55482767720272,141.75655434784332,22505900
2021-02-01,140.4188995361328,142.66269425161425,140.32396889870108,142.66269425161425,9971400
2021-02-02,139.15890502929688,141.2387405067278,139.0984886411895,140.99710129099762,11443300
2021-02-03,138.5116729736328,139.39193776004288,137.70908829216435,138.89139555476467,8601900
2021-02-04,139.79750061035156,139.88379278704565,137.87299939638345,138.94312510049522,7758100
2021-02-05,141.9205322265625,142.77490808004023,141.41136472374086,142.27436584785295,9495300
2021-02-08,142.3260955810547,143.18909641273825,141.42858051017672,142.42102619927377,6035300
2021-02-09,143.4911651611328,143.7673186051153,142.3692613431472,142.56774786554232,5544200
2021-02-10,143.95718383789062,144.93237910815978,142.99925227345653,144.8892264277467,5921300
2021-02-11,143.30995178222656,144.4491194852685,142.91297867481566,144.1211748734805,4871300
2021-02-12,143.75868225097656,143.9916961661192,141.5321384920583,141.87733356250467,4413100
2021-02-16,142.45559692382812,144.16433540300685,142.08449960582243,143.7587238353119,5656100
2021-02-17,142.96475219726562,143.3358363152226,141.84284823709592,142.36927938626437,6676700
2021-02-18,143.03379821777344,143.396257077178,141.7910746036144,142.36065845482912,5189100
2021-02-19,140.65188598632812,143.2236382042367,140.59148276958476,142.912957346895,8190900
2021-02-22,140.56503295898438,141.14684748632823,139.19298739058442,140.56503295898438,6447100
2021-02-23,139.32327270507812,141.71132427643664,139.28852998923506,140.22638456004242,7042800
2021-02-24,141.1903076171875,142.75339876863453,139.7401104309872,141.02531282197012,10286100
2021-02-25,141.33790588378906,142.15418740921285,140.6692610176126,141.65921636216711,9719700
2021-02-26,137.6038818359375,141.0339896883226,137.17836968698208,140.6779497218781,14417500
2021-03-01,138.35069274902344,140.26981046634356,138.15095525319452,140.2003382830723,10551400
2021-03-02,138.09017944335938,139.61852776896933,137.7254604082865,138.75014532818685,7610900
2021-03-03,135.65872192382812,137.98598077878148,135.51977753684002,137.42153742603315,8499600
2021-03-04,132.92332458496094,135.55452267708247,131.53390719122518,135.4590000656323,11033200
2021-03-05,135.55453491210938,136.06687748773732,132.97543742063436,133.71355471167442,8331600
2021-03-08,136.68338012695312,138.35936499606564,135.45027874809807,136.33603247814958,6546700
2021-03-09,136.94390869140625,139.59247779420411,136.2405210322376,136.2405210322376,7461300
2021-03-10,138.20306396484375,138.85435081340657,136.64866518314503,137.9165094118852,6635600
2021-03-11,138.19436645507812,139.48826092492936,138.00332127830913,138.5417140944055,6305600
2021-03-12,138.59384155273438,139.210385659663,138.23780157523228,138.31595281406024,5474800
2021-03-15,139.3059539794922,139.51437060190312,137.63866075161093,138.72413914870566,5524100
2021-03-16,140.13087463378906,140.40007107881922,139.14961145517572,139.34065665819034,6369100
2021-03-17,139.60986328125,140.44350309112082,138.53306417216217,139.6619641130587,6001400
2021-03-18,139.34933471679688,140.23508853803747,138.90646443140898,139.12356004687723,4801800
2021-03-19,138.97593688964844,140.24378123754278,138.48096572846418,139.5403934950637,14891500
2021-03-22,139.37539672851562,139.50564880844937,137.2044403931805,137.4736368586875,7544100
2021-03-23,139.2451171875,139.9832342456674,137.96859405403387,139.12354418671578,7178300
2021-03-24,140.5998077392578,141.09477885283746,138.78489157202446,139.02803760158372,6370100
2021-03-25,140.6519012451172,141.06872109545424,139.49695103960087,141.06004204144492,6269800
2021-03-26,143.22230529785156,143.3699419687606,140.1395583260033,140.75610242018732,7619200
2021-03-29,144.18624877929688,145.04595236940867,142.09345667181017,142.26713055099816,8535100
2021-03-30,143.2918243408203,143.85628104525046,142.61448689587885,143.30051664810702,7236300
2021-03-31,142.7186737060547,143.62178570452087,142.15421711285572,143.24838757789004,8281500
2021-04-01,141.39874267578125,142.27580434605144,140.9037582254086,141.19901838462408,7229700
2021-04-05,141.9197540283203,143.066025356499,141.25110900401558,142.10212019433644,7387100
2021-04-06,141.88502502441406,142.86630155097313,141.54635635823814,142.48421110698672,5074200
2021-04-07,142.07606506347656,142.6578797636072,141.8242399621082,142.0239642321911,4608000
2021-04-08,141.5203094482422,142.51026505470603,141.41610777928807,142.41474244134255,5039400
2021-04-09,140.0266571044922,141.4855331252654,138.75013396108392,140.78214552593093,8418300
2021-04-12,140.3653564453125,140.7474468917243,139.23645646740476,139.88774338729772,5022800
2021-04-13,138.48965454101562,138.8804240643171,135.9279284988537,136.21449634939933,18424100
2021-04-14,138.87171936035156,139.03671414538698,136.80496489595347,137.0568032258911,7718300
2021-04-15,139.27984619140625,141.01661091141904,139.14090183369404,139.56641396026396,7524600
2021-04-16,140.8863983154297,141.12085207796096,139.42750865178917,140.10484602225787,9049400
2021-04-19,141.27716064453125,141.64187972925723,139.67064761018625,141.11216583824577,8353500
2021-04-20,144.5682830810547,145.70586178568306,139.80955173823074,139.80955173823074,14050700
2021-04-21,144.66383361816406,144.94172237094054,143.53493374832343,144.4727884132465,6333200
2021-04-22,143.43942260742188,144.3946487083373,142.9531305016708,144.01255826797112,7233000
2021-04-23,143.73464965820312,144.20357029496387,142.4147047818031,142.87494636526822,6015300
2021-04-26,142.5189208984375,143.63914165911174,142.20630269202428,143.46546782231871,6027800
2021-04-27,141.70265197753906,142.33658075176672,141.08610781415098,142.20631542466015,6217700
2021-04-28,140.66058349609375,141.72001112973007,140.37401570170383,141.42476428113358,7448000
2021-04-29,142.58839416503906,142.6404949914258,140.51296066102495,140.59111190060509,6394300
2021-04-30,141.31187438964844,142.70129162960973,141.1295214928132,142.54497589614328,9079100
2021-05-03,143.46548461914062,143.56100722813017,141.65055504833936,142.0673882060024,6594100
2021-05-04,145.6885223388672,145.75799452253497,142.99653153621335,143.1354759035489,10179500
2021-05-05,145.0806427001953,146.23557954240468,144.83748345658705,145.45404074307478,7792300
2021-05-06,145.6624755859375,145.79272765204695,144.35990192298496,144.83750166569595,5529900
2021-05-07,146.32244873046875,146.91294246007763,145.7406340555429,146.14877488355233,5316200
2021-05-10,147.85948181152344,148.9536389160714,146.95635665340316,147.53817129831504,8357500
2021-05-11,146.6524200439453,148.38049249359628,146.13138531764506,148.18944731065042,8217900
2021-05-12,146.0619354248047,147.4513527399721,145.84483979746386,146.35718229787645,6758300
2021-05-13,147.59031677246094,148.23291143464994,144.993847953591,144.993847953591,8018600
2021-05-14,147.8160400390625,149.02309093767073,147.77261827283232,148.91019699556477,5797700
2021-05-17,147.9636993408203,149.26627314096268,147.89422714809015,147.97237839598688,5722600
2021-05-18,148.0158233642578,148.81473383013127,147.21691289838435,147.60768244956068,5846000
2021-05-19,147.69448852539062,147.7639607113708,145.92298090905751,147.54686509910698,5533800
2021-05-20,148.55419921875,149.00574857410936,147.35582714002763,147.5729227629576,4853200
2021-05-21,148.4586639404297,150.00438358369274,148.38049945249435,148.77996119478738,6501800
2021-05-24,149.02664184570312,149.7256847430146,148.34507868743637,149.33246394674705,5195100
2021-05-25,148.61595153808594,149.44605912805136,148.3188626462051,149.13149049749106,7444700
2021-05-26,147.73341369628906,148.61594714305966,147.0431040367719,148.54604152354315,5726400
2021-05-27,147.5062255859375,148.6945945198207,147.13049785919503,147.89943305184812,8114700
2021-05-28,147.8906707763672,149.42855419248943,147.82076516657094,148.12660054278805,6400800
2021-06-01,144.64016723632812,148.72081316836977,144.5091025203738,148.67712048534003,10448400
2021-06-02,145.22560119628906,145.68871426951407,144.27316210857225,144.4391862920178,6806000
2021-06-03,145.08583068847656,146.05574978706412,144.7974882535868,144.95476594534486,5808800
2021-06-04,145.02462768554688,146.42271341037852,144.9372423278198,145.93337407349392,6510300
2021-06-07,144.0372314453125,145.33046542805525,143.85374085753898,145.05084294536476,5362800
2021-06-08,142.7702178955078,144.75374813489597,141.61680853443477,144.42169978356992,7746800
2021-06-09,144.69256591796875,144.85859008238535,143.00613800180497,143.29449365582346,5552600
2021-06-10,145.99453735351562,146.43143744854058,145.00713887215673,145.0508315482858,6463100
2021-06-11,144.14210510253906,145.99455749440006,143.49548807276938,145.98582429122257,7389900
2021-06-14,144.50033569335938,144.57898784502262,143.21584832483327,143.74013378130095,4931300
2021-06-15,143.73141479492188,144.92851692805831,143.64402943249007,144.37801847763356,5062900
2021-06-16,143.67897033691406,144.83239307989803,142.8488627566274,144.00228549961136,6988500
2021-06-17,144.36927795410156,144.78869833961107,142.8663404617977,143.4692647658553,5874700
2021-06-18,141.5381622314453,143.4692666705766,141.37213804891994,142.66537203220506,12993000
2021-06-21,143.16343688964844,143.53043141294887,141.77409762291083,142.22847750881658,6592300
2021-06-22,142.97117614746094,143.3381706101541,142.67408729668057,143.04982829407047,5627800
2021-06-23,142.10614013671875,143.032366276321,141.97506209822004,143.032366276321,4493400
2021-06-24,142.75274658203125,143.47800240986047,142.2546873587835,142.6653745544595,4549200
2021-06-25,143.48672485351562,143.9847839931362,142.3333022849091,142.37699495792575,10963800
2021-06-28,143.32073974609375,144.23823279690237,142.88383956315016,143.6877342997901,5604000
2021-06-29,143.32945251464844,143.86247119516997,142.78770063164194,143.30323957405997,3749500
2021-06-30,143.94984436035156,144.15081466555267,143.01487178144075,143.3032274366245,6151700
2021-07-01,145.015869140625,145.0595484787217,143.85371341824333,143.94983196169238,6320200
2021-07-02,147.65472412109375,147.93434652829532,144.73623524486086,145.0682835201302,9059900
2021-07-06,146.77224731445312,147.54992910035463,145.91592669622275,146.71982142623386,6098500
2021-07-07,148.03050231933594,148.10914114122878,146.3440609176547,146.3440609176547,6293500
2021-07-08,147.74215698242188,148.07420536450476,146.43145652658046,147.41010860033902,5755500
2021-07-09,148.3275909423828,148.86934282531925,147.88195761930285,147.995542584127,6120900
2021-07-12,148.0916748046875,149.57713268511353,147.2703003688978,148.31012488513647,7840500
2021-07-13,147.90817260742188,148.33632619832764,147.3838871221953,147.64602986480858,4691200
2021-07-14,148.91302490234375,149.27128617567868,147.70717638874447,148.54603042714672,6162900
2021-07-15,147.1217803955078,148.45869404366965,146.55381542508397,147.9344217632331,6656900
2021-07-16,146.8857879638672,147.75084144615653,146.75470996164174,147.0954914344197,5834900
2021-07-19,145.81982421875,146.9645006816688,144.4566976420486,145.47029603681577,8219700
2021-07-20,147.19161987304688,149.25378858205409,145.78480121987081,145.83722709103634,9902800
2021-07-21,148.10040283203125,148.27516020792288,146.3440558715175,147.93437865833758,7585200
2021-07-22,148.52854919433594,149.48100151301549,147.36639336801738,147.9867973554252,5281900
2021-07-23,150.11016845703125,150.45095008789585,148.87811999660468,149.41987199102113,5014900
2021-07-26,150.1800537109375,150.41598352586954,149.2975202054181,150.13637436232392,4484900
2021-07-27,150.870361328125,150.92278721224324,149.1314939504423,150.11889254511684,7089300
2021-07-28,150.4508819580078,151.49945265488427,150.36350995535494,150.93147463855448,5750700
2021-07-29,150.4508819580078,151.4644931873189,149.49844313037096,150.94022117201095,4214100
2021-07-30,150.46841430664062,151.1499774980569,150.15384565420734,150.765503219179,5346400
2021-08-02,150.52957153320312,151.02763073827956,149.68198423118977,150.7043289151048,3721500
2021-08-03,152.38201904296875,152.47813759999607,150.6781112894235,150.93150748533202,6033000
2021-08-04,151.4820098876953,152.55678044782977,151.3946245305873,152.21599888812207,4793100
2021-08-05,151.77035522460938,151.91016645320192,150.6606252639964,151.91016645320192,4291000
2021-08-06,151.26358032226562,151.98883621849754,150.68686888673633,151.98883621849754,4581100
2021-08-09,151.787841796875,152.2596880482076,151.10626536007624,151.7965749991306,3950200
2021-08-10,151.84030151367188,152.13739045416537,150.9752343047966,151.39465476979544,3678300
2021-08-11,151.86651611328125,152.45196079644217,151.65679921192987,152.2597236368208,4221300
2021-08-12,153.0897674560547,153.1684062613033,151.6829488297071,151.88393244285015,4300400
2021-08-13,154.00726318359375,154.0422093200081,153.01986483246722,153.16840924520758,5882100
2021-08-16,155.39662170410156,155.44031437997913,153.74513988773805,154.26942533200344,4782800
2021-08-17,156.8209228515625,156.8558689929597,154.93351122092352,154.93351122092352,6041900
2021-08-18,154.82867431640625,156.84715083733454,154.77624843271474,156.84715083733454,7134100
2021-08-19,156.03448486328125,156.6985681163987,153.84998468879257,154.33056406067533,5615000
2021-08-20,156.79469299316406,157.21411331033718,155.59759111577364,156.31410026873056,5428700
2021-08-23,156.1178741455078,157.2781373876431,156.0563382263924,156.8034872913974,6461700
2021-08-24,154.16653442382812,155.76630763083656,154.06984468700492,155.57292815719018,5734800
2021-08-25,153.14688110351562,154.61479717591516,152.84802683036284,154.43021623582322,5700300
2021-08-26,152.3294677734375,153.57763604525277,152.1097195548989,152.90080777669115,5031600
2021-08-27,152.0041961669922,153.19084163785715,151.84598392413753,153.19084163785715,7046100
2021-08-30,152.6458740234375,153.19084520020593,151.8723561629682,151.88114126143205,3252700
2021-08-31,152.1800079345703,153.37543852336057,151.60865464156942,152.49644583784902,7106800
2021-09-01,152.71624755859375,152.71624755859375,151.23953235470054,151.9778832504628,5327400
2021-09-02,153.76219177246094,153.99073846610221,152.8656288450463,153.24358928089205,4544300
2021-09-03,153.85887145996094,154.01709711540616,152.77771422847968,153.9116222866852,4096900
2021-09-07,151.46798706054688,153.85004911489474,150.89663391444964,153.25234068036158,6859900
2021-09-08,151.0988311767578,152.04814484828356,150.37806417815483,150.85271430773597,4661700
2021-09-09,147.7322998046875,150.7296545210351,147.40706340668362,150.47475255625042,7114600
2021-09-10,146.76541137695312,148.62887159864817,146.6775067424956,148.1542214447243,6699300
2021-09-13,145.73696899414062,147.7762247570047,145.148045588975,147.60042892764156,6273500
2021-09-14,144.8579864501953,146.38742502499562,144.6030710794866,146.26436659469715,5259600
2021-09-15,145.40293884277344,145.87760230729396,144.42725662388264,145.03376359945815,7935300
2021-09-16,145.22715759277344,146.31711323882797,144.32179629307527,145.60511797062142,5665400
2021-09-17,144.8140411376953,144.95468318265367,143.76803772340844,144.41849712206812,13419800
2021-09-20,143.98777770996094,145.18320819947465,142.5462303619323,143.69770853834774,7270800
2021-09-21,144.62066650390625,145.89520322449974,144.36576452473318,144.6909875287315,6663600
2021-09-22,144.09326171875,145.86883066469863,143.82957464807362,145.34144311098217,5657100
2021-09-23,144.91073608398438,145.71062265457263,144.28664536974108,144.5063935432633,4697900
2021-09-24,144.4712677001953,145.6051625936017,144.05813998102116,144.81407438074763,4399300
2021-09-27,143.4252471923828,144.47125072387465,143.14397648331328,144.1548127934432,5775500
2021-09-28,143.10877990722656,144.07567711087015,142.19463352480548,143.36369526653368,7610400
2021-09-29,144.17239379882812,144.73494861916657,143.08243796651277,143.2758174434133,5124100
2021-09-30,141.95730590820312,145.38537170760472,141.87819979260834,144.71734215531083,6972300
2021-10-01,141.05197143554688,142.30892466370773,139.4258294396371,141.98370162947188,8568300
2021-10-04,139.9532012939453,141.51780703161643,138.59076009657215,140.63002934390585,8620700
2021-10-05,140.26963806152344,141.61449564106996,139.89166427625165,140.51575491187427,5129000
2021-10-06,140.5596923828125,140.59484618099566,138.74017148944077,140.52452517226834,7312600
2021-10-07,141.81666564941406,142.93299002879314,140.65640236906242,140.65640236906242,5309200
2021-10-08,141.45628356933594,142.05400555777703,140.85857499325857,141.7991035855943,4343200
2021-10-11,140.8585662841797,142.26495983043336,140.58608072002923,141.39475231479807,4101600
2021-10-12,138.60833740234375,140.79702026867216,138.30068464479496,140.63880804755237,6686400
2021-10-13,139.9356231689453,140.70914097063294,138.6610865456104,138.7226224672733,6901100
2021-10-14,140.7355194091797,141.64088080223806,140.2872379680344,140.38392769993206,4579200
2021-10-15,141.78152465820312,142.22980610506278,140.99922169464563,141.54419287463548,6918400
2021-10-18,140.74427795410156,141.42110594969182,139.93560644550865,140.85855127361148,7465500
2021-10-19,144.04049682617188,145.16560615430095,141.28046090992376,141.42988802558892,10081300
2021-10-20,143.96141052246094,144.8140344385785,143.50433060367268,144.13720636434473,6003200
2021-10-21,143.6273956298828,144.49760319385928,142.64292814023446,144.4184970732333,4524100
2021-10-22,143.90867614746094,144.2075304262052,143.24064656926257,143.3285377858774,4304300
2021-10-25,144.22512817382812,144.42729274546136,142.14191970397655,143.90869025579306,6715400
2021-10-26,145.69300842285156,145.93912525247742,144.1987238394484,144.64700519076098,6939100
2021-10-27,143.92625427246094,145.7018096813769,143.54828047709103,145.63148866334615,7018800
2021-10-28,143.14393615722656,145.20956051608462,142.67807119816197,143.95260765998697,6278800
2021-10-29,143.17030334472656,143.49552627925382,141.174986605168,142.70443839059138,8526800
2021-11-01,143.2933807373047,144.13720614199036,140.11141833095581,143.4164391676698,5846400
2021-11-02,145.55238342285156,146.77418261721112,143.25821216871017,143.89108792242936,8450600
2021-11-03,145.08653259277344,145.71062330982323,143.65377020300906,145.06894898335065,6717800
2021-11-04,144.68223571777344,145.02504240993977,142.9857724579175,144.9810900827662,8224400
2021-11-05,143.6537628173828,144.68219602409746,142.57260560983877,142.81872247964776,6215900
2021-11-08,143.1615447998047,144.3042380564736,142.405610498842,143.87352678082527,5578800
2021-11-09,142.84512329101562,143.794437178938,142.41442537823127,142.93302794100282,6112800
2021-11-10,144.39210510253906,144.89312386481186,142.70444107260934,142.8626532883708,6225100
2021-11-11,143.32852172851562,143.98776613490512,142.82750295408772,143.70649549594037,4118800
2021-11-12,145.0426025390625,147.33677436959516,144.69101077082308,147.16976358535325,18995200
2021-11-15,143.73287963867188,145.43812749901784,143.46917916531763,145.03378498489286,7496200
2021-11-16,142.9857635498047,144.4624784941596,142.94181122536938,143.4340450693656,7594700
2021-11-17,143.5219268798828,144.03174425500018,142.21222292937279,143.16153665417437,5414500
2021-11-18,142.74838256835938,144.5679035569207,142.5110642403953,143.6713274141936,6358700
2021-11-19,143.1790771484375,143.44277756131336,142.2033950094489,143.31092064869534,7620700
2021-11-22,141.29458618164062,143.89575359723014,141.25034597725147,142.4713054172747,7634500
2021-11-23,142.17050170898438,142.44477209148627,140.4806257068535,141.13534566846965,7734000
2021-11-24,141.77235412597656,142.10854996780424,141.01146853623837,141.68387372010824,5230900
2021-11-26,140.8522186279297,142.58633483060515,140.37445949568095,142.09087691561663,8523100
2021-11-29,141.33883666992188,141.9316176512659,140.16211734866909,141.11764913209728,9188500
2021-11-30,137.9591064453125,140.6752963197674,137.88833830219886,140.24176381694244,14981700
2021-12-01,139.861328125,141.63082871337264,138.24223346661284,138.79963047202003,9835800
2021-12-02,138.98538208007812,140.9318294895539,138.68457030320397,139.13578796851522,11334700
2021-12-03,141.01150512695312,141.26807677020514,139.427794552373,139.7109211244478,8750500
2021-12-06,144.16116333007812,144.67431993647065,141.40959036317113,141.72810089471776,9692000
2021-12-07,144.53280639648438,145.33793239198104,143.69229632985525,145.09904603612884,8311300
2021-12-08,145.3998260498047,145.60332828995863,143.89575360202755,144.63009779422435,6216400
2021-12-09,146.78005981445312,146.85084145387137,144.64782199042875,145.2582883175038,8574200
2021-12-10,146.4172821044922,147.47897940259617,145.67408184562717,146.48806372439427,6572200
2021-12-13,149.03616333007812,149.69972595710448,144.92208044260116,145.76259040345798,11142300
2021-12-14,150.66407775878906,151.26571480365374,147.8948193249967,148.92997524756123,10482400
2021-12-15,151.4161834716797,151.55774677625195,149.89441169807728,150.27486139158776,8552200
2021-12-16,153.0706329345703,153.5130080510221,151.1507265491956,151.52232002698904,8998600
2021-12-17,148.8415069580078,151.0976224345002,148.3372064163252,150.0890078509197,16726200
2021-12-20,148.41685485839844,149.08926019022704,147.35515725543104,148.46993771351418,7954500
2021-12-21,147.93905639648438,148.72648337221165,146.8508041545831,148.69108581138462,7954200
2021-12-22,148.57608032226562,148.78842520992947,146.97468477425335,147.8063520423342,4178200
2021-12-23,148.85922241210938,149.478544857317,148.07179526744181,148.53186915540323,3501500
2021-12-27,150.11553955078125,150.27480158009143,149.25733092119327,149.6466231037133,3704800
2021-12-28,150.7172088623047,150.97378049194222,150.04479003941665,150.22173738746503,3187000
2021-12-29,151.77886962890625,152.16816180029986,150.32788012657534,150.40750438884749,3662000
2021-12-30,152.4512939453125,152.9556080035023,151.95583602863064,152.2831892592492,4231800
2021-12-31,151.35421752929688,152.77865233777587,151.31881996250038,152.64594521282942,4409500
2022-01-03,151.77003479003906,151.82313113922012,149.61125576423274,150.59332897073577,6012200
2022-01-04,151.36305236816406,152.43359245478905,150.93837609001125,151.3453535856782,6748400
2022-01-05,152.37167358398438,153.47761128361253,151.84081808807645,152.17702746883253,7016100
2022-01-06,151.84967041015625,152.6193987096664,151.11532617604905,152.30973076147353,7301600
2022-01-07,153.90228271484375,154.2119506610364,151.40729436346993,151.69926352696757,6986000
2022-01-10,153.14137268066406,153.672228075275,152.31856166925192,153.672228075275,7698400
2022-01-11,151.5134735107422,153.40683842073636,150.50485881102972,153.0529437367104,8341100
2022-01-12,150.2217254638672,150.47831057335603,148.93884041707173,150.06247691332894,8116200
2022-01-13,149.3104248046875,150.77911323817074,149.0450105699023,149.52276969273103,6159400
2022-01-14,148.4964599609375,149.21310541287153,147.88598020552237,149.19542013026222,5847700
2022-01-18,147.8417510986328,148.39029185536276,146.87736320345158,147.8417510986328,7815600
2022-01-19,147.38168334960938,149.27504815298715,147.1516531679673,147.93022412902602,5926500
2022-01-20,146.20494079589844,148.51413888796324,145.92181430941338,148.00982489649195,6011300
2022-01-21,145.8687744140625,148.62920446914544,145.51487970197854,147.0366512643318,10550300
2022-01-24,144.187744140625,145.24944170242568,140.02056467279152,145.09903578535713,14054600
2022-01-25,148.31063842773438,149.00074230866693,142.9578985305828,143.64800241151536,14081200
2022-01-26,148.97422790527344,149.7174147579381,147.07200706783468,148.2310275523935,9963200
2022-01-27,150.9295196533203,152.09739629122458,149.52277020329367,149.86782220990804,9066700
2022-01-28,151.99122619628906,152.03546640495807,149.78820690686464,151.16841501595374,9783100
2022-01-31,152.43360900878906,152.72557820054377,151.13303860947005,151.73466227717043,8054800
2022-02-01,151.1861114501953,152.1593285247095,149.90321291981013,151.94699712674367,8154700
2022-02-02,152.8582763671875,153.0529224664162,150.09784691458756,150.09784691458756,7382800
2022-02-03,152.84942626953125,153.61031191472316,151.32765497914744,152.4070512083782,6240400
2022-02-04,151.84967041015625,153.04407499558073,150.5136890624727,151.29227350349538,6392200
2022-02-07,151.34535217285156,151.94698926981587,150.4163618541394,151.65502011249404,6065700
2022-02-08,151.74349975585938,152.2212724170978,150.83220814300506,151.30998080424345,6296100
2022-02-09,151.72581481933594,152.38937746129432,151.51346991383133,152.2389715491431,5387500
2022-02-10,149.89434814453125,151.48690089519502,149.788182461225,151.47805825499086,10355300
2022-02-11,148.38145446777344,150.5402335062667,148.2310350612003,149.62894192643358,13125300
2022-02-14,146.51461791992188,148.61147127903197,144.93090772447246,148.38144111945255,8967600
2022-02-15,148.0275421142578,148.72650227719183,146.87736424502828,146.9835434407921,6631400
2022-02-16,147.93905639648438,148.49643972747776,146.61193136996332,147.30203530373717,8482400
2022-02-17,147.03662109375,148.1514013582678,145.9129846881057,147.93906997467306,6227600
2022-02-18,145.4605712890625,147.24143038242178,145.08659250988222,146.903062806883,6423200
2022-02-22,143.4838104248047,145.79893258114828,142.86051248636633,145.64756119516156,6868900
2022-02-23,143.55503845214844,144.8194466533732,143.22558390015246,143.81325701700672,8016900
2022-02-24,140.8125,142.58445933721816,138.65766255545833,142.2728036230313,12883400
2022-02-25,147.81129455566406,148.69282463736164,142.2015860810559,142.46871764401357,11340400
2022-02-28,146.5380096435547,147.08115867042198,144.58796659442268,145.02426841428365,9373500
2022-03-01,146.03045654296875,146.6982787527689,144.61467671904305,145.1756381361984,8737800
2022-03-02,147.84690856933594,149.26270180388144,146.06604956490855,146.39551771980328,6793300
2022-03-03,150.01954650878906,150.78531636179207,148.0962292666971,148.43458321090202,7333700
2022-03-04,150.9099884033203,151.2483559623485,148.56816804889758,149.2716013782249,6302500
2022-03-07,153.34085083007812,154.15113124683978,149.02226286509506,149.8592686634113,11663400
2022-03-08,150.23326110839844,154.15114533755516,150.0462649416686,153.18947988053478,11100300
2022-03-09,150.8031463623047,151.57781570877904,149.49421386089026,151.3819201244261,7248200
2022-03-10,151.07025146484375,151.50655316426946,149.66337141780735,150.09077371473168,6171400
2022-03-11,150.7942352294922,152.67304194283378,150.50039187581785,150.59833966037596,5188000
2022-03-14,152.8778533935547,155.04159070354908,151.68468104351143,151.9785108419814,7729500
2022-03-15,156.84024047851562,157.17860801235145,153.64360206076367,154.33813593462412,10554400
2022-03-16,155.39776611328125,157.56150335969173,153.65251824801945,156.23477204933147,9603300
2022-03-17,157.42791748046875,157.4635286775299,155.1127956521442,156.01213802370927,7472100
2022-03-18,155.68267822265625,157.60600905159345,154.63197801734555,157.60600905159345,13809500
2022-03-21,156.564208984375,157.74848176182127,155.21966543053557,155.5224081771948,7574900
2022-03-22,155.8251495361328,157.04503350184433,154.85458472272913,156.56420759007202,8442100
2022-03-23,155.2374725341797,156.30598519453793,155.01486516381857,156.02995422919025,5254200
2022-03-24,156.03887939453125,156.30599739030595,154.99707845037983,155.8251714110348,5012300
2022-03-25,157.5347900390625,158.2293239820819,156.02106256291455,156.43956552689752,4809500
2022-03-28,158.34506225585938,158.65670439456812,157.02723054466017,157.29434849587497,5604200
2022-03-29,158.2649383544922,159.74304094367415,157.42793248161934,159.04850704637016,5933400
2022-03-30,159.9122314453125,160.15265121584227,158.21150783094163,158.88824294993267,6277600
2022-03-31,157.810791015625,160.46428027999684,157.5881836765459,159.91220484000658,11490400
2022-04-01,158.66563415527344,158.87932853883294,156.3594250201881,157.65054507273823,6525600
2022-04-04,157.13409423828125,158.6656340582754,156.28818893449835,158.6656340582754,6860600
2022-04-05,158.149169921875,159.96563996150914,156.9737965650899,157.1340809259582,7446100
2022-04-06,162.26296997070312,162.59243813694124,159.0485188135648,159.73415335820067,10330900
2022-04-07,161.844482421875,162.90409584083844,160.48212619374422,161.76434701713265,7385200
2022-04-08,162.1650390625,163.11780528357002,160.6602108213724,161.46160563651947,7144500
2022-04-11,160.1348419189453,164.01711517696612,159.92114752934177,162.94860246831962,5932000
2022-04-12,160.18826293945312,160.99855705200167,158.67453549431502,159.5649650016758,5957500
2022-04-13,160.86497497558594,161.0252457422106,159.60056688700868,160.18823995150652,5643100
2022-04-14,160.18826293945312,161.52390720049428,160.03689155362693,160.2773113249396,6188200
2022-04-18,158.19371032714844,160.62457909003575,157.37451680671802,160.03689235139782,6318700
2022-04-19,163.0198516845703,165.56648086664524,160.23280270781243,160.91843729945342,14380800
2022-04-20,163.74107360839844,164.12396534313316,161.96911408358025,162.2718704273968,8044900
2022-04-21,163.26913452148438,164.61367801757214,162.55678828762603,163.7766722118042,6969200
2022-04-22,161.64859008789062,163.08218234485284,161.5061316722049,162.476696714274,8003600
2022-04-25,165.62881469726562,166.2343139258755,162.1472450835522,162.36093950445598,11176500
2022-04-26,164.44451904296875,166.1274438977044,163.9993042780655,164.8185114019387,10190000
2022-04-27,162.14720153808594,164.5691706283367,161.8266464059388,164.05271993838437,11090100
2022-04-28,163.3582000732422,164.28424076382106,161.9869310511702,162.28077441304276,9403900
2022-04-29,160.68692016601562,162.54791463680928,160.45539979088002,162.5033904426004,8463100
2022-05-02,159.0663299560547,161.53282354701068,157.63273787594594,160.6958176188026,7145400
2022-05-03,158.7546844482422,160.83829999945218,158.211521858886,159.20881223138355,5898700
2022-05-04,160.4553680419922,160.7224995675124,157.73955577513868,158.6299851356235,5923000
2022-05-05,157.39231872558594,160.019096706819,156.06558742237982,159.76086453464202,7089200
2022-05-06,157.04505920410156,157.49027398992655,155.5491440454306,155.9498346352977,6434000
2022-05-09,157.89987182617188,158.9950963551277,155.46008999734292,156.2258599445756,7855200
2022-05-10,157.68618774414062,159.54718250237855,157.16083749721042,158.70127702925936,8186700
2022-05-11,156.8313446044922,158.78138728916355,156.60873724024887,156.67997322723176,6138900
2022-05-12,158.38067626953125,158.45191225341316,155.56692963400675,157.1340805187846,6898600
2022-05-13,157.47247314453125,159.28894346897977,156.5375193890147,159.1197596786539,7732200
2022-05-16,158.5676727294922,159.50262633778144,156.86694927659812,157.47244834731748,5516700
2022-05-17,159.2266082763672,160.01017699022816,157.24094072671613,159.13755989241952,5751100
2022-05-18,156.27037048339844,159.71632815138608,155.97652713069692,159.24440162377087,8608800
2022-05-19,154.88133239746094,155.64710242462158,153.76829535722032,155.57586642362082,6874500
2022-05-20,157.5882568359375,157.74854125965985,154.97930413243947,155.69165066556985,7522100
2022-05-23,160.80540466308594,161.24451008466193,159.03102877216904,159.15648941750285,7040800
2022-05-24,162.56182861328125,162.86653042566118,160.50069171144327,160.63510892706483,6419800
2022-05-25,160.9667205810547,162.69630000633256,160.46487795222362,161.7822216899982,6558900
2022-05-26,160.82333374023438,162.20340085796462,160.05264300134516,162.20340085796462,6897600
2022-05-27,162.28404235839844,162.3467795156057,159.72104898724984,161.09215943911835,5853600
2022-05-31,160.8860321044922,161.4595683549793,156.8354246436991,159.51492179201233,16391400
2022-06-01,159.25503540039062,161.1548715642593,157.63299024582832,160.5454816390937,5175400
2022-06-02,158.75323486328125,159.34469814293962,156.459089180689,159.28197464768385,8666500
2022-06-03,158.09902954101562,160.11537020624243,157.8570648324165,158.68153615992566,4234200
2022-06-06,158.0811004638672,159.9630238613215,157.7226453758688,158.80699457946935,5386500
2022-06-07,159.8196258544922,160.6799371530153,158.08109007615275,158.60085949152526,5447800
2022-06-08,158.86972045898438,160.8143673727405,158.43957161207146,159.6045711768882,4333100
2022-06-09,155.67044067382812,160.0974163915125,155.60770352230938,158.80697006937334,5509600
2022-06-10,154.6309051513672,155.903438320268,152.9013260809895,154.29036329131512,6647300
2022-06-13,153.0715789794922,154.36203885064091,152.41739245493378,152.41739245493378,7997000
2022-06-14,150.7237091064453,153.34046960480367,149.89028117754273,153.29565929908884,7116800
2022-06-15,152.33676147460938,153.63617809973658,151.1269517732455,152.02310305597922,7796100
2022-06-16,152.41741943359375,152.53392348191645,150.02469702989043,150.9118780927045,7056700
2022-06-17,151.86181640625,154.3172623961121,151.66466201191565,152.91031186292747,12486600
2022-06-21,155.0431365966797,155.80487069644104,151.95141724468985,153.01783951468212,8219700
2022-06-22,157.48963928222656,159.44324261337042,153.8602236695244,154.138028393294,10593100
2022-06-23,161.00253295898438,161.1459204373169,158.18861864907566,158.6187674098907,10223500
2022-06-24,163.3594207763672,163.57450201938906,161.28931338119946,162.00623718375482,9374400
2022-06-27,163.2070770263672,164.30935301566623,162.6514675734805,162.77692821362214,5908600
2022-06-28,158.5649871826172,163.96877754069087,158.0004075805499,163.25185388353177,9245700
2022-06-29,158.6098175048828,159.78377347556852,158.10796130956837,158.8159284673082,7097900
2022-06-30,159.07583618164062,159.7748332064675,156.8533844533241,158.4933432190135,10777200
2022-07-01,160.87710571289062,161.05633326090128,158.34099556969306,159.02206572180768,5498400
2022-07-05,159.6404266357422,160.5276215377403,156.47701295503379,160.25877335463298,5676400
2022-07-06,159.78378295898438,160.80539491597398,158.98620883180988,159.57767198432595,5335600
2022-07-07,159.9630126953125,160.51862214518195,159.07581795429607,159.38947639003896,5725800
2022-07-08,159.765869140625,161.29829403824633,159.3088368532148,159.8106794450813,3828300
2022-07-11,159.82861328125,160.42903309946607,159.0848059521862,159.24610664625067,3645200
2022-07-12,157.58824157714844,159.91822719623312,157.00573491673757,159.49703491110964,4708800
2022-07-13,157.22080993652344,158.01838416666672,156.37842539979522,157.41796434614858,5291700
2022-07-14,157.43589782714844,157.73162947971392,154.40691488492675,154.61302591276782,5359600
2022-07-15,159.72105407714844,159.9719753656053,158.2155263464074,159.25506521240553,5691100
2022-07-18,156.1364288330078,159.68519380815513,155.8496675428955,159.28192847952502,7605700
2022-07-19,153.86021423339844,158.39473748644227,152.23818261730474,158.018355592723,13256400
2022-07-20,152.98204040527344,154.63095601090956,152.1306854751248,154.31729749199292,7455800
2022-07-21,153.51968383789062,153.59137758597888,152.13961679119814,152.39053807241496,5729200
2022-07-22,154.24557495117188,154.57716026838938,153.29565665283116,153.7795860675009,4257000
2022-07-25,154.55027770996094,155.01626659631447,153.88712074589358,154.24557583911712,4437300
2022-07-26,155.6435546875,156.8085541382882,154.577146103059,154.63986958488073,4525500
2022-07-27,155.21340942382812,156.0199538347059,153.3583832597594,154.7026102703714,4648500
2022-07-28,156.10951232910156,157.80323729000372,153.6361403196797,155.39258874437377,5513000
2022-07-29,156.3963165283203,156.69204807519776,154.95351250068447,155.74211628484176,6451400
2022-08-01,155.84970092773438,156.96989023287733,155.51811559496568,156.0826953804972,5461400
2022-08-02,154.96249389648438,157.26560949046018,154.76533950033917,156.83544698567897,5794200
2022-08-03,156.4590606689453,157.05948043160012,153.9319209764906,154.63091793445793,5010000
2022-08-04,153.94985961914062,156.90716229342777,153.77960232106486,156.65624096825786,5651600
2022-08-05,153.34046936035156,153.7168513142224,152.15754292745575,153.51074031728524,5235500
2022-08-08,152.5249481201172,153.67202068713632,151.84387805663195,153.51072001717284,4629800
2022-08-09,152.5070343017578,153.34941878139753,152.10376891819416,152.82964934344568,5532500
2022-08-10,152.94615173339844,153.45696457475566,151.92453972486865,153.25981018063723,5603400
2022-08-11,149.78274536132812,152.30092862279622,149.63935785465034,151.01943867659983,9328700
2022-08-12,148.13385009765625,150.4996895811657,147.9994191641396,150.14122076597513,14606900
2022-08-15,148.84176635742188,149.43322949810903,147.98146876568026,148.76111602210554,10072000
2022-08-16,150.16807556152344,150.7774518642912,148.4026564576473,148.63565086620264,7453600
2022-08-17,150.17706298828125,151.0552875884412,149.1285674232137,149.1285674232137,7406600
2022-08-18,149.45114135742188,150.82225161696115,148.69836394744985,150.26662856743627,8312100
2022-08-19,151.72738647460938,152.45326689743385,149.65727899494408,149.7468996017407,8128500
2022-08-22,151.19512939453125,152.39502081606838,150.81621848763487,152.37697350638842,5462600
2022-08-23,149.8779296875,151.35749211442376,149.5802110949649,150.6628153985085,5566300
2022-08-24,149.38172912597656,150.29291842523043,148.9216260915918,150.2658543506231,5684300
2022-08-25,150.78012084960938,150.8793603927062,148.58783413067502,149.71554995401965,5678700
2022-08-26,148.1999053955078,151.11391920691082,148.13674670215926,151.07783835789894,5667100
2022-08-29,147.05413818359375,147.81195988632922,146.1700128637357,147.4781604195185,5259200
2022-08-30,146.53990173339844,147.54131395835375,146.17903816799904,147.32480132553917,6973300
2022-08-31,145.5565185546875,147.55032598343757,145.4933736333931,147.26162415448914,8741700
2022-09-01,149.16522216796875,149.30957309535995,145.68283519951302,145.69186573626382,7509600
2022-09-02,146.81956481933594,149.94107411370874,146.16096895041463,149.63433875249257,5803700
2022-09-06,147.21652221679688,149.95913470350013,146.89175328748752,147.90218222150358,7394600
2022-09-07,148.01947021484375,148.33522237613974,146.2963171853253,146.97294665875341,4590600
2022-09-08,149.21031188964844,149.2373759638471,147.12629557999196,147.84803634609614,5838400
2022-09-09,149.49903869628906,149.94109449281146,148.30816416821358,148.8494732748047,5500600
2022-09-12,149.43588256835938,150.27491032137914,149.056971693663,149.85990483039018,6365300
2022-09-13,145.5475311279297,148.35328892564573,145.07839744433917,147.5684030398041,6726400
2022-09-14,148.55177307128906,149.1832912632797,146.4948202367686,146.4948202367686,9555700
2022-09-15,148.93063354492188,149.82378924927406,148.04650837558077,148.36226048160142,7174500
2022-09-16,151.20413208007812,151.23119615658086,148.63293468382716,149.14717966950187,20201500
2022-09-19,150.0132598876953,150.1485802722278,148.0284829068701,150.03130719432014,7380900
2022-09-20,148.8314208984375,149.67043484241202,148.2450141913195,149.0569640574924,7143400
2022-09-21,147.30674743652344,150.48239898120383,147.27066658802045,148.87653278461215,8071200
2022-09-22,149.92308044433594,150.80721976564558,146.90080959924325,147.18949775835614,7401100
2022-09-23,150.41018676757812,151.09583285010305,148.5517137873706,149.5260616516273,9598600
2022-09-26,149.49000549316406,150.51848176449423,148.29914475239016,149.58022826467428,8735500
2022-09-27,148.80433654785156,151.26726365468988,148.31715568167076,150.08541986482396,8686700
2022-09-28,150.08544921875,151.00566921680053,148.94871658543778,149.98620967223414,8660900
2022-09-29,148.4344482421875,150.81618321860256,147.8570583620281,150.19368195782465,7008100
2022-09-30,147.37893676757812,149.52611225619236,147.34285591568005,148.85849948453952,8985200
2022-10-03,147.23458862304688,148.29915961610573,145.88132951113272,148.21795360718255,8657000
2022-10-04,149.4178009033203,149.76063084895696,146.98193797404917,147.82096553414428,6236100
2022-10-05,148.9576873779297,149.79670111271676,148.14573771419649,148.87649516476807,4539400
2022-10-06,146.0707550048828,148.85846476851142,145.87227595057334,148.6690024835578,5890700
2022-10-07,144.5280303955078,146.35042268296593,143.5987938304806,145.9444478149736,6363500
2022-10-10,144.71754455566406,145.50243049956066,143.60786208166544,144.91602367624603,5315600
2022-10-11,146.810546875,148.0555494980879,144.6814189371418,144.6814189371418,6212200
2022-10-12,146.7744598388672,148.75021999966114,146.60304484540126,147.00000298478318,4341700
2022-10-13,148.99380493164062,149.7516404060667,145.02425085025135,145.15055446831204,6465100
2022-10-14,148.3712921142578,149.47192987505625,147.5954232308343,148.35324481016158,5684600
2022-10-17,150.29293823242188,150.85229463549848,148.8675037956495,149.21935057797506,6710800
2022-10-18,149.76966857910156,150.8161921004159,147.09924538837151,148.85847920761285,10883600
2022-10-19,148.5788116455078,149.98619873634362,147.85707079311305,149.76065558034912,10044600
2022-10-20,148.9576873779297,149.52606040217805,148.25399399841197,148.85844786204598,5659900
2022-10-21,152.20555114746094,152.80097462372615,148.34423960895458,148.59686061126524,8487600
2022-10-24,154.2534637451172,155.24585908871308,152.69270903751735,153.1979234793258,6855500
2022-10-25,154.00991821289062,154.3707818111592,152.03415766212024,153.52273721255784,5661900
2022-10-26,155.36312866210938,155.68791130518434,153.83845497006465,154.5601957064601,6123800
2022-10-27,155.45333862304688,156.46376740068703,154.92106016097284,155.48943323142524,5390900
2022-10-28,157.76292419433594,158.23205781878656,155.70597168890274,156.07586577291306,6073900
2022-10-31,156.9510040283203,158.02459186912236,156.45480623222718,157.4472018244134,7810000
2022-11-01,156.1570587158203,157.5464122882982,153.74825942261785,157.03216727657193,6985000
2022-11-02,153.7572479248047,156.9238821144709,153.63094432926064,155.97659826486083,6877300
2022-11-03,154.01890563964844,154.6955350820323,152.41303953100896,153.19792527903465,4819900
2022-11-04,154.70455932617188,155.62477926676837,152.6837014375671,154.77673478877375,5300900
2022-11-07,156.0578155517578,156.84271509006118,154.66847577759802,154.87597162516713,6621000
2022-11-08,156.83367919921875,157.6005314044905,155.33606940114464,156.1931443715288,5148400
2022-11-09,155.57965087890625,157.88019359594495,155.4804113494321,157.22161150001307,6150000
2022-11-10,157.4020538330078,157.6727083648612,155.2097672676628,157.29379752669098,7877500
2022-11-11,152.6927032470703,156.17508982154547,150.5004305703458,155.83225984929302,11074700
2022-11-14,155.09251403808594,156.31043893818986,153.59490403410385,153.59490403410385,6581500
2022-11-15,155.5255584716797,156.07588439504465,153.83849984896608,155.34512667645882,9351000
2022-11-16,156.49087524414062,157.8711983089817,156.19315661520557,156.6532597147985,5500900
2022-11-17,157.75392150878906,157.87120836688914,156.05783239930645,156.07587970810565,4464100
2022-11-18,158.9628143310547,159.35977249002116,157.5373799266123,157.8802099304582,6555700
2022-11-21,159.780029296875,160.3066685474023,158.74491459202258,159.70738796698328,5706600
2022-11-22,160.5518341064453,160.88778814000645,160.10691114868595,160.17046365412745,4707900
2022-11-23,160.72430419921875,161.0784219467166,159.8163085538485,160.206753885913,5389200
2022-11-25,160.9331512451172,161.73217798212866,160.58810847043782,161.0602700797495,3058600
2022-11-28,161.01487731933594,161.41439763959585,160.31571675888108,160.48823815671284,6183100
2022-11-29,159.88900756835938,160.95136119423205,158.59057997726578,160.72436220097072,6700500
2022-11-30,161.62322998046875,161.63230494944,158.69948280164238,160.14319259819857,13288000
2022-12-01,162.29513549804688,163.40289121773307,161.41437867411747,162.53120936186522,6282600
2022-12-02,162.42227172851562,162.49491304553067,160.67892168489848,161.16923325610676,5823900
2022-12-05,162.3314971923828,162.85813644874426,161.6232615367388,161.95014059741428,5120600
2022-12-06,159.8980255126953,163.43920269580596,159.7436540733815,163.36656138757382,7943500
2022-12-07,160.86961364746094,161.51429675931604,160.0160953817301,160.32482448236124,5702600
2022-12-08,160.89683532714844,161.14199804561318,160.1159584706697,160.55180638236587,4798500
2022-12-09,159.5711669921875,161.5233521769173,159.49852567465092,160.82419161867813,4561000
2022-12-12,161.4779510498047,161.5051898122575,159.44404956045014,159.76183974070437,4882400
2022-12-13,162.72190856933594,163.6208154069419,161.90470416115912,162.62202849238923,9177500
2022-12-14,163.2213134765625,164.38354694557435,162.14988512587675,162.14988512587675,9533600
2022-12-15,161.16018676757812,163.29396868045782,160.17046077139244,162.71285189655615,7602400
2022-12-16,159.50759887695312,160.71523478965725,158.77212459554949,160.71523478965725,18841800
2022-12-19,159.33506774902344,159.96158694451714,158.0548044527033,159.21703773959374,5736000
2022-12-20,159.50759887695312,160.20675942744805,159.05360103856427,159.80723911287953,6174700
2022-12-21,161.33265686035156,161.78665467527364,159.48942684016103,160.05239355200578,5472000
2022-12-22,160.74249267578125,161.17832677311154,159.20797758267284,160.50641875950157,5709100
2022-12-23,161.1510467529297,161.187374333775,159.63469584308314,160.4155725723066,3683400
2022-12-27,161.10568237304688,161.9410506714515,160.70617587348642,161.72312669948735,3067300
2022-12-28,160.40652465820312,162.0318308748794,160.3974358340026,161.40531162130037,2645400
2022-12-29,161.22373962402344,161.8956615354374,160.778830528217,161.21466465336596,2828800
2022-12-30,160.39744567871094,161.41441035262747,159.2624509771777,161.1601726478773,4216600
2023-01-03,161.79576110839844,161.9682825136321,159.81632321534303,159.95253088759264,6344900
2023-01-04,163.55726623535156,163.61174375935303,162.05906505073827,162.4313466046344,9788800
2023-01-05,162.34962463378906,163.430141671698,161.99550688526475,162.54938478474267,6255300
2023-01-06,163.66624450683594,164.28367500634923,162.8853675572114,163.55728944337278,5706000
2023-01-09,159.42587280273438,163.22128784827402,159.06266624137487,162.80361762135266,7925300
2023-01-10,159.04452514648438,159.93435702518596,158.2818121075973,159.53483671293623,5047500
2023-01-11,158.79029846191406,159.55301155361343,156.27514639830568,159.4168177354226,6494800
2023-01-12,157.9912567138672,158.63593977708075,156.90166461096152,158.22733061544025,4269400
2023-01-13,157.47369384765625,158.00033303713792,156.5203094087672,157.25578373815722,6088000
2023-01-17,156.5021514892578,158.51790320728114,156.25698875195337,157.99126399803114,6053300
2023-01-18,154.14134216308594,156.17525748083818,154.0959534628662,155.8574534498125,7047800
2023-01-19,153.9324951171875,155.52148743945946,153.18794591930654,153.47849731082408,6939500
2023-01-20,153.2152099609375,154.45915972206186,152.0711264329748,154.450084752206,8620600
2023-01-23,152.82476806640625,154.0233291506904,152.49788903023023,153.54209249394737,8425400
2023-01-24,152.82476806640625,155.25820397014246,150.7363749938881,153.46945116869534,10541800
2023-01-25,153.91433715820312,153.91433715820312,151.70791438602214,151.78963066908497,7099800
2023-01-26,153.3513946533203,154.27755415536018,153.13347069551241,153.95067514610582,6946100
2023-01-27,152.75213623046875,153.3332530136691,152.33446590296816,153.0336127239837,6058100
2023-01-30,147.09530639648438,153.0335922992909,146.25995199805712,152.47971435681123,23259100
2023-01-31,148.38465881347656,148.39373378290182,146.23271339190146,146.82290506759202,11612500
2023-02-01,149.74664306640625,150.70911625231665,147.45849011646834,147.99421808732683,9865300
2023-02-02,150.30960083007812,150.92704510549186,147.83986529316743,148.00329786744726,10099000
2023-02-03,149.46517944335938,151.0360081955258,148.8114214016073,150.75453173267167,6868500
2023-02-06,148.3302001953125,149.68311897755655,148.09412626592606,149.41071745600792,7021000
2023-02-07,148.36648559570312,148.80233348890408,146.56865806472058,146.73210448839953,7310800
2023-02-08,148.5571746826172,149.41976781299726,147.91249164964663,148.27569823685351,6054700
2023-02-09,146.55050659179688,149.6377004143793,146.2508801905404,148.5753470633601,7949500
2023-02-10,147.23146057128906,147.812577120469,146.5050752759977,146.8864317124991,7028000
2023-02-13,147.77630615234375,147.83987250427404,146.32350743161413,146.48695386878103,6414700
2023-02-14,147.131591796875,147.97603485702393,146.877354153046,147.76719976135993,6316000
2023-02-15,144.707275390625,147.07714480559312,144.63463406946747,147.04990604202348,12621800
2023-02-16,143.68124389648438,144.96150729787456,143.3906786234585,144.43488198661606,11177000
2023-02-17,146.68087768554688,147.33933776029775,143.23310951005476,143.5989284152299,12401900
2023-02-21,144.49517822265625,146.6443209489336,144.3945797555844,146.00414127416767,9423900
2023-02-22,144.2939453125,145.27249506227383,143.91898621466726,144.95240530469707,9820200
2023-02-23,144.24827575683594,145.03476918581774,143.27887979997732,144.22999527224613,9385100
2023-02-24,142.638671875,143.44345950560515,141.9436368923819,143.26054307714813,8689700
2023-02-27,142.32774353027344,143.48918197371665,141.824751235501,143.07764789783556,7267100
2023-02-28,140.16030883789062,141.9985158039271,139.95911191668696,141.7332953375381,9062300
2023-03-01,139.52931213378906,140.14204320251858,138.92572130624058,139.9316920642547,6767000
2023-03-02,139.41954040527344,139.70304134335854,138.30381713279579,138.7793747459579,8762500
2023-03-03,140.85536193847656,140.94680620697287,139.7762135155214,140.26091139770526,5747200
2023-03-06,142.2637176513672,142.419185457279,141.35834549020032,141.44064951311282,8148200
2023-03-07,140.9193572998047,142.8947375001015,140.2426167539253,142.74840993980598,7457700
2023-03-08,139.88597106933594,141.01997492942021,139.44698832875548,140.81877799529568,6230500
2023-03-09,138.31297302246094,140.47125581072294,137.82827516342695,140.34322267729067,7439400
2023-03-10,138.65133666992188,140.37065062611572,138.18493326788737,138.8799682511364,8504300
2023-03-13,139.97740173339844,142.58380742827455,138.6147663946901,139.0903100522407,10799600
2023-03-14,140.763916015625,140.86451448795734,138.91656859396122,140.17861961875496,8421200
2023-03-15,141.1571502685547,141.6509883665172,139.49270558312773,139.77620652404738,7757700
2023-03-16,140.86448669433594,141.17542229126173,139.5567207666142,140.33405975892865,7605500
2023-03-17,139.35552978515625,141.70585525008212,139.28236600255246,141.27602674888786,20540700
2023-03-20,140.73646545410156,140.90108746050612,139.35553563026602,139.43783965618567,7129000
2023-03-21,140.73646545410156,140.95595681111922,139.1634789485549,140.83706391508065,8376800
2023-03-22,138.1392059326172,140.8919251821056,138.12091149860737,140.6998824659781,7943500
2023-03-23,138.21238708496094,138.7245196650863,137.27956619712336,138.2581022438844,9051500
2023-03-24,139.60244750976562,139.70304597060186,137.938016740416,138.53245331063403,5696200
2023-03-27,140.1968994140625,141.3309032151218,140.02313716594784,141.01996758931944,6772300
2023-03-28,138.84341430664062,140.33408295218027,138.76109631950266,139.36468713416028,6115300
2023-03-29,140.20603942871094,140.2700629745724,139.07203562947694,139.2275034421279,6012000
2023-03-30,140.3157958984375,140.65418019664668,139.7487939270228,140.45298324784136,4555700
2023-03-31,141.75160217285156,141.92536443405214,140.1420406169844,140.64501900942844,9890000
2023-04-03,143.44346618652344,143.58977979971365,140.78219111055716,141.70585771720224,6841900
2023-04-04,144.9432830810547,145.38225181222424,143.2056746811277,143.553199152026,8314500
2023-04-05,151.4547119140625,151.50044102324003,148.84830619115655,150.320694197458,16704200
2023-04-06,151.03402709960938,152.93624365745956,150.71395123717744,151.8022398694895,9615400
2023-04-10,150.27499389648438,150.75053760615327,149.65310865024355,150.55849486501637,5354000
2023-04-11,150.229248046875,151.15291464057503,150.01889693821317,150.3664214181199,5903800
2023-04-12,149.90916442871094,150.75052703439127,149.159260044012,149.92745886382028,5764100
2023-04-13,151.9119873046875,152.1131842375854,149.8085737045698,150.14694402145895,5640600
2023-04-14,151.66505432128906,151.92112059607015,150.0371984510812,151.78394721835363,7225100
2023-04-17,151.50958251953125,152.0308692502608,150.84198217461125,151.57360606382366,8046400
2023-04-18,147.24789428710938,150.61335877883278,146.00413779412378,150.21096492013658,14571500
2023-04-19,148.6380157470703,148.7751891631477,147.39425894121467,148.14417749462245,6752000
2023-04-20,149.59823608398438,149.81772745228068,147.20218128698843,148.54652230978462,9498800
2023-04-21,148.78428649902344,150.8694053539359,148.12582644436014,150.3847075296093,7014200
2023-04-24,149.6896514892578,149.80854436847886,148.03436119193367,148.7842794230768,5278900
2023-04-25,151.0614471435547,151.2169288941672,150.12864036726288,150.26581373008113,6263100
2023-04-26,148.7202606201172,150.33897605858107,148.37275011947438,150.0646153810266,5518200
2023-04-27,149.06781005859375,149.4427692489413,148.27217651944767,148.9763518325596,5739700
2023-04-28,149.70797729492188,149.76284664927223,148.66541769856664,148.8940493114039,6024900
2023-05-01,149.6165313720703,150.25669709003958,148.3727748537732,149.6165313720703,4893400
2023-05-02,150.92428588867188,151.3358199647059,149.57993100694642,150.29326045995606,7541700
2023-05-03,148.9489288330078,151.976009360871,148.61969872986626,151.39986714629867,5937200
2023-05-04,148.2721710205078,148.97634630750412,147.46738331586567,148.7751493813436,5128000
2023-05-05,148.77516174316406,149.18670982468447,147.86978945477927,148.9214893297239,5194500
2023-05-08,148.43678283691406,148.6745686399828,147.54969108215587,148.1441416352618,4994900
2023-05-09,147.28443908691406,148.27212900237845,147.04665335725537,147.9246046002998,5520500
2023-05-10,147.8332061767578,148.12586136095533,146.37911236101542,147.4216720342264,6756600
2023-05-11,147.22959899902344,148.32702780492065,145.76635128811756,147.99779776769506,5867600
2023-05-12,147.03756713867188,147.75089668059073,146.33337783795884,147.56799417450813,3904200
2023-05-15,145.9126739501953,147.26616896686437,145.3548123490346,147.0558318251505,5104500
2023-05-16,145.72061157226562,146.55283382168992,144.97984753107644,145.46454533468327,5599200
2023-05-17,145.40054321289062,146.3790791093099,144.28481999707972,146.13215309805625,6840700
2023-05-18,144.9341583251953,145.34569246641598,144.0927956051581,145.0987803544239,5173000
2023-05-19,145.327392578125,146.2601994524515,144.62320334766784,145.03473743393724,6527100
2023-05-22,144.544189453125,146.63583181833883,144.46126443164826,145.5854060334034,5675900
2023-05-23,144.48886108398438,145.83414971701822,144.0834312477317,144.75608259417365,5793000
2023-05-24,144.35067749023438,144.7929582692654,143.66881682517834,144.73767492936807,5015100
2023-05-25,142.27748107910156,144.00975348255426,141.64169449161764,143.78862010245814,6886100
2023-05-26,142.22218322753906,143.07910310771402,142.08396081922376,142.53546485728998,6845400
2023-05-30,142.24058532714844,143.17123496628054,141.2730988791191,141.87202040026588,5593100
2023-05-31,142.87637329101562,143.45687641386564,141.7614552364777,142.54465922936575,11324600
2023-06-01,142.397216796875,142.85792995522627,141.11643477905247,142.397216796875,7901300
2023-06-02,144.6363067626953,144.94958837219343,141.9825941649433,142.5630973106644,7659700
2023-06-05,145.8802490234375,146.17509818987804,144.43360268166074,144.43360268166074,6430500
2023-06-06,145.75123596191406,147.06888315846044,145.03252442192604,147.04124148844954,5073600
2023-06-07,146.0645294189453,146.32252770833207,145.0693871342311,145.67753198486517,6504300
2023-06-08,147.66781616210938,147.81524778679113,145.41954715505378,146.04611047017087,5818400
2023-06-09,147.43743896484375,148.10086712356102,146.93987487573162,147.81522717797336,6264400
2023-06-12,147.33607482910156,147.65857969105676,146.25800763491998,147.42822309247475,6510600
2023-06-13,148.110107421875,148.20224164016258,146.64502853461397,147.17945761615366,6066800
2023-06-14,148.86566162109375,149.3448073331232,148.33123256918634,148.90252655424734,6699100
2023-06-15,150.8651580810547,151.03102216346744,148.74587430260902,149.31716829775,7138300
2023-06-16,151.32586669921875,152.02615982151704,150.994152604407,151.55622331895324,13426600
2023-06-20,151.23374938964844,152.32102600758395,150.93888613470426,151.3535252845974,7995800
2023-06-21,151.00335693359375,151.96163416519838,149.90685731156842,150.72692621260282,7177500
2023-06-22,152.60667419433594,152.6988224814184,150.9204617716801,151.02181926352895,5485900
2023-06-23,152.47764587402344,153.20558064716897,152.06300678114218,153.05814903996838,9450700
2023-06-26,150.7730255126953,152.01694287503747,148.65374171110702,152.01694287503747,6978800
2023-06-27,150.459716796875,151.0033690805011,149.67651276089103,150.8190725451151,4927500
2023-06-28,150.15567016601562,150.37680352997742,149.18816951912444,150.37680352997742,6780400
2023-06-29,151.20611572265625,151.40883070619975,149.48303836253652,149.8608266554907,4547500
2023-06-30,152.51449584960938,152.9014932356716,151.4364286898966,151.90635107443276,7580000
2023-07-03,150.51504516601562,151.47332267189728,150.15568934382816,151.42724852856978,4033700
2023-07-05,150.01744079589844,151.04022473634348,149.94372499137918,150.18330487102978,7224600
2023-07-06,148.90252685546875,149.61201513180737,148.34966533586615,149.50144845182786,6332500
2023-07-07,146.73716735839844,148.3865145759663,146.69109322229662,147.86130879199195,7022200
2023-07-10,146.97669982910156,147.70463445870516,146.50677749114735,146.90298404003732,5739200
2023-07-11,146.16590881347656,147.70468957731163,145.21684052236785,146.62662212216446,6606700
2023-07-12,145.65908813476562,146.45151540733755,145.47480566529913,146.45151540733755,6940400
2023-07-13,146.33175659179688,146.62661985352506,145.04176497137155,145.58540329284693,6401700
2023-07-14,147.30844116210938,147.64015524447626,146.48837218901508,146.67265466591851,5362200
2023-07-17,146.57130432128906,147.30843419403465,145.7235796598997,147.19786752509302,5486800
2023-07-18,146.5620880126953,148.2483000933137,145.76045150513232,146.57131127544545,6332500
2023-07-19,146.26722717285156,147.8060075250161,144.96801261556604,145.50244159785052,7522600
2023-07-20,155.14981079101562,155.8500899246329,148.62610896993138,149.21582141399162,21892900
2023-07-21,156.81759643554688,157.3980996968905,154.96551995787124,154.96551995787124,12080000
2023-07-24,157.63763427734375,160.1623477402057,157.5547092735627,158.02463168817343,15155400
2023-07-25,158.8447265625,159.11193408267994,156.41216096902826,157.05715675899165,13790100
2023-07-26,159.14878845214844,160.19000491100442,157.9324987062438,158.48536023799187,14288200
2023-07-27,160.04257202148438,160.59541948898197,158.52220985119746,158.65120899959882,12446400
2023-07-28,160.77049255371094,161.58135237674972,159.61870942319118,160.32821176835012,14138800
2023-07-31,154.36656188964844,156.84520112668255,153.61099956147146,156.35684626509413,22632700
2023-08-01,155.61972045898438,155.80400294634643,153.0120817862464,153.29772175063545,15810300
2023-08-02,156.55960083007812,157.78509992539495,155.58289085963804,155.58289085963804,14595600
2023-08-03,157.23220825195312,157.85878554663066,156.33842347415327,156.5964217543582,17424800
2023-08-04,155.75791931152344,159.11191099245758,154.6982845289181,156.95577649611099,23415100
2023-08-07,159.49896240234375,159.72009580511565,156.05282159064438,156.17261155704932,17736400
2023-08-08,159.5726318359375,159.91356919589987,157.9232846150283,159.39757261415963,27378700
2023-08-09,159.47128295898438,160.5585594247242,158.53142404022748,159.4067763585497,42974400
2023-08-10,158.64198303222656,162.14340619578974,158.1536281606083,160.3281950466232,48213800
2023-08-11,160.19000244140625,160.28213665537533,158.13521122597447,158.92763857734195,45905600
2023-08-14,159.81222534179688,161.80251009231023,158.2550122006967,159.88594115402185,64036900
2023-08-15,159.3515167236328,160.84422330027445,158.61437263966454,159.2225175634274,88958100
2023-08-16,158.8447265625,161.00086137174353,158.60516071475752,158.9737257204927,85832700
2023-08-17,160.33741760253906,161.60899065106506,159.18563449622272,159.27778276866897,70904200
2023-08-18,158.9368438720703,160.3189834640222,157.84955341527896,159.56340707169338,49631700
2023-08-21,154.20069885253906,156.50426463127525,152.91991684195574,156.3568330470722,151319500
2023-08-22,152.9752197265625,154.6522085167374,152.41314904230492,153.74921455279707,56834800
2023-08-23,151.60231018066406,153.41752162133238,150.62560028057928,152.86466006362042,119011400
2023-08-24,152.1182861328125,153.57414158110282,150.9849355593412,151.1415763654428,70755100
2023-08-25,154.2993621826172,155.71937923997473,152.26678485998644,152.48953790970398,18185500
2023-08-28,152.48025512695312,154.26225128784057,151.44076916804715,153.13922408000292,18458000
2023-08-29,152.4988250732422,153.77034018998162,151.0695318455298,153.0185680651376,12208600
2023-08-30,151.96051025390625,153.9095605645017,151.91410159661896,153.24131555297947,9939100
2023-08-31,150.05789184570312,151.8120458941311,149.68665085376446,151.62641123622572,15333000
2023-09-01,148.94412231445312,150.80035519431098,148.5079064547319,149.8165540338956,8610100
2023-09-05,149.1297607421875,150.32703902466636,148.75851978624962,149.01839128779307,9019800
2023-09-06,146.6516876220703,148.49864461273762,146.0391414761129,148.35014256926064,9753800
2023-09-07,148.52647399902344,149.48243280724193,147.55194889650886,147.70045092701136,9931800
2023-09-08,149.0183868408203,149.12975629189128,147.74687173464588,148.1181126795053,6957000
2023-09-11,150.96742248535156,150.9952648454044,148.91627893588435,149.48243052684683,6309300
2023-09-12,151.82131958007812,152.14615190244362,149.91867766188997,150.5590804005815,6045800
2023-09-13,152.2018280029297,153.09281190094643,151.2829875812871,151.9883510140448,7397500
2023-09-14,151.96981811523438,153.38983538899697,151.69138030113797,152.84223582856436,7758400
2023-09-15,149.84439086914062,152.97215278649006,149.62165199540752,152.1925242426268,13392100
2023-09-18,150.79110717773438,151.4222196765551,149.1947454711535,150.4662606985595,5789000
2023-09-19,150.5404815673828,151.1437657418535,149.77943346174933,150.586890221101,5550800
2023-09-20,151.19944763183594,151.78415133955727,150.03930212025767,150.53120268421225,3837400
2023-09-21,150.0393524169922,151.7470837836435,149.97437744883504,150.88394203141135,4526700
2023-09-22,148.96267700195312,149.79797606803245,148.73064791004978,149.70517292843024,4976700
2023-09-25,148.73995971679688,148.83277704063443,147.31994246608082,148.56362946060193,6722500
2023-09-26,147.58908081054688,148.57288197474648,147.44057878072311,148.32228656966052,4904800
2023-09-27,145.81637573242188,147.34776220706564,144.0993546386053,147.18070804412986,10211600
2023-09-28,145.6029510498047,146.6053187757505,144.9903906347372,146.17837886653888,7861900
2023-09-29,144.55413818359375,146.27115929388646,144.18289726555204,146.0576823121759,7680700
2023-10-02,143.99725341796875,144.2478488106533,142.298812872919,144.2478488106533,7259700
2023-10-03,144.17359924316406,144.32210126712584,142.82783328559987,143.56103901577097,5740800
2023-10-04,144.3406982421875,144.72121528681654,143.45899030063555,144.38710690478192,4955200
2023-10-05,145.84423828125,146.6795375354206,144.85116090848877,145.03678139142278,5993300
2023-10-06,146.3082733154297,146.92083355749364,145.33374823249758,145.788530381048,5802200
2023-10-09,147.14358520507812,147.45915558142133,145.7978190985052,145.88134618550748,4414100
2023-10-10,146.97650146484375,147.82109071756878,146.54956172504862,146.99506775664298,5273500
2023-10-11,144.95323181152344,147.61693586351447,144.82329606473857,147.06935051363072,6922900
2023-10-12,145.0924530029297,145.30591583090882,143.92303132042622,144.71192184205935,5792400
2023-10-13,145.57508850097656,146.04842284958127,144.8325924185484,145.46370488335467,5359800
2023-10-16,146.20619201660156,146.8744370336906,145.56578936173005,146.47535373394982,6408100
2023-10-17,144.86968994140625,147.52410349368134,143.49608159241853,144.76759656778287,12244400
2023-10-18,141.75120544433594,144.73974120898797,141.12009312729467,144.2385646138041,9097300
2023-10-19,141.3707275390625,142.10393342300034,139.35670205129216,140.76744325092258,7733800
2023-10-20,142.00184631347656,142.80930326069443,141.3800098623858,141.7605410847049,7207000
2023-10-23,140.507568359375,142.46589490797504,140.34051417284692,141.87190086376123,5874000
2023-10-24,140.3590545654297,141.0365898081602,139.3381349108751,139.91356261002286,6155300
2023-10-25,140.6746368408203,141.23149829170868,139.43094986043917,140.3683566699609,5880800
2023-10-26,138.28933715820312,141.04584387075406,138.1779677272093,141.04584387075406,7612500
2023-10-27,135.1337890625,137.97382372788857,134.5305047465985,137.81604559780433,11385800
2023-10-30,136.46096801757812,136.6558787140512,135.50500915444326,135.58853624067433,8205300
2023-10-31,137.67681884765625,137.86243934309232,136.09902339354565,136.93432270397597,7576900
2023-11-01,138.0016326904297,138.99470989515495,137.7881698792718,138.46569090021018,5733000
2023-11-02,139.44021606445312,139.5887039286113,136.9342904004513,137.09208265438073,5349100
2023-11-03,140.46115112304688,141.3243068532192,139.35669019530923,140.34050560523136,4926800
2023-11-06,140.79527282714844,141.4727939193643,140.4889926770397,140.86952384795669,4851400
2023-11-07,140.0527801513672,141.30574314451601,139.8485933797143,141.0087390541356,4840400
2023-11-08,139.54234313964844,140.91595180791333,139.53305290956604,140.4704597839775,5460000
2023-11-09,136.8229522705078,139.68155319818197,136.67445021043582,139.68155319818197,6973600
2023-11-10,136.66517639160156,137.82532220137747,135.17090802213275,137.5932930394223,6930700
2023-11-13,137.01783752441406,137.2684187720272,136.10827319700354,136.6651487377882,5889300
2023-11-14,137.0457000732422,137.86243304825584,136.4052973555831,137.02713377596552,6713600
2023-11-15,138.10374450683594,138.67917223199376,136.68372732821877,136.75797835113178,6729100
2023-11-16,139.31028747558594,139.3752482641238,137.9552312014053,138.75341193015643,6875600
2023-11-17,139.02256774902344,139.95068427202415,138.35433688144244,139.7279453701419,7023300
2023-11-20,140.2481689453125,140.70657886788894,138.03090787205355,138.3770707461366,8851700
2023-11-21,141.38014221191406,141.53918380851164,139.9674685418936,140.4258926323287,5916300
2023-11-22,141.09950256347656,142.240859174012,140.69720908303808,141.85729494542176,4633500
2023-11-24,142.6711883544922,142.8395802820254,141.13688893270998,141.13688893270998,3351400
2023-11-27,141.52981567382812,142.50279438119009,141.23979784145678,142.47471478499622,6449700
2023-11-28,141.85726928710938,142.02566121915305,141.1181777400062,141.64208278459782,5909000
2023-11-29,142.3063201904297,142.39051615140818,141.33335577666028,141.5765933112674,5190000
2023-11-30,144.69200134277344,145.14106083332757,142.12859212831194,142.44667533931514,12481900
2023-12-01,148.17225646972656,148.24710210341533,145.44980543009595,146.3572891099728,10342900
2023-12-04,148.64004516601562,149.70657056605924,147.8167573921762,147.8167573921762,8920300
2023-12-05,148.33126831054688,149.3416627494909,148.02253548681324,148.565155515617,7268200
2023-12-06,146.52565002441406,148.43417759061902,146.10465591506772,148.30320132825923,6642900
2023-12-07,145.38429260253906,146.4882477220429,144.73877585614562,146.4882477220429,6532400
2023-12-08,144.4674835205078,145.80532609382342,143.9248633549637,145.40303257654685,6254700
2023-12-11,145.0662384033203,145.4591673048067,144.4020065491455,144.54233320133847,6090400
2023-12-12,145.07559204101562,145.3094792938512,143.74709988260597,145.01009675805605,5324400
2023-12-13,145.74917602539062,145.88951694406063,141.9882792308341,143.75646631345253,10764600
2023-12-14,146.75955200195312,147.03086917830464,145.05686041985652,146.38533815049155,9240700
2023-12-15,145.1597900390625,146.59117890423943,143.850012839812,145.46852293012844,21727800
2023-12-18,145.42173767089844,146.35728666335112,144.78555693285136,145.20656539973086,7231400
2023-12-19,146.3759765625,146.4133922346362,144.95393834050546,145.2907364911004,6651500
2023-12-20,143.39157104492188,146.5630809605796,143.24187980825943,146.45080539541175,7008300
2023-12-21,144.8603973388672,145.13171453108265,143.4196582236222,143.78452174650104,4598600
2023-12-22,145.44044494628906,146.4414748920263,145.02880112735264,145.24397338712615,3798900
2023-12-26,146.07659912109375,146.2730706637749,144.8697473671298,145.0100739866572,4170000
2023-12-27,146.2731170654297,146.43215870979384,145.40304892232317,145.4778945682617,5288100
2023-12-28,146.48826599121094,147.1057317651261,145.93629550029206,145.94564585128654,4377500
2023-12-29,146.63792419433594,146.78760115322234,145.92689796942275,146.4227376918797,4313700
2024-01-02,149.6597900390625,151.22215531644446,146.68473649040533,146.81571279284015,9622100
2024-01-03,150.5952911376953,151.03500021472897,149.50070075721,150.286558321352,8232000
2024-01-04,150.27725219726562,151.54023488088677,150.08078061074005,151.1753713133501,6766600
2024-01-05,150.74501037597656,150.94146766583788,149.1919956568941,150.15560995570377,5602500
2024-01-08,151.11923217773438,151.24085811854073,149.3229797709594,150.71695295098283,6569800
2024-01-09,151.2127685546875,152.75641848136192,150.2491543597962,151.2127685546875,6357000
2024-01-10,151.43728637695312,152.13894800794588,150.81047036630736,151.39052035516087,4945100
2024-01-11,150.76370239257812,151.74603161133194,150.4175538611038,151.62441995925218,4946000
2024-01-12,151.92379760742188,151.99864323852637,151.2689161794382,151.40924281566882,4496900
2024-01-16,150.17433166503906,151.79282746152293,149.8562341511425,151.15666098441994,6923200
2024-01-17,150.090087890625,150.90402505797232,149.56618284403106,149.92169595793774,5072100
2024-01-18,150.81982421875,150.96950117341098,149.39778608441011,149.68780392045136,5368500
2024-01-19,151.25955200195312,151.48408889593233,149.94978914210228,150.76371218534211,7071300
2024-01-22,151.99864196777344,153.03710189323158,150.9414670658595,151.55893281080097,6824200
2024-01-23,149.51007080078125,150.16495219049938,146.79698463965894,149.3697441727501,9149800
2024-01-24,148.71484375,150.24914321326486,147.96640185382017,149.45392102194717,7247900
2024-01-25,149.2761993408203,149.33232999796272,148.25645433514634,148.75229417369772,5478900
2024-01-26,149.22006225585938,150.38014812976252,149.08908596972068,150.09011595477833,5591900
2024-01-29,149.0890655517578,149.75331151749896,148.71485172128052,148.76161774358326,6483200
2024-01-30,148.53712463378906,149.46330904439878,147.93837382099306,149.07974478840816,7200500
2024-01-31,148.65870666503906,150.26785183025905,148.4435344264755,150.06202994107912,8256800
2024-02-01,148.15353393554688,148.27515986850543,146.92796708151445,147.9664269985413,8012000
2024-02-02,146.5163116455078,148.10674189705205,145.88949560476627,147.7886587018118,8295900
2024-02-05,145.75852966308594,146.77827459528794,145.32817086375937,146.51632203060015,9121600
2024-02-06,147.87286376953125,148.4996798488214,145.57142136202944,145.78659362200213,9229900
2024-02-07,147.7980194091797,149.09843188117594,147.52671649430744,147.62962745001983,8690300
2024-02-08,146.31985473632812,147.19927306142978,145.30010977438877,147.19927306142978,9755000
2024-02-09,146.6566619873047,147.06830584788221,145.63691696245746,146.19825209512598,6529200
2024-02-12,147.67642211914062,148.20032729906407,146.2730985549119,146.48827083766355,6701500
2024-02-13,146.38536071777344,148.2377438361619,145.7117642610239,147.47995139115505,8621000
2024-02-14,145.70240783691406,146.3760042655887,144.86040516339827,146.27309330355936,9098800
2024-02-15,147.7418975830078,148.26580274326486,145.84273423940357,145.92693022401383,7462500
2024-02-16,147.57223510742188,148.24151025204392,146.74269639818817,147.6193706038527,8541000
2024-02-20,148.80709838867188,149.51408764092065,147.46853379712883,147.58164747469402,9501700
2024-02-21,149.58004760742188,149.58948333522522,148.118948171043,148.95790807285115,7472500
2024-02-22,151.24856567382812,151.5219429083988,148.7222642968388,149.86286557785465,8065000
2024-02-23,152.558837890625,152.94532876826761,150.97518900233135,151.6538997783806,6726000
2024-02-26,151.56906127929688,152.7190982685547,151.36169100045993,152.52114933484074,5465400
2024-02-27,151.7481689453125,151.80472578404667,150.48501826780543,151.14487202592605,5078600
2024-02-28,152.28550720214844,152.34206404813258,151.09775590154098,151.76704547440193,6071100
2024-02-29,152.12525939941406,152.88880559464093,151.7104900134303,152.7096993248993,9849100
2024-03-01,152.82278442382812,153.2469894606807,151.8518537172764,152.54942158897856,5670100
2024-03-04,150.67355346679688,152.34205221237573,149.19359670483033,152.06868935011204,8532900
2024-03-05,150.7960662841797,151.99323854766547,150.0702200978755,151.4087844310236,8298200
2024-03-06,150.2021942138672,151.70100772103427,150.0890805555846,150.3153222558805,5773700
2024-03-07,149.75914001464844,151.1636968732847,149.1652789508125,150.82434152949412,5188700
2024-03-08,150.3719024658203,151.1920053833454,149.34440050297823,149.75916982614635,5284000
2024-03-11,151.9838409423828,152.0686905891933,149.76861645422653,150.34363498796822,4620800
2024-03-12,153.40725708007812,153.7560338660242,151.88958613750427,152.3137768416587,8018700
2024-03-13,151.8612823486328,153.35066023731957,150.64525289828845,153.2092681541315,6260000
2024-03-14,150.07968139648438,152.27604863269815,149.58949816525063,151.71046587395105,6988300
2024-03-15,149.10873413085938,150.0608221608597,148.0906823030348,148.99562045748613,13165500
2024-03-18,147.77015686035156,149.58948312487718,147.52507246124296,149.47636946124726,6602300
2024-03-19,147.25172424316406,147.8644424935395,146.73326259391334,147.68533625254992,7840600
2024-03-20,146.82749938964844,147.46851035600218,146.30905219406327,146.77094255985594,5982300
2024-03-21,146.81809997558594,147.94927989158865,146.20538171633996,146.66727215112346,5915800
2024-03-22,146.3279266357422,147.39312844042718,146.21481295161067,146.7615530644696,7248600
2024-03-25,146.3184814453125,147.03489196761947,146.0168258251422,146.48815194385955,7498100
2024-03-26,146.83692932128906,147.27054125507036,145.88484144492563,146.6861015253085,6864100
2024-03-27,148.9013671875,149.14645161320047,146.5258793074097,147.04434096151928,8461600
2024-03-28,149.11817932128906,150.01369618769235,149.0427654063442,149.1276006667571,6181500
2024-04-01,148.73167419433594,149.08045093187417,147.7796005785989,148.67511735946294,4364700
2024-04-02,148.68455505371094,148.77882604468695,147.00663497722104,147.59108923055152,6102300
2024-04-03,145.41351318359375,148.98617283054134,145.4040918403855,148.74107406982603,8098200
2024-04-04,143.7544708251953,146.58242762831392,143.66963557319747,146.4033213960526,6947400
2024-04-05,143.6507568359375,144.2351965509797,142.91548932871345,143.3114014953933,6783000
2024-04-08,142.89666748046875,144.26351052266276,142.86838906043073,143.2737370538649,5935400
2024-04-09,143.55648803710938,143.78272972879765,142.28391627865463,142.85893465926506,6135300
2024-04-10,141.58636474609375,143.11347116850277,141.17159545565505,142.84009396174463,6809500
2024-04-11,140.25721740722656,142.2179357497877,139.8801622729281,142.15195757396458,8374400
2024-04-12,139.06007385253906,140.52118782085896,138.7112827142574,139.5690997749544,7100200
2024-04-15,139.1260223388672,140.91706998938304,138.91863772266294,139.8612898385987,8502300
2024-04-16,136.16610717773438,137.86288401154576,135.16689814885964,136.69399010742436,12774900
2024-04-17,136.4677734375,137.07107031619805,135.30830078671556,136.68457943260324,9378100
2024-04-18,137.3821258544922,137.43868268058668,134.92180323327176,136.6657010340153,9887700
2024-04-19,139.4276885986328,139.63507323072022,136.25094094369248,137.76861154193352,9750800
2024-04-22,140.5682830810547,141.65234167666586,138.8526636588736,139.99326469798586,10118700
2024-04-23,140.98304748535156,141.85972142852887,139.70104003844597,141.26584599552908,10110400
2024-04-24,140.01214599609375,140.44577238611922,138.43791836958567,139.64451217174434,9756300
2024-04-25,138.4002227783203,141.00193804570557,137.93831795586144,140.80397472644228,7642700
2024-04-26,137.7592010498047,138.7395530738445,137.58009481855413,138.28708401534396,6183000
2024-04-29,138.4002227783203,138.77727795896172,137.6178196139429,137.75921171075015,6149600
2024-04-30,136.298095703125,138.45677757408473,136.2415388652366,138.45677757408473,8817700
2024-05-01,142.51016235351562,143.14175202801863,139.15432259539804,140.2101029119135,14470900
2024-05-02,141.32244873046875,143.59424450914054,140.58718099538785,143.32086725312607,8459800
2024-05-03,140.709716796875,141.29415663648044,139.34287380026677,141.29415663648044,6532700
2024-05-06,140.0592803955078,141.4449804265679,139.42770508084675,141.27529553310512,5042800
2024-05-07,140.19126892089844,141.14334268605623,139.9367487402928,140.813422969608,7333500
2024-05-08,140.40806579589844,141.1433334841703,140.1724027064848,140.5683149706517,7735100
2024-05-09,141.25645446777344,141.49211754537484,140.35150192094164,140.43633717678227,6546200
2024-05-10,141.31300354003906,141.48267404239718,140.63429276314267,141.39783879121813,5710600
2024-05-13,142.54786682128906,143.28313438652143,141.12446717756615,141.43552974585353,5628500
2024-05-14,142.69869995117188,143.48110303234685,142.0576889517682,143.1417476523641,8254200
2024-05-15,143.9147491455078,144.17869068324836,142.62331987986764,143.11350318584365,5548000
2024-05-16,145.432373046875,145.52664401568836,143.59420422485735,144.22577944146187,7591000
2024-05-17,145.77174377441406,145.97912842069556,144.89508408364105,145.97912842069556,6521800
2024-05-20,143.74766540527344,145.76223762818017,143.73815340422095,145.48666509768884,7742300
2024-05-21,143.71914672851562,145.00200526625997,143.29151271593375,144.23228724361329,5492400
2024-05-22,145.8667755126953,146.41793510153835,142.84491702559305,143.33904810524348,6609800
2024-05-23,142.2557373046875,145.23959126204693,141.95165775807877,145.15407024893844,8000400
2024-05-24,139.6614990234375,142.36026844901062,139.461935491968,142.09419340705284,9520600
2024-05-28,137.20028686523438,139.49043154659668,136.98171384792505,139.49043154659668,10499800
2024-05-29,137.25730895996094,138.18857158860038,136.56361436413783,136.6681448785771,8263800
2024-05-30,138.05552673339844,138.36911826005073,136.8581891316362,137.4283436800939,8490300
2024-05-31,139.37640380859375,140.1461218710464,137.97000519448267,138.33111322378193,14621200
2024-06-03,140.39320373535156,141.4955083392696,139.47143864845359,139.9275651914542,7329200
2024-06-04,140.45022583007812,140.93485940367907,138.9202870977274,140.14613178389556,8876400
2024-06-05,138.7112274169922,140.6307812272095,138.59719939856421,140.61177172413738,5891300
2024-06-06,139.1388397216797,139.6899992819761,137.46636603871238,138.26459112603757,5016300
2024-06-07,139.7660369873047,140.92537023189638,139.06283033894482,139.38591940710893,5111600
2024-06-10,139.81353759765625,140.2221476373959,138.3596224562548,139.2433685422041,5749900
2024-06-11,139.46194458007812,139.84206216479,138.207592800537,139.50946109066751,5661200
2024-06-12,138.17906188964844,139.8895544749341,137.58038585979827,139.74700496782654,6180500
2024-06-13,138.2170867919922,138.73973939519382,136.72516699740152,137.85599322069157,6840400
2024-06-14,138.30259704589844,138.71122159478443,137.29531092539128,137.92249400042462,4075300
2024-06-17,138.69223022460938,139.14835683881057,137.54240893672667,137.80848400334435,6666600
2024-06-18,138.40713500976562,139.1103416317523,138.03652944547594,138.7017315608699,6156600
2024-06-20,140.4311981201172,140.71628262645123,137.79894056163337,138.046020567123,8749700
2024-06-21,141.35299682617188,141.66658840787073,140.04161648452282,140.53576211326074,15172300
2024-06-24,141.70455932617188,142.27472833955522,140.8018038049819,141.59053132349536,6914700
2024-06-25,139.87057495117188,141.780616955769,139.63300688841088,141.76160745074705,5912500
2024-06-26,139.5189666748047,139.87056273698667,138.53067550001919,138.92978807060476,5267800
2024-06-27,138.54969787597656,140.0321202758835,137.63743012987788,139.49997013232758,5739200
2024-06-28,138.89178466796875,139.75653582777954,138.4071365784031,138.77774214689308,10495700
2024-07-01,139.15785217285156,141.30546195331144,138.37862207109063,138.80625612693606,5144400
2024-07-02,138.76821899414062,139.8325189940957,138.49264649415227,139.1483219941246,5492000
2024-07-03,138.4451446533203,139.35739774987505,137.54238905777078,138.92977820461493,3246200
2024-07-05,139.1958465576172,139.26237256146817,137.31431194870095,138.52116151856174,4888500
2024-07-08,138.24559020996094,139.8990689935426,138.02703167247682,139.11983885989991,5260200
2024-07-09,139.73753356933594,139.81355708732713,137.9605146487987,138.42615325899357,5890400
2024-07-10,141.99916076660156,142.0371797726971,139.3859123476217,139.93707193598866,6093200
2024-07-11,142.2557373046875,143.0919814328654,141.2484511502926,142.14170928720952,6350400
2024-07-12,142.4268035888672,143.37707579962824,141.81862995398026,142.5408316141575,5336400
2024-07-15,141.81861877441406,142.7783884116229,141.46700822414775,142.61684388852845,6711400
2024-07-16,143.50059509277344,143.5671211046381,141.74260027924188,142.24624336906467,6469600
2024-07-17,148.79360961914062,149.65836072444452,143.8902020220348,144.0137420370787,13801400
2024-07-18,147.69126892089844,149.2592263829011,146.9310484393214,147.86232541675312,10166200
2024-07-19,146.9976043701172,148.72709218037255,146.45594227294762,148.72709218037255,7398000
2024-07-22,146.5699920654297,147.39672425475646,145.9523064239759,147.07363518076707,6840600
2024-07-23,144.7739715576172,145.86677875808385,144.032760421648,145.68622472496267,6261900
2024-07-24,148.50852966308594,148.6320696819387,144.75495759027353,145.16356765262933,7168200
2024-07-25,151.70143127441406,152.5946893319684,148.24244155154472,148.69856808093382,10019600
2024-07-26,152.65171813964844,153.54497628383004,151.53990146018913,151.80597650313655,8356900
2024-07-29,150.67514038085938,152.04353451146278,150.1905068346046,152.01502750874198,5625000
2024-07-30,153.3074188232422,153.5164798714115,150.4851091729597,150.65615121236914,6545700
2024-07-31,150.00048828125,152.37616903008194,149.8959577483012,151.90103288031554,8293200
2024-08-01,152.7657470703125,152.81326357826595,149.8674285851847,150.59912770765834,7213400
2024-08-02,155.9776611328125,156.65236070043406,152.99380733375668,153.84904641947276,11280400
2024-08-05,153.2313995361328,157.536131646822,152.5947188718591,155.64508465890188,12032200
2024-08-06,151.06475830078125,153.44993607394514,151.03625129751646,153.04132602714884,7607100
2024-08-07,150.9982452392578,152.63271456658043,150.3235601041438,150.96973823354892,5993000
2024-08-08,152.25259399414062,152.70872053306917,150.17149581652734,150.68465086032305,5094800
2024-08-09,152.6326904296875,152.92727244209684,151.4163433784486,152.1575544096723,4579200
2024-08-12,151.9295196533203,153.65900746811155,150.81770295095396,152.9653128418493,7605400
2024-08-13,150.5135955810547,152.39513025707862,148.6605679076977,152.30011174818932,9711400
2024-08-14,150.59912109375,151.61591921928917,149.5728254670382,149.98145001748912,5141200
2024-08-15,151.17877197265625,151.5683869803173,149.99093194929952,150.49457495920277,7237800
2024-08-16,151.4638671875,151.98651973473113,150.31403158359157,151.22629916603145,5012800
2024-08-19,151.6919403076172,152.31910887504083,151.21680425653776,151.53039579025037,4408400
2024-08-20,152.1956024169922,152.92730158726374,151.72996380863478,152.04355538160976,7275100
2024-08-21,153.4024200439453,153.44993654953444,152.33811991875712,152.4236409288165,5019400
2024-08-22,154.2766876220703,154.409725141578,152.794250904696,153.94408657329998,6552100
2024-08-23,155.9681854248047,156.0537064453256,153.65901637071605,154.41923705313215,7093400
2024-08-26,156.42430114746094,157.46960632553254,155.40750297424557,156.00617907623229,6870600
2024-08-27,156.02215576171875,157.06581075769947,155.26574914712472,156.5487753592511,4388700
2024-08-28,156.95091247558594,157.98499785109107,155.79236400631103,156.07002818016875,5187000
2024-08-29,157.2477264404297,157.71689925750266,156.41471932996876,157.6307291309154,7390100
2024-08-30,158.80845642089844,158.92334994114725,156.84560932630203,157.14242732698546,7971000
2024-09-03,160.0531768798828,160.67553621109667,157.76478858917997,158.21480765392596,6956500
2024-09-04,160.24465942382812,161.67131705958903,158.98077245361435,160.67552466910686,6939100
2024-09-05,157.97543334960938,160.2542373965506,157.82223226458788,160.09146672248764,4600400
2024-09-06,157.391357421875,158.8850313848179,157.14240202134536,158.1573335802651,6016900
2024-09-09,159.52655029296875,160.29254108945904,157.4775333131413,157.8317980298686,7538200
2024-09-10,160.26380920410156,161.297894532952,159.66058910975752,160.37870270395436,6559600
2024-09-11,157.81263732910156,159.69886877149807,157.11366296972636,159.69886877149807,5920200
2024-09-12,157.64028930664062,158.0807387218851,155.79235074433652,157.21899367729145,4540900
2024-09-13,158.48289489746094,158.7031123199692,156.85517359055,157.7360578906423,3693400
2024-09-16,159.890380859375,160.13932163039044,158.73181790375818,159.28716080223043,5187800
2024-09-17,159.9669952392578,160.58935452570162,158.87544852324322,159.17228108868477,5066500
2024-09-18,159.08609008789062,161.19256828842722,158.69353243238905,159.54569330076674,4722800
2024-09-19,157.81263732910156,159.2967269454498,157.42963467806229,159.16267967010035,4956100
2024-09-20,157.1807098388672,157.86051587200063,156.59664352065153,157.31475712779906,11839000
2024-09-23,156.28067016601562,157.5062495407499,155.80192776619572,157.41049521676248,4671600
2024-09-24,155.85939025878906,156.53921096362285,154.68168792709733,155.8689598481309,6041600
2024-09-25,153.77206420898438,156.37642402506611,153.54226259813296,156.07002187726422,5420000
2024-09-26,154.52847290039062,154.6720897778661,153.2167233859188,153.427371212922,6122000
2024-09-27,154.53802490234375,156.48171767663166,154.48057815789105,155.11252156698504,7553800
2024-09-30,155.16998291015625,155.2848764098711,153.84864922320168,154.7008247129483,6010000
2024-10-01,155.10296630859375,155.83064948898271,154.3273913566603,155.52424734351888,4408000
2024-10-02,154.3178253173828,155.22743296630276,153.8199291245827,154.6433666468811,4684400
2024-10-03,153.6763153076172,154.57635338596907,153.40822072386032,153.94440989137405,4791200
2024-10-04,153.47525024414062,153.67632850425497,152.0294532854357,152.84332130533906,5331100
2024-10-07,152.74752807617188,154.02098443914372,152.45071016639207,153.43691820665373,4266000
2024-10-08,152.9007568359375,153.43694601012626,152.19221279286847,152.70926278944995,4766300
2024-10-09,153.8199462890625,154.36571970535155,152.7284140665448,153.1209863894832,6047200
2024-10-10,153.68588256835938,154.52847388172302,153.197570571783,154.4997505060455,4793900
2024-10-11,154.5955047607422,155.7444836174916,154.3465493582396,155.28488038674476,5253500
2024-10-14,154.7295379638672,155.24657328881267,154.05928696589612,154.53802933012832,5964000
2024-10-15,157.12326049804688,159.6605893574553,152.2400822059094,153.19756699965725,10548000
2024-10-16,157.29559326171875,157.9754138613499,155.72531885911073,157.0274987010338,5982100
2024-10-17,157.4775390625,157.98500487906432,156.6732552713482,157.27646080968216,4798000
2024-10-18,158.09986877441406,158.26263941998653,156.96045964534986,157.87965138452864,5908000
2024-10-21,155.90725708007812,158.22436862227744,155.40936087619903,158.0807517413792,6082700
2024-10-22,156.50088500976562,156.76897958045865,155.01678067267747,155.41893713877533,5680300
2024-10-23,158.80845642089844,158.94250373120906,155.51470581319614,155.89770856412727,7441600
2024-10-24,156.7115478515625,158.47331651642438,156.39557608937645,157.98500448944213,5386300
2024-10-25,154.0401611328125,156.95090853103437,153.78163614291879,156.72110691667785,6400400
2024-10-28,154.7295379638672,155.0838026381806,154.15504128276555,154.27951897268434,4842500
2024-10-29,153.28375244140625,155.2753227646145,153.25502906352833,154.59551667475733,5216900
2024-10-30,153.78163146972656,154.42314452066108,152.2688037604844,152.6709456158437,5820500
2024-10-31,153.06353759765625,154.0305920927161,152.68054947943023,153.1880153106068,8613900
2024-11-01,153.32205200195312,154.2125058897296,153.08268079211308,153.75291725765334,5256400
2024-11-04,151.5124053955078,153.46566802848986,151.3496347269309,152.9103250715491,4644000
2024-11-05,151.6177520751953,151.84753911942283,149.702782119639,150.96665469307428,6547100
2024-11-06,151.16770935058594,154.0114404591287,150.6602435604475,153.10181818429658,8926600
2024-11-07,150.06661987304688,152.000743662754,149.85597200436285,151.73264903171278,7522800
2024-11-08,148.86016845703125,150.40171962568812,148.80272170454427,150.32511908568574,8926100
2024-11-11,148.4484405517578,150.88046018417558,148.32397745958923,149.0037835023882,7146800
2024-11-12,146.15048217773438,148.44843989915321,145.8919571858056,147.96012790111791,7181400
2024-11-13,146.7249755859375,146.98348596194532,144.98234624216516,146.01643157637207,7161900
2024-11-14,145.4132080078125,147.06008298852743,144.35039932386343,146.6675107246232,7716400
2024-11-15,147.45265197753906,147.86436340854468,144.4844433989031,144.4844433989031,11328500
2024-11-18,148.18994140625,148.72613061026115,145.85367592300716,146.10261673628088,7510600
2024-11-19,146.4951629638672,147.44307810148936,145.58555539688734,147.40477053084703,8233700
2024-11-20,146.60049438476562,146.73454166877198,145.35576125610208,146.52389384961083,9061300
2024-11-21,148.88890075683594,149.42508995892942,146.31326405886693,147.08882448404214,10141100
2024-11-22,148.57293701171875,150.44002973056246,147.5580053086581,149.27189693004263,8266000
2024-11-25,149.156982421875,150.36340802195508,148.54419272833388,148.57291610380778,12256200
2024-11-26,149.1376953125,149.84226350679788,147.82506684341334,149.75540196105325,5683500
2024-11-27,149.98703002929688,151.17419670876055,149.21490777807594,149.24386162613231,4140400
2024-11-29,149.61061096191406,150.24762505535648,148.79987378514417,149.49479557302908,5687800
2024-12-02,149.4079132080078,149.60094373834212,148.56820757376107,149.35965189360286,6946500
2024-12-03,147.05291748046875,149.40792848224658,147.00465616112996,149.40792848224658,8674400
2024-12-04,145.22877502441406,146.2808042106222,144.5338531499507,146.02020482587608,10333100
2024-12-05,144.31185913085938,145.14190382981053,143.7617065470866,144.77513544062865,7898100
2024-12-06,144.10916137695312,144.8233906501293,143.21156264421623,144.18637654653605,8389600
2024-12-09,144.38905334472656,145.63411284878092,143.26945559195312,144.08983907065988,8410300
2024-12-10,144.0319366455078,145.5762104800708,143.16329181812034,144.7075509253966,9398700
2024-12-11,141.53216552734375,143.3273777161118,141.27156617149208,143.3273777161118,13446700
2024-12-12,141.14610290527344,142.62280802723592,140.92410377284637,142.07265547376997,6176300
2024-12-13,141.51284790039062,141.81204745583807,139.9878815503258,140.58629538850732,8324900
2024-12-16,138.83937072753906,142.12093480843086,138.52086363947126,141.61904351263104,8732400
2024-12-17,141.31019592285156,141.55148782980515,138.7042462732106,138.8297080502698,10343000
2024-12-18,139.70799255371094,141.62868113831064,139.63077738813394,140.60559123988054,9336100
2024-12-19,138.57875061035156,140.16162471204322,138.37605895652538,139.11924205083838,9516700
2024-12-20,139.43775939941406,140.40292696514558,137.7776700081728,138.0672232233499,17702800
2024-12-23,140.2098846435547,140.267792336278,138.45327275208308,139.59217804236087,8720800
2024-12-24,140.76966857910156,140.76966857910156,139.30261003457684,139.9492704133505,3164100
2024-12-26,140.5090789794922,141.27155478412448,140.03614162770347,140.44151018897102,4656300
2024-12-27,139.99754333496094,141.49355584680043,139.64042135939863,139.82380553357908,5588300
2024-12-30,138.34710693359375,139.8334731418133,137.97069219491507,139.79485819424823,6268700
