Price,Close,High,Low,Open,Volume
Ticker,JPM,JPM,JPM,JPM,JPM
Date,,,,,
2019-01-02,80.8365249633789,81.21909737647125,78.09341046218015,78.10154580828025,15670900
2019-01-03,79.68768310546875,81.14833574434445,79.34303599619643,80.94318776111764,16286400
2019-01-04,82.62539672851562,82.82233702275678,80.6477673326395,81.3288600818049,16935200
2019-01-07,82.6828384399414,83.26545791542125,81.82121447359256,82.41204162073244,15430700
2019-01-08,82.52693176269531,83.55267169524379,81.68993073240843,83.39675722209812,13578800
2019-01-09,82.38744354248047,83.28188587698907,82.00176427507931,82.72388302937857,14230300
2019-01-10,82.37922668457031,82.65823120757986,81.46016143196572,82.07560540436401,14376100
2019-01-11,81.98532104492188,82.19867038264134,81.1975474911558,81.96890570471705,15439900
2019-01-14,82.8305435180664,83.17519059324879,80.9595950977975,81.13191863538869,21258500
2019-01-15,83.43777465820312,84.08604293290522,80.91035040608782,81.1483227798862,26504900
2019-01-16,84.11067199707031,84.89023181864901,83.53626015597227,83.90552401658965,18533000
2019-01-17,84.45532989501953,84.93127477310854,83.63473786822622,83.79065235671546,14247600
2019-01-18,85.8257064819336,86.08009423605688,84.38146920071674,85.15282135345633,16428700
2019-01-22,84.47171783447266,85.00509747033588,83.80703425120626,84.58660018010026,17083700
2019-01-23,84.25837707519531,85.0953780638152,83.6757575737857,84.88202867611211,12146700
2019-01-24,84.30760192871094,84.59480781391044,83.65113222834336,83.80704041709808,11296800
2019-01-25,84.84099578857422,85.59593883178697,84.30760980303198,84.93946907010519,14369400
2019-01-28,85.24309539794922,85.53850902119619,84.18453095808424,84.43071106433011,12283100
2019-01-29,85.4810791015625,86.2524376929219,85.12002282824999,85.24310663698095,9743300
2019-01-30,85.6780014038086,86.35908790779077,85.16102451135778,85.45643808972419,12526300
2019-01-31,84.93125915527344,85.17743922229002,84.29940616550567,84.85740889153998,17520600
2019-02-01,85.24309539794922,86.039070646108,84.94768177470225,85.3415686925716,13000800
2019-02-04,85.54669189453125,85.54669189453125,84.5291598542265,85.1692204321701,9871500
2019-02-05,85.16924285888672,85.79289452034655,84.75894686646157,85.76827150188024,12763000
2019-02-06,85.1281967163086,85.85032155068299,84.90663967161034,85.103579962522,8745000
2019-02-07,84.01220703125,84.93127232862943,83.24085480548703,84.72612432783563,13177500
2019-02-08,83.1751937866211,83.979370326255,82.10842183415416,83.766020944257,12892600
2019-02-11,82.78130340576172,83.70857620117135,82.69103780159584,83.50342823908872,10978500
2019-02-12,84.1927261352539,84.45531528798665,83.61010664827248,83.65934015796635,12852300
2019-02-13,84.59481811523438,85.21846972805314,84.43890990749432,84.43890990749432,10754100
2019-02-14,84.04501342773438,84.6030161205785,83.1669804231757,84.08604552333625,11518500
2019-02-15,86.61346435546875,86.73654811322399,85.06254640156872,85.25948667459551,14716900
2019-02-19,86.30986022949219,86.46577470100249,85.18564702138767,86.08830316105826,12764900
2019-02-20,86.72835540771484,86.8186210128739,86.06367174603278,86.33446856150995,10030300
2019-02-21,86.54783630371094,86.97454137455297,86.129332644944,86.53142095832091,8400100
2019-02-22,86.16216278076172,87.05660508453093,85.98163153323611,86.73657469505201,10647300
2019-02-25,87.06481170654297,88.02490286338751,86.7283722352695,86.77760575286557,11230700
2019-02-26,86.4001235961914,86.54783039151204,85.29232576159635,85.75185523120746,15465400
2019-02-27,86.29345703125,86.47398201087758,85.76007098341469,86.3098661164452,9968800
2019-02-28,85.63697814941406,86.33448006901565,85.4892713449768,86.1703641799164,15156900
2019-03-01,85.69441986083984,86.90889873371057,85.50568095266335,86.24421497936719,13813300
2019-03-04,85.49746704101562,86.91708743865934,84.74251777930178,86.096495586873,12466300
2019-03-05,85.43182373046875,85.79288617206726,84.73432186334206,85.44823281389624,10856600
2019-03-06,85.11177825927734,85.80928000241923,84.97227916277262,85.22666060470691,9070800
2019-03-07,84.49634552001953,84.90664145339004,83.83166811135744,84.72611024100796,12705700
2019-03-08,84.52918243408203,84.70971367313531,83.69217510040225,83.69217510040225,10582400
2019-03-11,85.62877655029297,85.79289871165301,85.06257231030665,85.32516150786242,9763200
2019-03-12,85.3743896484375,85.98983362837667,85.13641722491995,85.82571147735428,10219100
2019-03-13,85.66159057617188,86.14574306759252,85.3005281256629,85.49747469536936,13022200
2019-03-14,86.441162109375,86.87608114758862,85.71904337116553,85.75186780389602,10926500
2019-03-15,87.43407440185547,87.63922238847586,86.35089328292463,86.4986000837161,24811700
2019-03-18,87.95924377441406,88.45159763995616,87.39303338570015,87.43406548308661,12935500
2019-03-19,87.63922882080078,88.95217477941162,87.43408081912347,88.78805262169766,12889300
2019-03-20,85.76824188232422,87.51610621323752,85.6779825549316,87.33557503721663,14920700
2019-03-21,84.414306640625,84.92306970605318,83.93015407443632,84.92306970605318,19751000
2019-03-22,81.86225891113281,83.96297240818434,81.66531232531918,83.55267641200271,31115200
2019-03-25,81.18115234375,82.52692248308094,80.49185193106251,81.72273971171538,21032300
2019-03-26,81.99353790283203,82.3874247539274,81.09088810065322,81.91147996820106,15987100
2019-03-27,81.71453857421875,82.4284494825898,81.30424264596172,81.96071237480155,12753200
2019-03-28,82.64181518554688,82.7156717171521,81.8458399860648,82.05919564772242,12454100
2019-03-29,83.0685043334961,83.69214954628873,82.5433198617799,83.32288576869787,14523400
2019-04-01,85.86675262451172,85.89957705817356,83.79886338878043,83.82348014887167,17499300
2019-04-02,86.27703857421875,86.52321866760994,85.61236108693035,85.83391816248654,10295400
2019-04-03,86.44935607910156,87.27815565746215,85.98982661495837,86.82682760473624,11499200
2019-04-04,87.28449249267578,87.42506534387037,86.36666526473067,86.44935740373613,11952100
2019-04-05,87.07778930664062,87.7392886780263,86.81319081979146,87.48296066816398,9933700
2019-04-08,87.35891723632812,87.35891723632812,86.74703449896472,86.91240616575763,8056300
2019-04-09,86.71397399902344,86.98683666587905,86.20131164908192,86.88761617194093,9092200
2019-04-10,87.10258483886719,87.41679984451602,86.38321113335503,86.92894269241512,10882300
2019-04-11,87.83850860595703,88.25194410360461,87.28450024463022,87.40853215562952,11183800
2019-04-12,91.9563217163086,92.48551864335874,90.02971080236274,90.49276284492537,25834100
2019-04-15,90.90620422363281,91.78268550795362,90.22817022267184,91.71653431065855,15163800
2019-04-16,91.86534881591797,92.10514211589772,90.84003074345449,90.87310633398864,11583200
2019-04-17,94.51136016845703,94.80903424052502,91.7909537539344,92.3614904682937,17791900
2019-04-18,93.8167953491211,95.04883153618135,93.7093043759299,94.70154718415512,12501900
2019-04-22,93.93255615234375,94.20542513070895,93.15530160438425,93.29586817801751,7975900
2019-04-23,94.04832458496094,94.56925745661289,93.31240975244681,93.43644168896043,9193100
2019-04-24,93.89122009277344,94.38734151307277,93.27933090949567,93.65142670611476,9245700
2019-04-25,93.9408187866211,94.38732990252316,93.02299143313216,93.44469742734945,9311800
2019-04-26,94.65193176269531,94.74288808447237,93.93255166551099,94.22195527638091,7889300
2019-04-29,96.01625061035156,96.8761970982809,94.63537142105221,94.75940331702242,14242200
2019-04-30,95.95838165283203,96.51238370635787,95.30515280867208,96.27259036038585,11389100
2019-05-01,95.22247314453125,96.74391284841408,95.18112706862173,95.6855189137955,10412900
2019-05-02,95.42919158935547,95.73512984258164,94.74288709891346,95.23073799380141,8613300
2019-05-03,96.01625061035156,96.4792962928811,95.64415492244095,95.91702383187054,8185400
2019-05-06,95.16458129882812,95.47879631937771,94.03177205513137,94.4121319618531,9387000
2019-05-07,93.61005401611328,94.28808790310605,92.84933430066275,94.28808790310605,15017700
2019-05-08,93.11393737792969,93.99041855861253,92.9899054747987,93.15528344848155,9575800
2019-05-09,93.0395278930664,93.22144053367062,91.43540234374618,91.89844811362927,12205900
2019-05-10,93.03126525878906,93.30412791566944,91.40232825191336,92.40284148320961,13189000
2019-05-13,90.50103759765625,91.32790868144855,90.11241348743549,91.02197041790187,13783700
2019-05-14,91.22039794921875,92.37801847744088,90.54236405974248,90.58371012838498,10503600
2019-05-15,90.87311553955078,91.69998646109624,89.8064512937342,90.30257258495658,10142000
2019-05-16,92.03898620605469,92.7500955946941,91.44363822407531,91.46844964709406,9672700
2019-05-17,91.59246063232422,92.40279665841187,90.81520649832618,90.95577299709446,9570100
2019-05-20,92.07207489013672,92.45243475304954,91.26174492826463,91.43538706295152,8518200
2019-05-21,92.38629150390625,92.54339269033215,91.96458556450087,92.146498177912,7967900
2019-05-22,91.63383483886719,92.43590063832741,91.57595412697441,92.11342148513559,7918900
2019-05-23,89.83126831054688,90.78217125798015,88.88863583981137,90.65813934161488,14558000
2019-05-24,90.71600341796875,90.92272113780967,90.28603333645026,90.5588959321619,8537300
2019-05-28,89.73202514648438,90.81523028937819,89.66588027054459,90.29429759737971,11665500
2019-05-29,89.48396301269531,89.63280001573484,88.52478981343528,88.84726893526695,9966400
2019-05-30,88.52479553222656,90.277764091433,88.0948254448491,89.83952352876246,10367800
2019-05-31,87.61524200439453,88.13616841339078,86.68914430209897,87.28449237439436,10952800
2019-06-03,88.02869415283203,88.35944384553417,87.06952698337403,87.4829625221203,11680700
2019-06-04,90.74080657958984,90.87310894552861,88.5826731262748,89.17802115595123,12858600
2019-06-05,91.06327819824219,91.2699958965744,89.83124248256873,90.84002585979373,8340500
2019-06-06,91.26175689697266,91.67519240764541,90.07106060750705,91.0798442629126,8726700
2019-06-07,90.26123809814453,90.97234132838233,90.09586011905738,90.70774287036772,10618900
2019-06-10,91.23694610595703,91.95632617063337,91.13772562015706,91.57596625517442,11380600
2019-06-11,91.51808166503906,92.25399634338291,91.26175367619626,91.63384309926,9847700
2019-06-12,90.35218048095703,91.69998408561707,90.03797180997812,91.53460612047739,9670500
2019-06-13,90.57544708251953,91.08810935652629,90.17028207239113,90.50929589067513,8406900
2019-06-14,90.80694580078125,91.20384653779078,89.82296758643176,90.60022811262536,9077400
2019-06-17,90.31083679199219,91.26173954747124,90.1785344256364,90.70773127401144,8128600
2019-06-18,91.54289245605469,92.12170597153896,90.11240908377405,90.13721420571152,11057300
2019-06-19,90.88140869140625,92.27054613002942,90.70776020305229,91.63385813732712,13126500
2019-06-20,91.11290740966797,91.85708618036226,90.1537341278918,91.68344404663196,13638000
2019-06-21,90.49275207519531,92.33667062416446,90.20334221734008,91.11290524170072,27089500
2019-06-24,89.84779357910156,90.76561445951863,89.74856680162642,90.36044949141255,13039600
2019-06-25,89.1036148071289,90.11239836947823,89.02919314163978,89.86433456254737,18660100
2019-06-26,89.69895935058594,90.38525741338165,89.43436091096574,89.5501223340168,10324600
2019-06-27,89.99662780761719,90.58371171168537,89.66588448679359,89.99662780761719,10906600
2019-06-28,92.44418334960938,92.96510982559309,91.69999816354314,91.81575960265063,21634700
2019-07-01,93.99870300292969,94.69327167003881,93.50258162520524,93.62661354676776,12724500
2019-07-02,94.09793090820312,94.42867429155761,93.61834417040319,93.85813753930316,10174900
2019-07-03,93.94802856445312,94.82239230285181,93.48170462567364,94.38104274286447,6849400
2019-07-05,94.5059585571289,95.15548304121012,94.03130556082438,94.5226166149291,7929400
2019-07-08,93.98966979980469,94.49763254056361,93.6815592732696,94.06461199769338,6917200
2019-07-09,94.3893814086914,94.50596240528954,93.390113908368,93.49836587572689,8947300
2019-07-10,94.11457824707031,94.78908982829263,93.88141625975895,94.40603708439717,9242300
2019-07-11,95.01390838623047,95.23041863585706,94.19784155432414,94.40602277618406,11595200
2019-07-12,96.01319122314453,96.05482365957641,94.87235573136431,95.03889818346643,10783400
2019-07-15,94.84735870361328,96.2380076346262,94.53924823165323,96.21302690642143,12946600
2019-07-16,95.86329650878906,96.17972969596612,94.03129784552509,94.49762812785454,16945000
2019-07-17,94.92230987548828,95.71340234492877,94.70580597509081,95.2887108656791,13120900
2019-07-18,95.48856353759766,95.82165477095366,94.55591570802508,94.87234888546051,9397200
2019-07-19,94.54759216308594,95.86329911689008,94.43101117762858,95.67176958181744,10402800
2019-07-22,95.15547943115234,95.30537017972965,93.90639197740391,94.02297931801944,9061100
2019-07-23,96.8958740234375,96.97081621811849,95.61347686011503,95.6634383232357,12752200
2019-07-24,97.28724670410156,97.32887913509789,96.19637281973951,96.24634063139618,10011000
2019-07-25,96.35462188720703,97.62869029126445,96.0298596019841,97.33723777288341,10138400
2019-07-26,96.77928924560547,97.02078022986396,96.20470702950122,96.40455922733395,12800400
2019-07-29,96.47120666503906,97.57873263136196,96.42124518941773,96.97916951115141,8500400
2019-07-30,96.2546615600586,96.66270130745337,95.56350476873841,95.92157670538272,7121100
2019-07-31,96.59607696533203,96.74596768371603,95.6467711999621,96.67934817483736,13648000
2019-08-01,94.0479507446289,97.26226931580939,93.76482097947061,96.03816271575015,15664500
2019-08-02,94.03964233398438,94.45600486865123,92.76557399441388,93.5982990637476,11025500
2019-08-05,91.24166107177734,92.41580615351933,90.15911623129975,92.25758639984693,15855300
2019-08-06,91.95779418945312,92.01608466769439,90.21739616221758,91.64136107231286,10203500
2019-08-07,89.95926666259766,90.1674478800352,88.21887473434941,89.934285933015,17320900
2019-08-08,91.48316192626953,91.66636242859744,90.53385600801315,90.80865676150502,10903300
2019-08-09,91.38320922851562,91.97444301885125,90.17576092268992,91.0584470951367,9980800
2019-08-12,89.6678237915039,90.35898703187084,89.27644204447235,90.30069653889937,9393700
2019-08-13,91.05013275146484,91.87453493361518,89.12654036615365,89.89264570929555,12124700
2019-08-14,87.2695541381836,89.02660382458231,86.97809540049285,88.5186412316508,19491800
2019-08-15,87.60267639160156,88.58529224592677,86.88653231032109,87.28624314648228,13365600
2019-08-16,89.70113372802734,89.91764399656881,88.16059382231586,88.57695630241017,11830600
2019-08-19,90.50888061523438,91.3915670659493,90.2840413115924,91.29163778064316,8265400
2019-08-20,89.35972595214844,90.30070935490714,89.30143545090404,89.80939825597162,8374000
2019-08-21,89.60952758789062,90.29236175626386,89.47628855348276,90.10916126054646,8189300
2019-08-22,90.53385162353516,90.99184650398756,89.87599819393834,90.24239918084967,9343400
2019-08-23,88.28549194335938,90.5838144681391,87.52771558080005,89.93429005646342,14762300
2019-08-26,88.99332427978516,89.09324721514037,88.27718026153045,88.78514302687827,8209500
2019-08-27,88.05232238769531,89.56788133522466,87.3028687645904,89.39300988203122,14331800
2019-08-28,88.9350357055664,89.27644966405632,87.4694378745282,87.50274763809587,10585500
2019-08-29,90.95021057128906,91.50813470484422,89.95093692358027,90.0508661943071,10002200
2019-08-30,91.48316192626953,92.06606683987009,91.15839970966535,91.46650386977404,10170300
2019-09-03,90.40062713623047,90.75869915291119,89.36804987892306,90.75037647691447,9868800
2019-09-04,91.49149322509766,91.78294568913103,90.40061921230529,91.14174391507038,6929200
2019-09-05,93.57330322265625,94.6974806141434,92.59901022039278,92.64064900841296,13224700
2019-09-06,93.77314758300781,94.08125807029401,93.23187514996407,93.81478636754446,7836600
2019-09-09,96.09646606445312,96.64606125961639,94.59755852639415,94.68915878445263,13985100
2019-09-10,97.32057189941406,97.65365681297006,96.37126591876701,96.84591890909053,14333100
2019-09-11,97.58704376220703,97.59536643782492,96.079807207806,97.33722372354525,9919200
2019-09-12,98.18661499023438,98.65293899136563,96.52948754457947,97.05410839904016,12283500
2019-09-13,100.11851501464844,100.26007671933779,98.88607939811611,99.09426061790163,16257200
2019-09-16,99.22750091552734,99.81873482488761,98.57797016482331,99.01099066529267,11993900
2019-09-17,98.73617553710938,98.76948529022836,97.6286500703498,98.61126555120963,10735400
2019-09-18,99.72713470458984,99.9936064155277,98.05335589513099,98.52800882877612,10665600
2019-09-19,99.41069793701172,100.21011309199562,99.16920694959154,99.67716965533968,9382600
2019-09-20,99.0110092163086,100.21012896209344,98.98602848144465,99.71049520525077,21862800
2019-09-23,98.99432373046875,99.1941822603838,97.99505649363807,98.0783277045096,9135100
2019-09-24,97.7036361694336,99.31079584454646,97.46214513135891,98.88610427047111,11696500
2019-09-25,98.26152801513672,98.56130945631915,97.52873246623864,97.65363610574288,9389400
2019-09-26,97.45379638671875,98.30317936303966,97.38717686834319,98.16161129819487,9899200
2019-09-27,98.02838897705078,98.79449445979252,97.66198794044054,98.22824120011653,10207800
2019-09-30,98.00340270996094,98.90274083957326,97.61202096171368,98.56132690916193,9755000
2019-10-01,96.22135162353516,99.09424959575105,96.10477066167738,98.59461599447688,11250300
2019-10-02,94.30611419677734,95.68011183319582,94.03964242845039,95.60516327322269,12548700
2019-10-03,94.17179870605469,94.77616459025707,92.77000312305395,94.23894549001457,12735200
2019-10-04,96.21153259277344,96.48013894707904,94.23894767387846,94.29770511375528,9453100
2019-10-07,96.0016860961914,96.95020090782921,95.74986483090238,95.85059461783416,6771600
2019-10-08,93.86119842529297,94.9020469841899,93.72689848418322,94.9020469841899,10806300
2019-10-09,94.54114532470703,94.98603047190612,94.07108573259525,94.57472192472667,7273700
2019-10-10,95.86736297607422,96.86624570882277,94.85169515047463,94.96921001267097,10994100
2019-10-11,97.4874038696289,99.04028443922287,97.2607698768238,97.39506984187271,15076500
2019-10-14,97.74760437011719,98.10015535066832,97.08448755421654,97.24396834600351,8779000
2019-10-15,100.69391632080078,102.06212912749835,98.93958222639866,99.76218649896182,23379000
2019-10-16,100.45885467529297,101.24788850228877,100.2070334612068,100.693884392931,11087700
2019-10-17,101.02125549316406,102.04531911245131,100.6267385509062,101.35701500172905,10818500
2019-10-18,101.19752502441406,101.58364620726748,100.60995070356752,100.72746556773683,10417400
2019-10-21,103.70732879638672,103.89199044870072,102.39786730744612,102.44823539815012,12714600
2019-10-22,104.74819946289062,105.008410103666,103.34641005652819,103.6234057949968,12549100
2019-10-23,105.02518463134766,105.0503654758586,104.22775493204527,104.2529357765562,8828300
2019-10-24,104.94964599609375,105.47846939905719,104.14382687223831,105.16789067674661,8020500
2019-10-25,105.78902435302734,106.30945192021292,104.71459903091011,104.92444792676363,9055700
2019-10-28,106.19195556640625,106.7795300156131,106.099621523805,106.2423172608865,9522200
2019-10-29,106.12478637695312,106.95578623104298,105.71348432449575,105.8142076982762,9797300
2019-10-30,105.5372085571289,105.98208718762481,104.85729378599515,105.80581488520643,8513700
2019-10-31,104.8572998046875,105.5372146148476,103.96754249262462,105.33575505416589,11589100
2019-11-01,107.2747573852539,107.43423819023292,105.78062787761036,105.93171933775048,11682600
2019-11-04,108.1309585571289,108.63458828447786,107.91270748126549,108.34919682483061,9159900
2019-11-05,108.36598205566406,109.37325426025092,108.1477309924269,108.60940115524284,13747600
2019-11-06,108.53385925292969,108.98712726477348,107.9294933650306,108.02182739813077,11231100
2019-11-07,109.12141418457031,110.20422873588888,109.05426100809306,109.4823480989569,13528900
2019-11-08,109.44041442871094,109.45719312067553,108.49189319807728,109.02071658268355,9293400
2019-11-11,109.05428314208984,109.20538102187065,108.5758342738003,108.78568318982374,8679000
2019-11-12,108.41634368896484,109.6418541479982,108.29042665835557,108.81086066351749,9099000
2019-11-13,107.8455581665039,108.13096244457353,106.95580075552066,107.55177735036234,8023300
2019-11-14,107.94628143310547,108.1477281838948,107.0984836629982,107.20760919178286,8483400
2019-11-15,108.7269058227539,108.7269058227539,107.77838474168644,108.47508459321318,10163600
2019-11-18,109.64185333251953,109.6670341768219,108.27364716216736,108.75209601207334,8749300
2019-11-19,109.60828399658203,110.17067753731702,109.27251805633361,109.95243928227629,8824500
2019-11-20,108.81085205078125,109.64184546948611,108.23166705704152,109.37324554680332,11782800
2019-11-21,109.0626449584961,109.72577453831522,108.6093770498891,109.12140878806713,7705500
2019-11-22,109.78455352783203,110.14550032447991,109.20538127710918,109.24734081388284,8167900
2019-11-25,110.37214660644531,110.85899765561119,109.85171255628201,110.17068702494706,10068500
2019-11-26,110.52323913574219,110.64915618572621,109.42363272996155,110.64915618572621,10490700
2019-11-27,110.85060119628906,111.16117352657953,110.50644586327583,111.04365863337534,6607900
2019-11-29,110.59877014160156,111.14438501828018,110.33855953021155,110.69110417869108,5712000
2019-12-02,110.35533142089844,111.42136733093167,110.25460805584814,111.06042059256922,8615600
2019-12-03,108.93678283691406,109.08788073691139,107.93789981368852,108.92839349008874,10361300
2019-12-04,111.08561706542969,111.19474259836285,109.1130449760513,109.44040876668966,10318200
2019-12-05,111.68998718261719,111.89983610271325,110.95131488526737,111.37101272545947,9587400
2019-12-06,113.35195922851562,113.97311649051487,113.0245955058227,113.05817849736779,10170600
2019-12-09,112.82318878173828,113.70455690391822,112.82318878173828,113.00785687622029,8498200
2019-12-10,112.89871215820312,113.125352564434,111.53889533713958,111.84946762141685,7532900
2019-12-11,112.63009643554688,113.3351984798555,112.48740071929028,112.72243046467298,9011900
2019-12-12,115.85340118408203,116.23112669750398,112.65530553126072,112.89033530886381,13717400
2019-12-13,114.83771514892578,116.53329792343122,114.34247479662203,115.7946256636148,10592100
2019-12-16,115.2825927734375,116.54168621869084,115.26581408270995,116.15557140138324,11372000
2019-12-17,115.98770141601562,116.39900995448599,115.19027799569905,115.60997588093547,11546800
2019-12-18,115.87017822265625,116.69279524068683,115.60157825558498,115.96251226312246,10381500
2019-12-19,115.29098510742188,116.02125514485893,115.08113621775286,115.63512755227764,9350400
2019-12-20,115.19865417480469,116.57526241564604,114.91324994299507,115.85338170348777,29992600
2019-12-23,115.16506958007812,115.76104607004615,114.89646965806656,115.50083549279248,9738400
2019-12-24,115.4840316772461,115.52600401287849,115.04754244135464,115.27418280724271,3324300
2019-12-26,116.70956420898438,116.75993870626509,115.6519303129879,115.744264345761,6770900
2019-12-27,116.79352569580078,117.32234912394517,116.39900866340146,116.92783209154584,7868200
2019-12-30,116.36542510986328,117.58254626219129,116.23111872953652,117.43144838228334,6963000
2019-12-31,117.01175689697266,117.07891009077865,116.08002714617801,116.26469522710394,7201600
2020-01-02,118.43032836914062,118.43873052280593,116.8942328032374,117.33911147002149,10803700
2020-01-03,116.86746215820312,117.6193197029765,115.80303853347255,116.15784640838274,10386800
2020-01-06,116.77454376220703,116.80834235675412,115.31307036252512,115.36375536395883,10259000
2020-01-07,114.78929138183594,116.46196063658971,114.73860638781083,115.97198421037193,10531300
2020-01-08,115.68478393554688,116.22544546461353,114.55277587318666,114.63724658343565,9695300
2020-01-09,116.10717010498047,116.77454410982247,115.76924861043828,116.62248910506871,9469000
2020-01-10,114.94979095458984,115.94663011169968,114.73013881527946,115.91284441585856,10190900
2020-01-13,115.9044189453125,115.9044189453125,114.68792732750302,115.05119132828173,12355200
2020-01-14,117.25609588623047,118.91186635409663,116.31838453796325,116.52958067144337,24906000
2020-01-15,115.49893188476562,117.08713078737144,115.01739855733767,116.45354244521118,16293400
2020-01-16,115.94667053222656,116.49577529116013,115.60030579978502,116.11562485109933,10783800
2020-01-17,116.74918365478516,116.82521114547016,116.00578226189009,116.19162294232511,14697700
2020-01-21,115.60028076171875,116.6393747339842,115.47356827260612,115.89596042349551,8474200
2020-01-22,115.46514892578125,116.07339484786317,115.21172386690509,115.93823911325907,7549100
2020-01-23,115.34685516357422,115.51582235421289,113.80935427377966,114.64569546204845,9345700
2020-01-24,112.48301696777344,115.25390825773292,111.78185738857167,115.20322326553854,15166400
2020-01-27,111.53690338134766,112.30566041744393,109.5770099234989,110.0500872102076,12860500
2020-01-28,113.56436157226562,114.0205523703677,111.91703455775715,112.22115745969619,13062800
2020-01-29,113.39543151855469,114.50209726520728,112.93925351328646,113.88540812592565,9326000
2020-01-30,114.79773712158203,115.00048999254923,112.09442996061257,112.09442996061257,9048900
2020-01-31,111.81565856933594,113.90227697282953,111.06380100344782,113.61505338370068,12785200
2020-02-03,112.66890716552734,113.40387846246576,112.06911737570073,112.06911737570073,10021100
2020-02-04,114.2908935546875,115.39757211849022,114.11349602175268,114.51054578264923,9157100
2020-02-05,116.2339096069336,116.35217893489738,114.89914839683372,115.37223859907884,10150700
2020-02-06,116.25079345703125,116.82524071925002,115.82840121467453,116.78301180732495,8992300
2020-02-07,115.87908172607422,116.30147395204536,115.14412337780853,115.50737450475758,6379800
2020-02-10,116.36060333251953,116.45353012849014,115.52426216878409,115.6932164640798,5960700
2020-02-11,116.58024597167969,117.27297535976665,116.39439237440693,116.7998852728262,6578600
2020-02-12,116.58024597167969,117.67001216442736,116.41129167153723,117.0871217624939,7958000
2020-02-13,116.47888946533203,116.86748311164486,115.2285991405637,116.36906335684051,7447500
2020-02-14,116.12405395507812,116.74074287630143,115.68476251580283,116.44506321920771,6627600
2020-02-18,114.5865707397461,116.33528086770033,114.08815097115198,116.02270183266596,8996400
2020-02-19,116.14940643310547,116.90970720184225,115.17789668373472,115.65942995688468,7071200
2020-02-20,116.14940643310547,116.88436470224345,115.3384077747847,115.87906925020309,7422800
2020-02-21,114.73018646240234,115.66789781862316,113.97832873645153,115.35533166334592,9772800
2020-02-24,111.646728515625,112.52529877029754,110.49782101927528,111.03848261224049,13618400
2020-02-25,106.66246032714844,111.70581684395908,106.09644998598533,110.66673583436396,20797200
2020-02-26,106.9834976196289,108.93494755252715,106.73005971747872,107.22848587298913,24825600
2020-02-27,102.531494140625,106.12182816251268,102.47235948513108,103.83246300668523,23005500
2020-02-28,98.08792114257812,100.09850577513045,95.17341742349757,99.27906384295936,45931400
2020-03-02,102.65818786621094,102.7088793082091,96.69401262158908,98.52719305156593,27355400
2020-03-03,98.80597686767578,103.86623332285569,98.19773110404414,102.19356391806178,32547700
2020-03-04,101.24740600585938,101.5346360447213,96.8967651876699,99.96333659236399,25795900
2020-03-05,96.28005981445312,98.35822824877532,95.10581024926935,97.71619042872054,25025600
2020-03-06,91.30431365966797,93.19662920450205,88.71926861200944,89.76680607101632,38159400
2020-03-09,78.93666076660156,83.82796348669613,78.56495354757038,81.58083376465324,40352000
2020-03-10,85.06978607177734,85.55976256814627,79.89970969484305,83.63365517711637,31102700
2020-03-11,81.06551361083984,84.52068530156149,79.87437090896616,82.53543672311575,38127000
2020-03-12,74.38327026367188,81.91029604423989,72.92179039092039,75.68423259003684,49725200
2020-03-13,87.78156280517578,87.84914066861148,77.7201760509709,81.09086449026618,38543300
2020-03-16,74.6451416015625,79.39283170932649,71.42651546645222,71.97562010778405,38589700
2020-03-17,79.20698547363281,82.3157922576974,73.91863343681351,76.78245197663573,35239800
2020-03-18,70.86897277832031,76.69798724805007,67.88688445769073,74.06225722868508,41525600
2020-03-19,72.06009674072266,74.43393834293919,64.97235763119619,68.90059910876234,32175100
2020-03-20,70.53949737548828,75.57441162431549,69.67782012367283,72.90489627274373,30150800
2020-03-23,66.76331329345703,70.75069688336863,65.96921385702049,69.84677778995007,32536600
2020-03-24,74.70428466796875,76.11507306757679,70.03262797231753,71.7221967704666,34363200
2020-03-25,77.49207305908203,80.38123405625979,71.41807137921273,75.38855533824461,38111700
2020-03-26,82.89022827148438,83.27037858454136,79.0211150770989,79.47729931988248,29826300
2020-03-27,76.98519134521484,80.11934034134012,76.49522134697425,78.72545139513451,30041500
2020-03-30,78.98735809326172,79.48577790090536,75.43926544148191,76.57972333346865,21656900
2020-03-31,76.05594635009766,79.55335361143094,75.4730429914774,77.7624146235215,23379300
2020-04-01,71.26602935791016,73.12455289947474,70.32831793647489,71.89116815713533,28029600
2020-04-02,73.92707824707031,74.26499326684787,70.08330698183745,70.5479409396807,24018000
2020-04-03,71.74195861816406,74.66967939174546,70.64939272323156,73.40640353531879,21199400
2020-04-06,76.35973358154297,77.66568373091506,74.85746110668407,75.95855799062883,26820800
2020-04-07,77.36695861816406,80.6617126947099,77.14503038945895,80.61903193497713,22563800
2020-04-08,80.4909896850586,80.96898285848074,77.2901285869598,78.61314726687282,22903300
2020-04-09,87.71212005615234,89.10342515357203,82.70170379559626,82.72730963908133,42055900
2020-04-13,83.81135559082031,88.01088411501733,83.05168501879899,88.01088411501733,26911900
2020-04-14,81.51524353027344,87.0634014668889,79.92761627666857,86.22690709724569,46151300
2020-04-15,77.49496459960938,78.55338061004447,76.93161004607911,77.80224771750459,30118600
2020-04-16,74.54164123535156,77.30718289687172,74.30264469218119,77.01697466935553,32449600
2020-04-17,81.24211883544922,81.6859686876722,77.64008227778112,78.52778849439534,30191900
2020-04-20,78.28026580810547,80.84095493435885,77.2133120054999,78.92897554349703,23679400
2020-04-21,76.00978088378906,77.99857754475887,75.39521453739718,75.64274856648103,23035000
2020-04-22,76.25731658935547,78.41683648625582,76.12074989336377,77.40963186866213,16662400
2020-04-23,76.29997253417969,77.91320558602476,76.18901172275744,76.59871818967565,16638800
2020-04-24,77.42671203613281,77.75960114142822,75.53180081388513,77.36696287652005,15809200
2020-04-27,80.76412963867188,81.62622353971427,78.13515415832997,78.47658064484439,22870200
2020-04-28,81.33599853515625,83.95643602368675,81.11407038772843,83.48697388723697,20238900
2020-04-29,83.52969360351562,84.88685593854903,83.02608793925228,84.57104172865009,20462600
2020-04-30,81.73719024658203,82.65903328706901,80.70437985435761,81.6006170481878,19127600
2020-05-01,79.59474182128906,80.01298582621902,78.39121498533552,79.80813255003247,18547700
2020-05-04,78.64727783203125,79.09966508536438,77.5035067773526,78.544847949097,15725900
2020-05-05,78.52778625488281,80.41415946932798,78.44243126790894,79.93616633253987,18064100
2020-05-06,77.05110931396484,79.1764853257174,76.76090109449693,78.66434895995995,20978000
2020-05-07,77.85347747802734,79.3045384299632,77.31573515292578,77.9644383194128,16771900
2020-05-08,79.12528991699219,80.30321106083397,78.62169085741914,79.21065142934003,20487800
2020-05-11,76.79503631591797,77.76809726223739,76.24875671490238,77.76809726223739,31907600
2020-05-12,74.28559112548828,77.49499001369581,74.17463027347985,76.94871018321402,27962900
2020-05-13,71.72489929199219,74.14048419354238,71.18715693554735,73.73077107993988,35451600
2020-05-14,74.70382690429688,75.2074324337243,70.3335887455238,70.60672863044712,35152500
2020-05-15,73.32105255126953,74.4989669789891,72.8089161267031,74.13193468081904,26099000
2020-05-18,77.20475769042969,77.80225559669894,75.01110141184606,75.70249175321236,30504400
2020-05-19,75.68541717529297,77.8449301674916,75.61713058362501,76.8633380889779,19597300
2020-05-20,77.9559097290039,78.86068441786854,77.13649003702236,77.42669832885863,20552400
2020-05-21,76.96576690673828,78.32293533539423,76.53898544688656,77.05112189627496,14621400
2020-05-22,76.3682632446289,77.12793360060185,75.7280911573146,76.82918792895528,13557900
2020-05-26,81.78839111328125,83.22237694575637,79.04845517683492,79.2874517302195,41233900
2020-05-27,86.52568054199219,87.55849095338101,84.33202397138629,87.12317201563245,39402000
2020-05-28,85.23680877685547,87.87431553996544,84.84417054572111,87.86578459801883,24713900
2020-05-29,83.0602035522461,84.65636851649694,82.60781625808,84.2125186747212,26526400
2020-06-01,84.16129302978516,84.93803832441176,83.11994534397114,83.43576593280298,15176800
2020-06-02,84.4429702758789,85.71477705777812,83.58940745352581,85.59527878362208,21195000
2020-06-03,89.0009994506836,89.5558166302192,86.26106336214778,86.70491971064347,25941100
2020-06-04,90.8532485961914,90.99835274453628,87.73774231658845,88.61691117230833,26784700
2020-06-05,94.94178009033203,98.81694894023693,93.49071962201027,98.09995941239542,42231000
2020-06-08,96.83671569824219,97.46835698060696,95.547840310867,96.80257891037742,24881800
2020-06-09,94.35285186767578,95.2832323829057,93.0469015602297,94.44674431572983,17031100
2020-06-10,90.52886962890625,94.32722804423952,90.34962222009962,94.28454729883285,24913300
2020-06-11,82.9748306274414,86.70490203114555,82.40294517211262,85.38187721988244,36259200
2020-06-12,85.24532318115234,86.32080767086697,83.07727278594034,85.96231284096208,24856800
2020-06-15,86.42323303222656,86.57687459588166,81.83106753746232,82.30052316762094,22153600
2020-06-16,87.11463165283203,90.20453184286178,84.76733356566766,89.93992941511169,22193600
2020-06-17,84.91244506835938,87.52434560952774,84.68197942521599,87.51580815662689,15639800
2020-06-18,84.45150756835938,85.80013187588845,83.76011725528238,84.22104195994454,16591900
2020-06-19,83.48697662353516,85.86841765234956,82.56513373509688,85.80866851594924,40371200
2020-06-22,82.58222198486328,83.60649500151335,82.40297453255798,83.00900349382898,16216900
2020-06-23,83.58941650390625,85.3306856314971,83.52112990780428,84.47712271672717,15381400
2020-06-24,80.79827117919922,82.65903214024011,80.49951893989892,82.58221460133554,22919800
2020-06-25,83.6150131225586,83.8284038277036,80.45683329127952,80.53365081929132,25743600
2020-06-26,79.03138732910156,81.40429770767952,78.52778833410405,81.18236952593689,41896300
2020-06-29,79.38134765625,80.65315452109901,78.68142635675687,79.72277410989327,18499700
2020-06-30,80.28611755371094,80.79826046047415,79.01431076282879,79.23623892161501,19137000
2020-07-01,79.60328674316406,81.69451347620564,79.40696438894483,80.99459208073914,18755700
2020-07-02,79.8618392944336,81.84416022621897,79.23266372275522,81.65454549021658,27845600
2020-07-06,81.8786392211914,82.05101267351205,80.56858388692766,81.38736764888928,18625300
2020-07-07,79.56880187988281,81.10294800948085,79.29300040237784,80.86162253861724,25757200
2020-07-08,80.41344451904297,80.44791394873624,79.12062390989838,79.54294346771043,18762200
2020-07-09,78.67245483398438,81.12019899297371,78.24151456291686,80.60306540719134,25600800
2020-07-10,82.97322845458984,83.46450005058924,79.18095971560372,79.2930018074541,28954200
2020-07-13,84.16263580322266,85.55887806559187,82.93876701810528,85.09346836188656,32079200
2020-07-14,84.64527130126953,86.14494132077255,83.29211936816543,84.78317531832177,42731700
2020-07-15,85.95536041259766,87.2998921270085,85.02452772925434,86.95513855070053,22508400
2020-07-16,86.1966781616211,87.23955286847367,84.9383333109818,85.13656216091451,16886900
2020-07-17,84.60220336914062,86.25701255309943,84.5849620746841,86.18806052652769,16137700
2020-07-20,83.8609848022461,84.80043149761491,83.82650878925635,83.97302691274241,14458100
2020-07-21,85.6795425415039,86.23114552824457,84.15401039409122,84.21434176527767,17798100
2020-07-22,85.05899047851562,86.3000939537814,84.05920592071317,85.88639498723498,14271200
2020-07-23,85.30894470214844,85.62783631582509,84.43844345475985,84.89523912077128,12870200
2020-07-24,84.70562744140625,86.01568968409671,84.41259118289469,85.84330961235987,12744200
2020-07-27,83.51622772216797,84.14539684969456,82.88705201901455,84.04197539071859,11959100
2020-07-28,83.87821960449219,84.36949128273801,83.17147777656614,83.17147777656614,11754300
2020-07-29,85.9122314453125,85.93808680307875,83.60239190090176,83.66272326089803,12743500
2020-07-30,83.61963653564453,84.24019149816337,82.78361804096727,84.06781804218629,14834800
2020-07-31,83.2921142578125,83.54206034166525,82.09410112958302,83.15421682484637,14535000
2020-08-03,82.82671356201172,84.09367893117114,82.61124344006286,83.61964203263317,12962800
2020-08-04,82.35269165039062,82.69743862021932,81.9045100686102,82.66296918373801,13366200
2020-08-05,83.78340148925781,84.86937274582974,82.49920140270233,82.62848479108908,15260900
2020-08-06,83.80926513671875,84.55048295607402,83.2059513654421,84.10230795107236,10482100
2020-08-07,85.65367889404297,85.74848627196205,83.22317622733591,83.54207436902972,14743700
2020-08-10,86.73963928222656,87.94627310660826,86.21389173428614,86.2828437415366,14989900
2020-08-11,89.48043060302734,91.497234332761,89.21324976012238,89.51490661108382,31518600
2020-08-12,88.72198486328125,91.72994610573888,87.66186890614628,91.49724125328942,19240800
2020-08-13,88.23070526123047,89.08396507742611,87.60152963070166,87.91180712306846,13598600
2020-08-14,88.26517486572266,89.04086196474253,87.41190853579982,87.48086054590733,12134400
2020-08-17,85.93810272216797,87.91180982997491,85.78296397120766,87.48086958571032,14988000
2020-08-18,84.7401123046875,86.11050607168154,84.56773879057805,86.11050607168154,13246500
2020-08-19,84.93832397460938,86.69655436809374,84.7573232871723,85.25721554396011,13533000
2020-08-20,83.92131042480469,84.49014816105037,83.43003878074524,83.82650303949264,13672600
2020-08-21,83.87821960449219,84.9555703528933,83.55070734420401,83.83512294430528,12228300
2020-08-24,86.23973083496094,86.36901418027638,83.96436762965584,84.85210318486494,17898300
2020-08-25,86.61898803710938,87.89457403779707,86.01567433277303,87.28263311187936,13648900
2020-08-26,85.40373992919922,86.42075923391255,85.36927049399857,86.13634365193366,12052400
2020-08-27,88.21344757080078,88.47201429158105,85.3261498750039,85.3261498750039,22163900
2020-08-28,88.57545471191406,88.98916023874504,87.74805023387836,88.89435285917183,13756700
2020-08-31,86.35181427001953,88.06695472058952,86.20528957927851,88.01524399187313,14219400
2020-09-01,86.30870819091797,86.93788381600275,85.36064100605651,85.8002018790438,11595600
2020-09-02,87.61014556884766,87.86009167846952,85.80881208075415,86.14494491681872,14475700
2020-09-03,87.33434295654297,90.48882181734118,86.73964337330308,89.04948312013441,23281200
2020-09-04,89.22187805175781,90.67845839008824,87.3688399966508,89.67868029959756,26325500
2020-09-08,86.11907958984375,89.26494405812304,85.73985672225835,88.75643782802274,22108600
2020-09-09,86.93789672851562,87.64463854317725,85.80882869395563,86.87756535076257,13434000
2020-09-10,86.04154205322266,88.27380965551559,85.87778263468495,87.39469433498233,15922800
2020-09-11,87.1102523803711,87.36019848721192,85.83466648608436,86.16218524879854,13784300
2020-09-14,88.31688690185547,89.17014666887054,87.36881976343585,87.48948249510968,19017400
2020-09-15,85.56748962402344,88.64440255311928,85.4468268876374,88.54098110800322,23683000
2020-09-16,85.92948150634766,87.16197085979732,85.11931832392794,85.6967766692633,19270600
2020-09-17,84.94692993164062,85.61919559005145,84.21433290838846,85.0675926613233,18290100
2020-09-18,84.76594543457031,85.74848867359039,83.9816376028312,84.36948119563469,20121600
2020-09-21,82.14584350585938,82.7836399279772,80.86164316511305,82.05103610731827,28378800
2020-09-22,81.24945831298828,82.44747805808392,80.73233141421966,81.84415786316612,19257000
2020-09-23,79.93080139160156,82.18031018202036,79.8618559441931,81.68903852524079,19952700
2020-09-24,79.8618392944336,81.27532259383725,78.75862688274923,79.56879654544112,18366500
2020-09-25,80.55997467041016,80.77544480419188,79.18096712933246,79.33610588868036,13293100
2020-09-28,82.87841796875,83.54206294782915,81.31841005711544,81.93034431917226,20894100
2020-09-29,82.18029022216797,82.76636912436821,81.30117515668022,82.76636912436821,12848200
2020-09-30,82.97322845458984,83.77477754023371,82.10273393006744,82.18030001466555,16400600
2020-10-01,83.57652282714844,84.26602303171772,82.76635334676493,83.70580617038767,15778700
2020-10-02,84.36947631835938,84.9727900002051,81.95620843972462,82.09411246736133,15149600
2020-10-05,86.15271759033203,86.33539117324356,84.83919995704345,85.52640437083966,13871900
2020-10-06,85.26545715332031,87.73591466077771,84.8218240553781,87.04871009516987,19220400
2020-10-07,86.75296783447266,87.29228814579758,85.83089230170843,86.08315781108247,16358500
2020-10-08,88.53620147705078,88.65798389321543,86.90083286237977,87.43145909137316,15659000
2020-10-09,88.03168487548828,88.82327734618099,87.08352067562474,88.72759019836879,13689100
2020-10-12,89.1103286743164,89.59745836304954,87.7272188271716,87.94468838630522,16058000
2020-10-13,87.66632080078125,89.78882565664509,87.21398707307183,89.59745139762212,21697300
2020-10-14,87.17918395996094,88.66667470971969,87.07479619910933,87.88378309494055,15204100
2020-10-15,88.4840087890625,88.53619935569859,86.15273502075665,86.20492558739274,17171200
2020-10-16,88.30133819580078,89.01463805639928,87.61413361941476,88.21435170287785,13275000
2020-10-19,86.8138427734375,88.61449029400256,86.6050672372534,88.37961947495636,11725700
2020-10-20,87.30966186523438,88.5274858203065,87.0921923537368,87.25746466955785,11257100
2020-10-21,86.4397964477539,87.84899484068501,86.4050005244336,87.30097398083889,10730500
2020-10-22,89.4930648803711,89.80622155649158,86.38760003937942,86.3963006794505,14837200
2020-10-23,90.30205535888672,90.85877688545324,89.53656491901879,90.03239523601222,15087600
2020-10-26,88.06645965576172,89.33648092386936,87.20528216891242,89.29299099953676,12410700
2020-10-27,86.40499877929688,87.78810186096393,86.25712108565517,87.43145526826079,10391700
2020-10-28,83.97803497314453,85.50902233120866,83.56919119258394,84.8131171766404,16389500
2020-10-29,84.52606201171875,85.23066785755474,82.84719684189248,83.61269389547788,14208800
2020-10-30,85.28284454345703,85.61339581219995,83.70836740175864,85.169762786513,15194500
2020-11-02,87.20529174804688,87.75331263866813,85.1262833285761,86.45719594625928,15011600
2020-11-03,89.9541015625,91.11103444381573,89.32778824039745,89.61484298249152,17482600
2020-11-04,87.20529174804688,88.7884698464858,86.05705276057077,87.8577004144911,18886500
2020-11-05,90.77178192138672,91.42419052164102,87.85769150091285,87.90988206520728,17837400
2020-11-06,89.56265258789062,91.42419127842744,89.06682231305874,91.36330007403207,12552800
2020-11-09,101.68875885009766,103.42851518068395,95.99105421277005,98.43541637016152,47792400
2020-11-10,101.35819244384766,102.16717933554487,99.76632057801515,102.0801928536013,20539300
2020-11-11,99.8446273803711,101.74096228605356,99.1313274600673,101.68007107224634,14443400
2020-11-12,98.61808013916016,99.13130501983666,97.47853534351854,97.88737910223672,22063000
2020-11-13,99.23571014404297,99.91421410207798,98.79207038815692,99.77503039958658,11847900
2020-11-16,102.0367202758789,103.1762586473258,100.67101170361819,102.46295875550767,19858600
2020-11-17,101.0015640258789,101.28862544085366,99.67065136672512,100.37525062471374,14553200
2020-11-18,100.25347137451172,103.17626291471322,100.20997480602547,102.07151378695035,12571200
2020-11-19,100.52313232421875,100.74930253620428,98.78337575710306,99.32270268210098,10202500
2020-11-20,99.66195678710938,100.60142694599281,99.24441228205738,99.5401743557702,12718900
2020-11-23,102.53253936767578,102.79349882925922,100.53181697898499,100.94936140881947,13209200
2020-11-24,107.27338409423828,107.42996244261636,104.13312312267641,104.44627981943259,20121600
2020-11-25,106.1512222290039,106.45567823308399,104.79421453273666,105.57710614083051,11715600
2020-11-27,105.44661712646484,106.42957692299363,105.32483473173181,106.12512093616107,5983600
2020-11-30,102.54124450683594,105.0117021586436,102.44555736953723,104.38538876419534,14411800
2020-12-01,104.15921783447266,105.75979723537424,104.06353069784376,104.68114344731117,12668900
2020-12-02,106.15992736816406,106.39479154222629,103.75036124092765,104.12440910083667,10811300
2020-12-03,105.46404266357422,106.02946488284636,104.69855215290477,105.9946689546371,12904400
2020-12-04,106.42089080810547,107.24727904130967,105.85547531395545,106.5426798561024,13583700
2020-12-07,106.02075958251953,106.27302507346721,104.56806448600702,105.38575217137918,9724300
2020-12-08,106.12512969970703,106.41219106955802,105.04648269872425,105.29004750830326,9592100
2020-12-09,105.29875946044922,107.25598542338216,104.76813322401144,107.14289700918273,13073900
2020-12-10,104.62025451660156,105.06389428367325,104.00264175367342,104.37668966774477,13668400
2020-12-11,104.00263977050781,104.40278296266308,102.96748918260508,103.46331951165013,9981600
2020-12-14,102.90657806396484,105.62059338774783,102.74129910737545,105.55100154953725,12112400
2020-12-15,104.66372680664062,105.16825766889818,103.18493677493987,103.76775347618076,12590200
2020-12-16,104.96819305419922,105.32484627546611,104.26359388792709,104.64634239140503,11169400
2020-12-17,104.09832000732422,105.6467021028792,104.02003415686403,105.48142976191531,11618000
2020-12-18,103.58507537841797,104.28097380681619,102.88046967498747,103.63726593547113,28954800
2020-12-21,107.47344970703125,108.73477038888484,105.33354358553154,107.14289175759707,28323600
2020-12-22,105.83807373046875,107.44734699299813,105.78588316479392,107.33426522182144,11788200
2020-12-23,108.795654296875,110.05697489411979,106.42958479006472,106.80363264057728,14973200
2020-12-24,108.31721496582031,109.21319495774246,107.49083344932714,108.81304520304482,4164900
2020-12-28,109.03052520751953,110.17007010814245,108.55209620230126,109.44806964374848,8072600
2020-12-29,108.74346923828125,109.84821156711917,108.63908147123496,109.77861972242164,8389200
2020-12-30,109.04792785644531,109.47416630122832,108.6477846948836,109.16100962928545,7398000
2020-12-31,110.535400390625,110.76157053542451,108.57817483403254,108.81303898070087,8580200
2021-01-04,109.4915542602539,111.22260974864848,108.54338371982595,110.90945311480465,16819900
2021-01-05,110.08733367919922,110.65682778188479,108.44018109392785,109.50907627770478,13731200
2021-01-06,115.25658416748047,116.32547941731998,112.0411351186114,113.79342734457371,24909100
2021-01-07,119.0415267944336,121.07418465837969,118.209193746425,118.88382749578908,21940400
2021-01-08,119.17296600341797,119.46209477681934,117.50828640221737,119.12915618280317,12035100
2021-01-11,120.95150756835938,121.0829236314147,117.49950304408252,117.91129120015883,15937900
2021-01-12,122.85274505615234,124.11439283303311,121.6349070932507,122.1693547384883,18033500
2021-01-13,122.96664428710938,123.35213587972014,120.99532303585177,121.42462444115493,14816800
2021-01-14,123.68505096435547,125.06935789594515,122.65996571231048,123.08928040509868,18565600
2021-01-15,121.46844482421875,124.10563000370816,120.04032769321203,120.40830608787016,27881000
2021-01-19,120.9427490234375,123.27329213380317,120.75000990235321,122.53733537333353,19843800
2021-01-20,119.12914276123047,121.05665433119808,118.66478812656624,120.75001235920253,16028800
2021-01-21,118.1303482055664,119.29561986085719,117.68352014165416,118.8838316304582,13411700
2021-01-22,117.2191390991211,117.75358674082494,115.82607525839204,116.2553900423437,12933200
2021-01-25,115.75599670410156,116.6759494310962,113.9511444529981,115.77352330554446,14212800
2021-01-26,115.28288269042969,116.67594667240628,115.07260358472624,116.30796826408489,11307800
2021-01-27,112.02362060546875,113.76714961614327,111.57678589919365,113.53934392868003,17603900
2021-01-28,113.99494171142578,115.79979376365834,113.01366604082438,113.81094583874884,13761800
2021-01-29,112.73328399658203,115.40552200946202,112.31273922748396,114.9411674298819,14808100
2021-02-01,113.56561279296875,113.95988770410122,112.56681064711164,113.3728603289545,11080700
2021-02-02,117.0614242553711,117.74481447769602,114.96744378052902,115.59826758096379,12253600
2021-02-03,118.4019546508789,118.94515898771883,116.97383740145513,117.09649687651188,10600800
2021-02-04,121.12675476074219,121.48597655482051,118.69107859166404,118.69107859166404,12419500
2021-02-05,120.89018249511719,122.21316670868592,120.36450482472777,122.12554707918179,10051300
2021-02-08,122.78264617919922,122.92283222970381,121.0654004827119,121.08292708124436,10136400
2021-02-09,122.29199981689453,122.64245154976406,121.38080392123108,122.16057039041095,8614800
2021-02-10,122.36211395263672,123.4222393172772,121.81889629340903,122.65999931386801,10323200
2021-02-11,122.02039337158203,123.1418549194642,121.10044089447722,122.3620884780637,9201000
2021-02-12,123.75518035888672,124.07059232676896,121.7838589018425,121.82766871910822,8324600
2021-02-16,126.73405456542969,127.32108202407461,124.76273320487519,125.77030547715242,12130600
2021-02-17,127.12830352783203,127.37362239967605,125.3935314598089,126.12073146165935,10810100
2021-02-18,127.5576400756836,127.7328659798103,125.63888500862913,126.16457608988883,10587800
2021-02-19,129.68663024902344,130.4050602228584,127.79415904122041,127.79415904122041,11969800
2021-02-22,130.90451049804688,131.5879008727894,128.60900706882103,128.67910010326634,11488400
2021-02-23,131.9558563232422,133.44529628169855,131.06218700061754,132.74437942804937,16234400
2021-02-24,134.27761840820312,134.7156897354281,131.51777439423617,131.51777439423617,15061400
2021-02-25,132.4552459716797,135.71449786065082,131.938324991102,135.16253705464266,18127700
2021-02-26,128.94189453125,132.18361921835992,128.36363725294078,131.6842249280922,19829200
2021-03-01,131.8594970703125,132.630507045509,130.08968479491995,131.0008808326756,14845500
2021-03-02,131.43019104003906,132.98096770952708,131.28124835195757,131.49152745983244,14221700
2021-03-03,133.97100830078125,135.78461707416818,132.1398729268598,132.4990813401028,14324100
2021-03-04,131.91204833984375,135.25892001214697,130.21232929109308,133.7081436244167,20093900
2021-03-05,132.21868896484375,134.47913857952094,129.64282746512148,134.24257632351816,18465100
2021-03-08,133.97100830078125,136.20517527372152,132.0785365094286,133.58550330229693,17133300
2021-03-09,133.0247344970703,135.1449980156439,131.26369265825153,132.7356058306,16238800
2021-03-10,135.9160614013672,136.81848757892067,132.74441480142997,133.0948800060841,14342200
2021-03-11,135.20632934570312,136.80965850229222,134.3652265867037,135.02233352162128,11771500
2021-03-12,136.80967712402344,138.10637794435,135.86345477355772,137.4317443227225,12849500
2021-03-15,136.1262969970703,137.48432095536938,134.89094585988298,136.98492653158675,12101100
2021-03-16,134.4966583251953,135.45166400909298,133.34015693656318,135.0048226851118,12805600
2021-03-17,135.88099670410156,137.4492999534158,134.0936711026135,136.1000324251549,13952400
2021-03-18,138.12387084960938,141.66349431991864,137.65075974398866,138.08007441619748,21898500
2021-03-19,135.92478942871094,136.6257063217128,132.4640281450565,136.24895797706222,54418800
2021-03-22,132.2712860107422,134.89971453842116,131.95587405266556,133.87462901689184,19944800
2021-03-23,130.9483184814453,133.2788483419302,130.5102470489579,131.71055849593208,17076300
2021-03-24,131.96461486816406,134.20753813755087,131.29875120033898,131.42141064885618,13079800
2021-03-25,133.6555938720703,134.02357226323772,130.8344128375747,131.4214269403093,15608300
2021-03-26,135.88099670410156,136.1964086771735,133.65559966050688,135.18884970788005,16754400
2021-03-29,133.76950073242188,134.68945351431273,132.33262681259788,133.2788628137816,17570300
2021-03-30,135.34652709960938,136.5643649767628,134.82084947550763,135.32901387035344,13184300
2021-03-31,133.37522888183594,135.3553203764512,133.2788526288336,134.29518159342555,16736700
2021-04-01,134.67190551757812,134.74198517168213,132.77943400371817,133.08607593927394,16561500
2021-04-05,135.38577270507812,136.5490992071353,134.4868532599804,136.0731880207964,13508000
2021-04-06,134.43394470214844,135.9674166606182,133.8346651571286,134.65427043739672,13071600
2021-04-07,136.54031372070312,136.80470740004642,134.53094327388789,134.9275405167134,16903500
2021-04-08,136.70773315429688,137.05144082686428,134.2312735843088,135.720677981307,12335500
2021-04-09,137.73001098632812,138.39979632414276,136.5755063821146,137.31579756300678,12122400
2021-04-12,137.4391632080078,138.58485948949442,137.1042773024259,137.11308548891574,12273400
2021-04-13,135.79998779296875,136.7782347455184,134.33702145895435,136.38165105072645,16113600
2021-04-14,133.2618408203125,135.5708505204266,133.01506359318446,133.49097477339598,19939600
2021-04-15,134.10789489746094,134.1343329153975,131.596189060158,133.2970976362965,17694100
2021-04-16,135.10374450683594,136.17011354237428,134.56614917109334,135.6060801940227,13773400
2021-04-19,134.53089904785156,135.61491143203594,134.15194520854732,135.20950613063405,11900200
2021-04-20,131.55209350585938,133.73772102984506,131.0056765391512,133.72891284159428,13716700
2021-04-21,132.6713409423828,132.7330386040948,129.3664548607932,130.24775781588374,12236700
2021-04-22,129.8776092529297,132.45983384574114,129.78066539215624,132.39813618542368,15256100
2021-04-23,132.36289978027344,133.1913267522592,129.27833927890657,129.7101691426233,14041900
2021-04-26,132.68896484375,134.3634484522448,132.5303367737703,132.8828525610243,10799100
2021-04-27,133.29708862304688,133.57911205879174,132.29240366653653,132.63611132408963,12821200
2021-04-28,134.1607666015625,134.74242987262318,133.42928341782584,134.33702453132142,8943700
2021-04-29,136.7694091796875,136.8487232190457,135.01561143960987,135.3152512200404,12976900
2021-04-30,135.55320739746094,136.15250040864257,134.84816233332447,135.80879278892326,11705100
2021-05-03,135.15663146972656,137.02498956591185,134.95393554078228,136.46977780857608,11801100
2021-05-04,137.0249786376953,137.1659903368525,134.08143001777225,134.72477740470512,12977700
2021-05-05,138.82289123535156,139.49267686194068,136.27592538937907,137.48330653455298,10506700
2021-05-06,141.6165771484375,141.73115083837945,138.50557872372548,139.3075676580866,13542400
2021-05-07,142.10130310058594,142.33043704353875,138.38220329831384,138.55846121194037,14257800
2021-05-10,142.0836639404297,144.29572952349213,141.9955282655983,142.3304276928185,14014300
2021-05-11,139.7217559814453,143.11477752870647,139.28110453102778,141.9602728802309,15451700
2021-05-12,138.7611541748047,141.69589476824692,138.3910085298142,140.6647718755699,14381700
2021-05-13,142.33041381835938,143.16764885717976,138.9638303926924,139.40448182866254,15395000
2021-05-14,144.54249572753906,144.930271187189,142.76227340476973,143.11478921484266,10584000
2021-05-17,145.12420654296875,145.2828481228949,143.67886973116228,143.97850961281983,9886800
2021-05-18,143.07952880859375,145.85562751826401,142.98258495330543,145.1329526974574,11098100
2021-05-19,141.98672485351562,142.04840906987988,139.8099053985892,141.88978098698632,13278900
2021-05-20,141.73995971679688,142.6477007092968,140.58545496600274,141.73995971679688,10426000
2021-05-21,143.35275268554688,143.84628022590252,141.83691041295918,142.18942624246552,10249000
2021-05-24,144.12826538085938,144.73636651251616,142.8768169197114,143.9696373191826,9440300
2021-05-25,142.63888549804688,146.03189373135058,142.38330011607223,144.40149136914977,12609100
2021-05-26,142.62124633789062,144.30453806203187,142.162965076071,144.1547181865093,13058300
2021-05-27,144.8421630859375,145.19467893039374,143.2734447171575,144.4896337938638,15707500
2021-05-28,144.7451934814453,145.36210282338973,143.88150695510802,145.13295546237103,10291300
2021-06-01,146.3403778076172,147.0982989875066,145.83802860167782,146.18173626188243,9445400
2021-06-02,146.34918212890625,147.56538463946117,145.88209258886187,147.40674309791964,10498600
2021-06-03,146.44610595703125,147.3979147331475,145.11534337666578,145.77632057277856,13354400
2021-06-04,146.68409729003906,146.88679324761998,145.4414566308323,146.48140133245812,8510800
2021-06-07,145.99667358398438,147.26575218926402,145.53839221038496,147.17761650093482,7267200
2021-06-08,145.41500854492188,146.08479404616818,143.79341410130377,144.96554881419817,10370700
2021-06-09,143.59951782226562,144.72758462456125,143.01785459518965,144.65707876846565,12377400
2021-06-10,141.36097717285156,145.62649335034044,141.2816631407425,144.8509425094125,12119400
2021-06-11,141.2640380859375,142.06602696463864,140.1800392676803,141.3874199559211,13683800
2021-06-14,138.8668975830078,141.29928862632244,138.0649087559953,141.14064711935933,19917900
2021-06-15,136.76058959960938,138.29406162166867,135.83523223128665,138.10017389080085,24485500
2021-06-16,137.72120666503906,138.91095750038386,134.9362862995615,136.36399268102122,25321200
2021-06-17,133.74655151367188,138.76998986284713,133.2970917808755,138.45272021392677,29722400
2021-06-18,130.36228942871094,131.93100710665752,130.04501992937278,131.57849141744248,43595700
2021-06-21,132.57443237304688,133.25303959445617,131.3318050957482,131.3846811355116,18664800
2021-06-22,132.38055419921875,133.0503397628061,131.014531605311,132.72426189532027,14251200
2021-06-23,133.18252563476562,133.99332290632773,132.27478448032005,132.3717283632035,12733300
2021-06-24,134.4075164794922,134.9451118505592,133.27064151975597,133.88755093386155,13733200
2021-06-25,135.76473999023438,136.1613236803624,133.66723439017304,134.47803159707985,15484900
2021-06-28,136.011474609375,136.1436646618677,134.06378933442278,135.45624949367627,14125800
2021-06-29,135.8440399169922,137.75646575745708,135.37695041643522,136.60196101277418,14528700
2021-06-30,137.0778045654297,137.553715514251,135.46503259334324,135.50027878144328,12531000
2021-07-01,138.4351043701172,138.48798040900857,136.97213787189898,137.71242931161692,10479400
2021-07-02,138.3021240234375,138.5591822690405,137.49551349774717,138.23121187034394,11424000
2021-07-06,135.9798126220703,138.0805328114798,135.04025023398185,138.0805328114798,15083400
2021-07-07,136.1393585205078,136.75096404163807,134.3311458505284,134.73887384787457,12271800
2021-07-08,133.79043579101562,135.19977923550832,132.9926842662223,134.38430981746646,17834600
2021-07-09,138.07167053222656,138.40848635513726,135.24411096359202,135.6607114124253,13694500
2021-07-12,140.04830932617188,141.07651534953,136.44960176952983,136.81302151444098,19940400
2021-07-13,137.9652862548828,139.50759505901357,136.05957128535965,138.31984699870512,22671700
2021-07-14,137.49549865722656,139.41008600877203,135.57205235941692,138.23119695041603,14622800
2021-07-15,137.79689025878906,138.7453115430436,136.23684997798162,136.4141235939525,11539300
2021-07-16,134.6502227783203,138.5237057740701,133.86134374994975,138.24007071476723,14002700
2021-07-19,130.27149963378906,132.79769250299162,129.15466373141084,131.67198412889726,22172900
2021-07-20,132.70021057128906,133.94999849215455,129.70423609018138,129.87265077759676,15385200
2021-07-21,135.49229431152344,136.19252983685018,134.16272188802625,134.7743273668526,12356700
2021-07-22,133.7816162109375,136.00644347818505,132.9306971448714,135.51007176879403,9913300
2021-07-23,133.52450561523438,135.47454216634478,133.1788173790153,134.26906281245886,9666100
2021-07-26,134.4197540283203,134.69454366455776,133.10791314691176,133.12564456459683,8208000
2021-07-27,134.24249267578125,135.16433712799432,132.77996842337348,133.31178927647173,11218700
2021-07-28,134.46405029296875,135.41248484505832,133.73722460711596,134.98701205201124,9217300
2021-07-29,135.6163787841797,136.3875264139371,134.65022612906373,135.74047166167065,9063500
2021-07-30,134.53500366210938,136.2102644135439,134.0209006900937,135.24411167610032,9805200
2021-08-02,133.99429321289062,136.90162352640857,133.9056631756532,134.7565818636977,10203200
2021-08-03,135.5188751220703,135.90002622298712,132.5317736159463,134.68567429807973,10394800
2021-08-04,134.05636596679688,135.94434968917562,133.76385839851608,134.0652249142803,10155000
2021-08-05,135.74932861328125,136.22798222307588,134.7388541899592,134.97818099485653,9151500
2021-08-06,139.6050567626953,139.88870527483525,137.4866059661577,137.55751809419266,13328800
2021-08-09,139.4544219970703,140.53580865625037,138.18688924650905,139.62283666900805,9516900
2021-08-10,141.16513061523438,141.80332645768948,138.55030756565003,138.93145869175157,8667000
2021-08-11,142.8492431640625,143.150609622505,141.00556805488972,141.82103739690896,9156500
2021-08-12,143.40765380859375,143.92175669040265,142.30854942861646,143.4874384209373,8844200
2021-08-13,141.80328369140625,143.73560205527139,141.4398776192794,143.40763176076828,8980900
2021-08-16,140.8726348876953,140.96127846635474,138.96691967251823,140.88150736062795,8755800
2021-08-17,139.1707763671875,140.8105878105227,137.62848097032506,139.66716144646568,9347200
2021-08-18,137.90325927734375,140.05716020333935,137.69052281145957,138.5503140973809,8065500
2021-08-19,136.75096130371094,137.8855287455141,135.62525280946016,135.75821817341085,9517700
2021-08-20,137.14097595214844,137.3005181640546,135.75822268184993,136.81301905537822,6974100
2021-08-23,138.89598083496094,139.24166908515375,137.60187139582214,137.6816424862262,7934600
2021-08-24,139.75576782226562,140.53578786103688,139.04665992566524,139.1618938473314,7670900
2021-08-25,142.63648986816406,143.39877839501477,139.8709842940575,140.50030749901063,11335000
2021-08-26,143.37222290039062,145.2158982398354,142.84038853368375,143.82427264451462,11027500
2021-08-27,144.52450561523438,144.6220081207902,142.93787516347194,143.37220696551307,8780200
2021-08-30,142.21109008789062,144.91455712953618,141.7147184720696,144.66637132162563,7937600
2021-08-31,141.7767333984375,143.03539364017527,141.24491255656636,142.2110652489756,12340800
2021-09-01,141.57289123535156,142.4947222850504,140.90810493673519,142.0160821010958,8729900
2021-09-02,142.228759765625,143.24809292523702,141.31577451666274,141.83874980104454,8813300
2021-09-03,141.36900329589844,142.6099320998969,141.06762327911918,142.1667413091675,7959700
2021-09-07,141.12081909179688,143.0442655217667,140.89922369398778,141.8121956509525,9285600
2021-09-08,140.49147033691406,141.448763997554,140.08372888835854,140.837158587275,7852700
2021-09-09,141.10305786132812,142.5567228228277,140.11917396192183,140.28758859269243,7904300
2021-09-10,139.4810028076172,142.45924538990155,139.3569099302349,142.31742109429058,8311600
2021-09-13,141.6969757080078,141.86539039099048,140.11035845407147,140.5180864522401,10052800
2021-09-14,139.22396850585938,143.00880831128896,138.505988027614,142.21992920505144,11685600
2021-09-15,140.19009399414062,140.65987508269663,138.69210717304,138.91370253651385,11691500
2021-09-16,140.12808227539062,142.57450446830256,139.35693451029184,141.29811263288966,10880900
2021-09-17,139.7646484375,140.9435376242899,139.1619154232611,139.49874476951828,25581600
2021-09-20,135.58091735839844,136.99911961370339,133.39155401713145,136.40524564412402,15819900
2021-09-21,135.5986328125,136.99025820546208,135.24408563632394,136.08614532357296,8999900
2021-09-22,138.19573974609375,139.38348768286616,137.4777729115538,137.56640294445904,11236200
2021-09-23,142.86695861816406,143.33675323962547,139.75576453238926,140.0482720400428,12336100
2021-09-24,144.51564025878906,145.00315281056876,142.54788568406644,143.09743791055868,10102400
2021-09-27,148.0079803466797,148.38025895684527,145.90726050177815,146.25294874872534,13220900
2021-09-28,147.21022033691406,150.0643694455288,146.83794178254342,148.64615383593033,13387900
2021-09-29,147.0950164794922,147.9370762524775,146.2884060176907,147.3254843400693,7777100
2021-09-30,145.0918426513672,148.0169053698803,144.2940908962564,147.95485215026704,13161200
2021-10-01,148.1409454345703,149.1780101736386,145.01201980021406,145.36656699259166,11285000
2021-10-04,147.98141479492188,151.07489164404444,146.90002809236836,147.99914621507656,14120000
2021-10-05,150.3979949951172,151.7177411423374,148.62346143824178,149.10499944768702,12292900
2021-10-06,150.71897888183594,150.79031833267277,148.0259724408329,149.80050556305105,8692600
2021-10-07,151.673095703125,152.9393401784841,151.1826455455475,152.66290834601512,10195400
2021-10-08,151.78904724121094,152.78777236477782,150.96866394590825,151.61070541294677,8190100
2021-10-11,148.59669494628906,152.74320074963052,148.43619136471443,152.3062652620479,12154700
2021-10-12,147.4552459716797,148.64123863264413,146.92913291649742,147.80301723266876,13032600
2021-10-13,143.5673828125,147.49988395512474,143.21069910529977,146.30497856873163,22753500
2021-10-14,145.76992797851562,146.2514523061639,142.72914994878374,144.23616366584307,15176800
2021-10-15,148.56993103027344,149.06929360366405,146.3673747031609,147.4463652401446,14267400
2021-10-18,148.5164031982422,150.3533495950815,147.9457012729464,148.4539760844626,12672900
2021-10-19,150.3177032470703,150.3890290898132,148.5431701617977,149.27437570608612,8053900
2021-10-20,152.34188842773438,152.36863901768155,149.32787523862453,150.0769189703602,8185600
2021-10-21,151.1470184326172,152.77887283078914,150.4157991869029,152.27058429072767,8415200
2021-10-22,153.18016052246094,153.4565924477398,151.325375235279,151.61964542862444,8817900
2021-10-25,152.43109130859375,154.23237509999177,152.0208928506401,154.0094444092062,10159200
2021-10-26,152.8412628173828,153.81325088537966,152.07438076376243,152.48457918590708,8015100
2021-10-27,149.65785217285156,152.21709247731883,149.22090306446952,151.87824703634362,9847000
2021-10-28,151.91387939453125,152.04763235660454,149.7737503617072,150.07693281347903,7212900
2021-10-29,151.49476623535156,153.59031998532373,151.0489048933667,152.64508251076484,8140100
2021-11-01,151.41455078125,153.67060862435602,150.71008207222275,153.4120013642685,7435500
2021-11-02,152.01197814941406,153.0998809920009,150.62980516678888,151.41452554022447,7173800
2021-11-03,152.06549072265625,152.60052985489583,150.8349088824714,151.70880703890342,8402700
2021-11-04,150.0680389404297,151.77123292329742,148.46294862618703,151.59289106689397,9574200
2021-11-05,149.85401916503906,151.6731276889618,149.28331711767015,150.611975380586,7975600
2021-11-08,150.75465393066406,152.41325887786448,150.4693097109725,150.7457416010709,6413700
2021-11-09,149.61325073242188,150.2285416432765,148.56102435652167,149.2298164584749,7990300
2021-11-10,149.47055053710938,150.6565433285071,148.9979386075474,149.31895931504312,6999200
2021-11-11,149.46165466308594,150.41579095562895,148.82852550677035,149.38140287902908,5815300
2021-11-12,148.7928924560547,149.57761300867466,147.7763288340754,149.49734760189313,8113400
2021-11-15,148.52537536621094,149.6221908069491,148.02601268121188,149.10500345935196,6492500
2021-11-16,147.4552459716797,148.98009756623588,147.24122765468383,148.97117163223186,9706100
2021-11-17,146.66162109375,147.6335954885624,145.6985590268011,147.32150073405037,9909600
2021-11-18,145.3953857421875,147.00048928802653,144.95843673046767,146.59029086818666,8122500
2021-11-19,143.49606323242188,144.55721577730006,142.18522933658568,143.83492232584197,12193600
2021-11-22,146.5546417236328,148.00814057663277,145.34189822018288,146.38521222139497,14549900
2021-11-23,150.05914306640625,150.3088244140751,147.46422591033385,147.58015425268474,12354400
2021-11-24,148.8820343017578,151.09350288182597,148.4183346682146,150.2196184085635,9629800
2021-11-26,144.3966522216797,145.03869366284258,141.62340764972922,144.58391997810585,13619300
2021-11-29,143.7724151611328,146.93803276397094,142.5150967745646,145.6271995977439,12104400
2021-11-30,141.63235473632812,143.23745873314235,141.15081673397782,141.92662493629507,18922600
2021-12-01,140.79409790039062,145.59157042622144,140.71384612221195,143.5673560680819,12253400
2021-12-02,143.75462341308594,145.57373174631584,141.60556842616066,142.52404172476034,12969900
2021-12-03,141.15078735351562,144.30749349128556,140.16990049774233,144.01322335257078,12681800
2021-12-06,142.81834411621094,145.00306251804062,142.194140802347,143.57630042354154,11186500
2021-12-07,144.96739196777344,145.6985976379715,143.71005946883741,144.35210101694895,9851600
2021-12-08,143.30877685546875,145.5915850413227,142.82723892484046,145.04763359027078,11705700
2021-12-09,143.08584594726562,143.50494314363885,141.47181625566503,142.36353905237672,11189600
2021-12-10,142.51513671875,144.19156623957966,141.8998458429725,143.85272084640215,10405400
2021-12-13,140.82086181640625,142.48837908494812,140.25015977323721,142.22978546192576,12069000
2021-12-14,141.89984130859375,143.46926840317553,140.26798709221055,140.40174005805798,12563600
2021-12-15,140.83868408203125,142.54187768849673,140.3125709595969,142.54187768849673,14014200
2021-12-16,143.04124450683594,144.29857680521405,141.51639267164842,143.02340624261961,19542800
2021-12-17,139.78646850585938,142.12279161596578,138.37754477572813,142.0692904222385,28082000
2021-12-20,137.27182006835938,137.94952454764203,135.39919660848918,137.7800950261686,15148000
2021-12-21,139.18902587890625,140.16100058607552,138.29730296812085,138.58266083074585,11291300
2021-12-22,139.7329864501953,140.0540072631372,138.4310785358179,138.88585235139698,7273000
2021-12-23,140.23233032226562,141.89093536551516,140.18775506510846,140.5444387620308,8055200
2021-12-27,141.0348663330078,141.07052925431128,139.41192447822218,140.53550379510722,6188100
2021-12-28,141.4629364013672,142.8094332351341,140.96357369762882,141.07057610368327,6342300
2021-12-29,141.3915557861328,142.34570565118904,141.02594619634814,141.65016300099873,6398900
2021-12-30,141.32020568847656,142.88964630430962,141.222115649987,141.88199532769937,6948200
2021-12-31,141.20431518554688,142.04252321389316,140.8565438270659,141.2934793043358,5805900
2022-01-03,144.19158935546875,145.0298110535667,142.2387140389664,142.55082249476428,13120900
2022-01-04,149.65785217285156,150.32664433101783,146.44764437100898,146.51898383400675,20195800
2022-01-05,146.92173767089844,151.03030912388292,146.8768815510556,150.54589861881163,17539400
2022-01-06,148.48265075683594,150.14221780257327,147.00248082677263,149.7295743225558,14047500
2022-01-07,149.953857421875,150.28576812918556,148.07000955795544,148.61722146599544,13913300
2022-01-10,150.09742736816406,151.8825839638644,148.4916679502889,151.66729639993684,12922500
2022-01-11,150.24990844726562,151.1738872950451,149.19136120073472,150.9406408791439,11854100
2022-01-12,151.10211181640625,152.13373437527682,149.97179755770478,151.12005700620907,12568000
2022-01-13,150.9137420654297,152.3311111128668,150.60874223815324,151.01242009050983,13623400
2022-01-14,141.6380615234375,144.45485440743153,140.74995930359225,144.21264222235172,40158400
2022-01-18,135.69944763183594,139.7452184133184,135.04457829348732,139.7452184133184,32324800
2022-01-19,133.600341796875,136.56066918106663,133.2594652364409,135.96861465476633,22380000
2022-01-20,132.46102905273438,135.10737621361324,132.19190598643854,133.6541308190506,14860800
2022-01-21,130.14663696289062,132.32650579805693,129.4200140178352,132.31754004511797,20705400
2022-01-24,130.0299835205078,130.5054283910756,125.20376774347633,127.6348139777881,28471400
2022-01-25,131.4473419189453,131.73441018150982,126.29816788658216,128.8637823085376,18915900
2022-01-26,132.69427490234375,135.07151292084316,130.93602957942716,133.41193192091282,20709100
2022-01-27,130.35293579101562,134.90107666430532,129.29440222770756,134.0398854480491,17536800
2022-01-28,131.5191192626953,131.65367396618265,127.53613578143928,129.34821668802778,14117000
2022-01-31,133.30430603027344,133.47473744678217,129.77882178469122,130.64897881203532,13985700
2022-02-01,135.591796875,135.8788651505945,133.0351617753094,133.3850176810847,14584900
2022-02-02,134.50634765625,135.40341545314305,132.82883525627386,135.0087034324032,12441100
2022-02-03,133.3939971923828,136.04034482323263,133.02619605939879,134.5601882279928,12474900
2022-02-04,136.85665893554688,137.69990484260524,133.45677805701527,133.75281206831244,16654400
2022-02-07,137.31417846679688,137.80755481973785,135.3226868013496,137.49358929406347,12572300
2022-02-08,139.89776611328125,142.16734728942214,138.86614328346184,139.04555416410355,20411400
2022-02-09,140.48086547851562,141.2254199323025,139.78115347776782,140.47188603736984,9131100
2022-02-10,139.89776611328125,142.66073747731642,139.24291023926128,140.534690480958,16455600
2022-02-11,138.0767059326172,141.9071901534685,137.22449406398565,139.59275305387123,16830000
2022-02-14,136.79388427734375,137.86138354343666,134.84724864411163,137.00917180548444,17026500
2022-02-15,138.79437255859375,139.8887966964702,138.01392771974687,138.60598224154154,9500000
2022-02-16,139.0455322265625,140.03231244666443,137.91523153749446,137.91523153749446,9076500
2022-02-17,135.8429718017578,137.90623050093004,135.16120519438138,137.25137483278107,11367500
2022-02-18,136.4799041748047,138.27403990140297,135.5738705606135,136.47093842391266,11733300
2022-02-22,136.2377166748047,137.46670917789797,134.9280050227362,135.0984501377166,11333500
2022-02-23,133.38499450683594,137.52047702746182,132.73910468713373,137.35899772845306,11799000
2022-02-24,129.67117309570312,130.0658851782874,125.39215520138974,128.22689316888548,25655100
2022-02-25,132.73912048339844,134.6767901730923,129.99409526708283,130.29909502708057,18367700
2022-02-28,127.20423889160156,130.12867550026303,126.37893801470638,128.77410781451724,31315300
2022-03-01,122.4049072265625,126.02008962110743,119.83032683874998,125.62537757109381,36840400
2022-03-02,124.94359588623047,125.62536245264417,122.54842662171677,123.15842612511308,19405600
2022-03-03,124.05553436279297,126.46864960255871,122.95214449619506,125.44599257513751,16640800
2022-03-04,120.56591033935547,121.4809233545644,118.77177468735215,121.05033463077085,21016000
2022-03-07,115.91014862060547,119.0319410594169,115.6769022077085,118.56546192179273,27560100
2022-03-08,115.09381103515625,118.22456915671027,114.16982537539673,116.29587870181693,19207800
2022-03-09,119.70472717285156,121.3194519201445,118.8076593897075,119.22030290457964,17536200
2022-03-10,118.28739166259766,119.7137265533272,116.90591291126006,118.28739166259766,15604200
2022-03-11,115.62307739257812,120.27886183506435,115.2014543979835,118.85252720475627,20061800
2022-03-14,116.77130126953125,119.23823745304747,115.92805543851355,116.13439086570595,15786900
2022-03-15,118.84355163574219,119.80342085968103,117.63251818286528,118.23355203367143,15096600
2022-03-16,124.15416717529297,124.2349136732317,120.59280722602917,120.98751921357989,20354900
2022-03-17,125.72402954101562,125.75991991349302,121.92943709743484,122.77268290448978,17050500
2022-03-18,125.6792221069336,126.35202305249925,124.20803125349016,125.7599549352406,23656500
2022-03-21,125.2755355834961,126.27128157015811,124.45023469994652,125.90349410826214,12676100
2022-03-22,127.93981170654297,129.11496839368772,127.13245612110323,127.62584617361375,13548600
2022-03-23,125.39213562011719,127.01582614323432,124.8718346550674,126.46861423931716,12093200
2022-03-24,126.2084732055664,126.2264183945711,124.79110441390361,125.85861730490188,10017600
2022-03-25,127.31189727783203,128.44219810431576,126.3071854320687,126.56732914635661,8383500
2022-03-28,126.3699722290039,126.45968450956079,123.70567901689624,125.58952740321332,10818100
2022-03-29,126.64806365966797,128.81898043650057,125.80483117121783,128.5947134188104,11316500
2022-03-30,126.07394409179688,127.49131332496432,125.50880049971033,127.29395724894273,8771000
2022-03-31,122.2883071899414,125.90348986467261,122.23447161590136,125.43701070685138,17353900
2022-04-01,121.38227081298828,123.2661191181032,120.02770303926916,123.25713967753126,15721300
2022-04-04,121.92052459716797,122.84450361359507,119.21137519489497,120.31476508756735,17416400
2022-04-05,120.50167083740234,122.3633264137418,120.20344245046942,121.16139444620825,12110300
2022-04-06,118.82981872558594,119.79678927742331,118.35084955502109,118.91114999085892,12914700
2022-04-07,118.46830749511719,119.21839457185682,116.33553393644571,118.34178761407875,12994200
2022-04-08,120.6372299194336,121.00774354023187,118.8297952808065,118.9924577792596,13126900
2022-04-11,120.19441986083984,121.91147748585546,119.80582797956211,120.19441986083984,10466400
2022-04-12,118.87496185302734,121.62227003499122,118.11584266707588,119.41719772278182,12989900
2022-04-13,115.043212890625,116.80545883465285,113.87741676810822,114.71787411714051,30838000
2022-04-14,113.97684478759766,115.94694906137566,112.98275009844885,114.32025492896564,18835200
2022-04-18,116.09152221679688,116.79642055778413,113.45266264732628,113.5701434058857,11834400
2022-04-19,118.49541473388672,118.67616923591996,115.88367213924273,116.08249105977335,15015400
2022-04-20,118.9111099243164,120.65527748799845,118.69421283370293,119.76060629218166,13430200
2022-04-21,117.98934173583984,120.02270588925519,117.44711956870901,119.48951593187158,12174200
2022-04-22,114.60038757324219,117.95318479344604,114.4919459109022,117.73628767913453,14318800
2022-04-25,114.56424713134766,114.88055372440961,111.25664516641041,113.87742689939034,17149000
2022-04-26,111.17530059814453,114.23890862656471,111.03974851730746,112.63932512452813,17209500
2022-04-27,109.72935485839844,111.66330936313132,109.54861415311751,110.55174092550332,17215200
2022-04-28,111.46449279785156,111.74464986019777,109.47631741862703,110.98552371343577,13015600
2022-04-29,107.8676986694336,111.70849723680001,107.45198953422596,111.20241774955869,14874800
2022-05-02,108.85274505615234,109.08771348260495,106.83745935622471,108.33762647553962,18545000
2022-05-03,111.18434143066406,112.21457862994093,109.15097744869927,109.82876544268754,15720900
2022-05-04,114.86248779296875,115.13360578890958,110.9222791155799,110.97650685165829,17128500
2022-05-05,111.9886474609375,113.95875147359433,110.39810995874578,113.19059313864258,15055400
2022-05-06,111.80789947509766,112.32301803273535,109.51245682857419,111.88019850998393,14417900
2022-05-09,110.12700653076172,111.45547225554238,108.89795027482975,110.35293588817838,14312300
2022-05-10,107.44295501708984,111.86213229989619,106.24100928876732,111.25664333112601,16382400
2022-05-11,106.76514434814453,111.0578008427587,106.58440367471825,107.81345955949823,14630300
2022-05-12,106.67479705810547,106.92783681349641,104.26187338300672,105.73493018464183,16318800
2022-05-13,107.62369537353516,108.67201080389951,106.60249725518328,107.91289154313871,10443200
2022-05-16,106.87361145019531,107.958069468724,105.94278372024193,107.12665119486428,10269000
2022-05-17,110.41618347167969,111.13012098857104,109.17808824950363,109.38594626877723,11160200
2022-05-18,108.52741241455078,110.2264054321231,108.02133290879706,109.62091646705117,12664900
2022-05-19,106.91877746582031,108.12976207352874,106.3042495070164,106.81033581679398,12765800
2022-05-20,106.04219818115234,108.14786141314755,103.94557405385706,107.9580815833495,13150100
2022-05-23,112.60317993164062,114.38350420641545,108.85275156681057,108.86179067081902,24376700
2022-05-24,114.19371032714844,115.21490832021583,111.25662931440247,112.38627585776631,19324900
2022-05-25,114.98898315429688,115.54929034212526,113.11828868688272,114.12141540511509,12780400
2022-05-26,116.9771728515625,117.65496084587582,115.86560440198564,116.01018869398546,15990900
2022-05-27,118.63096618652344,118.63096618652344,116.70604404889943,117.62783949658807,11177800
2022-05-31,119.49853515625,120.32995342054403,117.22117748043095,117.64591192652784,17015000
2022-06-01,117.40190887451172,120.0769041580333,116.28129454298582,120.0769041580333,10768000
2022-06-02,119.29068756103516,119.29971977006767,116.28130719735319,117.39287565216584,8374800
2022-06-03,117.62783813476562,119.08282342873453,117.47420786020129,118.57674398555068,8596000
2022-06-06,117.2392349243164,119.6431261176573,116.99524119546945,118.46829093530317,11323500
2022-06-07,117.5465087890625,117.77243810052948,116.23610775084937,116.42589443991919,6722200
2022-06-08,115.67582702636719,116.98621449647362,114.68173926682266,116.57954442501068,8422100
2022-06-09,113.24481201171875,115.76619098655297,113.20866249254672,115.10647432759116,13560100
2022-06-10,108.03939819335938,111.51870816886237,107.83154019560759,110.78669252009769,12945200
2022-06-13,104.82217407226562,106.59345926062625,103.98171665635213,105.60841065322221,16805600
2022-06-14,103.07801055908203,106.02413138858994,102.31889120751269,104.42455452931627,13357900
2022-06-15,104.29803466796875,105.68975347958727,102.27370260688963,104.48781450591673,14083500
2022-06-16,102.5086669921875,103.25875410382977,101.09887002654987,102.89726575769232,16724900
2022-06-17,102.14717102050781,103.59311740229734,101.36094133828087,102.60806879979629,30919900
2022-06-21,104.67758178710938,105.7620398438149,103.96364425676538,104.71373130830838,11680500
2022-06-22,104.09016418457031,105.01195284374018,103.3762266538764,103.81904622285296,9842700
2022-06-23,102.95146179199219,104.09014739479201,100.74639651197921,103.93651712551367,11851500
2022-06-24,106.02410888671875,106.47596751765342,101.96642031147374,102.3279085951846,14841100
2022-06-27,105.17460632324219,107.09048928885558,104.50585751899082,106.69285151047174,11280500
2022-06-28,104.6685562133789,107.80445691089798,104.46973726849157,106.34043213975971,11590900
2022-06-29,104.19862365722656,105.57227113319433,103.68350499188654,104.83122310770838,9338400
2022-06-30,101.76760864257812,103.09607421510097,100.24936325895432,102.27368813884739,15172600
2022-07-01,103.06896209716797,103.40333308961966,100.45721961946425,101.80375648256306,10573600
2022-07-05,102.67693328857422,102.7589839701268,99.65005192762612,100.99026175029019,12514200
2022-07-06,102.0113754272461,103.01425645258415,101.00849440190805,101.86550523822852,10656200
2022-07-07,104.59152221679688,104.7556305302339,103.3880635701938,103.47923330970208,10347400
2022-07-08,104.26329803466797,105.43940636977449,103.57951460419706,104.99266980949216,8807800
2022-07-11,102.89573669433594,104.14478366510028,102.31224202549255,103.52481970997854,7939500
2022-07-12,102.99601745605469,105.01089841403149,102.34870332568424,102.64045063734142,11250900
2022-07-13,102.02960968017578,102.54928481624609,100.63468561996145,101.8837325408835,12979900
2022-07-14,98.46482849121094,98.67452516799676,96.69610619801097,98.45570942983613,26204800
2022-07-15,102.97777557373047,103.82566725409747,98.16394162937758,99.52239630334259,18863900
2022-07-18,101.92021179199219,105.61263855488106,101.46435612083512,104.63710769683716,13977900
2022-07-19,104.44563293457031,104.79208764257848,102.7224993215758,103.14188563923433,11862300
2022-07-20,104.42740631103516,104.60974577679487,103.46099462206014,104.0262511393981,11667500
2022-07-21,105.13854217529297,105.33000070510592,103.3607080014549,104.33623877096178,11595900
2022-07-22,104.62798309326172,105.98643088341088,103.63421423183108,105.06560059004582,7645500
2022-07-25,105.04735565185547,106.17787548541658,104.63708147713629,105.61261209073413,9394000
2022-07-26,103.40628051757812,105.37558000804694,103.05071371332197,104.46386882671233,10675100
2022-07-27,105.06560516357422,105.52146080012055,103.29689002372183,103.94420419292103,9337400
2022-07-28,104.67356872558594,105.7402761983333,103.50657941243819,105.07472391040734,10384800
2022-07-29,105.17501831054688,106.21436865768555,104.65534313697755,105.38470801865441,12944500
2022-08-01,104.12653350830078,104.9470749652063,103.08718331482189,104.39093058640391,14740400
2022-08-02,102.50370025634766,104.2997726043284,102.35782311166867,103.86214812609651,14942900
2022-08-03,103.57952880859375,104.02626543013938,101.84727582268702,103.43365165130211,14394500
2022-08-04,102.43986511230469,103.3151069794025,101.21816855736539,102.88660162705374,18033900
2022-08-05,105.5396957397461,105.93173185359173,102.15724785321973,102.59486535586312,14174600
2022-08-08,104.25418090820312,106.39670097225427,104.09919166381499,105.98643368868454,10332500
2022-08-09,105.19325256347656,105.74939704082172,104.27242911249343,104.61887691977174,10233800
2022-08-10,107.93749237060547,108.83097243993163,107.12606992930743,107.54545626199369,12847300
2022-08-11,109.53299713134766,110.49940890206962,108.77627506840615,109.31418836276644,11684900
2022-08-12,111.34730529785156,111.4567131645571,108.89480648250156,110.01620755405946,9906700
2022-08-15,111.64816284179688,111.88520972291803,109.95237929955525,110.44470422689686,8456200
2022-08-16,112.71485137939453,113.27099575911315,111.11024470080724,111.49316172939255,9555000
2022-08-17,111.76669311523438,112.2863752718746,110.94615844977356,111.50230293997612,8149300
2022-08-18,110.90056610107422,111.65728817761779,109.90680408589245,111.44759151026271,9531800
2022-08-19,108.15632629394531,110.30796586215529,107.68223940275956,109.97063707897902,13464500
2022-08-22,106.36935424804688,106.81609778712179,105.30265371101682,106.44229282044341,8967600
2022-08-23,105.32088470458984,106.93461757615913,105.19324568100646,106.38759219568678,7607000
2022-08-24,105.576171875,106.13231632737576,104.34535604891266,105.11119716194045,9771300
2022-08-25,108.0833740234375,108.25659443508277,105.46676017002672,105.90438464092031,10758900
2022-08-26,104.54592895507812,109.39623260047188,104.48210944484156,108.91302674356575,11276200
2022-08-29,104.29066467285156,104.7191701363162,103.44277280738912,103.93509778950981,8117300
2022-08-30,104.30888366699219,105.37558412139947,103.3515841069008,104.84678994619081,10745400
2022-08-31,103.68893432617188,104.87415490117446,103.333360502285,104.37271783491376,10738300
2022-09-01,104.40006256103516,104.5094634649535,102.0296145801338,103.2877736658309,9979800
2022-09-02,103.67070007324219,107.08049868313738,103.19661321670829,105.6399999907041,10666600
2022-09-06,103.69802856445312,104.61885881186029,102.17547255004828,104.23594178233411,9751900
2022-09-07,105.66732788085938,105.85878639528137,102.80455531240868,103.14188399961701,10647900
2022-09-08,108.12895202636719,108.30217938839108,104.50945727880448,105.10207097790298,11435000
2022-09-09,108.64862823486328,109.45093858836361,108.19277260884894,108.6212780102312,9299700
2022-09-12,109.93414306640625,110.81850408276097,109.21389035159987,109.97061235072863,8614600
2022-09-13,106.11406707763672,108.42069532388211,105.55792268358492,107.64574218725726,12904600
2022-09-14,105.86791229248047,107.43604979128575,104.73738534029823,106.3966995282637,9345700
2022-09-15,107.46342468261719,108.84010388152588,105.53971308180986,105.86792974062666,10821400
2022-09-16,106.74314880371094,107.03489610903685,105.1841234887689,107.02577704942541,14844100
2022-09-19,107.72781372070312,108.24748889878178,105.31177731335993,105.75851391589639,8201300
2022-09-20,105.603515625,107.29929910434645,104.51857701299748,107.04402106759404,9619000
2022-09-21,102.55840301513672,106.30553704477167,102.49458350185508,106.2508365921889,12606300
2022-09-22,101.39141082763672,103.57040023496134,101.26377180463231,103.3698226400101,11684500
2022-09-23,99.5041732788086,100.59822408455982,97.69898875373855,100.33383392188415,18138600
2022-09-26,97.36164093017578,99.93266626360436,96.6960886864614,98.46481065934786,15753600
2022-09-27,96.5046157836914,98.61978519696288,95.41056527730404,98.23686821530765,12793600
2022-09-28,98.4556884765625,99.13035975859935,96.31316859263455,96.59579683285273,12762600
2022-09-29,96.78727722167969,97.80838944996462,95.1826633483393,97.50752304449979,12713900
2022-09-30,95.27381134033203,98.11835251793178,95.18264162016233,96.69607845123002,15973400
2022-10-03,98.21864318847656,98.79301869683115,95.23734389530279,96.2949321458903,12248100
2022-10-04,102.81368255615234,103.01426015959885,100.16060623041493,100.84438972081601,16013600
2022-10-05,101.54425811767578,102.05938210489853,100.10926585724786,100.95554298426751,10943500
2022-10-06,99.47456359863281,101.36029653834461,99.2905927343852,100.68878954956745,11521400
2022-10-07,97.48764038085938,99.0790085258361,96.83452774642812,98.90423131228088,11681100
2022-10-10,96.57697296142578,98.71106718331806,96.14463372809632,98.17754889137375,8931700
2022-10-11,93.78977966308594,96.16304177997259,93.68859357932449,96.00666583890084,12739700
2022-10-12,95.30756378173828,96.33781889781561,93.16426876372219,93.64260425327333,13181000
2022-10-13,100.60600280761719,101.0935319046176,93.60580418327433,93.80817634083039,22398700
2022-10-14,102.28016662597656,106.00562932530556,101.84782736783814,102.98846218515489,33387100
2022-10-17,106.57595825195312,107.63380836386486,105.15936000910324,106.16202026026733,22276300
2022-10-18,109.31712341308594,110.51295476974752,107.58777388345601,110.07142200466772,21539700
2022-10-19,107.17385864257812,109.30795283865571,106.40116561366753,108.5352598097451,17072000
2022-10-20,106.82430267333984,109.19756456102361,106.38276982142175,107.77177291324199,12207400
2022-10-21,112.43551635742188,112.58269165038902,107.00829145475528,107.12787181891852,20593300
2022-10-24,112.57349395751953,113.23580033836043,111.60763633382577,112.28833699500599,12624200
2022-10-25,112.86784362792969,113.39216830619782,111.20288416182254,112.0859569347984,11289100
2022-10-26,114.16486358642578,115.16751673776746,113.03342240711233,113.14380913764298,11667000
2022-10-27,114.61559295654297,116.08738088661299,114.2568448679021,115.16751255306443,10727600
2022-10-28,115.97700500488281,116.16097587044742,114.10967334905133,115.25030815523692,11859500
2022-10-31,115.79302215576172,117.2188208658806,115.52625949950549,115.6274455766385,13295200
2022-11-01,117.8811264038086,118.00071378386194,116.20697326344913,116.70370302711085,13386900
2022-11-02,116.79566955566406,119.91402227442202,116.49211135733317,117.42118022887425,16546100
2022-11-03,117.00725555419922,117.90872263977505,115.82063151555903,116.18857325446575,12474400
2022-11-04,120.20838165283203,120.34637031826811,118.16628695792505,119.11375017573266,14953200
2022-11-07,120.84308624267578,121.6893633394648,120.02440407021109,120.502739485292,12011200
2022-11-08,120.91667938232422,121.47779957964111,119.71165421335083,120.72351490886511,9884100
2022-11-09,119.34373474121094,120.89830059213453,118.86539922919229,120.79712853982576,9494000
2022-11-10,124.25579833984375,124.41217424976585,121.9101316188624,122.00212405344004,16351600
2022-11-11,124.45817565917969,125.25845653630671,123.05997200450365,124.35698959135296,10704700
2022-11-14,123.17958068847656,124.85373387602829,123.17958068847656,123.99826300220809,11085600
2022-11-15,122.28730010986328,124.8353393572774,121.0546798954175,123.88786204811832,14038300
2022-11-16,122.45285034179688,122.85759459573194,121.45019737205082,122.34247064929635,7893400
2022-11-17,121.91934204101562,122.2413015703091,120.7603130004973,121.42261931967256,8820200
2022-11-18,123.11516571044922,123.87865805777638,121.6801734570925,123.78667965255467,9468500
2022-11-21,122.38847351074219,123.7774695157206,122.11251022843456,123.02318484922705,7800500
2022-11-22,124.21900177001953,124.43058157258422,122.97718805950433,123.26234497000614,9185700
2022-11-23,125.54361724853516,125.56201854399083,124.05343514637053,124.12702629211735,7316200
2022-11-25,125.78279876708984,126.15074047959821,125.15728101253367,125.54362402149044,3220500
2022-11-28,123.58431243896484,125.75520220104728,123.43713014144959,125.1664870470627,9906900
2022-11-29,125.61724090576172,125.69083207055495,123.63952923273159,123.86949635918066,7925300
2022-11-30,127.10741424560547,127.10741424560547,122.51727971512798,125.1848925755155,14761200
2022-12-01,125.32286834716797,127.54894805723036,124.57776319758342,127.10740114575573,8858500
2022-12-02,124.32940673828125,124.50418396659444,122.65523964188837,123.71309664207149,8931900
2022-12-05,120.84308624267578,123.7866758406425,120.13479780358388,123.48311763699935,10154500
2022-12-06,121.04548645019531,124.28342733722695,119.46331158699114,122.70125247402278,13966700
2022-12-07,120.96268463134766,122.41607826790143,119.88644037637134,120.78790740397876,11739400
2022-12-08,122.23210906982422,122.32408748184625,120.89828875277405,121.72617867743384,8907300
2022-12-09,121.56980895996094,123.04158995225265,121.42262664990848,121.60659751943524,7957800
2022-12-12,123.45551300048828,123.8602432040971,121.05465652061713,121.79053982614178,8841600
2022-12-13,123.33594512939453,126.10474369939061,122.41607681611092,125.9207728439492,10025400
2022-12-14,122.71965026855469,124.8353504587983,122.12172736909545,123.05999709514892,9966100
2022-12-15,119.67486572265625,121.49620093947502,118.70900124661992,120.6407161626169,12087800
2022-12-16,118.92975616455078,119.4908763410271,118.13866893273293,118.80097517500253,21133700
2022-12-19,119.63806915283203,120.80630582686874,118.74579577670399,119.26091978022608,9017200
2022-12-20,120.21757507324219,121.4685963634736,119.76683461061833,120.47513704157737,8549900
2022-12-21,121.56980895996094,122.32409373584395,121.21106085175659,121.58819622165927,8051700
2022-12-22,120.19000244140625,120.77871762622489,118.12029864595483,120.59474676273354,8648200
2022-12-23,120.76032257080078,120.90750488363216,119.25173895447388,120.11641749726087,5091900
2022-12-27,121.1834716796875,121.6250045947413,120.08882600529972,121.02709573135758,5411000
2022-12-28,121.84573364257812,122.71960552276626,120.51191368031536,121.28461354501341,8827700
2022-12-29,122.54487609863281,122.59087232837359,121.707792440018,122.27810638778347,6585200
2022-12-30,123.3543472290039,123.56591301233534,121.82736245035154,122.16770923693821,9292500
2023-01-03,124.2926025390625,125.78279875758501,123.16116843891199,124.40299628166797,11054800
2023-01-04,125.45164489746094,126.64746247434609,124.70655381042198,125.09289681718009,11687600
2023-01-05,125.42384338378906,125.7574426311823,123.894840941672,125.71110665298082,8381300
2023-01-06,127.82392120361328,128.23165526483024,124.62693606326475,126.14666311159101,10029100
2023-01-09,127.29570770263672,128.6949780570482,126.84165182530386,128.43551351578455,8482300
2023-01-10,128.43548583984375,128.5466808650653,127.24008275969635,127.68487700033647,9048700
2023-01-11,129.3899688720703,129.50116391564796,127.97217550743012,128.71349465095616,8703700
2023-01-12,129.26023864746094,130.5297625475241,129.01003565570718,129.73283172987885,11001700
2023-01-13,132.52207946777344,132.9668879183642,124.91418364348826,125.65551692138334,20200000
2023-01-17,130.47415161132812,131.1598731733884,129.01928393227195,130.81701239235827,14292900
2023-01-18,126.55438995361328,130.40929781304155,126.40612045985449,128.73203981669712,13392600
2023-01-19,124.86785125732422,125.93350815389596,123.79291868041716,125.39605600519903,13303400
2023-01-20,125.17362976074219,125.55356495400356,123.75583661491721,125.24776449160447,13092500
2023-01-23,127.20303344726562,127.84243317700324,124.93271193453094,125.21069952158626,10487100
2023-01-24,128.29653930664062,130.0015964947351,125.0995535440233,126.41541381786321,6945000
2023-01-25,128.9173583984375,128.9173583984375,127.18450302762814,127.92583629217025,8967000
2023-01-26,129.7142791748047,129.78841390951436,128.2130896812595,129.19535017159177,7487600
2023-01-27,130.02935791015625,130.90040924581558,129.50115321728592,130.29808395652097,7489900
2023-01-30,128.9266357421875,129.81622435931374,128.72276873831353,129.01929356410358,6729300
2023-01-31,129.6957550048828,129.79768849678175,128.11115511077284,129.6216202707968,9188700
2023-02-01,129.35287475585938,130.54827785151784,127.99067912020439,128.0740895299568,8841800
2023-02-02,128.75057983398438,130.1591117757627,127.87951421393406,129.73284050688963,11822100
2023-02-03,130.74290466308594,131.89197209651468,127.99998956875123,128.04631141594143,11501200
2023-02-06,131.51199340820312,131.80853231502536,129.7606011415751,129.94593088846233,8406200
2023-02-07,133.11514282226562,133.75454259559032,130.82628393444696,131.01162785812542,10447900
2023-02-08,132.17922973632812,133.47655247654606,131.84563044030673,132.18849127741632,6958000
2023-02-09,130.12203979492188,132.82789453708943,129.6123722267593,132.6240275098244,6443100
2023-02-10,130.69654846191406,130.91895268101243,128.4262268501719,129.52895812609816,6582900
2023-02-13,132.11434936523438,132.26260469752583,130.41855439555908,130.9374834079669,7134600
2023-02-14,132.6981658935547,133.26343100467656,131.21551327437598,132.0495044889291,9249400
2023-02-15,133.254150390625,133.3375466721923,130.93749274871482,131.2247560339507,6728300
2023-02-16,131.41937255859375,132.87422632749147,131.28962614556048,132.42943198193922,8165300
2023-02-17,131.80853271484375,132.35526041873317,129.79767596852335,130.64092844038112,7948800
2023-02-21,129.3899688720703,130.97455480207697,128.5745008464841,130.372229463023,9996300
2023-02-22,128.39842224121094,129.2046145216142,127.36056421220857,128.73202148478387,11107500
2023-02-23,129.4270477294922,129.89037933050264,127.8239243491283,128.55598205723118,8068000
2023-02-24,130.5946044921875,130.99307691865604,128.74127856755442,128.90808525344383,9126900
2023-02-27,131.73443603515625,132.80009299558597,131.3267019891547,131.6881000499729,10014700
2023-02-28,132.83714294433594,133.21706401736367,131.49347032058068,132.45720773155335,11019800
2023-03-01,132.09580993652344,132.9390766374571,131.400812705156,131.67881442565394,7139200
2023-03-02,130.724365234375,131.98461342733398,129.3065577377837,131.80855932255736,11106800
2023-03-03,133.12440490722656,133.19853964117584,130.7336127614423,131.13207104919564,9513100
2023-03-06,132.3460235595703,133.4765394717512,132.1977540780608,132.92055012572462,9261300
2023-03-07,128.4540252685547,131.87341412691322,127.70343047325758,131.59541238871836,11747600
2023-03-08,127.6941909790039,128.42624868087265,126.85092407880404,127.87952078987817,10002500
2023-03-09,120.78126525878906,127.27718264990011,119.743407109807,126.73044067378717,25888100
2023-03-10,123.8485107421875,125.34043881545394,118.44607054402006,119.50247292330836,37599700
2023-03-13,121.6245346069336,124.0616631393986,119.91947785817618,121.58747430359412,42901100
2023-03-14,124.74737548828125,125.5906422588234,121.661585829519,125.35897649591112,29648100
2023-03-15,118.85379028320312,121.38359043240389,117.43600410626735,121.37431475303909,34280600
2023-03-16,121.16119384765625,122.27318668025714,116.77807450823371,118.62213199908345,24558500
2023-03-17,116.5834732055664,119.05766179175706,116.24987395013869,118.96500397287782,38396000
2023-03-20,117.81592559814453,119.97505194460439,116.76879902134797,117.67692474320197,22875500
2023-03-21,120.97587585449219,122.06933157350835,120.64227655822741,121.01293615862943,17807800
2023-03-22,117.85301208496094,121.07780274934426,117.76034718992405,120.98513078442906,17250200
2023-03-23,117.53793334960938,120.0306591206353,116.77806996061811,118.52020095236227,16677600
2023-03-24,115.74947357177734,116.4630009392736,114.08147741806526,116.41666496338486,22311100
2023-03-27,119.06694030761719,119.89166985599225,117.02827735701212,117.49160888171173,18853900
2023-03-28,119.4283447265625,119.85460183384843,118.37194228939033,119.27081369649973,10820500
2023-03-29,119.66927337646484,120.67007123133865,118.39974237149276,120.55887618293832,14595300
2023-03-30,119.307861328125,120.57738511423462,118.28853344143305,120.4198541009021,12134700
2023-03-31,120.75344848632812,120.781247244047,119.40052847816081,120.15112321607968,13105200
2023-04-03,120.61444091796875,121.80056824431207,119.91944377488853,120.38277520360867,11775400
2023-04-04,119.00206756591797,121.0129246940969,118.06614297272823,120.92952841287085,11579900
2023-04-05,119.17951965332031,119.68383859501387,118.10549231377561,118.42303411541698,9614700
2023-04-06,119.04876708984375,119.6184683520307,118.47906582765681,118.60981623615582,8760200
2023-04-10,119.44100952148438,119.75854416864264,117.88133895967496,118.18019803214959,9477300
2023-04-11,120.02940368652344,120.42165491662038,119.11414369093428,119.82393672065467,10516300
2023-04-12,120.01070404052734,121.8131925993878,119.59977016680972,120.64577329938268,11821000
2023-04-13,120.4683609008789,120.5150462813545,118.45105653904598,119.97337616173378,12450200
2023-04-14,129.56488037109375,129.92911468105393,125.98790535239443,126.22138924982342,43931300
2023-04-17,130.5922088623047,130.80701004727862,128.56557044137327,130.70427656738232,16050500
2023-04-18,132.05848693847656,132.41338702348074,129.84506414684276,131.00314941057005,13760100
2023-04-19,131.8903350830078,132.15183580886168,131.12450134963524,131.89966930510232,9158100
2023-04-20,131.50743103027344,132.08646637241037,130.60151262360765,130.66689493680227,10586200
2023-04-21,131.25527954101562,131.7876295784063,129.61155830847594,130.50814259486725,11842500
2023-04-24,131.4327392578125,131.77830508418094,130.78832148106375,131.18058693269546,7567500
2023-04-25,128.5749053955078,130.71362578436776,128.53755424384534,130.37740841650321,10629300
2023-04-26,126.29609680175781,128.70565216150288,125.14736009851921,128.52820213199345,14416100
2023-04-27,127.99585723876953,128.79904230186102,126.6976875234998,127.0152221587228,9041100
2023-04-28,129.1072235107422,129.18194004628052,126.70700290276079,127.53820476588172,9887300
2023-05-01,131.87167358398438,133.8983116604561,131.52612205157675,132.86164281251018,20415800
2023-05-02,129.74227905273438,133.00171810080434,129.2846456646735,132.05843440814013,14113400
2023-05-03,126.99654388427734,129.50883263139102,126.79107693650953,129.29403145898817,12930900
2023-05-04,125.25943756103516,126.75374021475564,123.10204861463683,126.04395429213784,17089200
2023-05-05,127.70635223388672,128.77103819082956,126.93118401732013,127.42616871874901,11261400
2023-05-08,128.01455688476562,128.85509320709122,127.46352406161003,128.40680811856598,7484900
2023-05-09,127.39813995361328,127.90245883341599,126.27742024793284,126.94984067076172,7343600
2023-05-10,127.4635238647461,128.9391437900356,125.95988701213741,128.83641030628993,8133400
2023-05-11,127.0619125366211,127.77169830207355,125.98787828872712,126.08127752792593,7057300
2023-05-12,125.24075317382812,127.93982613249807,124.33483462102346,127.78105881148507,9988600
2023-05-15,126.29609680175781,126.70703071204808,125.11000894791336,125.39952667996555,7639500
2023-05-16,125.44622039794922,126.95919131391835,125.11000305543114,126.51090627413573,6477200
2023-05-17,129.3033905029297,129.43414092654038,126.51093197351658,126.92185169720211,12711500
2023-05-18,130.28399658203125,130.49879774748342,128.6589437524678,129.13525995720966,10999600
2023-05-19,129.98513793945312,131.20860543284945,129.00451705077612,130.55483917276476,13492200
2023-05-22,128.9111328125,132.28264097920177,128.56558119246412,131.68492275092876,11402500
2023-05-23,127.56624603271484,129.8450509240399,127.44484410867604,128.4534819041472,9514900
2023-05-24,126.3988265991211,127.34211057047519,126.15600850043995,126.454860448761,8578000
2023-05-25,126.70704650878906,127.2674135928148,125.68906008184496,125.91320976560064,8472500
2023-05-26,127.89312744140625,128.50952828093497,126.66967423765121,127.1179592797064,8579900
2023-05-30,128.3787841796875,128.62160228714237,127.0339147368369,127.76238330992678,7399900
2023-05-31,126.74440002441406,127.7997375076155,125.5209324807601,127.69700402687282,14219900
2023-06-01,128.4908447265625,129.09789708675177,126.50155759891467,127.50087540035871,12248100
2023-06-02,131.18992614746094,132.13319591046866,130.13457442941316,130.340041387807,12922500
2023-06-05,129.90109252929688,130.85371078269984,129.0045223796328,130.85371078269984,8511900
2023-06-06,130.1345672607422,130.8443673509023,129.07922985155474,129.51816641951615,9329500
2023-06-07,131.3953857421875,131.93707003389363,129.65826516903496,130.33069985868914,9281400
2023-06-08,131.4327392578125,131.58217235836509,130.2653198798546,131.3767054077865,7368100
2023-06-09,131.6942596435547,132.43207678055575,130.9471225311297,131.07787295087678,7249100
2023-06-12,131.68490600585938,131.98377220735534,130.52682085114972,131.75028833145842,7596600
2023-06-13,132.6375274658203,133.4313641129227,130.8817241157406,131.19925877458158,7701600
2023-06-14,132.14254760742188,134.1224864357795,131.40473053409755,133.55278517375058,9068700
2023-06-15,133.6367950439453,133.9263126990027,130.7789553833227,131.30195685706784,9343100
2023-06-16,133.79559326171875,134.45869373040634,133.0858074190779,133.59947478908592,13813500
2023-06-20,133.11383056640625,133.55278140759413,131.72226149001006,133.1885471192388,8428600
2023-06-21,132.91769409179688,134.5053814350717,132.3293102245923,133.45936408773872,9926500
2023-06-22,130.35873413085938,133.17922366276454,129.77035013643084,132.90837435550557,10075200
2023-06-23,129.67694091796875,129.98512707104325,128.52819007179585,129.3874089623591,9919500
2023-06-26,129.99447631835938,130.76029596963508,128.5935731568006,129.69561013687937,8429700
2023-06-27,130.0038299560547,130.6015481575484,129.3874290527476,129.81704569009904,8154000
2023-06-28,129.43411254882812,130.01316222705987,128.8457428969404,129.96646260371023,7558600
2023-06-29,133.95437622070312,134.075792408893,130.61089931451409,130.8163662865002,15423200
2023-06-30,135.83157348632812,136.35457505574118,134.1691695332407,135.04707113220857,14212800
2023-07-03,136.9242706298828,137.73678987397622,136.35456946141917,136.53201946891622,8021600
2023-07-05,136.0121612548828,136.75503110193193,135.74886452312396,136.2942689956518,8934900
2023-07-06,134.6674346923828,134.83669068550142,133.00301235042232,134.48876602280728,9709500
2023-07-07,135.7300567626953,137.14058115170417,134.46999175217712,135.32571332517222,8981500
2023-07-10,136.49172973632812,137.28163425338343,135.8805082759092,135.8805082759092,9100100
2023-07-11,138.62631225585938,139.00246063974816,137.0183227540901,137.61073314225018,11260900
2023-07-12,139.3127899169922,140.9301924049343,138.23139359767345,138.654548055294,11323200
2023-07-13,139.9898223876953,140.4599971273314,138.9366355624607,139.82996469805036,11234900
2023-07-14,140.83612060546875,143.7700058700597,139.55724496602804,142.50994123448197,27028400
2023-07-17,144.23081970214844,144.5787444468276,141.38156169118153,141.38156169118153,17262400
2023-07-18,144.49411010742188,145.18995956633063,143.70421995745224,144.23081339076532,13491700
2023-07-19,145.0488739013672,145.95161550774765,143.139966044264,143.63835000605405,12510000
2023-07-20,146.83558654785156,147.2493426739594,145.19938740191142,145.31222476408757,9935900
2023-07-21,145.70716857910156,146.8261869060102,145.4626828470377,146.50647148363527,10636400
2023-07-24,148.5751953125,149.31806497568195,145.5002489615279,145.72593796800209,14381400
2023-07-25,147.46560668945312,148.31191544958145,146.656905593702,147.91697040494864,9944700
2023-07-26,148.34950256347656,148.81027889268154,146.95778959680948,147.36214726296728,8728600
2023-07-27,146.71334838867188,149.3087081152689,146.27138292944974,148.35896018619374,10778400
2023-07-28,147.5502471923828,148.19909065944483,147.10828176840127,147.89817192456593,9103800
2023-07-31,148.53759765625,149.87289208348741,147.77590258882222,147.80411192295733,8892700
2023-08-01,147.80410766601562,148.57520103974898,146.83554895902367,148.03919500943294,6853900
2023-08-02,146.13027954101562,146.40298888080457,144.75737756007877,146.28073887685835,8299400
2023-08-03,147.0236358642578,147.5596275662202,145.14293704590386,145.75415842243157,6084000
2023-08-04,146.71334838867188,148.38716952626356,146.41242962979885,147.07067147908836,6209400
2023-08-07,147.40914916992188,148.2930797961079,147.25870418882388,147.25870418882388,7251800
2023-08-08,146.58168029785156,146.67570663590206,143.48792249952785,145.11473741719715,8623400
2023-08-09,144.61634826660156,146.2431632885542,144.3154438775193,146.0550962518034,6277800
2023-08-10,144.4000701904297,146.1679318819675,143.95810476754525,145.1711636851966,5995100
2023-08-11,145.2369842529297,145.30281560835894,143.5255555435083,143.90168962180442,5180700
2023-08-14,145.5378875732422,145.6789342505091,143.79823536111664,144.44707877373204,5044300
2023-08-15,141.83290100097656,144.12735582105773,141.26868562441484,143.73241079690175,10300300
2023-08-16,141.23110961914062,141.9551828333585,140.75152213698502,141.6166564012589,6978200
2023-08-17,139.76416015625,142.23726975017826,139.54786942574637,141.87994667324236,9953900
2023-08-18,140.08387756347656,140.58226169114948,138.6451438592742,138.84260923513173,8517500
2023-08-21,140.56346130371094,141.14648784226083,139.19055885344807,140.7233190219691,8327000
2023-08-22,137.6483612060547,140.71389533939447,137.1499771305122,140.35655794613976,9673300
2023-08-23,138.5792999267578,138.78617796270962,136.7832433034955,137.62015377672074,7858000
2023-08-24,138.44764709472656,140.49761638052095,138.2219724072368,138.7015454667466,6534000
2023-08-25,138.2783966064453,139.75473785763214,137.14998007810868,138.49467297346612,6695500
2023-08-28,138.7579803466797,139.74535026556242,138.3536369186339,138.76739302548728,5094100
2023-08-29,139.88636779785156,139.97101014649476,138.40061406417527,138.89901243341095,6337000
2023-08-30,139.3221893310547,140.2531261794638,138.41004914219266,139.7547420781592,6277300
2023-08-31,137.601318359375,139.5008280122424,137.25339370090126,139.4161856681177,10933900
2023-09-01,138.0620880126953,139.24692293859306,137.00888706330605,137.37562270812614,7903500
2023-09-05,136.5387420654297,139.36920319243367,136.36007336787995,138.38183336553914,7854700
2023-09-06,136.31304931640625,136.8584393175543,135.51374662227437,136.06854930010627,8629200
2023-09-07,135.14700317382812,136.6045474653403,134.8366861815507,135.5325498322872,8373700
2023-09-08,135.25045776367188,135.52315278000043,134.14083799530906,134.81789072040658,7107900
2023-09-11,135.8428955078125,136.3976982708832,135.11882237294367,136.11559055028286,6854200
2023-09-12,137.6107177734375,138.53227044959777,135.45732411697276,135.8804784465689,8363200
2023-09-13,137.67654418945312,138.88958847071848,137.1217415471919,138.55106214943183,8325900
2023-09-14,140.34716796875,140.95838942649576,138.7203672923135,139.0212716819653,10034900
2023-09-15,139.9334259033203,140.7985458395975,139.46325108913075,140.03686493638588,19863400
2023-09-18,140.22491455078125,140.24372555861612,138.9366403116919,139.32218705503516,6512400
2023-09-19,140.04629516601562,140.78917957685866,138.42890663751413,140.58230146360614,7943400
2023-09-20,139.4538116455078,141.28749001053504,139.30335230566138,140.7232746604071,7332000
2023-09-21,138.3629913330078,139.97099490179698,137.88341836969443,138.77674730853678,8052400
2023-09-22,137.03712463378906,138.7109455472443,136.5293422319317,138.50406751537056,7071700
2023-09-25,137.71414184570312,137.77997317911795,135.1281814635426,136.67976630199325,7044700
2023-09-26,136.2848358154297,137.1405572392171,135.6265940850523,135.97453313071816,7468400
2023-09-27,137.08413696289062,137.37564298659942,135.88988918481877,136.52933425011622,6717800
2023-09-28,138.7861785888672,139.9898247951475,137.30042466423484,137.55432304561114,8868100
2023-09-29,136.36947631835938,139.88637395090447,136.2190169681453,139.7359289492838,11917800
2023-10-02,135.1940155029297,136.93365300386665,134.1220179333575,136.19078341077514,9170600
2023-10-03,134.197265625,135.02476331799002,133.85873927604274,134.65802763566907,9431100
2023-10-04,134.79910278320312,134.91194012848763,133.46379390389643,134.64864342376092,8128700
2023-10-05,135.36744689941406,135.55691605946282,133.40656829222362,134.552778656394,8576200
2023-10-06,137.45150756835938,138.1903911218125,134.64752846347048,135.37694433963748,10270600
2023-10-09,137.13890075683594,137.73568242415,135.9358408359839,136.08741039936837,6964900
2023-10-10,137.97250366210938,139.03347614529983,137.62201169643586,137.75463145002604,11288800
2023-10-11,138.44615173339844,139.46922462849858,137.3757259962922,138.78717603176514,8698200
2023-10-12,138.12408447265625,139.2134745307247,137.47993546118224,138.58826087525622,10484400
2023-10-13,140.19862365722656,145.0392659035703,140.04705410852486,140.67226765606853,29427000
2023-10-16,140.05654907226562,141.63851843881218,138.98610891137227,141.57220133475337,12663500
2023-10-17,139.75343322753906,141.4396051424437,139.05243472464048,139.79133285173438,11482700
2023-10-18,138.21881103515625,139.7060458454633,137.70726736334078,138.8629600091824,9620300
2023-10-19,137.6315155029297,139.27033472577966,137.24313827190818,137.81150259886476,11143600
2023-10-20,135.41481018066406,137.48937311336277,134.6285594440336,136.94942649571723,13332900
2023-10-23,133.56761169433594,136.1063366664098,133.31183988001058,135.40535277788072,10133400
2023-10-24,133.72865295410156,134.25913195204492,132.96135194247145,133.7476027624477,8881400
2023-10-25,132.99923706054688,133.7381205866468,132.15615127028062,133.16028874973279,8242600
2023-10-26,133.3402557373047,134.20229129970062,132.08036094329557,132.39296772266337,9109400
2023-10-27,128.5375213623047,131.76777717096823,128.0638773242415,131.6256752868679,17434700
2023-10-30,130.17633056640625,130.76364457019,128.8690683469191,129.24799226425498,9855500
2023-10-31,131.7298583984375,131.90037774366868,130.223674045485,130.45102835430433,9672500
2023-11-01,131.6162109375,133.12239554755078,131.17098437410596,131.90986793580896,9432000
2023-11-02,133.96546936035156,134.02230432854245,131.89090629457627,132.7055745657376,10186200
2023-11-03,135.46217346191406,136.19158921242118,134.37279812844756,134.69487255431997,9538700
2023-11-06,136.48526000976562,136.58946227041432,135.2632503662973,135.62322444025978,7625100
2023-11-07,136.4189453125,136.65576732228422,135.2916846876805,135.94530129293153,6297900
2023-11-08,137.091552734375,137.205222695659,136.0495299077011,136.51370634039606,7618200
2023-11-09,136.68418884277344,137.97250119221647,136.12529235225335,137.77357879262672,7992500
2023-11-10,138.7113800048828,138.75874729751894,136.4852617956672,137.2999300838166,7983300
2023-11-13,138.09567260742188,138.54089921767564,137.50835854898958,138.01988781690304,6676300
2023-11-14,140.61544799804688,141.38274904699387,138.79665657901384,138.94821168974792,9927700
2023-11-15,141.84693908691406,142.24479839305468,140.63441135739868,140.63441135739868,8365300
2023-11-16,143.46678161621094,143.54256639967807,142.1784692062087,142.1784692062087,8126200
2023-11-17,144.76458740234375,144.8024725697852,143.5520452271586,144.1772588984719,7812400
2023-11-20,145.20977783203125,145.64553669201902,143.91199783783145,144.06356739386794,7019000
2023-11-21,144.90667724609375,145.53189092775239,144.52776774752715,145.124549485046,7083500
2023-11-22,145.2476806640625,145.76869199043034,144.84033928000449,145.3234654437586,5174500
2023-11-24,145.4466094970703,146.29917746551416,145.20031979301464,145.4939767932843,3496900
2023-11-27,145.11509704589844,145.43717159894976,144.66040270897466,145.34243698712416,6259100
2023-11-28,145.4466094970703,145.75921630671945,144.66984076614435,145.1434848193456,6582700
2023-11-29,146.1855010986328,147.4264461508105,145.88236197975067,146.04339921623102,9126100
2023-11-30,147.85272216796875,147.90008946187166,146.24233535655063,146.74439687209036,9869800
2023-12-01,148.57266235351562,149.5389002641886,147.60643889731196,147.60643889731196,8916000
2023-12-04,149.66204833984375,149.71888331169214,147.66326992118485,147.79588967365407,9607500
2023-12-05,149.64309692382812,150.1451584423884,148.69580885794556,148.97051603708525,9135600
2023-12-06,148.0706024169922,150.82721429092348,147.77694541510039,150.46724018307185,9366000
2023-12-07,148.5253143310547,149.01790825495266,147.91905044566917,148.43059418130548,8130900
2023-12-08,150.1641082763672,150.41039796992956,148.70527656015864,148.97051606229314,7369400
2023-12-11,150.7135467529297,150.90300148739232,149.81361146891027,150.16411790485932,8093900
2023-12-12,152.05870056152344,152.18183819415106,150.50514854635935,150.83669073201253,10223000
2023-12-13,152.5702362060547,153.4891069225962,151.34824077979803,152.05870693457936,12379100
2023-12-14,155.3457794189453,156.1509656245066,153.18596372542805,153.29963367104395,13643000
2023-12-15,156.5204315185547,156.5677988213493,153.8301363916895,154.48376758862938,20309300
2023-12-18,157.46768188476562,158.32024976660728,156.89931775133914,157.1740249143251,8469600
2023-12-19,159.57069396972656,159.58964378092742,156.82356397890698,157.24984077686577,10345700
2023-12-20,157.77084350585938,160.48008817985806,157.67610890953222,159.13494074793843,10734700
2023-12-21,158.67079162597656,159.2296882587499,156.94671996687887,158.04557787348142,7601700
2023-12-22,158.57603454589844,159.36228546485532,158.41499729085479,158.67076914508667,6576300
2023-12-26,159.51385498046875,159.87382911188115,158.36762993040162,158.63288391713263,4683600
2023-12-27,160.47061157226562,160.5369286828718,158.7465546046211,158.99284432729306,6428600
2023-12-28,161.3231964111328,161.66422076891993,160.09171876054194,160.4232754391721,6320100
2023-12-29,161.1337127685547,161.69260928256372,160.68848620194564,161.03897817607512,6435100
2024-01-02,163.00933837890625,163.0945908390409,160.00643682914077,160.1769417494101,9977400
2024-01-03,162.2988739013672,162.9714403661268,161.38947095422876,162.80093544417744,9852300
2024-01-04,163.37591552734375,165.2249889082347,162.54668305166135,162.64200181002505,11972500
2024-01-05,164.19561767578125,165.25359196797962,163.43311119195872,163.43311119195872,10066000
2024-01-08,163.95730590820312,164.2813663790476,161.54588994783876,163.95730590820312,11229900
2024-01-09,162.66107177734375,163.7380981420264,162.1273216242973,163.57606788439452,9923600
2024-01-10,163.0041961669922,163.0613816047552,161.03121130256366,162.0320000942187,9670200
2024-01-11,162.31793212890625,162.37511756325273,160.73573390852152,162.3465248460795,11919500
2024-01-12,161.12652587890625,168.04623999703182,160.98354774460927,165.6538904699053,19436500
2024-01-16,160.1162109375,160.21151515002774,156.59916117294043,157.14243736078933,17206400
2024-01-17,159.2583770751953,161.14558362965596,158.68650820042498,159.49665940891614,11107500
2024-01-18,159.57293701171875,159.67778183706136,157.49512171042235,159.2869952568206,9382300
2024-01-19,162.32748413085938,162.57530711076893,159.2488798931695,159.69685192528067,13115700
2024-01-22,162.1368408203125,163.91918812242486,161.7555948824447,162.47044192364703,12837500
2024-01-23,161.06935119628906,161.79372434351498,160.54512708940132,161.71747224218575,8360800
2024-01-24,162.50857543945312,162.99466623586284,160.94544368265935,161.42200842001844,9967100
2024-01-25,164.834228515625,164.88188790236936,162.89937667134777,164.23375223857244,8873500
2024-01-26,164.20513916015625,164.9485789616812,163.72857443899406,164.51967362135542,7443000
2024-01-29,164.63401794433594,164.73886274782376,163.27105004259295,164.1669939008346,6971200
2024-01-30,168.0081329345703,168.47515705914157,164.72936528572126,164.72936528572126,10822100
2024-01-31,166.18765258789062,169.94298497281716,166.1685859265556,167.94140729707823,11521800
2024-02-01,165.587158203125,166.6451323652847,163.3949577854356,165.5013800519336,9354800
2024-02-02,166.54029846191406,167.57922057647215,165.1391970596281,165.1773303806104,8607600
2024-02-05,166.32107543945312,166.88341827855515,164.81512928623064,165.71107322302376,7820200
2024-02-06,166.89297485351562,167.62687406891743,165.61577031946283,166.42593618076785,6764800
2024-02-07,167.2074737548828,167.6268529930128,165.80638700000247,167.45529669210487,7225500
2024-02-08,166.60702514648438,167.09311591388456,165.43468003475408,166.79764812133146,6060300
2024-02-09,166.80715942382812,166.8929521169806,165.52996960737374,166.79763336618873,6296700
2024-02-12,167.55059814453125,168.52279413115167,165.55856133977713,166.58794275909298,8539300
2024-02-13,166.09234619140625,167.97001252367323,164.52921434838018,167.10267570696908,8397600
2024-02-14,167.77935791015625,167.8460839454223,166.24481907863344,166.86436188079088,7056700
2024-02-15,171.43936157226562,171.76343658557707,167.893719432731,167.893719432731,8723400
2024-02-16,170.63873291015625,171.54420281252945,169.80951509500167,171.19154963479215,8152600
2024-02-20,171.30593872070312,172.00173363675566,170.04781550672885,170.79125525671367,9668000
2024-02-21,172.4210968017578,172.5068894979879,170.15265879624997,171.5156268111509,7024000
2024-02-22,174.48941040039062,174.8229969721862,172.7451818115598,173.2979986219762,9296500
2024-02-23,175.36630249023438,176.51958104443122,174.60379597912453,175.19473161702368,7105800
2024-02-26,174.7658233642578,175.81427161767567,173.92706476152355,175.137543282542,7145400
2024-02-27,174.85157775878906,174.93735591051686,173.69829938040482,174.718140230457,5717100
2024-02-28,175.73802185058594,176.51958047785345,174.3845797059211,174.83253719077322,6131600
2024-02-29,177.33924865722656,177.69190187097396,175.23284088916765,176.95800272580232,9643000
2024-03-01,176.60533142089844,177.70143890302512,176.42424906044945,176.9961179460984,6311800
2024-03-04,177.93019104003906,178.79754229244386,175.6331602181459,176.05253948496141,7063600
2024-03-05,179.71255493164062,180.42740199617094,177.62519917623598,177.62519917623598,6617800
2024-03-06,180.6466064453125,181.16130444415123,178.83566647867224,180.37973138798867,7572900
2024-03-07,179.06439208984375,181.57112673493907,177.88252109773987,181.0087839536252,7618300
2024-03-08,179.39801025390625,181.53302526732264,179.11206853567012,179.60769987770607,6172200
2024-03-11,179.46473693847656,179.6077150814977,177.49176654847534,178.50208143397947,5762600
2024-03-12,180.94207763671875,181.24708601861974,179.1025449180289,180.09379307200683,5708400
2024-03-13,182.409912109375,182.74349867848787,180.94208466575625,181.437716033799,7795500
2024-03-14,179.1597137451172,182.64817043581905,178.33049591704497,182.07628704457,10310900
2024-03-15,181.38055419921875,181.99055652249785,177.73959237893214,177.73959237893214,17214200
2024-03-18,183.62991333007812,183.6680321068183,180.989740825109,181.69506181540558,9013800
2024-03-19,184.70693969726562,184.84037723128353,183.36303829879972,183.6775727454706,8478700
2024-03-20,187.12789916992188,187.34711486243472,184.53538600625475,185.08820281034855,9367000
2024-03-21,189.7299346923828,190.08258791393138,187.12789552103195,187.30899243272455,11203800
2024-03-22,187.404296875,191.08337691916773,187.32804477821512,189.68227554589657,8108800
2024-03-25,185.6886444091797,187.7092737319653,185.25019856221405,187.38521328276346,8620000
2024-03-26,186.5560302734375,187.44244825833212,184.9643057766157,185.4694632408453,5961500
2024-03-27,190.1683807373047,190.2446328340464,187.17555502229447,187.28992589560684,8725800
2024-03-28,190.91180419921875,191.31211676523003,189.23428730134387,190.13977178308275,8628300
2024-04-01,189.61557006835938,191.52182891767458,189.26291683518835,190.61635887297004,7309000
2024-04-02,189.53932189941406,190.41619924304973,188.79588209625334,189.09134989704782,7014700
2024-04-03,189.00555419921875,190.2064919520555,188.43367076819186,189.71086061473883,9353400
2024-04-04,187.56752014160156,191.43103611802593,187.47166000683382,190.92293205560827,9243800
2024-04-05,189.2931671142578,189.93548708042957,187.0498380452217,188.05646456443594,6532300
2024-04-08,190.2806396484375,190.7599842769754,189.45616630221485,189.45616630221485,8001000
2024-04-09,189.00555419921875,190.66409690966574,186.85809993213326,189.88756106284035,7351500
2024-04-10,187.39495849609375,188.9288668988633,186.1582413721076,187.4716553790757,7681400
2024-04-11,187.35658264160156,188.44950213552468,185.25706603749072,187.90304238856314,10137700
2024-04-12,175.23880004882812,181.12515140756062,174.99912773840998,180.54036501343975,31532300
2024-04-15,175.3346405029297,179.71585650140818,174.67314271511265,176.8781304650247,14766600
2024-04-16,173.3310089111328,175.5935159903281,172.22850756281414,175.3442474381056,16451800
2024-04-17,172.64071655273438,174.88404529771748,171.79706555321258,173.87741892391227,9017100
2024-04-18,173.76242065429688,175.78525548815472,172.53529962629594,173.61862312306104,9557700
2024-04-19,178.12442016601562,178.20111704187556,173.91577601657252,174.86486876991842,13402300
2024-04-22,181.5853271484375,182.27558455132464,178.29701554462287,178.30661179894182,11529700
2024-04-23,184.20249938964844,184.28877788672364,182.64942792856337,183.23422878946118,9144400
2024-04-24,185.1036834716797,185.24748097776123,182.31389482622563,182.65902346925535,6964900
2024-04-25,185.3817138671875,185.92817369729963,183.28218231517408,184.30798671411355,9802300
2024-04-26,185.49676513671875,186.8197461895444,185.08452120379513,185.57346202257514,6413700
2024-04-29,185.29542541503906,186.2349366235766,184.48053384037513,185.4871603065969,5387800
2024-04-30,183.81906127929688,186.93480098954225,183.72318651376133,184.8448510540374,8153700
2024-05-01,183.93411254882812,186.42671034800628,182.9083080717364,184.32717863603727,7445300
2024-05-02,183.74237060546875,185.50635517485986,181.69077635818138,185.09412585167607,6501700
2024-05-03,182.63986206054688,184.57641821151952,180.67456103420002,184.06831413963806,8922800
2024-05-06,184.06829833984375,184.2600332249276,181.9783632240918,183.80944819934183,7911100
2024-05-07,183.82862854003906,184.95987461709856,183.7327537819952,183.78069116101713,7688800
2024-05-08,187.56752014160156,188.52620925988919,183.10962159293808,183.10962159293808,9227600
2024-05-09,189.3411102294922,189.42738874358233,187.04026208314102,187.10736271795474,7977300
2024-05-10,190.55862426757812,191.10506941270592,190.07927974835587,190.33811525626354,7529800
2024-05-13,190.52027893066406,191.5940206597629,189.85878111742107,190.58739418867287,7049200
2024-05-14,193.1854705810547,193.25258585196926,189.9738702861682,190.77916576651847,8596200
2024-05-15,193.76068115234375,194.31672266199385,191.5173518615889,193.66480637782462,8370000
2024-05-16,194.1057586669922,196.03271824773813,193.6455920532264,193.8660864223427,8497900
2024-05-17,196.32994079589844,196.5792093322775,194.43174041156257,195.39042954302607,9260500
2024-05-20,187.50039672851562,197.37489637279808,187.32782510140535,195.94644449387204,17373300
2024-05-21,191.2776641845703,191.64195611591128,188.47829360909478,188.86176341948598,14420800
2024-05-22,190.11766052246094,192.63901790049846,189.52327787576553,190.7791584374926,9425300
2024-05-23,188.78506469726562,190.10806039860006,187.97018770099368,189.63829745126534,8069400
2024-05-24,192.41848754882812,192.46641029905086,189.3986082346554,189.580761496491,7356200
2024-05-28,191.2584991455078,192.13090984541736,190.45320371256201,191.6036278494041,6910200
2024-05-29,189.9259033203125,190.76955443221763,188.75630141642043,189.82044693132437,6120000
2024-05-30,191.0955047607422,191.59402720097117,190.2039162690166,190.35731003961553,6829100
2024-05-31,194.25918579101562,194.9015057616244,190.1559974279023,191.06674918836447,14417900
2024-06-03,193.48265075683594,194.05785546823523,190.9612936179844,193.95239907688003,6444300
2024-06-04,190.93251037597656,193.63600582884024,190.08885935002272,191.89119940422094,6848300
2024-06-05,189.11102294921875,191.5652795452849,188.78507213786327,191.5077459064257,8351600
2024-06-06,188.77549743652344,189.8396430536934,187.26076671659627,189.11102988577807,7640300
2024-06-07,191.6898956298828,192.61982529027472,188.87134714402987,189.27399483794662,6964500
2024-06-10,191.36392211914062,192.5431055563028,190.24225768450822,191.00921185125108,6070800
2024-06-11,186.33082580566406,189.76293475540382,185.60222730997666,189.73417525086586,9235300
2024-06-12,183.6177215576172,188.59332031104074,183.40680878602598,187.9030629910031,12751300
2024-06-13,185.6597442626953,186.54173652510667,182.99458959650315,184.37510431277676,8587800
2024-06-14,185.77479553222656,186.8101816432933,183.5122883921407,183.54104789841173,6874000
2024-06-17,186.92520141601562,187.50042074214187,184.68187237530643,185.48716772913508,8725400
2024-06-18,188.86175537109375,189.78210335662163,186.11032229627904,186.5609073499265,9023000
2024-06-20,190.46278381347656,191.21056022785828,188.00854177361487,188.27697358244748,8731100
2024-06-21,188.190673828125,189.0247286665629,186.19659873864725,188.58373987114496,20972100
2024-06-24,190.6641082763672,190.99964071138498,188.95764271092415,189.63830383493246,9785900
2024-06-25,189.88755798339844,191.80493619273605,189.57118882344554,189.90672123301874,6862500
2024-06-26,189.2740020751953,189.76294293027502,188.17151534458446,189.29317995519202,7758600
2024-06-27,190.94210815429688,191.6036059802996,188.76587978010525,189.28358009107907,7913500
2024-06-28,193.90444946289062,194.2304148700683,191.06673795740363,191.74739901722398,15307600
2024-07-01,196.96266174316406,198.53491119480896,194.28792573905153,194.46048274583055,10205800
2024-07-02,200.20306396484375,200.23182347007662,196.31078822001166,196.80929606300535,7802900
2024-07-03,200.06883239746094,201.68901933140828,199.07178753267723,200.893305615925,5560900
2024-07-05,197.41783142089844,199.90495668701004,197.15756164535284,199.53864617381842,8093100
2024-07-08,197.78416442871094,199.45188272324833,196.62736569671677,197.65883954033447,8707000
2024-07-09,200.15560913085938,202.2089220462034,198.05407849563014,198.22760639114142,9058900
2024-07-10,200.31947326660156,200.48335172261358,198.17938920186893,198.71922757684789,8328500
2024-07-11,199.98208618164062,200.60869591324348,197.98661094561373,198.7867338675259,10658100
2024-07-12,197.5624237060547,199.98206161154934,194.82466361458398,196.6562601537881,15443400
2024-07-15,202.48851013183594,203.99235005975595,199.27838349670137,199.73146536081762,10719700
2024-07-16,205.92996215820312,206.04565232180363,200.58940119084525,202.44028200402863,11557000
2024-07-17,209.06297302246094,209.72813632324488,205.59257690590508,206.10349645675493,11572500
2024-07-18,202.42098999023438,208.84124221450833,201.7076384383101,207.86760619146685,12415100
2024-07-19,202.22821044921875,204.70570108246514,201.39916866530874,203.5970906580946,8095900
2024-07-22,202.710205078125,204.53216706260875,202.16073195111863,202.8837329720962,7663200
2024-07-23,202.7583770751953,203.86697258733173,201.81366000427525,203.42354026627365,5557300
2024-07-24,201.08102416992188,204.39719093826727,200.57975409339878,202.0064718741431,7119000
2024-07-25,201.15814208984375,202.62342813048153,200.56046601291564,201.1388579458968,6403800
2024-07-26,204.5996551513672,205.48653464267102,201.10996020508134,201.7076510542703,8027800
2024-07-29,203.2596893310547,205.9203277459261,202.97048598586377,204.99487998321382,6533600
2024-07-30,207.4434356689453,208.02182760531736,205.29371695525305,205.55398670734905,8850700
2024-07-31,205.13949584960938,208.60025726077208,205.01417096363343,207.04821445631424,9071600
2024-08-01,200.47373962402344,206.13242319165994,198.9506156316293,205.52509759653918,10918600
2024-08-02,191.97122192382812,197.3021480368774,189.8022189578119,196.540593467653,18041700
2024-08-05,187.88385009765625,189.10813588433086,184.0278448440605,187.06445780696276,13927000
2024-08-06,193.12802124023438,195.30667364113896,187.01625639153167,188.3658523579827,10605800
2024-08-07,193.18585205078125,198.3432648205562,192.99305473526,196.1838966420379,9204400
2024-08-08,196.71408081054688,197.53348770722891,194.52579398688883,195.1813224461326,7761200
2024-08-09,198.39146423339844,199.03734331891687,195.59585172575302,196.14533951000286,5540200
2024-08-12,198.76742553710938,199.68322380780327,196.32850348454394,198.9795069946796,6936000
2024-08-13,200.4544219970703,200.59901630057058,198.00585058819286,200.25197526267817,6387800
2024-08-14,202.67166137695312,203.17293151843467,199.66396698059305,200.26165785619665,6999800
2024-08-15,203.93446350097656,206.19022285279857,203.50066588862487,205.33226234499492,7001000
2024-08-16,206.26736450195312,206.38303995381162,203.9730366434738,204.06944265968446,7931200
2024-08-19,207.69407653808594,207.77119840700038,206.12276442611807,206.29627759905622,6090800
2024-08-20,206.7975616455078,208.224279441542,205.98778937957647,207.26027814783114,5640000
2024-08-21,206.8746795654297,207.26027419175705,205.17802790680824,206.71078640427385,5202300
2024-08-22,208.8316192626953,208.9954977287081,206.62404791162533,206.8554135333752,5247100
2024-08-23,210.45114135742188,211.29946728870814,208.70630119288492,209.76670860699275,7214000
2024-08-26,211.28016662597656,211.771802001634,210.20048985928128,211.125922885165,5105200
2024-08-27,212.25379943847656,212.48516504618274,211.2994475643601,211.60792033180917,5185200
2024-08-28,213.3238525390625,214.210746726538,211.29945852719868,211.3572962547529,6506400
2024-08-29,214.21072387695312,214.95299424737954,211.05843567605964,214.1528714460767,6416100
2024-08-30,216.70750427246094,217.36301812340238,213.9408104229473,214.49029824755388,8574100
2024-09-03,212.36947631835938,216.03268397578447,211.34763735649423,214.29747880021557,8956100
2024-09-04,211.43443298339844,214.07580216673884,209.39075468226304,213.08286717248578,7389500
2024-09-05,209.7956085205078,212.85149088939755,208.2532005501347,212.2248812160305,8067900
2024-09-06,204.81170654296875,210.8656330535133,203.49101486350727,209.76667224642696,7777000
2024-09-09,209.005126953125,210.29688521091413,206.4697987366713,207.4434494984693,8935100
2024-09-10,198.1601104736328,210.7692495990519,193.3883068457007,210.73069601813924,28406900
2024-09-11,199.76998901367188,200.22307080989853,194.56438778018585,197.86127052265937,13658700
2024-09-12,199.1626739501953,201.2641897182195,197.51422525926967,200.1748635449911,9054400
2024-09-13,196.96478271484375,200.36770664605027,195.71157789182413,199.41333991808642,10226700
2024-09-16,200.37730407714844,200.71471040461438,198.18901708097934,198.42038268062674,8634900
2024-09-17,201.71728515625,202.3727990223658,200.18452651974977,200.25199896620595,7573300
2024-09-18,200.05917358398438,203.7320159075651,199.25905079994973,201.48589128215278,8259900
2024-09-19,202.9029998779297,204.28152945633747,199.87603622956823,202.22820187533188,11635200
2024-09-20,203.4910430908203,203.80916530403834,201.9582844621734,202.37279798547686,20885000
2024-09-23,203.8284454345703,204.17548650492685,202.4306464351734,203.40428249196864,7223500
2024-09-24,203.97303771972656,205.2840801158477,202.79695492131674,203.54887478135018,7323200
2024-09-25,202.62342834472656,204.59963388085862,201.10030458012938,204.05978081621666,8976500
2024-09-26,202.22821044921875,204.07909135317036,201.48592526014383,203.5296182097208,7807500
2024-09-27,202.92227172851562,204.79243658632572,201.7943919833347,203.06686603834945,7032500
2024-09-30,203.26930236816406,203.36570837610932,197.8708895320446,198.88309377750343,8663800
2024-10-01,199.58682250976562,201.56302811498028,198.76743023115927,201.37986551461756,8540100
2024-10-02,199.82781982421875,201.4280654870263,198.2854265944641,199.62538779175662,5810900
2024-10-03,197.8419952392578,199.0566463684385,196.98403461617457,198.74815887229946,7251300
2024-10-04,204.8641357421875,205.30059173762103,200.68383122656712,203.00191264193967,10211700
2024-10-07,204.58285522460938,206.91064521465483,203.3801777894046,204.67985202405725,6718900
2024-10-08,204.40826416015625,204.97081299762056,202.10958521366825,204.2433814525666,6021800
2024-10-09,206.9979248046875,207.7932570879516,203.07949994464997,203.3898630505735,7024000
2024-10-10,206.4353790283203,208.34610048894507,205.106608749474,208.34610048894507,7927100
2024-10-11,215.6009979248047,217.8705955254054,208.68555897315463,209.18020708117118,18320700
2024-10-14,214.8153839111328,216.96858250110924,212.293630063158,216.48362813038722,9048900
2024-10-15,215.69801330566406,218.66593180883564,215.14517299607007,216.92980160195145,9235800
2024-10-16,216.91038513183594,216.94917496872304,214.38861654483065,215.63980707901965,6382500
2024-10-17,217.66693115234375,219.05390843235912,216.59033179219864,217.52145075217567,6470200
2024-10-18,218.5883331298828,219.12178590933368,216.3866508941279,218.22947162354006,7000500
2024-10-21,216.28965759277344,218.90840833464267,216.19266079507577,218.4428562648874,5870000
2024-10-22,217.37596130371094,218.50105909355784,214.44684730551407,216.30907047510507,9586800
2024-10-23,216.68731689453125,218.0354894619669,215.833792460598,216.92979408147747,6180500
2024-10-24,218.21006774902344,218.28766222544806,214.98997837538428,215.15486108792416,6002200
2024-10-25,215.6204071044922,218.83080262847554,214.23344472630617,218.22946395257756,6369700
2024-10-28,218.7144317626953,218.85021840107262,216.24116139259178,216.6291337876938,6843000
2024-10-29,216.19265747070312,219.92681213014208,216.1053692338975,218.43315914614644,6580000
2024-10-30,217.65724182128906,219.50006265920834,214.91239808507123,215.8435022643614,7110900
2024-10-31,215.2421417236328,218.8987017479979,215.14515973125143,217.93848678573673,7829900
2024-11-01,216.2314453125,219.34484391378845,215.9986618994674,216.83278396329408,6923500
2024-11-04,213.1665496826172,217.0267824685998,212.57490473705727,215.950183134864,8229600
2024-11-05,214.82508850097656,215.28094678500298,213.37991917505954,213.40901525279463,5600700
2024-11-06,239.62564086914062,240.53735741437822,227.70546946717758,227.9285443241084,23987800
2024-11-07,229.2670440673828,237.2105994098778,228.14194632127268,237.14269869088656,16451100
2024-11-08,229.84896850585938,232.13795371871322,228.68508098059854,232.13795371871322,9502100
2024-11-11,232.08946228027344,234.81491834649185,231.8081952497588,232.7781040164942,9017100
2024-11-12,232.35133361816406,234.194169089919,231.57540367214264,233.31154859132423,6861000
2024-11-13,233.9031982421875,236.74502378242778,233.07876988293,233.34064938993217,11472600
2024-11-14,234.59182739257812,236.9390048192966,233.7965099040101,235.1252801712944,10172200
2024-11-15,237.92832946777344,239.00492884634573,234.19418940308563,234.19418940308563,11518800
2024-11-18,237.65670776367188,240.46943683932273,235.3774165888427,240.30455415002479,9051400
2024-11-19,235.77511596679688,237.77312563640768,234.28146299425183,234.96039616359047,6792700
2024-11-20,233.5346221923828,237.24937439416908,231.4590181077945,237.04568704958282,9015300
2024-11-21,237.3948516845703,238.10289570204407,234.8245995104416,235.9108925350345,8783500
2024-11-22,241.07080078125,241.65273709838428,235.716900825751,236.27944962538965,7997300
2024-11-25,242.75843811035156,246.65747516559617,241.56545457241828,242.07950499118758,10295400
2024-11-26,242.44810485839844,243.44710974229451,240.86714877239632,242.9524615802481,6212100
2024-11-27,242.2735137939453,243.63139500019227,241.2842174689703,241.8467663516054,5472300
2024-11-29,242.2056121826172,244.19392806320383,241.94373267843793,242.34139881448183,5494800
2024-12-02,238.8400115966797,242.71964630281866,237.65672182733675,242.04071318917073,8899700
2024-12-03,237.45306396484375,241.54606521705796,237.2687789369744,240.76044150846369,6657700
2024-12-04,236.07579040527344,237.96712436015684,234.94099891212346,237.33667477531787,7346300
2024-12-05,238.0931854248047,239.74202726798555,237.2590633441886,238.00589719302252,6572500
2024-12-06,239.91665649414062,240.28522659727315,237.47248202006247,238.306604232665,5519700
2024-12-09,236.4734344482422,240.41126134683526,236.42493605399883,239.6935383907093,7076500
2024-12-10,235.5520477294922,240.49858844470623,234.93130670009893,236.55105259242768,9108300
2024-12-11,236.20188903808594,236.91962687843437,234.89250623735623,236.6577473583617,7884400
2024-12-12,234.2620391845703,236.75471156288182,233.78677860981603,235.68780610920146,6113800
2024-12-13,232.7198944091797,235.41623939456244,231.94396449404366,234.78580466330752,10392700
2024-12-16,232.37074279785156,233.42793979570948,230.37273311760396,233.3697476379754,9032000
2024-12-17,231.18743896484375,231.82758226052997,229.50950105308948,231.46870597678523,8083600
2024-12-18,223.43788146972656,231.87609971646904,222.6231616444076,231.80819899787568,11322400
2024-12-19,225.94993591308594,229.24761955351914,225.28069654614558,225.28069654614558,11790800
2024-12-20,230.45033264160156,232.01188637341022,224.62117138701748,224.94124306119815,32348400
2024-12-23,231.21653747558594,231.43961233565523,227.81216322118433,228.96635695747324,8611500
2024-12-24,235.01858520507812,235.19317647466937,231.8760903487652,232.2252432886818,3729100
2024-12-26,235.8236083984375,235.93999271034167,233.54431695942878,234.16505795563904,4451800
2024-12-27,233.91290283203125,236.06610154566872,232.81690115537214,235.41626442753616,5730200
2024-12-30,232.1185760498047,233.59282673786723,229.97507113678503,231.5851232615298,5723800
