Price,Close,High,Low,Open,Volume
Ticker,META,META,META,META,META
Date,,,,,
2019-01-02,134.62351989746094,136.43927241230728,127.55896464929714,127.98562432545164,28146200
2019-01-03,130.71421813964844,136.10193043297755,130.09903544528873,133.6412450754704,22717900
2019-01-04,136.87586975097656,136.92548346138585,132.70857545623448,132.96654555439258,29002100
2019-01-07,136.97509765625,137.78870497792076,134.85176104703956,136.48890751648534,20089300
2019-01-08,141.42019653320312,142.02544740628335,138.45347255860054,138.80075335822818,26263800
2019-01-09,143.1069793701172,143.57332102571948,140.17003526247268,141.8369470305985,22205900
2019-01-10,143.0772247314453,143.4344222995508,139.74338580912124,141.9659501373309,16125000
2019-01-11,142.68032836914062,144.22817926755195,141.45990979769772,142.0353804014832,12908000
2019-01-14,144.25796508789062,145.42878525532504,140.17004903952017,140.8943608809104,20520300
2019-01-15,147.79022216796875,149.50674756683452,144.85327820204645,144.87311157453394,24069000
2019-01-16,146.39120483398438,148.48477637801153,145.8554160895323,147.83984351932185,18025700
2019-01-17,147.14527893066406,147.8398254180553,145.3592914345309,145.8057845235697,15787900
2019-01-18,148.87171936035156,151.24310921857838,147.39333081098312,148.58398408281647,31029600
2019-01-22,146.42098999023438,150.35014795206536,145.23032138121383,148.03828810352215,22378700
2019-01-23,143.17642211914062,147.64138321345908,141.9460718338698,147.12542791447743,20098400
2019-01-24,144.6945037841797,145.299754655157,141.41027935673696,143.51376723752094,20955500
2019-01-25,147.8497314453125,148.66335380044498,145.3989628350647,146.3316459680305,22237200
2019-01-28,146.32174682617188,147.8001506014188,145.07156308910322,146.89723255465768,15508500
2019-01-29,143.06729125976562,146.9468503365544,142.31319918224366,146.93691851028444,17632100
2019-01-30,149.24876403808594,149.7746360212973,144.56551475591945,145.08147005377919,44613200
2019-01-31,165.39208984375,170.34322609112806,163.7152464126422,164.31058063740673,77233600
2019-02-01,164.4197235107422,167.78332703355187,164.37010980238654,164.54870098449308,30806500
2019-02-04,167.93214416503906,167.981757870779,162.34597700621873,164.40978301718607,20036000
2019-02-05,169.82728576660156,170.6408930571049,167.37651692938948,167.8329267133362,22557000
2019-02-06,169.16250610351562,171.1270848386497,167.9520042717718,169.8669692977403,13281200
2019-02-07,165.08450317382812,167.92223466788164,163.96329696401648,166.89032404823783,17517600
2019-02-08,166.027099609375,166.06678149085363,162.93139809480107,163.18936817435636,12561400
2019-02-11,164.49905395507812,166.9895192942661,163.79459091505032,166.59262484779438,12811200
2019-02-12,163.75491333007812,167.0292209870877,163.21912468873836,165.56074921084456,16292300
2019-02-13,162.79249572753906,164.92574895228006,162.45513159071416,164.09229314596084,14205100
2019-02-14,162.6734161376953,163.58625082978747,160.98665605143856,161.91933925465693,12755200
2019-02-15,161.2346954345703,163.41756212938148,159.60746588316817,163.22903914001554,15504400
2019-02-19,161.02633666992188,162.87185455074814,159.08160651419917,159.25028100750322,14345400
2019-02-20,161.29425048828125,162.44522196991008,159.9944530133293,160.98666667542744,11770700
2019-02-21,158.79388427734375,160.97676667216783,158.34739111112265,160.66916768745676,15607800
2019-02-22,160.6294708251953,161.1454261740566,159.06177140594767,159.32967333669976,15858500
2019-02-25,163.3381805419922,164.776902220313,161.631572121067,161.8002617382309,18737100
2019-02-26,162.85202026367188,164.9455915299292,162.52458796440192,163.0603766377669,13784100
2019-02-27,161.54229736328125,162.65357177504464,159.1609907266516,161.63159295565973,12697500
2019-02-28,160.19290161132812,162.22694275955087,159.60749915178485,161.10573641433965,11114200
2019-03-01,161.0164337158203,161.85982139424212,160.43103128208145,161.33394935851342,11097800
2019-03-04,166.06678771972656,166.19578033433132,162.55435818798247,162.62380526816932,18894700
2019-03-05,169.92649841308594,170.54168115014525,165.25318076046253,166.06678805273313,28187900
2019-03-06,171.16677856445312,172.21853779560456,169.936443275903,171.55374129875187,21531700
2019-03-07,167.8131103515625,170.40278875159595,166.30494126656737,170.164652009761,18306500
2019-03-08,168.27944946289062,168.299282836092,164.6777088895179,164.90591380117024,13184800
2019-03-11,170.73020935058594,172.94284154218153,170.24401921360752,170.26386772572346,18884000
2019-03-12,170.5813751220703,172.44674169700022,169.8868285696962,170.75004963193408,12155300
2019-03-13,172.0200958251953,172.67496054457362,170.77982861727304,170.97828348252506,11973300
2019-03-14,168.84495544433594,169.81732035432256,166.8506119254911,168.43814430955445,18037400
2019-03-15,164.68760681152344,166.27515460556222,161.2446244559344,165.85842671612204,37135400
2019-03-18,159.22052001953125,162.6238054519901,158.0397833952159,162.2963882822019,37524200
2019-03-19,160.3119659423828,162.5444466443645,159.5678057083889,160.2226552079197,25611500
2019-03-20,164.15182495117188,164.8265229506624,159.98453074379006,160.24250083654022,20211500
2019-03-21,164.78683471679688,165.09441850706298,162.47497523708407,163.60609812321184,16223000
2019-03-22,163.0603790283203,166.1163987263316,162.81232562887112,164.36017641903754,16389200
2019-03-25,164.99517822265625,165.2432316006168,160.7385889184428,161.73080243028502,12631200
2019-03-26,166.37437438964844,168.13059675582596,165.05474358351418,166.04695721457836,15437900
2019-03-27,164.57847595214844,167.62457917428267,163.50688337595687,166.5430699118225,10620300
2019-03-28,164.26097106933594,165.42185921090982,162.0582555781511,163.28860594168904,10443000
2019-03-29,165.39208984375,165.88819665106104,163.52672340346746,165.09442273136773,13455500
2019-04-01,167.3864288330078,167.58486852209703,165.97748735850328,166.52320785848195,10381500
2019-04-02,172.84361267089844,173.53815918933915,168.22982531127647,168.81522772396372,23946500
2019-04-03,172.18875122070312,176.5743489039153,171.60334879718988,173.14128299216478,27391100
2019-04-04,174.6494598388672,176.61403872708658,174.1632696751247,174.6494598388672,17847700
2019-04-05,174.35179138183594,175.62182369794476,173.73662373683996,175.50276289955312,9594100
2019-04-08,173.5679168701172,174.13348588633917,172.873370381757,173.8457506054392,7297400
2019-04-09,176.19729614257812,177.79476067353207,174.1831037087638,174.2525507892514,19751000
2019-04-10,176.4354248046875,177.3978580416452,175.1653775025643,176.79260715656196,11701500
2019-04-11,176.1278076171875,177.01087699992797,175.62178419785624,176.85213435110265,8071000
2019-04-12,177.70545959472656,178.2313315849551,176.5644048850026,176.61401859237805,12329800
2019-04-15,178.2511749267578,179.0945625793835,175.49282221014067,177.11013529318535,10834800
2019-04-16,177.47723388671875,178.76711453729467,176.91168003268325,177.60622649376955,11215200
2019-04-17,177.387939453125,179.33268469678282,176.97121157376492,178.20156184138332,9973700
2019-04-18,176.89183044433594,177.48716463019738,175.9591472851424,177.40778572941738,11655600
2019-04-22,180.02723693847656,180.255441825929,176.8620731508558,176.8620731508558,13389900
2019-04-23,182.34901428222656,182.78559068882757,180.06691997316187,181.31711879933349,19954800
2019-04-24,181.1583709716797,183.69843550643336,180.23560439961344,183.05350268658597,37289900
2019-04-25,191.7552032470703,196.93455967611376,190.62408029934696,195.44623921121573,54148800
2019-04-26,189.99900817871094,191.3980179990115,187.61768619823786,191.0011385722558,22075000
2019-04-29,193.26336669921875,193.8884661213994,189.16551962488455,189.46318673735053,19641300
2019-04-30,191.8941192626953,195.85305728817346,190.7828447881664,192.67797654667706,23494700
2019-05-01,191.5269775390625,194.6524441197775,191.5071290291597,193.2633512261213,15996600
2019-05-02,191.03089904785156,192.48945437207544,188.2725462221717,191.49724068974515,13209500
2019-05-03,193.94796752929688,194.63259724365338,192.20167727845606,192.8664584842871,14575400
2019-05-06,192.37037658691406,192.76725596880635,189.06630349973676,189.75093330248222,13994900
2019-05-07,188.29237365722656,191.39799184008598,186.38732541720447,191.04079434883323,16253000
2019-05-08,188.0641632080078,189.2349831544809,187.08188141204525,187.9153372207342,12505700
2019-05-09,187.1811065673828,188.29239619539774,184.80971645382024,185.74239974484124,12967000
2019-05-10,186.8734893798828,188.52056744483735,183.15268870662942,186.78419379731912,12578500
2019-05-13,180.12644958496094,183.98615986841705,179.43190309564582,182.07119489502122,16833300
2019-05-14,179.32276916503906,182.06128853534085,176.71325755432562,181.09884008128245,17628100
2019-05-15,184.8196258544922,185.8217561094283,178.618291044294,179.01517041615566,16746900
2019-05-16,185.53402709960938,187.1116430949908,183.6091302871413,183.6091302871413,12953100
2019-05-17,183.85720825195312,186.1194543581353,182.84514600235158,183.400783271943,10485400
2019-05-20,181.29727172851562,182.79550882672874,179.95777730125477,180.4638159310982,10352000
2019-05-21,183.38096618652344,184.25410405630203,182.45819945757586,183.13291273056717,7502800
2019-05-22,183.87704467773438,185.28598627299698,182.1803526396487,183.291627105776,9213800
2019-05-23,179.46170043945312,182.46810696315416,178.2710469387762,180.9996348169853,12768800
2019-05-24,179.65017700195312,182.20017300834763,179.42197213219046,180.91029240799145,8807700
2019-05-28,182.87489318847656,183.2717877276444,180.03716157833563,180.12645717215642,14843300
2019-05-29,180.77139282226562,183.12293413943388,179.93793705668415,182.07119017715573,12797700
2019-05-30,181.5850067138672,182.0513483202198,179.48151871243195,181.6544689335265,8581500
2019-05-31,176.08815002441406,179.1342379247509,175.78056622867737,178.87626783735388,15226500
2019-06-03,162.8718719482422,173.68701030573672,159.75632155211554,173.63739659299998,56059600
2019-06-04,166.19578552246094,166.96971095429262,159.58763901376403,162.43530246984187,46044300
2019-06-05,166.86056518554688,167.40628571280695,163.34813557914495,166.17593535498227,19758300
2019-06-06,167.01931762695312,168.37864541840986,165.92787660754973,166.98955243005832,12446400
2019-06-07,172.000244140625,172.51618434341103,167.52535084122192,168.84499682676795,16917300
2019-06-10,173.45880126953125,176.47512416844333,172.44673908569467,173.38933904535602,14767900
2019-06-11,176.71324157714844,178.57859277988504,175.41342909239884,177.09027243579894,15266600
2019-06-12,173.6770782470703,177.87415307132238,171.53390817551417,176.99108348971458,17699800
2019-06-13,176.08815002441406,176.64378722187107,173.25041850313457,174.16325320466794,12253600
2019-06-14,179.91810607910156,180.42412959894995,178.59846008500926,179.10448360485768,16773700
2019-06-17,187.53831481933594,188.02450500562728,182.97414066835898,183.56945983240976,29459900
2019-06-18,187.0025177001953,193.01533031426763,185.8217809719573,192.48945826320056,37571400
2019-06-19,186.0201873779297,186.635370058449,183.11300901764807,185.5439291252509,21417100
2019-06-20,188.0542449951172,189.6715580302563,186.17896187080584,189.46318650978696,14635700
2019-06-21,189.6516876220703,190.50499183693898,187.28029796469914,187.28029796469914,22751200
2019-06-24,191.10035705566406,192.4696016118779,190.07837819661492,190.9217507239968,15509000
2019-06-25,187.36961364746094,191.63613517952635,186.66515046587438,191.3781650924631,16750300
2019-06-26,186.1988067626953,189.27465982141456,185.8515259486567,188.06415802502235,12808600
2019-06-27,188.0244598388672,197.33142739230652,186.80404146274768,188.40150581684583,11159000
2019-06-28,191.4972381591797,191.6956778650276,188.4610667537676,189.06631769759005,16378900
2019-07-01,191.4972381591797,193.75948411379966,190.43556226592588,193.69003702974348,14181800
2019-07-02,193.48165893554688,193.48165893554688,191.20949637168923,191.49723166441305,9050000
2019-07-03,195.6645050048828,195.86294468280312,192.64818253655406,192.64818253655406,10246100
2019-07-05,194.87075805664062,195.53555453641823,192.65812581940315,194.65246983879882,11164100
2019-07-08,194.2357177734375,195.14855241641712,192.13222990657042,193.67016392658124,9723900
2019-07-09,197.65887451171875,197.90692790744453,193.372504566388,193.45188346981755,14698600
2019-07-10,201.15147399902344,201.3796940449512,198.115302577347,198.4427349067406,20571700
2019-07-11,199.6631622314453,202.2131587538637,198.65111513988347,201.6773548677617,13678500
2019-07-12,203.2747802734375,203.70143996250331,197.60924951706548,198.12518964992043,15366300
2019-07-15,202.3223114013672,203.73125312353395,200.24858827690923,202.65966044611545,16030300
2019-07-16,202.25282287597656,203.87013593903205,201.51859447874432,202.30243658551404,12132700
2019-07-17,200.2287139892578,202.76877846508143,200.02034246492263,202.5901721385115,12083700
2019-07-18,199.2166748046875,200.8935184586156,197.82758161562413,198.59157529961885,11937900
2019-07-19,196.8155059814453,200.7545954984619,196.52777067611243,200.60575436261726,12098300
2019-07-22,200.74465942382812,200.99271281963257,197.26198005714764,198.3534210546784,13589000
2019-07-23,200.78436279296875,202.64972937383774,199.39526968379784,201.26062112468742,14583700
2019-07-24,203.0664520263672,203.2152780199159,195.68437994677214,196.0911911824439,32532500
2019-07-25,199.147216796875,207.0353126208322,196.71628113932098,205.0905671227849,39889900
2019-07-26,198.19468688964844,201.3003206203723,194.72193893413518,198.63126334073826,24434000
2019-07-29,194.41433715820312,198.07560780135663,193.77932105342705,197.45050838228804,16530800
2019-07-30,195.50575256347656,197.16276252645497,191.99332323411687,193.8686062508045,11903600
2019-07-31,192.71763610839844,197.21236233773257,191.17970205770425,195.41645821104208,14593500
2019-08-01,191.2293243408203,196.9246358984572,189.39373825086943,192.65811435806566,17777000
2019-08-02,187.54820251464844,191.1201620783803,186.60560270505155,189.61200843901597,15297000
2019-08-05,180.31500244140625,184.22432707984652,177.9436121596086,183.2519618338323,23086700
2019-08-06,183.07333374023438,184.34336599152593,181.66439218458214,182.25972642611572,18035700
2019-08-07,183.70835876464844,184.91886067841867,179.80896622765212,182.1704396561513,15833200
2019-08-08,188.67933654785156,188.85792772368168,182.61691101531667,185.1668920234162,14828900
2019-08-09,186.38734436035156,189.492962858845,185.66301747893215,188.5205976993792,11058800
2019-08-12,183.9266357421875,186.12935121191248,183.0237328453012,185.39512281532316,10930900
2019-08-13,186.98265075683594,189.88984449107085,183.92663103790386,184.0754721625791,13577000
2019-08-14,178.3107147216797,184.54181498851472,177.91382019323206,184.35329197999934,18903700
2019-08-15,181.1682891845703,181.77354012490346,178.62822462841115,179.54105938203216,12925900
2019-08-16,182.26963806152344,183.65874620661722,180.94007545091594,182.3192517702729,12654600
2019-08-19,184.7204132080078,186.0400591779072,183.41069906418429,184.56165539058108,9691200
2019-08-20,182.3787841796875,184.55173444310773,180.96984264751063,184.00601392079102,10083400
2019-08-21,182.12083435058594,184.45252754721943,181.71402308505247,183.55954124042023,8398200
2019-08-22,180.62255859375,182.67644803012516,178.50915390325136,182.001734903691,10821400
2019-08-23,176.36598205566406,181.70409651204378,175.2844727753875,179.4319187008426,17323400
2019-08-26,178.95567321777344,179.0945825376882,176.85218490478377,178.00314135265754,8773600
2019-08-27,179.8883514404297,182.60700735839944,179.60060098167907,180.51343579223635,14399600
2019-08-28,180.34474182128906,180.5332648311725,177.52685877876382,179.12432330990987,9386100
2019-08-29,184.12509155273438,184.63111505629817,182.0414368628062,182.3391039813643,10128700
2019-08-30,184.22430419921875,185.3455104540302,182.03152053942938,185.3256619420925,10774500
2019-09-03,180.96983337402344,184.22429268946135,180.69201478416736,182.5672978356848,9779400
2019-09-04,185.68284606933594,186.28809694997892,182.45815198098745,183.21222884048626,11308000
2019-09-05,189.41358947753906,189.8700144416205,186.47664540077176,187.0620478508057,13876700
2019-09-06,186.0301513671875,188.7289738322857,184.89902835901984,188.7289738322857,15226800
2019-09-09,187.29022216796875,187.5085103577431,184.4028922759119,186.2682434340148,14722400
2019-09-10,184.7204132080078,186.63539342326803,183.1130319415039,185.98052878136687,15455900
2019-09-11,187.02235412597656,187.96495405432762,184.63111562417566,185.00816165150752,11761700
2019-09-12,186.0102996826172,189.44335053484764,185.77216294917596,188.38168977071138,11419800
2019-09-13,185.73248291015625,186.50640837656061,185.08753492816635,185.8713922210499,11441100
2019-09-16,184.77003479003906,186.3278024124639,184.3235416569863,185.47449803241622,8444800
2019-09-17,186.61553955078125,186.85367627008114,184.0953084764538,185.20659802654154,9671100
2019-09-18,186.675048828125,187.60773194823412,184.56162921085541,186.62543512471942,9681900
2019-09-19,188.6595001220703,189.61203187411297,186.6849895362617,187.19102818015065,10392700
2019-09-20,188.45111083984375,191.59644109241498,186.6552067505056,189.17543762657544,19934200
2019-09-23,185.36534118652344,188.61980039313607,183.7678767782794,187.86570841161895,13327600
2019-09-24,179.8684844970703,186.57584314303674,178.98541497755713,186.51631274800997,18546600
2019-09-25,181.3766632080078,181.99183084303726,176.48504190695024,180.03716868788584,18068300
2019-09-26,178.70761108398438,179.98756010235067,176.286607220428,179.91811301576254,16083300
2019-09-27,175.72103881835938,179.35252917482316,174.2922487777934,179.0846423972008,14656200
2019-09-30,176.69338989257812,177.27879225047457,175.4729714715448,176.48501838655918,10740000
2019-10-01,174.4410858154297,178.43970576115325,173.51833435409935,177.75507589501558,17073000
2019-10-02,173.24049377441406,175.1554586795992,171.7422416079968,173.47861533942427,16151700
2019-10-03,177.9832763671875,178.4396861344255,172.2780482968688,174.20294505951188,16086300
2019-10-04,179.0449676513672,179.5708397261763,176.71327442947282,178.15198133489363,10430200
2019-10-07,178.2809600830078,179.7692807142706,176.70334384746454,178.59847575153447,9178300
2019-10-08,176.36598205566406,178.96557705889228,176.33621685638886,176.8720055833215,9466900
2019-10-09,178.4496307373047,179.31285176669965,176.55449903508978,177.7650008974485,7556900
2019-10-10,178.6282196044922,180.19591896552552,177.7749152722836,178.91597003720196,8605000
2019-10-11,182.7558135986328,185.03790775918344,180.72177282205558,180.7316895070228,14930500
2019-10-14,181.85289001464844,183.18245247796935,181.14842690437123,182.76572462259904,7006000
2019-10-15,187.41921997070312,188.89762363518096,182.2299472570986,182.36885655080957,15039100
2019-10-16,188.0740966796875,188.22292266826352,185.44472147500937,186.85367815342866,10516900
2019-10-17,188.9075469970703,189.35404008978063,187.30016580732195,188.81825140652387,9603000
2019-10-18,184.40292358398438,189.99900828835493,182.48794325583296,188.74880932739174,16874200
2019-10-21,188.28245544433594,188.43129657477238,185.29589782931336,185.58363312419127,8122600
2019-10-22,180.9202423095703,189.16553572894009,180.08678643569442,188.52060288034127,19537600
2019-10-23,184.70054626464844,184.9287662819174,180.58286608840376,180.59278277351132,12300400
2019-10-24,184.9287872314453,185.2760529292764,181.37666050347596,183.182481496143,11413500
2019-10-25,186.42701721191406,187.52837494017774,183.64881603665648,184.38305956882508,8061200
2019-10-28,187.92526245117188,188.05425507265963,183.6389072830373,185.74239541203062,13657900
2019-10-29,187.83596801757812,191.03089725591036,187.00251216583382,190.19744140416606,13574900
2019-10-30,186.78421020507812,188.96707709714187,184.53188109382305,188.084007598717,28734600
2019-10-31,190.15774536132812,196.5476038710065,186.78422491161206,195.1684274639781,42286500
2019-11-01,192.11239624023438,192.59858636437755,188.43129218879344,191.3484026536958,21711800
2019-11-04,193.20384216308594,195.83320226631028,192.3009241125528,193.0351676602356,16371300
2019-11-05,192.8069610595703,194.22581929219072,192.0925660302858,193.84877326562983,9942000
2019-11-06,190.0585174560547,192.85655192566824,189.860077764731,192.51920293642016,10973000
2019-11-07,188.9373321533203,191.93382178580185,187.99473216024907,190.41573602622887,13473000
2019-11-08,189.35401916503906,190.84233940292395,188.2228963898456,188.52056346541787,10760800
2019-11-11,188.1336212158203,188.59996281880592,187.07194539711494,188.45112169488698,8631200
2019-11-12,192.95578002929688,193.54118241978134,188.26261393985592,188.52058402549875,17615500
2019-11-13,191.6857452392578,194.17619589151252,191.23925215323305,193.18398230480068,10860700
2019-11-14,191.64608764648438,192.51924062722537,189.95932723003733,191.42779940129913,9040500
2019-11-15,193.58087158203125,193.77931126600507,191.8742630478972,192.74740068537741,11524300
2019-11-18,195.8629608154297,197.083394458118,191.54684069024395,193.04507779292095,16167200
2019-11-19,197.76803588867188,198.44273391679903,195.32718359990446,195.862972319889,19056800
2019-11-20,195.9721221923828,198.03592850260839,193.9083158821572,197.03379811724992,12355400
2019-11-21,196.38885498046875,197.53982653306198,195.32719416935493,195.8828314319917,12131000
2019-11-22,197.27194213867188,197.74820049246765,196.0812735442123,196.8353656727007,9959800
2019-11-25,198.23434448242188,199.40516437958556,197.6985558108234,197.9664577166115,15272300
2019-11-26,197.42071533203125,198.5915199594127,196.4979489321674,198.44269399490693,11735500
2019-11-27,200.42715454101562,201.55827748084596,197.8672415424567,198.3434998487067,12736600
2019-11-29,200.06996154785156,202.21314668437972,199.64331694177233,200.03027966309168,7985200
2019-12-02,198.14505004882812,200.60573550232598,196.50790368831068,200.55613693502008,11503400
2019-12-03,197.27194213867188,197.38107111518457,193.56105731789708,196.06144017029004,11595300
2019-12-04,197.16275024414062,198.47246418469376,196.50788570387584,198.44269899104324,8456300
2019-12-05,197.80767822265625,199.72264295487042,196.6666387867746,198.3037849582528,9740400
2019-12-06,199.4845733642578,200.00052874284466,198.50227632156012,198.9388527849813,12270600
2019-12-09,199.77227783203125,201.55826529748646,198.65108678592196,199.08764804194197,11954800
2019-12-10,199.3059539794922,200.47677397660377,198.59155892972421,200.0898112529777,9475700
2019-12-11,200.68511962890625,201.05224896037808,198.7205409171607,198.7205409171607,8036800
2019-12-12,195.218017578125,202.07421689896148,192.5886577048553,200.7744195601007,23734800
2019-12-13,192.5985870361328,195.26764410536947,191.66590380777728,194.8707495720382,18798000
2019-12-16,196.37889099121094,197.5695441443475,193.29310644951192,193.7495313138687,14911500
2019-12-17,196.8452606201172,197.45051153746434,194.60286327616436,197.29175372373888,10175700
2019-12-18,200.92327880859375,202.70926653711055,198.53204010374566,198.53204010374566,23274400
2019-12-19,204.45553588867188,204.6936726076007,200.933174513572,201.20107642986963,16514600
2019-12-20,204.69363403320312,206.09265860580518,201.84597118840784,205.86443861568114,27306900
2019-12-23,204.57461547851562,206.96585415342005,204.0785086234722,205.0905708469551,13348900
2019-12-24,203.5228271484375,205.17982186746664,203.40376637388914,204.69364694474325,6046300
2019-12-26,206.1720733642578,206.2018537033605,203.7113876835131,203.9693729292224,9350700
2019-12-27,206.4796600341797,207.3031840142275,204.9814077808883,207.04521392384925,10284200
2019-12-30,202.81838989257812,206.28120574011763,202.31235125630602,206.24152385687,10524300
2019-12-31,203.65184020996094,203.9594240017671,202.0146938355188,202.41157321720846,8953500
2020-01-02,208.14657592773438,208.15649261372965,204.66391150608143,205.1401698134919,12077100
2020-01-03,207.0452117919922,208.76173709486574,205.33860317480784,205.59658840250805,11188400
2020-01-06,210.9446258544922,211.12321704244698,204.91196510836792,205.09055629632272,17058900
2020-01-07,211.40101623535156,212.9091850683675,210.10121890912478,211.16289467328085,14912400
2020-01-08,213.54420471191406,214.55626678760405,210.9545267011627,211.34148938598864,13475000
2020-01-09,216.60023498535156,216.67961389127672,214.59595924568188,215.84614294905182,12642800
2020-01-10,216.3621063232422,218.16794243532362,215.72709019217615,217.4932292798279,12119400
2020-01-13,220.18214416503906,220.24167456420014,217.50317022293493,217.8901329574613,14463400
2020-01-14,217.35430908203125,220.64846550559204,216.92766450065454,219.88445679338435,13288900
2020-01-15,219.42803955078125,219.95391156667583,218.42590922878898,218.8922508489187,10036500
2020-01-16,220.04322814941406,220.89653250467634,218.67396845051022,220.83700210732903,10015300
2020-01-17,220.4103240966797,220.55915007771634,218.81285962698286,220.30117999726025,15905900
2020-01-21,219.7157745361328,220.63852588557012,217.41383179520864,220.43016951504185,14275800
2020-01-22,219.5967254638672,221.01558367210345,219.55702844071217,220.5790072572682,12212800
2020-01-23,218.04885864257812,219.7653990977893,217.56268366067917,219.03115557209316,11195000
2020-01-24,216.24305725097656,220.05315424389215,214.4273043543575,219.08078905236238,11905800
2020-01-27,213.19696044921875,214.37769721656775,210.84541874146058,211.44075303860495,13810700
2020-01-28,216.0941925048828,217.03680753347362,211.85745134891118,214.45704612676462,13413800
2020-01-29,221.4918212890625,222.45426962099896,216.74904184342662,219.7157657381559,33181300
2020-01-30,207.89852905273438,209.7837289696415,203.15574892158747,204.92188804289427,48775500
2020-01-31,200.33787536621094,207.06508316074348,199.4944876502085,206.80709790456496,31359900
2020-02-03,202.60011291503906,203.54271287919764,200.92326938028347,201.85595265807504,15495600
2020-02-04,208.1961669921875,208.96017565012505,203.6022134996226,205.01115489661296,19628900
2020-02-05,208.47401428222656,211.07360924626084,207.08492120373015,210.8553210282144,12538200
2020-02-06,209.20826721191406,209.54561624036785,207.7100148173451,208.8312211565953,10567500
2020-02-07,210.67672729492188,211.1629174365227,208.29540543766888,208.66253478539966,12242500
2020-02-10,211.40101623535156,212.13525971168318,209.01970977478095,209.87301403214792,11856400
2020-02-11,205.5767364501953,209.21815851429,204.90202333517067,208.55337722476645,25030800
2020-02-12,209.11892700195312,209.57535190670174,205.78508879415304,206.23159701357275,13813700
2020-02-13,211.48040771484375,212.66114433026516,207.55123516722094,207.88859930018288,15396600
2020-02-14,212.51229858398438,213.25645877349032,210.99421300859052,212.3337074056923,10741700
2020-02-18,216.10414123535156,216.28273242948998,211.7383919855589,211.8872331206534,15609200
2020-02-19,215.79653930664062,216.62007840377584,214.42727970658711,216.2926461020249,12135100
2020-02-20,212.90921020507812,217.06658788680414,211.2918970851758,214.83410713895424,13109200
2020-02-21,208.54347229003906,212.57187270865148,207.20399285274874,211.8177805922707,14092300
2020-02-24,199.15711975097656,202.0642984010924,196.62697198266386,200.22871228132,23080100
2020-02-25,195.23788452148438,201.91547815950642,194.4242620597452,200.6752110946446,21433500
2020-02-26,195.6645050048828,199.6432909480778,193.96782834769067,195.65458831997873,16524500
2020-02-27,188.2725372314453,194.3548116584717,188.02448382270822,190.32642672297806,21682600
2020-02-28,190.9713592529297,191.23926117317146,180.4042901120362,181.27742781433986,32568900
2020-03-02,194.91043090820312,195.03942351365126,187.37953374660688,192.51919263476543,24949000
2020-03-03,184.4425811767578,195.70421132887967,182.53753292619203,194.69214924139928,27984100
2020-03-04,190.2668914794922,190.33635370488574,184.93870881639302,187.6970616595599,23062500
2020-03-05,183.7281951904297,187.5184585064804,182.4581629611719,185.32565973285247,19333400
2020-03-06,179.6799774169922,182.34903472384462,174.88758337271472,176.94147302311066,24559600
2020-03-09,168.18020629882812,173.63738113448332,163.90376807728393,168.27943371546766,29949000
2020-03-10,176.8025360107422,176.90174828238088,168.1801977845256,173.3099400535454,24517800
2020-03-11,168.91445922851562,174.51054367524623,166.35454616437582,172.6550938325682,20373900
2020-03-12,153.26724243164062,165.30279874923735,153.13824981343737,158.29775772184547,43266300
2020-03-13,168.9541473388672,169.46017087461817,156.37288491134964,162.2567048752018,35028600
2020-03-16,144.87310791015625,157.89096114274597,141.98577772844195,151.13398868681,39120400
2020-03-17,148.2565460205078,152.7413554813894,138.90989624697303,149.56627516659688,34255600
2020-03-18,145.8157196044922,147.0262062866971,136.03249274945776,138.66185277470413,37553100
2020-03-19,151.9376678466797,158.68470796752493,143.67252704466907,145.4783478577257,39862300
2020-03-20,148.5641326904297,158.0298585688612,146.84760746399692,154.80516448603694,32568400
2020-03-23,146.94683837890625,151.12404910429632,141.1423828354806,148.494689153159,29830800
2020-03-24,159.72654724121094,160.05397955862045,151.38204205017757,154.00148544947513,30440400
2020-03-25,154.9936981201172,161.72090533404412,151.86821609525333,157.68258858451526,35184300
2020-03-26,162.06817626953125,162.7230409214687,155.79739378485885,157.01781235257576,26556800
2020-03-27,155.56918334960938,158.84349167154605,153.54507401130994,156.96820833607012,24879900
2020-03-30,164.6578369140625,165.45161078841923,156.82927254742395,157.94054688753693,22515200
2020-03-31,165.50125122070312,169.59908358160726,162.92148949743878,164.19152184551297,23676300
2020-04-01,158.35728454589844,162.87184396981343,156.80941873029622,160.36154496434824,19507600
2020-04-02,156.95826721191406,160.0936657297294,154.70593816665038,157.86118519507858,20886300
2020-04-03,152.9794921875,156.68045997611702,149.65558556793806,155.92636791796428,25983300
2020-04-06,164.26097106933594,164.90590387910632,157.27577856792746,158.90300833132738,28453600
2020-04-07,167.51541137695312,172.03990263218705,164.7173619670192,170.45235493492254,31411900
2020-04-08,172.9229736328125,173.6373685890628,166.43390377684543,169.9165678335829,21664200
2020-04-09,173.82589721679688,175.7011802527379,170.2340889492218,174.53036037094571,23534300
2020-04-13,173.42901611328125,173.63738764003992,168.13059888974578,172.31774167717816,19355400
2020-04-14,176.78271484375,179.81888637309189,175.24478056569035,177.58640552622524,21011800
2020-04-15,175.59205627441406,176.80255817599564,171.47437555574143,173.82591713406964,17423000
2020-04-16,174.87765502929688,176.66364261929394,171.16677054452398,176.56441519874684,23593200
2020-04-17,177.84437561035156,178.87627111884785,175.28446264083883,177.8046785869603,20974800
2020-04-20,176.85214233398438,179.0945394271123,175.39358725598373,176.02860329987692,16110700
2020-04-21,169.4700927734375,174.01443306233168,167.02924055696525,173.88544044431308,24850500
2020-04-22,180.86070251464844,183.34123663421514,176.75293861824514,177.06052242667482,33242000
2020-04-23,183.6885223388672,185.59357077642403,181.72392836327927,182.64669495302132,21426600
2020-04-24,188.59005737304688,188.9274063834041,179.42199771642456,181.80330444127193,28792000
2020-04-27,186.0400390625,192.24137369791666,185.9507434773445,191.15986457109452,29197800
2020-04-28,181.48577880859375,187.72679519577517,181.13849802015946,187.19100655588065,21731000
2020-04-29,192.67794799804688,195.37677001343562,188.52057088095992,189.4433221975567,45954500
2020-04-30,203.1160430908203,208.0572623454353,200.00049314008223,205.30882656450473,46230100
2020-05-01,200.69505310058594,205.6660378850065,197.50012403387927,200.03027179216886,30415600
2020-05-04,203.66177368164062,204.30672165501633,197.21238478775865,198.64117490356918,19250700
2020-05-05,205.4576873779297,208.74191213072285,204.89211833132651,205.40807366752924,21071200
2020-05-06,206.84677124023438,209.95240466559474,205.05086703936345,206.49949042283785,21857000
2020-05-07,209.6150360107422,209.95240013521098,207.41232064616085,209.51582373646835,15152000
2020-05-08,210.6965789794922,211.5498833416923,209.20825847379285,210.58743487014175,12506000
2020-05-11,211.52008056640625,213.3259165222958,208.7319628705345,209.2479181636426,12911900
2020-05-12,208.46408081054688,213.60373992712047,208.36485339579585,211.6292294374064,14704600
2020-05-13,203.5030059814453,209.13877170097768,200.53628200459266,207.79927734708642,20684600
2020-05-14,205.19969177246094,205.31875255942361,199.1273493977165,200.98278398111552,17178900
2020-05-15,209.23802185058594,209.6944316566375,202.53064780705802,203.6717026021449,19383200
2020-05-18,211.53001403808594,212.96872069085757,209.2975334989645,210.4981034438379,20151900
2020-05-19,215.19129943847656,218.77319129030954,211.17283116193593,211.60940758664356,31843200
2020-05-20,228.17938232421875,229.53871022771793,221.4521747518963,221.759758571814,50162900
2020-05-21,229.5883026123047,235.35306116357182,229.39977960729271,232.89237569283694,47782600
2020-05-22,233.08090209960938,234.1524946121766,226.95894596001787,229.70736675116186,33925600
2020-05-26,230.39198303222656,239.0242378798725,229.86611106249487,237.90304686477256,33178300
2020-05-27,227.35581970214844,228.764761172586,219.4081943562366,227.2863726241577,34697600
2020-05-28,223.70449829101562,229.82645475219894,222.25585968682327,222.5535268126139,29377200
2020-05-29,223.3373565673828,225.71867830178658,221.14457298017828,223.44650066945937,23241500
2020-06-01,230.10426330566406,230.6301353109127,221.75974316203477,222.84125236981188,18223800
2020-06-02,230.90797424316406,231.18579286888968,224.79593419724122,229.14183506248852,20919000
2020-06-03,228.367919921875,230.8385224653334,226.75060666749712,230.3027337028907,15380300
2020-06-04,224.52801513671875,229.8264474146918,222.86110350947578,227.7725579382905,17041500
2020-06-05,228.97312927246094,229.5486149585623,223.55563653087066,224.944744609729,16750400
2020-06-08,229.59823608398438,229.74707721776002,225.63931324920404,227.24669454212363,15466500
2020-06-09,236.81161499023438,237.9030559919151,228.61593621208456,229.71729389924317,27462900
2020-06-10,234.88671875,239.3318465307384,233.44801207354607,239.08379313341953,20720700
2020-06-11,222.6824951171875,231.07662899070073,221.80935742815382,228.14960184432616,26708200
2020-06-12,226.80018615722656,229.8562058573406,222.7519528586331,228.10990023443085,22091400
2020-06-15,230.68966674804688,231.94978228517638,223.0496248987954,223.33736018712725,15340300
2020-06-16,233.8151397705078,236.60327283509807,231.18577966295072,235.2935435543671,15236700
2020-06-17,233.69606018066406,235.7400177059059,229.92564559877275,233.1701882014505,19578100
2020-06-18,234.10289001464844,234.30132971581455,230.342391818643,233.1602900791253,15782500
2020-06-19,236.93067932128906,238.95480354742614,233.71591694092012,235.93846571945113,30081300
2020-06-22,237.3573455810547,238.82581751303113,235.0653345200704,236.7024809522082,18917800
2020-06-23,240.35385131835938,243.2808786953771,237.99237787562274,239.4013195080182,24017900
2020-06-24,232.1978302001953,241.3261922642483,230.86825247388322,239.32191655919164,20834900
2020-06-25,233.84487915039062,235.45227537563477,230.92778406897406,232.7931352234886,18704300
2020-06-26,214.3975067138672,231.27505382872505,213.72279362389085,230.82856075711075,76343900
2020-06-29,218.92201232910156,219.03115643280992,205.49736327286647,208.1168066218885,58514300
2020-06-30,225.30197143554688,225.72861605804886,216.76892758571236,218.87241577847084,33927100
2020-07-01,235.70034790039062,237.13905461798524,225.7881284096902,226.72081163267626,43399700
2020-07-02,231.60250854492188,238.13127618375734,230.7988179101983,237.1390625329917,30633600
2020-07-06,238.4091033935547,238.52816419114757,230.46147721466446,231.9398659180404,26206200
2020-07-07,238.98460388183594,245.72172856727462,236.9604944980751,237.5458969756356,27887800
2020-07-08,241.68341064453125,245.06686293607262,234.74783155219004,236.2560005890612,29791300
2020-07-09,242.59622192382812,244.61041429342896,237.3771839087014,243.0923287171284,22174900
2020-07-10,243.16180419921875,243.57853211152505,237.45657576506048,241.79254453022762,22982700
2020-07-13,237.13906860351562,248.20224503676744,236.5635828545422,245.08669469920744,24674900
2020-07-14,237.8633575439453,238.45869174856148,230.22331599791937,234.9164819970531,23378100
2020-07-15,238.4091033935547,242.91376200888993,236.1964711117376,239.66921901467015,19133600
2020-07-16,239.05401611328125,239.87755522060198,234.48984262328327,236.146837523563,18880700
2020-07-17,240.1454620361328,242.25888189855516,236.00793304376865,239.12348321533193,18152400
2020-07-20,243.50906372070312,244.13416314331633,233.80521577145498,238.19079813555464,20872200
2020-07-21,239.8676300048828,244.9874556480956,238.21063516352848,244.30282586394793,19364200
2020-07-22,238.0022735595703,240.01646597475658,236.26589974372158,238.38923626150319,15427900
2020-07-23,230.7888946533203,240.5324245536432,229.94550701818997,237.76415520841277,21771800
2020-07-24,228.9136505126953,231.6720036420372,225.13330324926284,228.3976951018888,18325800
2020-07-27,231.68186950683594,233.12057616100276,229.03266108130668,229.65776047765974,13163100
2020-07-28,228.3282012939453,233.13052688737727,228.04046599577487,232.8030945646447,14170100
2020-07-29,231.4735107421875,231.88032196348667,228.5167183683108,229.3402574968024,13588300
2020-07-30,232.67408752441406,233.06105022002825,227.2169127637135,228.4274145581944,20615300
2020-07-31,251.69483947753906,253.85787314770926,247.06120346233217,253.82810794885188,53005100
2020-08-03,249.99815368652344,253.4113558672022,248.38084061958932,250.68276837586004,23124900
2020-08-04,247.88475036621094,250.83162626496386,245.50342840339124,249.6012758271747,17183500
2020-08-05,247.18026733398438,250.30574951271805,245.84078794879503,248.24194323970724,13050100
2020-08-06,263.2144470214844,264.52417636220866,246.7337769905804,247.10089121185337,45241600
2020-08-07,266.349853515625,276.71849900536273,261.37885308703824,262.0237859492798,72766400
2020-08-10,260.9521789550781,271.7276042056883,257.6679543343518,265.95294401876475,30248800
2020-08-11,254.13568115234375,263.84946103998055,253.1434675252499,258.16406605594824,28238300
2020-08-12,257.866455078125,261.8452117649853,256.1002854723351,256.95360507288314,21415700
2020-08-13,259.26544189453125,263.0954027318259,257.5489314787147,259.51349533311384,17374000
2020-08-14,259.20587158203125,260.60489639382604,256.66580718443333,260.2675474028903,14792700
2020-08-17,259.12652587890625,262.04363649322056,257.3802201288519,260.4560885640764,13351100
2020-08-18,260.29730224609375,263.08541993318096,257.24129779802496,258.9181411403599,18690400
2020-08-19,260.5453186035156,265.8239012707625,259.3149836509809,259.35468066620956,23291500
2020-08-20,266.91534423828125,267.5305117195,259.4241146809845,259.4638116965327,20299700
2020-08-21,264.93096923828125,268.3838532680804,264.34556683414814,266.59788085818127,15538600
2020-08-24,269.27691650390625,275.091274811344,266.6772909244434,268.959400822145,23685600
2020-08-25,278.6334533691406,280.8857675258708,268.1556793125237,270.28893267224026,42127200
2020-08-26,301.5436706542969,302.2977627595192,281.78869215846566,281.78869215846566,69015200
2020-08-27,290.9368896484375,298.8845307287282,289.7462211483339,297.82285484879753,30301300
2020-08-28,291.3734436035156,294.9156533521209,288.7143184756924,292.70300616742725,17157400
2020-08-31,290.91705322265625,294.5683921740452,289.279876482208,291.66121345742096,17345100
2020-09-01,293.13958740234375,299.1424675498005,290.43083338283753,292.4152605760405,17295900
2020-09-02,300.1446533203125,301.23609447928743,290.76822145997494,296.5528444625622,24341400
2020-09-03,288.8532409667969,295.2827964981779,281.42157021145084,293.6853167317261,32294100
2020-09-04,280.5285949707031,286.74976407245856,269.02884162990455,285.0133900685596,30333700
2020-09-08,269.0486755371094,277.12527945997186,267.3222333565382,269.16773633853364,24864000
2020-09-09,271.5886535644531,276.3115990468235,269.2371126468704,273.6226789262572,22918800
2020-09-10,266.0025329589844,276.9863444713146,264.95078899476385,273.3647709884832,24814700
2020-09-11,264.5340881347656,269.2768988349684,260.595028693732,267.95723761672286,18913900
2020-09-14,264.07763671875,274.4859777025332,263.63115877833076,268.8402800429086,24093800
2020-09-15,270.29888916015625,272.38251385791705,267.20315675556157,268.5625150587147,18478500
2020-09-16,261.4681396484375,270.3186990512302,259.75162935073587,265.2088046240385,29183400
2020-09-17,252.83587646484375,259.4638560363653,248.24192265848913,256.2689270376447,31281400
2020-09-18,250.56373596191406,257.1818149681627,248.1030501120525,256.3880258037167,28130800
2020-09-21,246.21778869628906,248.00377613111147,242.22910108849263,245.6125378194875,24709400
2020-09-22,252.7664337158203,253.33200277778175,246.28727962902335,251.33764360136956,30293100
2020-09-23,247.08103942871094,255.9811816546573,246.21780328574286,253.2724427163258,19641300
2020-09-24,247.58706665039062,250.2759722576186,243.70750771146652,244.58066055336698,20006800
2020-09-25,252.83587646484375,253.7586278443611,244.68979615867002,247.45806543720002,18351300
2020-09-28,254.82029724121094,257.5786497646431,252.83587009399483,257.3801949379394,18826300
2020-09-29,259.7516174316406,261.2796046364811,254.89967819508988,255.80259624156326,20200200
2020-09-30,259.86077880859375,264.00822507608797,258.07480614487656,259.9401728665143,20142500
2020-10-01,264.55389404296875,266.24063884854394,262.73812635584693,263.2838619564372,20009800
2020-10-02,257.9160461425781,263.0854713326593,257.16195399847294,259.1761467118416,16367600
2020-10-05,262.58935546875,262.80764369878625,258.8090236103636,260.15845001784953,12822300
2020-10-06,256.6459655761719,263.6212257600727,256.22922255371117,259.741667068891,18696900
2020-10-07,256.11016845703125,258.1541260416151,252.83587570346262,257.191677642664,23133400
2020-10-08,261.70623779296875,262.5595268534085,257.13211789378187,257.72745203917947,16312800
2020-10-09,262.39093017578125,262.6885821795816,260.1286841070195,262.46036212336156,14107800
2020-10-12,273.6029052734375,277.99840433575406,265.7842571156628,268.09613180330746,31019300
2020-10-13,273.9898681640625,276.92681183583034,271.261280862398,275.4186278390119,18063300
2020-10-14,269.7034912109375,276.57952376322527,269.385975611536,275.45831762030724,15577800
2020-10-15,264.64324951171875,266.9451926519491,261.61700972164607,265.5164024462862,15416100
2020-10-16,263.8594055175781,269.25705094959847,263.234305986008,265.29812762293676,16622700
2020-10-19,259.36468505859375,266.4590077763935,257.85653096131534,263.4625329573405,13587000
2020-10-20,265.4766540527344,267.60000557641126,260.83310192276537,261.01169309392856,18763200
2020-10-21,276.5596923828125,280.8460318857518,274.21805267032346,277.3832163022332,28998600
2020-10-22,275.9544372558594,280.25073903320055,272.8984327390067,277.6908110286055,16720000
2020-10-23,282.5725402832031,283.01901826787457,274.6645961018009,276.6291597942717,17535200
2020-10-26,274.95233154296875,283.0091324468951,272.12454664304926,280.9552427634075,21322900
2020-10-27,281.084228515625,282.2947304449759,274.15856596508183,276.5895016504046,16287200
2020-10-28,265.5858154296875,276.61922530983355,265.17900423878854,276.61922530983355,23121800
2020-10-29,278.6433410644531,281.39179220538097,271.6482470679973,274.3966679289681,32368100
2020-10-30,261.0613098144531,274.54551949414935,257.08255380705526,272.36263742827884,47247800
2020-11-02,259.324951171875,268.3640334830486,255.33626310518545,262.5397440643903,27165700
2020-11-03,263.2342224121094,267.94723641131566,258.848655815937,261.1109013243579,17961900
2020-11-04,285.1423645019531,286.69021537855144,276.4505632103181,278.81203654973183,35364400
2020-11-05,292.385498046875,295.0644868941228,286.70013346565065,289.62714543435567,23823600
2020-11-06,291.1253967285156,292.3061333378279,285.8170478994157,291.6612005522265,13891000
2020-11-09,276.599365234375,290.3018321753482,276.3612436678267,287.61294188655734,25117700
2020-11-10,270.3087463378906,271.8665289718165,261.94439287795456,270.9735427793602,29067700
2020-11-11,274.3272399902344,276.23227323546826,270.3583854027134,271.34066722353845,14957000
2020-11-12,272.9380798339844,277.57173026289297,272.29314710652244,275.02173426728365,12899500
2020-11-13,274.7935791015625,275.5972697257865,270.97355054002895,275.55757270188633,10391200
2020-11-16,276.78790283203125,277.23441107281263,272.491631182549,272.9083439459854,12970400
2020-11-17,272.85870361328125,275.5178284394877,271.16202706192706,275.5178284394877,15040300
2020-11-18,269.8523254394531,275.23013630396935,269.7233328307537,272.3824579271771,12152900
2020-11-19,270.81475830078125,271.3406302507744,267.0939576319751,268.90969503517306,12963700
2020-11-20,267.60003662109375,270.8743295920919,267.3122861808678,270.4377531586311,18114700
2020-11-23,266.33990478515625,268.84030258094407,262.4702775773392,268.78077218389745,20990800
2020-11-24,274.7638244628906,275.65681071523977,265.78427252771075,266.39944016199667,16930400
2020-11-25,273.44415283203125,277.99840979634354,270.5270423142432,275.97431577662064,12467000
2020-11-27,275.6468505859375,276.9565797708799,272.68014168909747,275.2301378416092,7808400
2020-11-30,274.8133850097656,275.53771179376014,268.89980079782725,273.8807018610428,16693300
2020-12-01,284.3188171386719,287.04740475144206,276.7879189610211,276.9863738084787,20738900
2020-12-02,285.2812805175781,289.50812069353924,278.6433682468617,283.1380952289201,17361600
2020-12-03,279.6553955078125,284.4180084423758,278.88147014894713,284.0211290778213,12921700
2020-12-04,277.522216796875,281.2529201593613,277.12530704600476,278.117520863255,10880300
2020-12-07,283.3563232421875,286.24366821412923,276.0338129120554,277.01609460561934,13007700
2020-12-08,281.193359375,284.1997657052833,279.35775795539723,283.78305290383537,10747700
2020-12-09,275.75604248046875,285.3904289470905,269.6340706803854,281.45133938041425,25189700
2020-12-10,274.9621887207031,276.55966813414915,269.743136240434,273.3945047797599,20065100
2020-12-11,271.4200134277344,274.3272222377273,268.1457207169015,272.3923936395362,14391400
2020-12-14,272.0550842285156,275.0614906101271,269.4455572817121,271.24146170518526,16376900
2020-12-15,273.40447998046875,273.93035204384483,265.3874064007042,272.69008488682954,23979500
2020-12-16,273.5235595703125,275.69647968054255,270.3881606955199,272.6206414843473,15885000
2020-12-17,272.34283447265625,278.2564198025171,271.4795830956817,274.9126643899615,16377800
2020-12-18,274.247802734375,275.8353503752591,269.02878036440524,273.6227033905307,26693200
2020-12-21,270.66595458984375,272.53132099000726,265.7048866234326,270.85447759496384,16553700
2020-12-22,265.01031494140625,269.3859803553586,262.5694780729273,269.3859803553586,17312900
2020-12-23,266.02239990234375,270.050815371756,264.15706358620935,264.8119282601544,14329000
2020-12-24,265.3178405761719,268.2944805907436,264.127202738312,266.7863272174752,6702000
2020-12-28,274.8431091308594,275.14076103598876,263.5914129177243,266.64741683686793,23299700
2020-12-29,274.6248779296875,278.3258455440908,274.1287711316152,274.7935675642127,16383000
2020-12-30,269.75311279296875,275.9147509123316,269.59435497972174,275.78578857652786,11803800
2020-12-31,271.0330810546875,274.9324733857731,267.70915931059875,269.88210960073656,12900400
2021-01-04,266.845947265625,272.8587596931947,263.13507782338417,272.64047147424185,15106100
2021-01-05,268.8601379394531,270.27899621280795,266.1216185352488,266.2010125852026,9871600
2021-01-06,261.2597351074219,265.66516548406366,257.9854426588152,259.95993784061505,24354100
2021-01-07,266.6474914550781,269.4951398375126,262.71833380809295,263.82960827148605,15789800
2021-01-08,265.48663330078125,266.85589308419407,261.13080051963345,266.2208617666856,18528300
2021-01-11,254.840087890625,261.41846762564273,253.90740486539156,258.45175922747796,30412300
2021-01-12,249.13490295410156,257.69771095255174,248.3510608913129,254.63177463889247,26383500
2021-01-13,249.68063354492188,251.97264457383557,247.25962990122798,249.59133795314094,19528900
2021-01-14,243.72735595703125,253.04424135584142,242.7053771272773,251.42692829090055,29739400
2021-01-15,249.40283203125,251.88336623941407,245.23553758953017,245.96976602555998,24942900
2021-01-19,259.0669860839844,260.15842713817875,250.75223098015417,254.8996767061357,28028500
2021-01-20,265.3973083496094,268.2151913795209,261.547514682843,266.835999921806,25199900
2021-01-21,270.745361328125,271.4696882669738,265.40724650418264,267.16348422222234,20838700
2021-01-22,272.36260986328125,276.3016987289684,269.88207607581967,269.89200790055463,21954000
2021-01-25,275.84527587890625,277.918998393061,269.3958883380603,275.9742684745155,19087000
2021-01-26,279.8538818359375,283.16790247551756,275.64690513892987,275.9743526399479,19373600
2021-01-27,270.0210266113281,281.24296012848583,266.03230851624016,280.33011028325467,35346200
2021-01-28,262.93658447265625,284.55692568937985,262.6389325267442,275.02173795594643,37758800
2021-01-29,256.31854248046875,264.4844718354171,252.86565830915723,263.23427292927573,30389500
2021-02-01,259.9699401855469,262.11312556743917,252.92521634580092,257.4993073019976,22914300
2021-02-02,265.0003662109375,266.7566034715487,261.220035227519,261.94436197771006,17320800
2021-02-03,264.5737609863281,267.1039239356935,261.7856430809958,263.5517821485724,14223400
2021-02-04,264.4150390625,266.07204938900765,261.94443645371734,264.93100960438716,16060000
2021-02-05,266.01251220703125,267.07418818582795,263.60144006375174,264.72261616514083,12454400
2021-02-08,264.5043029785156,267.75876255758504,262.93661872589735,266.6574199342827,13755200
2021-02-09,267.3519287109375,271.26125216283776,263.6807267996763,264.36535650896525,14613400
2021-02-10,269.75311279296875,271.6680778178337,265.6354323142313,270.3286136509837,14687200
2021-02-11,268.2846984863281,271.44983258670095,266.39946808051525,269.77301915620467,12828600
2021-02-12,268.393798828125,269.06849685928296,266.2506136586012,268.41363220082087,9097600
2021-02-16,271.83673095703125,274.44625727947283,267.94724075461835,268.6914008718187,15417200
2021-02-17,271.4398498535156,271.83672919078657,267.4808974653651,269.12797548099434,12763200
2021-02-18,267.29248046875,269.83254528267213,263.9586264755015,267.47107167911304,15249100
2021-02-19,259.5234069824219,268.1655796323252,258.12438206399435,267.75876839108383,25622600
2021-02-22,258.3029479980469,261.0216337980358,255.52476208560068,255.94150511244536,17434900
2021-02-23,263.7898864746094,265.3774342503566,252.97477970473903,257.47942267295707,21924600
2021-02-24,262.2519226074219,264.30581162260177,256.37803620761827,260.28732916508244,15736100
2021-02-25,252.7069091796875,264.86152698084504,252.06196119196488,260.2576408874956,19053100
2021-02-26,255.6140594482422,263.48230592627357,254.47301987913823,254.47301987913823,26619500
2021-03-01,262.84735107421875,264.5737933288639,255.89192291964775,258.7892004251062,22157300
2021-03-02,256.98333740234375,264.6332962265504,256.6360565660787,263.71054479187086,15191700
2021-03-03,253.42127990722656,258.95781848728717,253.1136961127763,258.26328713334885,15513500
2021-03-04,255.63392639160156,264.4149925260299,251.5261475539743,254.47302315663333,31626500
2021-03-05,262.22216796875,263.38307102229237,253.61967921951808,258.6402919675598,26820100
2021-03-08,253.3220672607422,263.5120906541324,253.06409715938335,263.48232545551326,18391800
2021-03-09,263.67083740234375,266.43912187751977,257.78701790933485,259.14634572246285,22039700
2021-03-10,262.8373718261719,266.8756883722604,260.82317946583066,266.5482712133679,14210300
2021-03-11,271.7474670410156,275.7361548331948,265.7346550158106,266.0223751597544,21834000
2021-03-12,266.31011962890625,267.63968219657,261.9642192904478,267.04437827071723,20600200
2021-03-15,271.6184997558594,273.8112835494725,266.4093778427333,266.9848484642395,16844800
2021-03-16,277.10540771484375,279.9431543023301,272.66027997078896,273.9303121433824,22437700
2021-03-17,281.79864501953125,284.001360819767,273.26560046546666,273.56325248713574,21315000
2021-03-18,276.4505615234375,282.9694124523862,276.11321251700224,277.69082858237186,18728300
2021-03-19,287.85107421875,290.520131236803,279.0104776505019,279.0303110218043,38930500
2021-03-22,291.2544250488281,297.3763667697082,284.5172853838437,288.1884882749741,28273100
2021-03-23,288.3670349121094,295.67964408375025,287.5534125169044,290.86740220961764,23000900
2021-03-24,279.94317626953125,289.44856979905677,278.9707959829789,288.73417475341705,18675000
2021-03-25,276.56964111328125,285.8170802003852,275.5873592254311,278.7922204243197,24505600
2021-03-26,280.81634521484375,282.2848325733052,275.6072226453891,276.1330947602498,17629200
2021-03-29,288.5555725097656,290.89718212081135,282.4832299943889,283.5448755560306,21718800
2021-03-30,285.757568359375,290.1927651628179,284.4677025586263,287.5733062518088,17474500
2021-03-31,292.2366943359375,294.1913564992557,286.3627760195834,287.732035744542,19498200
2021-04-01,296.3344421386719,300.0453103705007,294.2904850642471,296.0764569786159,17616000
2021-04-05,306.5047302246094,308.3502331272152,298.33880077200007,298.54718744548785,28237000
2021-04-06,303.8753356933594,308.9256990987487,302.87319030448623,306.4352333643989,17335200
2021-04-07,310.6521301269531,311.8031014540614,303.12123307626337,303.9546888069375,22855200
2021-04-08,310.5827331542969,313.42048018860385,307.63585714326587,312.39850125036537,20894100
2021-04-09,310.027099609375,312.2893457464455,307.9136794786985,308.97535545757665,15988600
2021-04-12,309.1142883300781,309.7195241992067,305.53238085225,308.6280829893438,10881900
2021-04-13,307.3480529785156,311.9816729088787,306.91147663099315,309.7789578027251,14036900
2021-04-14,300.4621276855469,305.63155202989105,299.5989067038952,304.9072252057683,17421400
2021-04-15,305.4231872558594,307.7251299969415,301.73215157790185,303.95470027690254,14558300
2021-04-16,303.7959899902344,306.54444137804103,302.2382071802452,305.77051588644764,13059200
2021-04-19,299.8866271972656,305.3041352263425,298.2197156252216,302.635078233983,14553500
2021-04-20,300.29339599609375,302.7243310719852,294.895752380361,299.6385314824256,16796400
2021-04-21,299.1226501464844,299.6286887973505,295.074431779428,299.5989235990618,14863500
2021-04-22,294.211181640625,300.5613732471118,293.7349384661089,298.98372689165404,16375400
2021-04-23,298.78533935546875,300.2339629907367,294.8363176243021,296.43379755001087,17536800
2021-04-26,300.6804504394531,303.4189396821475,299.2119632513711,300.97810243975925,16172600
2021-04-27,301.206298828125,302.96250605186816,298.7654314975515,301.91076202680745,15309300
2021-04-28,304.7088317871094,308.49909536915743,302.9922911939932,304.9667867574344,33907200
2021-04-29,326.94427490234375,329.2263538042602,319.1057641523862,327.5495105933915,56526800
2021-04-30,322.548828125,327.2519418261899,321.9733574810361,323.60060254321024,26332400
2021-05-03,320.06829833984375,325.991815642022,319.33406985399984,323.6303723508017,18719500
2021-05-04,315.8811340332031,319.681329401256,310.68194401650095,317.52821238291256,24032600
2021-05-05,312.5671081542969,318.5600865999648,312.04123617300195,315.7124384967286,15577600
2021-05-06,317.5281982421875,317.746486454234,310.8307561707074,312.0710232209815,19012200
2021-05-07,316.5955505371094,320.4255113638621,316.2681333222643,319.86987408536334,15916700
2021-05-10,303.58758544921875,312.1305297025952,302.4564474516533,311.9023399620006,24239200
2021-05-11,304.14324951171875,304.45083332141724,297.3565117661836,298.40825581482176,18920100
2021-05-12,300.1942138671875,302.5854522871309,295.86817708684436,298.78528750586537,24645500
2021-05-13,302.88311767578125,306.4550622284353,300.41248534825166,303.6967097732454,18079200
2021-05-14,313.47998046875,314.38289851654434,306.67337913920693,307.1298192160858,19245700
2021-05-17,313.0036926269531,313.2219808293489,309.1538990283127,311.10856102432524,15401300
2021-05-18,307.5465087890625,314.0355939964766,307.3976828099841,313.1326760167942,14522400
2021-05-19,311.1482849121094,312.2099608190644,301.2063147190204,301.82148235708155,19106200
2021-05-20,316.1291809082031,316.76421218745367,310.7216346081384,311.1383473901833,17320200
2021-05-21,313.7677307128906,317.4389030180048,313.3509876603318,316.8039020331024,13600900
2021-05-24,322.102294921875,323.41202409677993,315.5536793273055,315.7322705020775,16445400
2021-05-25,325.23773193359375,326.6168932086771,322.2709924282731,324.5332384164337,16437000
2021-05-26,325.1087341308594,327.2618208339103,323.2830646151076,325.7933639842611,9686900
2021-05-27,330.1590881347656,331.18106697098676,324.215738131107,325.44607335297707,20477700
2021-05-28,326.17041015625,330.2781589983809,325.773500464872,328.4227242830254,12037400
2021-06-01,326.5672607421875,328.8394383209458,324.0966586152129,327.5793076939704,11765900
2021-06-02,326.5871276855469,329.2859501143572,324.5729351203657,327.80756141635504,11654300
2021-06-03,323.5013427734375,324.83090541378255,320.9612782844265,323.2433575381614,12610800
2021-06-04,327.7777404785156,329.87129645914183,322.6479832868195,323.3623782282559,13289400
2021-06-07,333.959228515625,335.060601318784,326.36880079638615,326.9145364253234,20136700
2021-06-08,331.0818176269531,335.66583948741965,329.6530276600603,334.07832199527667,14580500
2021-06-09,327.6785583496094,334.17754565379573,327.4305049367785,333.1258016057894,13727900
2021-06-10,329.8713684082031,331.3398556303271,325.9918090878288,328.2143884348219,13240200
2021-06-11,328.6806640625,330.2384162938498,326.3687895778356,329.99036291102897,13587900
2021-06-14,334.1477355957031,334.1973644395812,327.24193798799115,329.31566060726266,12250800
2021-06-15,334.12799072265625,337.2733217313355,332.4213818082864,334.3661123404878,15795200
2021-06-16,328.5020446777344,334.92166747666334,326.16043526357373,334.07831019373776,17232200
2021-06-17,333.8898010253906,335.34835619713573,327.5793069198967,327.91665590302716,17794100
2021-06-18,327.0931396484375,333.5325962354284,326.43827503756376,331.92521504508204,23039500
2021-06-21,329.7026672363281,330.3277666521811,325.0987815754126,328.51199879851725,11337500
2021-06-22,336.3902282714844,337.2733130481438,330.0103010916536,330.09959669604154,15345300
2021-06-23,337.93804931640625,340.7460309516775,335.5666743971073,336.7077140585252,14817800
2021-06-24,340.50787353515625,342.214482226336,339.1287123056329,339.18824270230544,12329100
2021-06-25,338.7119445800781,341.4405319220191,337.0351012093616,339.9224463575193,14594400
2021-06-28,352.870849609375,355.35138354168714,339.1088219177448,339.7934517054594,29156100
2021-06-29,349.1500244140625,353.96223568390906,346.33211141668977,353.49589412588824,21417300
2021-06-30,345.0025329589844,350.17198687607316,344.4667594932976,349.42782678266764,15107500
2021-07-01,351.630615234375,351.9084338493456,343.80203488402134,344.1195505239757,17137000
2021-07-02,351.9382019042969,353.66464400562825,349.87438050780213,352.3350813174818,11521300
2021-07-06,350.0331115722656,355.9963249803974,346.46113656672946,353.7241473646603,13488500
2021-07-07,347.7609558105469,353.71423776723833,347.2747808070036,352.49383434528966,14218900
2021-07-08,342.9586181640625,345.61774329354535,339.89268183283735,343.03801220730537,14406500
2021-07-09,347.6914978027344,347.97921794083607,342.5815736156693,342.63120246289606,13018700
2021-07-12,350.41015625,351.43213503991996,346.91757530230257,348.4951912820845,10018600
2021-07-13,349.3484191894531,355.69857901737765,346.0840285613671,348.76301690562383,11456000
2021-07-14,344.9232177734375,352.4342819743491,344.03023159160176,351.79925073751554,13894200
2021-07-15,341.7779235839844,346.5108023254573,337.57094717374997,346.5108023254573,14781600
2021-07-16,338.5036315917969,343.2960104688672,337.4915845124047,342.2244329895084,11026100
2021-07-19,334.3263854980469,337.1442684957518,331.9351470822577,334.9415530868475,14372300
2021-07-20,338.99969482421875,340.77576560791334,331.8954419693958,336.16194824446416,11024300
2021-07-21,343.53411865234375,343.82183878893244,338.59288412390543,338.84093751886803,9279700
2021-07-22,348.4555358886719,348.80281674381297,342.522086990995,343.9806423586199,12385400
2021-07-23,366.9106750488281,372.40751658266703,354.40877765238,358.09981344980844,33694300
2021-07-26,369.55987548828125,371.5244693516764,365.35289943975135,366.7022954251453,14925200
2021-07-27,364.94610595703125,370.24452329824976,361.71147971727765,369.01418804237403,15705400
2021-07-28,370.37347412109375,374.61021509469094,364.0729119989861,371.6435062586561,29676900
2021-07-29,355.5299987792969,362.67391881987123,353.9622842712004,358.1891240675114,33413200
2021-07-30,353.52569580078125,357.92122508930873,350.19187261810475,351.24361661835076,15976200
2021-08-02,349.2096252441406,356.6015991711631,348.0090248606978,355.3117334679123,13180400
2021-08-03,348.505126953125,351.0154263788304,344.99271229041113,349.9835459423059,12406100
2021-08-04,356.1252746582031,357.6731252606666,348.77296915652533,349.6758870546211,14180600
2021-08-05,360.143798828125,361.06655027869056,354.1210545536486,356.83974061353666,10247200
2021-08-06,360.6795349121094,362.3067492877547,358.58594870569516,358.58594870569516,8925000
2021-08-09,358.79437255859375,362.9319169074044,357.94108333229246,360.92765618426364,7798900
2021-08-10,358.318115234375,361.2649909446652,356.2443923686089,359.01264661164123,7469900
2021-08-11,357.15716552734375,359.5384718883265,355.02391254312903,359.28051696685594,8400300
2021-08-12,359.82623291015625,360.1735137038781,354.32936144025535,355.6589542253566,7170700
2021-08-13,360.3521728515625,361.8206600632015,358.66542768950404,360.1438164480058,7195700
2021-08-16,363.7057800292969,364.09275783068705,354.5972673191107,359.69722899006086,11222100
2021-08-17,355.6589660644531,361.8305356773374,352.3052793550785,360.1536923226501,12328700
2021-08-18,352.682373046875,357.0580088332662,352.3846907678277,353.47613189774944,10042400
2021-08-19,352.35491943359375,354.785855077009,348.2670038908366,348.61428473703285,12004500
2021-08-20,356.57177734375,357.18694489775766,350.5589656746457,351.83892962795636,8697700
2021-08-23,360.5208740234375,362.8426505771102,356.30396556365594,356.64131460684314,10942000
2021-08-24,362.6639709472656,365.094875886955,359.02253403016067,360.8283698916123,9235100
2021-08-25,365.5216064453125,367.9723451281747,362.5548669977145,362.75332184262254,9684500
2021-08-26,361.54278564453125,366.56338388860024,361.2947322519193,365.5116399263221,7888700
2021-08-27,369.7286376953125,370.8299804925035,361.2451914327856,362.25726890043416,11219100
2021-08-30,377.6960754394531,378.51959949765813,367.63501386017316,369.6591383120919,13547300
2021-08-31,376.4260559082031,379.7797432154205,375.85055497858326,376.9916250107728,12345400
2021-09-01,379.0751953125,381.33744111851894,375.8604329249879,376.6343583249429,11567200
2021-09-02,372.3579406738281,378.77756425764454,371.14743879885947,378.5295108429375,14832900
2021-09-03,373.330322265625,374.22330850570114,370.2048250054217,371.8320699459693,7509600
2021-09-07,379.20416259765625,379.9780879459185,370.2444755627935,372.95322942168843,10793800
2021-09-08,374.6301574707031,377.90445077406315,371.87180442291447,377.19998748127205,11067200
2021-09-09,375.0567321777344,376.8724697008113,373.6378740295423,374.6995498243246,9098900
2021-09-10,375.74139404296875,380.8016897745919,375.3147494355466,378.39058756343474,11549600
2021-09-13,373.5783386230469,378.7775280081508,371.43515369148867,378.7080657914906,13026300
2021-09-14,373.5981750488281,375.64213258472364,372.1892184534272,374.46139601166345,8711600
2021-09-15,371.008544921875,374.62018689725124,364.80720954935725,374.06454967027025,17940300
2021-09-16,370.1552429199219,370.65134977316575,366.83132094719605,369.88735611995554,11934200
2021-09-17,361.880126953125,368.51803802109464,358.7744936986694,368.51803802109464,26299000
2021-09-20,352.93035888671875,358.2188435908357,347.07627493272804,356.5023033115867,19822800
2021-09-21,354.696533203125,357.2365976294864,352.4243555514342,355.70858018739267,11751900
2021-09-22,340.53759765625,347.1159782146659,338.0372304577377,344.5263154319161,43692900
2021-09-23,343.2662353515625,346.9473698962506,340.32929134487557,342.67090108913663,21806300
2021-09-24,350.2117004394531,351.5908918646858,339.7041621492039,340.5673831281829,18801900
2021-09-27,350.82684326171875,352.3846257561215,344.3774553783491,347.08620919014766,15205800
2021-09-28,337.99755859375,346.87788247328035,336.2810484357312,345.26056945182785,21710300
2021-09-29,336.9656982421875,342.54196497120427,336.2414015814139,340.47814340744986,14452200
2021-09-30,336.74737548828125,340.13079708981513,335.5170100804958,337.7991194420631,16547100
2021-10-01,340.3392028808594,342.3335316631441,336.0032342139593,338.95007959136314,14905300
2021-10-04,323.68988037109375,333.32426674467087,320.1873672849246,332.9174555014666,42885000
2021-10-05,330.367431640625,332.57014704290987,323.6203912754051,326.02153122963404,35377900
2021-10-06,331.04217529296875,331.77640370121645,323.26319366414805,327.17251785068817,26443000
2021-10-07,326.6565856933594,336.201676355274,326.4184641021134,334.3760068358188,28307500
2021-10-08,327.4801025390625,330.80402431715976,326.1505398838151,328.928756267281,15946100
2021-10-11,322.9159240722656,327.8868935538608,322.7769996356763,325.07894242521274,14708200
2021-10-12,321.2489929199219,321.8542589738375,314.89883180646416,320.51476453054045,31658700
2021-10-13,322.01300048828125,324.4538373921097,320.1476341318763,324.4240721962077,14761500
2021-10-14,325.971923828125,327.9464191482135,324.5530656863524,325.8032341975856,14302200
2021-10-15,322.2313537597656,326.5077926877274,319.99887277639976,326.1208147828959,21596400
2021-10-18,332.7288818359375,333.2746174459336,324.94993138686624,326.3886531187286,21585000
2021-10-19,337.3427734375,339.79354283106835,334.65388241215607,337.00542436583015,18786300
2021-10-20,338.1266174316406,341.30171370248775,336.80698640129685,340.7758415998747,13639500
2021-10-21,339.2179870605469,339.6446316371412,335.1697386557774,337.63043926024426,16354400
2021-10-22,322.08245849609375,327.06339039987455,318.60971071997267,323.80893083802226,35224500
2021-10-25,326.13067626953125,326.99389721879066,317.2305194575883,317.80598999710963,38409000
2021-10-26,313.35101318359375,327.638884727191,307.18937444715965,325.70408613688915,65654000
2021-10-27,309.7889709472656,316.76423223444834,309.63021311740573,311.7436331999734,29971800
2021-10-28,314.45233154296875,322.98534384775115,305.7109023111952,310.5529092792764,50806800
2021-10-29,321.0505676269531,323.46163945137965,317.1114783524973,317.6968807534924,37059400
2021-11-01,327.41070556640625,330.85368850525396,323.46168392324455,323.5013809518082,31518900
2021-11-02,325.5254211425781,332.1831961301534,321.27874819042154,328.7997441561289,28353000
2021-11-03,329.037841796875,329.56371374990124,320.6834209371034,324.939995125202,20786500
2021-11-04,333.2349548339844,334.64388123663895,330.0598590951158,331.40928538211995,22495300
2021-11-05,338.4738464355469,344.0897793143083,336.99545779027494,337.6602239773612,26872800
2021-11-08,335.98333740234375,342.10530814583177,335.7055188278553,341.73819398810986,18342500
2021-11-09,332.7586669921875,338.6524181419945,331.8656808167528,337.3526207608711,17556700
2021-11-10,325.0888671875,330.5956403649357,322.9754474478496,329.9010787569911,21872600
2021-11-11,325.1880798339844,329.8713292985275,324.4538514499528,327.2519011057933,12376600
2021-11-12,338.23565673828125,339.19807471384655,327.21214958819075,327.6090289113009,25414300
2021-11-15,344.8537292480469,350.8963059628038,340.5276928269547,341.6588004963411,25076600
2021-11-16,340.2895812988281,343.95085205070313,338.2158584260246,341.15280232033473,18181100
2021-11-17,338.11663818359375,344.5957921753798,337.45187198784345,341.5596207966842,13602800
2021-11-18,336.0528259277344,339.79346029139595,332.68920729614837,337.07480472247227,17487200
2021-11-19,342.6113586425781,349.35842957953895,337.2534110290804,339.53552057480016,26488500
2021-11-22,338.35479736328125,351.0749537528082,337.8586905223181,346.3321735643987,27116800
2021-11-23,334.6240234375,338.74170365953904,330.9032225838584,336.29093495274225,17225000
2021-11-24,338.40435791015625,339.1187528920676,330.2185959540677,333.3837596661517,13566200
2021-11-26,330.52618408203125,335.12013781830825,329.31568229899483,333.18530921855194,14750700
2021-11-29,335.39801025390625,338.01746906917316,332.6991876624011,334.26690233273945,16650900
2021-11-30,321.93365478515625,333.1952865516864,320.9116758657948,332.39159586170115,25390000
2021-12-01,308.1815185546875,327.9265611101717,307.8739347926839,327.71820475396504,30329600
2021-12-02,307.97320556640625,312.1504165030923,304.80804163947613,308.975320750198,24396200
2021-12-03,304.4508056640625,311.30700500958125,297.167961754166,311.2871716391293,27471000
2021-12-06,315.39495849609375,317.60760590944744,303.954735944998,305.73080691553787,21758300
2021-12-07,320.2964172363281,323.9973842578225,318.50051333741357,319.0660822637991,18794000
2021-12-08,327.98614501953125,330.15909535727707,320.55447439589165,322.46943949245696,19937700
2021-12-09,327.2519226074219,333.51278849439655,325.44608644592824,326.97410398872734,16879200
2021-12-10,327.1824951171875,332.4213826829981,323.82880768408097,329.97061342649425,14528000
2021-12-13,331.88555908203125,338.43417572097843,327.02371788704136,328.3731442981991,22948700
2021-12-14,331.1413269042969,333.0860871840918,325.09875026625247,325.4956296139819,20461000
2021-12-15,338.99969482421875,339.44617276651826,321.4573660255817,329.9010829872585,24681300
2021-12-16,332.2923278808594,341.7778874543909,331.14135647370017,336.34057631706844,22635000
2021-12-17,331.1910400390625,334.4851667155621,328.1747017247153,330.20872782447896,40012600
2021-12-20,322.9159240722656,327.3312563674149,320.0186470744069,327.2121955817415,17901800
2021-12-21,331.5978088378906,333.3837812684171,321.2291642430061,323.86845614497594,16116800
2021-12-22,327.8769836425781,331.9053682815048,325.7040335196158,331.20087485098674,16764600
2021-12-23,332.6297302246094,334.0486189099643,325.80329473129615,327.52976725894047,13987700
2021-12-27,343.4844970703125,345.1613404781223,335.3781289082556,336.2115846993633,17795000
2021-12-28,343.52423095703125,349.96368822790424,342.5121838763576,343.93104221062464,16637600
2021-12-29,340.26971435546875,346.9671557608115,338.9798488634585,344.20880332655,10747000
2021-12-30,341.67864990234375,344.5263282790015,340.54754217986994,341.3214675520747,10593300
2021-12-31,333.7310791015625,340.76587049663726,333.65168504996285,340.3491274256358,12870500
2022-01-03,335.9040222167969,338.4242231212458,334.564527714693,335.6658703471166,14537900
2022-01-04,333.9096374511719,340.4185561639644,329.2859184989826,337.30302124422224,15998000
2022-01-05,321.6458435058594,333.1455936181926,321.31839611456076,330.4269082078223,20564500
2022-01-06,329.8713684082031,336.5291443423287,320.2072163614148,320.3064437904702,27962800
2022-01-07,329.20660400390625,334.37602909098933,326.31925839804165,330.1491888852964,14722000
2022-01-10,325.5155334472656,325.78342022706335,312.9739386071096,322.77701413394965,24942400
2022-01-11,331.7664794921875,332.0244647355846,322.7472608791002,324.235581381853,16226800
2022-01-12,330.66510009765625,333.75086972930177,327.46023940386385,332.57013317263903,14104900
2022-01-13,323.9378967285156,333.016644823847,323.223501748033,332.3717120603452,14797100
2022-01-14,329.315673828125,330.1392280379995,318.70890847122666,319.28440929161326,16868500
2022-01-18,315.6727294921875,321.68554108023267,315.1667211806874,320.77272158657684,22645600
2022-01-19,317.1015319824219,324.55306560102997,316.84354676400187,317.0916001571118,20814700
2022-01-20,314.0951232910156,325.2674577074556,313.5196527472708,321.3779672147133,16925000
2022-01-21,300.8094177246094,315.83151624705846,300.68042510869054,312.35876856290434,28710700
2022-01-24,306.3062438964844,307.1198662942084,286.7596546601461,295.52088719382215,38878100
2022-01-25,297.8128967285156,303.84557218580625,295.26290058857546,297.6144721826559,25108500
2022-01-26,292.3359069824219,305.1156233960731,288.58534066797705,304.61951658051186,28348800
2022-01-27,292.3458251953125,299.3607522279332,291.96877918824987,295.4315949100361,21629900
2022-01-28,299.3607482910156,299.54927129206766,290.7483417543587,293.31817127191175,21871600
2022-01-31,310.82086181640625,311.34673384669173,296.9894009293225,298.3387969768634,21579500
2022-02-01,316.5161437988281,317.1710084195929,309.6897092695964,312.110712917288,18023800
2022-02-02,320.4849548339844,325.44602224627516,314.4026813417235,325.2674310866213,58458300
2022-02-03,235.90870666503906,246.06897966279848,233.91436272380943,242.74505795410397,188119900
2022-02-04,235.24391174316406,240.72093489028182,228.31826526183067,233.14042381897158,89342200
2022-02-07,223.1587677001953,236.44450739450184,222.26576636304068,235.8491731697321,88613800
2022-02-08,218.465576171875,224.01206152431283,214.4669567033592,219.1303725857273,94729700
2022-02-09,230.19357299804688,231.55290089035407,220.47980776459082,222.45430329166842,86563300
2022-02-10,226.29417419433594,233.1702075147075,224.93483120002207,226.49261389613994,49310400
2022-02-11,217.84048461914062,228.6258408989016,217.0665592731031,226.68111084885035,46156900
2022-02-14,216.0048828125,219.2791904949448,213.10762111687535,217.60234720405774,38184000
2022-02-15,219.27919006347656,219.42801603694065,213.38543927466827,218.75331810393428,42685500
2022-02-16,214.85391235351562,215.7667621295166,210.7064670415823,210.75608074636148,45817500
2022-02-17,206.09266662597656,215.80642984090412,205.54694618918825,212.35353120264293,38747500
2022-02-18,204.55477905273438,209.10903628047927,203.58239873057371,207.75962504929788,37128400
2022-02-22,200.5065460205078,205.8644939367054,198.5022701102353,200.76451613173913,39852400
2022-02-23,196.90476989746094,205.3286681275811,196.5078905456906,202.57031575483987,44481400
2022-02-24,205.98353576660156,206.72769591729016,188.7388596965179,189.57231543169465,49957200
2022-02-25,208.8411102294922,209.67458114367503,201.59794806228433,203.34425365392673,37627600
2022-02-28,209.38682556152344,211.49031345595338,205.21953165332295,206.0629040921381,34239800
2022-03-01,201.9055633544922,210.10124274506424,200.64544776565825,208.2358762173396,27094900
2022-03-02,206.4895782470703,207.52147375619305,200.44700090023863,203.1855050567392,29452100
2022-03-03,201.3896026611328,207.45202857519675,199.85166849923849,207.39249817950693,27263500
2022-03-04,198.5022735595703,204.28688133945332,197.2421579013162,200.7942848206602,32130900
2022-03-07,186.0102996826172,199.3258054429597,185.8217766611403,199.22657801903105,38560600
2022-03-08,188.8083038330078,195.16839612218251,184.66085859156553,186.3873155646888,37508100
2022-03-09,196.9543914794922,197.54972567093753,192.41005156205978,194.2158875067939,31894700
2022-03-10,193.69003295898438,194.7516936899463,189.5822690603511,193.32290361390366,24853000
2022-03-11,186.14918518066406,192.05285278974358,185.2165020189651,191.14001813828725,34694500
2022-03-14,185.17681884765625,190.79273600899157,184.3731282981707,185.57369820987867,31010500
2022-03-15,190.53477478027344,190.7828281781689,184.46243244458515,189.3143563018215,31721700
2022-03-16,202.04444885253906,202.1436611229739,193.00538285917506,193.18397402994407,40640300
2022-03-17,206.22169494628906,206.42013466134534,199.54410088177565,200.1295033401846,29499700
2022-03-18,214.80433654785156,215.11192035410394,204.39601000543493,205.09055652600136,52128000
2022-03-21,209.84326171875,213.03819075246523,206.01331658056841,212.82981923288457,30142300
2022-03-22,214.96307373046875,217.75120670745483,208.54345042733235,209.72418705211007,31998800
2022-03-23,211.79794311523438,215.11193324044734,210.50806227692397,211.66895048940947,23717300
2022-03-24,217.86033630371094,218.95176212403834,213.11754160891385,213.32591311587282,31502300
2022-03-25,220.0928192138672,223.7441578485975,217.1856256093876,218.79300673228764,40039000
2022-03-28,221.84901428222656,222.29550733215117,217.83054655295177,220.40039104113987,26224100
2022-03-29,228.07022094726562,229.09219975413018,223.5357974834285,224.3097380278288,31417900
2022-03-30,226.07586669921875,229.35015934967984,224.94474384142845,227.12761065506166,25588000
2022-03-31,220.62863159179688,226.71090621508176,220.5294041691088,226.6712091900149,24192300
2022-04-01,223.09922790527344,225.5102996200444,220.9659596397171,222.80156080543097,19544800
2022-04-04,232.06886291503906,232.52528788104456,224.1013880730897,224.22044887292608,28054800
2022-04-05,230.03482055664062,235.01573756945024,229.22121319549282,232.25738469486163,29727200
2022-04-06,221.56130981445312,227.20700787328028,219.68602663220452,225.14320167620593,28995100
2022-04-07,221.21401977539062,223.76401600245768,216.85820266353352,222.18638486720067,21037200
2022-04-08,220.59886169433594,223.37706293065762,218.31676728092958,220.6484754046232,18375700
2022-04-11,214.77456665039062,218.8922471136339,213.54421631232353,216.7192968654244,20516600
2022-04-12,212.47262573242188,220.30119065314656,211.4704954183544,218.5251349202986,20128800
2022-04-13,213.31600952148438,214.92339072532232,209.68450407431595,210.17069419373846,19231800
2022-04-14,208.54347229003906,213.3160329982505,208.36488108772562,213.21680557031203,18379500
2022-04-18,209.12889099121094,211.71856941823995,206.67812188003873,208.3648821840085,16580800
2022-04-19,215.6179656982422,216.729240243698,207.37267193048436,208.88084105644597,20089900
2022-04-20,198.8594512939453,212.4924718413418,197.37113086850815,211.9467513240192,43036500
2022-04-21,186.60562133789062,201.38959810560033,184.13500399279943,200.03027030150272,49954100
2022-04-22,182.67645263671875,191.21941262522995,181.84299681832218,188.88770453092923,36426800
2022-04-25,185.53402709960938,185.72253496662242,180.24552677813085,181.307187460691,29281100
2022-04-26,179.54104614257812,185.73246439664177,178.10233946459232,185.17682720845232,31747400
2022-04-27,173.58775329589844,179.7990196564615,167.6840858458877,173.07179802333295,71062900
2022-04-28,204.1281280517578,206.90632954577563,191.39802397815313,201.34000987075416,100890600
2022-04-29,198.90904235839844,210.82552109106607,198.34347339392878,202.86797968975637,49193400
2022-05-02,209.48606872558594,210.23022894872142,199.42502311439333,199.60361430075616,49915300
2022-05-03,210.37905883789062,213.2267071664261,206.4697346374748,208.8113594552885,41556300
2022-05-04,221.6704559326172,222.55352547851587,205.34854436270368,209.00980002605064,41375900
2022-05-05,206.65823364257812,218.45565195579698,204.5547457953696,217.0367938694191,41129200
2022-05-06,202.18338012695312,207.74969932081515,199.454792583687,205.7255749921496,34747200
2022-05-09,194.68226623535156,200.99274628078112,194.05716672906522,198.28399184686057,36303200
2022-05-10,196.1110076904297,201.37967450866105,192.67795718797927,197.95652555162374,34452500
2022-05-11,187.27041625976562,199.107518248461,186.80407461686013,194.80131449139864,31153400
2022-05-12,189.7509307861328,196.5079028540961,183.3412243877256,185.60347014246278,38262200
2022-05-13,197.073486328125,198.33360200518874,189.79064117907384,191.08052205685735,24549800
2022-05-16,198.48240661621094,203.7709070471389,194.4044080173516,195.5156975710409,27112600
2022-05-17,201.04232788085938,203.8602261947691,196.8155031199633,200.54622104854852,24872700
2022-05-18,190.74317932128906,199.43496643804676,190.13792832003207,198.4427526746734,23960000
2022-05-19,189.800537109375,193.76939159776364,188.12370880561264,189.71124151698106,24446900
2022-05-20,192.03302001953125,196.36900389432037,186.4071705328154,193.45189338862062,31465600
2022-05-23,194.7020721435547,195.45616417554956,189.75093592706153,193.67017665237506,25059200
2022-05-24,179.8684844970703,182.24979113801103,174.73874187922655,179.14417279094744,50406300
2022-05-25,182.39862060546875,184.00600172835072,177.92374289893897,178.99532022087533,28030200
2022-05-26,190.13787841796875,191.32853159353138,180.84082760000297,181.4560102670253,23056500
2022-05-27,193.61065673828125,193.80909644271358,188.3221561022746,189.87000699281722,22562700
2022-05-31,192.1322479248047,196.06142058608745,190.5149348528655,193.37251497016206,26131100
2022-06-01,187.17117309570312,197.97637860549406,183.5595161934951,194.97988929114155,36623500
2022-06-02,197.31161499023438,199.37542128214022,186.26827177623153,186.98266684419815,31951600
2022-06-03,189.2945098876953,195.07911700749378,188.30229628512222,194.45401759307975,19465000
2022-06-06,192.73748779296875,195.38669623309409,186.93303229765272,192.47951771272406,30574200
2022-06-07,194.1265869140625,194.99973973643614,189.99898979915574,190.43555107036437,18828700
2022-06-08,195.10888671875,200.45691755476113,192.8962545730106,193.15422466525632,22267200
2022-06-09,182.56729125976562,197.89698741635377,182.24977565995093,192.7672452341674,23501600
2022-06-10,174.20294189453125,181.67430878576448,173.65722140885484,181.61476325461828,27450800
2022-06-13,162.98098754882812,171.2362113127509,162.75278267813596,169.26170095508755,31749300
2022-06-14,162.45513916015625,165.45162866818345,160.10359761848122,164.73723361805804,27244300
2022-06-15,168.0313720703125,170.8194897453489,162.70317496971361,165.89810383704474,30008300
2022-06-16,159.61740112304688,163.79462714887313,158.36721740504552,162.4452160123095,26944100
2022-06-17,162.46505737304688,164.60822720386258,158.65494571164365,160.42108467647037,31374200
2022-06-21,155.8271484375,166.45374758302697,154.75555593593816,164.63799488371197,50724900
2022-06-22,154.63650512695312,159.53802789484112,154.22969389233737,157.14680447815155,47267800
2022-06-23,157.51390075683594,158.50611430491048,153.04893979050044,155.05321539680466,40499200
2022-06-24,168.83506774902344,168.92436333833888,160.04405475471546,160.47069933031898,68736000
2022-06-27,168.1702880859375,170.41268536583237,166.70180106089464,169.9860407861088,29174600
2022-06-28,159.42886352539062,169.9661815615334,159.35941645073356,168.57707352864495,27744500
2022-06-29,162.6634979248047,165.03488779285908,159.07168958356175,162.29638374229557,28595200
2022-06-30,159.99444580078125,163.9434517587167,157.25594166723448,160.8874320004222,35250600
2022-07-01,158.78396606445312,159.3693685465401,153.79313208602133,159.06178470476493,31423900
2022-07-05,166.88043212890625,166.9399625311862,155.7974064183734,156.90868096754664,28618600
2022-07-06,168.44810485839844,170.25392571345915,164.17166672198726,166.8903222600425,23085900
2022-07-07,170.84927368164062,171.37514571376303,166.47360777815038,168.13060278464656,24083400
2022-07-08,169.54945373535156,171.0576074080328,166.84069988354267,168.6564524697086,19249200
2022-07-11,161.6117706298828,166.18587634519014,160.64932213963525,165.76914841229626,21885600
2022-07-12,161.9987335205078,164.61817705836836,160.83784531918116,163.51681925608725,16639700
2022-07-13,162.21702575683594,163.6954145029734,158.36723169686718,158.91295226825136,16555100
2022-07-14,156.81936645507812,161.3240096508679,156.05535772465447,159.96468182944713,23765200
2022-07-15,163.41758728027344,163.6954058947358,158.57559489965857,159.2899748082911,23342800
2022-07-18,165.9279022216797,170.35318223623105,164.35028598280718,165.45164385786507,23574300
2022-07-19,174.4113006591797,175.11577895763392,168.19011731697498,169.04342159539536,25933700
2022-07-20,181.66439819335938,182.17043685739438,175.32415341322346,176.108010695169,24784300
2022-07-21,181.74375915527344,182.41847226069277,177.47723774446465,179.2235433302716,27195800
2022-07-22,167.95201110839844,174.23272541696684,167.09870675194256,171.72242605878435,42583900
2022-07-25,165.35238647460938,169.24187701783146,163.5267171273681,167.6840944354724,26166300
2022-07-26,157.91079711914062,164.70746671110234,156.720143761273,164.6479363142058,28468400
2022-07-27,168.25958251953125,169.53953138988183,160.75845019660002,161.32400407048306,43846600
2022-07-28,159.46859741210938,160.2524396243278,153.64430746036663,159.80594645838158,73214300
2022-07-29,157.86119079589844,158.8930862847135,153.96178345090468,156.4621659776194,42065400
2022-08-01,158.6846923828125,163.90374490463,154.02129211964905,156.02556756057433,40596700
2022-08-02,158.94268798828125,160.97672875527448,156.779654617437,157.07732170479792,27374500
2022-08-03,167.48565673828125,168.21988510406044,160.31195673384136,161.42323110797926,31721900
2022-08-04,169.2418670654297,170.80955110099563,165.50121786264722,166.98953813993725,23938200
2022-08-05,165.80882263183594,170.27378402922727,164.50902518076973,165.68976183936536,25832700
2022-08-08,168.9243621826172,176.1278273310258,165.82866065437182,166.69188162513768,27299100
2022-08-09,167.2177734375,168.20998713624027,165.30280826612145,167.63450137417337,18655100
2022-08-10,176.95138549804688,179.07472218493237,172.59556801298828,174.6196924150537,30262100
2022-08-11,176.1079864501953,181.67430500840524,174.9966969915663,178.31070171750684,24079100
2022-08-12,179.09457397460938,180.04710579418173,177.51695781529796,179.40215780114409,21274000
2022-08-15,179.48150634765625,180.0272268217476,176.8124495070817,177.56654148581777,15878700
2022-08-16,178.0725860595703,179.58075505593564,175.66149900261934,178.0428208610876,21156700
2022-08-17,173.48855590820312,176.75293202621683,172.81384278005555,175.38367239848955,20118100
2022-08-18,173.30003356933594,174.3914594614701,170.52183242030472,172.9825179454566,18844500
2022-08-19,166.6522216796875,170.9782740683237,165.74930356844013,168.87477070432132,26240800
2022-08-22,161.7804412841797,164.20144505183907,160.99658400957932,164.20144505183907,19499700
2022-08-23,159.85556030273438,163.7648849596711,159.44874902544328,161.21488831614354,18111800
2022-08-24,161.98880004882812,164.1716822581917,158.52598399302542,159.34952316474363,20891500
2022-08-25,167.4658203125,167.565047734485,162.74288874160553,163.89384508074522,15550500
2022-08-26,160.52029418945312,169.58912471231218,160.41115010200173,167.16812141973682,24023600
2022-08-29,157.93063354492188,161.78042707604678,157.77187573869497,159.40903722795167,20052700
2022-08-30,155.93630981445312,160.40127149563065,154.6960426807927,159.10147396195126,19567900
2022-08-31,161.66136169433594,166.53313431830148,160.87751957743515,165.76914071346795,40953000
2022-09-01,164.07244873046875,166.05687601790066,159.10146382584418,162.30630965585266,30145700
2022-09-02,159.0717010498047,166.62243245907325,157.98025996910707,166.14617414203198,22634200
2022-09-06,157.3055419921875,160.43102400577848,156.46216949199575,158.85340797014467,19339800
2022-09-07,159.14112854003906,159.70669752312688,155.58900226198247,156.53160209381846,16831200
2022-09-08,160.79815673828125,160.96683125776227,156.51180124210805,157.47424978383748,22530800
2022-09-09,167.8329315185547,168.21989423340526,161.75067218718405,161.97887708569115,22086800
2022-09-12,167.64443969726562,170.05551181144762,165.97751274599625,166.08665686268637,23220400
2022-09-13,151.9376678466797,160.3714831377137,151.48124294581012,160.28217241060221,44444100
2022-09-14,150.29058837890625,152.34446256485677,147.88943339273362,152.13610619670536,43064200
2022-09-15,148.3855438232422,152.99933091133602,147.54215622478398,148.63359721808547,34606300
2022-09-16,145.1509246826172,147.42310236449293,143.16649743066273,146.89723035392328,40122800
2022-09-19,146.86746215820312,147.4230993550111,143.9702002462915,144.10910954549348,22169500
2022-09-20,144.95248413085938,147.68107158621052,144.08926312614136,144.64490033101634,23217400
2022-09-21,141.01341247558594,148.43518218270748,140.8943516710801,145.25016940235443,38338600
2022-09-22,141.7079620361328,143.4542526254641,139.77313328922853,140.44784645009264,34418500
2022-09-23,139.3167266845703,141.50951044279367,137.80855764915447,140.31885705271978,31710700
2022-09-26,135.30816650390625,141.13247074803093,135.12957531950997,139.028967578612,30497000
2022-09-27,133.353515625,138.3344326531718,133.07569699936298,136.84611209869647,30826500
2022-09-28,140.5073699951172,140.92409789474942,133.22452572729918,133.57179140700362,32658500
2022-09-29,135.3478546142578,138.7511398392883,134.1472695516224,138.2748815722821,38985400
2022-09-30,134.62351989746094,139.8921862798723,134.44492873533332,134.99064918623955,33166400
2022-10-03,137.53073120117188,138.53286151227974,135.04028045219258,136.0721759608596,27723100
2022-10-04,139.187744140625,141.28131576627231,138.25506078986547,139.39611569046758,34670700
2022-10-05,137.89784240722656,139.11827604059891,133.73054829955544,137.1636140300522,27979300
2022-10-06,137.98716735839844,140.34862568345443,135.53639829341935,136.64767279932806,36231100
2022-10-07,132.41090393066406,137.21321419500794,131.4087736296269,135.695128574833,33214800
2022-10-10,132.7482452392578,135.05018796059127,130.84319702503913,132.51012367496634,24024000
2022-10-11,127.53913879394531,131.6270694195871,126.00121214365586,130.59515872186037,38481400
2022-10-12,126.50723266601562,128.6603343385144,125.2669656790939,127.32085507662566,34605200
2022-10-13,129.27552795410156,130.11891573104978,121.57595439906237,122.5681681884222,34325700
2022-10-14,125.77300262451172,130.76382843262456,125.53486590146892,129.9799863217405,23559400
2022-10-17,132.99627685546875,133.74043690200554,129.16633254369367,129.2854084463225,29612200
2022-10-18,131.76596069335938,136.76671025641883,130.37685265808165,136.02255010394123,25445000
2022-10-19,132.19261169433594,135.93326114909232,131.19048142384776,131.85526270902045,30691000
2022-10-20,130.505859375,135.70506431958893,130.28757116213697,131.89495242051143,26356300
2022-10-21,128.99769592285156,129.10684003395843,124.46328724863885,125.32650831104277,46348600
2022-10-24,128.70994567871094,132.44066325636285,123.60004427257866,126.25917694643074,63563400
2022-10-25,136.4392852783203,137.27275620010687,129.57316905393745,129.86091947335717,38433200
2022-10-26,128.80917358398438,134.49455312999504,127.5292095937446,130.65467629925334,82791500
2022-10-27,97.17739868164062,101.70189010182288,95.62954037737664,97.21708813251803,232316600
2022-10-28,98.42758178710938,100.06473566950352,96.75074602404112,98.8046277834116,95928300
2022-10-31,92.43461608886719,98.54664749730443,91.87897136447218,97.45521412829655,121361400
2022-11-01,94.458740234375,96.73091049225727,92.82159370231095,93.59551916910262,110189600
2022-11-02,89.83501434326172,94.45872547873054,89.77548395357398,93.47643619894015,71821100
2022-11-03,88.21771240234375,89.75563889838399,87.72160561588133,89.37860046586853,60664000
2022-11-04,90.08307647705078,90.67840314172008,87.40409513105502,89.64650005696497,55638100
2022-11-07,95.96691131591797,96.12566157324486,92.37509495776996,94.04201429464656,81987300
2022-11-08,95.71885681152344,97.03850284878779,94.05193749339736,95.17313624874802,52088300
2022-11-09,100.67991638183594,104.0832093724771,99.95559711456131,100.92796978473984,107677300
2022-11-10,110.99893951416016,111.87208476763833,103.79546657050064,106.28592485654346,80671000
2022-11-11,112.1399917602539,114.0053584062435,107.9627728904425,108.37950840773185,59961700
2022-11-14,113.33064270019531,115.3646761117339,109.93727388231957,110.12578932554203,53395000
2022-11-15,116.16836547851562,117.8154360525285,113.5191570888149,115.16622766282778,50670500
2022-11-16,112.34835815429688,115.1761656241988,111.78279666031649,113.60846619527436,33287800
2022-11-17,110.58220672607422,111.45535957072005,108.94506028234187,109.55031120602072,35093800
2022-11-18,111.17753601074219,113.42985753376976,109.75867027139351,112.91390979672886,33357700
2022-11-21,109.00458526611328,111.49504348891325,108.33980397966518,110.65165588402866,24351100
2022-11-22,110.57229614257812,110.75089490974986,107.47658670159785,109.00459669406948,29029000
2022-11-23,111.36605834960938,111.79271052341535,109.86782118321183,110.85011058058302,21343100
2022-11-25,110.54251861572266,111.85224023892982,110.15554835501273,110.43337451628965,12007600
2022-11-28,107.93299865722656,111.1676172464969,107.53611168682706,109.91742593923475,23309400
2022-11-29,108.60770416259766,110.07618368108777,107.6948694302875,108.68708307062184,23899200
2022-11-30,117.18042755126953,117.2399655163382,108.52832353355872,108.65731614954981,43348600
2022-12-01,119.5022201538086,120.25629711354443,117.4781033024334,118.27186971846952,36551400
2022-12-02,122.5284652709961,123.07418582320302,116.69425155553571,116.91253977641848,39950500
2022-12-05,121.4767074584961,123.699263731685,120.40511498803421,120.80200192931514,35474900
2022-12-06,113.2314224243164,119.61135638173694,112.8543763993124,118.97634026277038,43689200
2022-12-07,113.04290008544922,114.97771365164438,112.00107273750456,112.87422558377872,29461100
2022-12-08,114.4320068359375,116.42635090508423,113.6977632539732,115.48375092633268,30619400
2022-12-09,114.99756622314453,116.62479604138488,112.98337367800491,114.40223953329871,26033400
2022-12-12,113.81682586669922,114.81896376384701,112.25905075290997,114.28316748923302,24747100
2022-12-13,119.21446990966797,122.33994437785942,117.71622519933055,121.1790486702528,44701100
2022-12-14,120.64325714111328,123.17340504101887,118.46039008353992,118.46039008353992,36922000
2022-12-15,115.24562072753906,117.70630642075625,113.122284052751,117.40864685802285,34531000
2022-12-16,118.50006866455078,122.34985464607499,117.89481777258587,119.29384255991133,67064000
2022-12-19,113.588623046875,116.88277209293447,113.43978948398286,115.9203236322201,29769900
2022-12-20,116.17829132080078,116.41642804447906,111.58434489885498,112.37811883780395,28742500
2022-12-21,118.8275146484375,119.40299284035824,114.71975054236835,115.79133558352439,20392800
2022-12-22,116.20806884765625,117.69638936664268,113.48939791591519,116.2874401888101,23618100
2022-12-23,117.12088775634766,117.259797047044,114.64035389392922,115.12653641136643,17796600
2022-12-27,115.96991729736328,117.67652581895504,115.1463858019345,117.01174455554087,21392300
2022-12-28,114.71974182128906,117.23004107638656,114.61059771715533,115.34483367860929,19612500
2022-12-29,119.32361602783203,120.0876172098368,114.86857127552733,115.49367072170247,22366200
2022-12-30,119.40299224853516,119.48237116081691,116.82323815929612,117.23997366378045,19583800
2023-01-03,123.76872253417969,125.38603554945252,121.32787798283579,121.86367423605601,35528500
2023-01-04,126.37825012207031,128.0451692882345,124.87008119697514,126.38816680776964,32397100
2023-01-05,125.95159912109375,127.51929845470177,123.57028492333293,125.14790094273111,25447100
2023-01-06,129.00759887695312,129.31518262851256,125.05858595795442,127.96577171136643,27584500
2023-01-09,128.4619140625,131.91481363671815,128.27339102960076,130.1387577046288,26649100
2023-01-10,131.9544677734375,132.40096078307965,126.15993748193009,126.2789982471746,28684400
2023-01-11,131.8552703857422,132.80780214441828,129.32512256861318,129.94030532233305,25423000
2023-01-12,135.64553833007812,136.6079716671771,130.7340685210791,132.40099536982513,30757700
2023-01-13,135.91342163085938,136.3202328612328,133.79008502400478,133.91907764338632,22423800
2023-01-17,134.30601501464844,135.6851911232085,133.20465746464896,135.1196221818685,21147600
2023-01-18,131.98426818847656,136.18132782317699,131.76597996728842,134.75253769902895,20215500
2023-01-19,135.0898895263672,136.37977036748882,131.1111180301182,131.45839888195158,28625200
2023-01-20,138.28482055664062,138.85038964114324,133.56188872561822,134.8319210690861,28688600
2023-01-23,142.15444946289062,142.6406244467156,137.5803440727501,138.20542835766489,27470100
2023-01-24,142.0254669189453,143.87098498713812,140.25932776271534,140.5867600970698,21970200
2023-01-25,140.39822387695312,142.05521876598272,139.21748727495543,140.12040528118638,26622000
2023-01-26,146.153076171875,146.36143256354927,142.18422150401676,143.27564745369034,25482100
2023-01-27,150.55848693847656,151.99719353324195,146.24235201420336,147.0857395731919,35771900
2023-01-30,145.91493225097656,149.9433171179442,145.80578814738973,148.24664030943237,28040100
2023-01-31,147.81002807617188,148.7129458834056,146.37132170660882,146.79796619180027,29842100
2023-02-01,151.92774963378906,152.38417457555312,145.91493732172768,146.87738577590028,55661000
2023-02-02,187.3001708984375,195.62484263627775,178.75721095112047,181.95214004621323,150475700
2023-02-03,185.07762145996094,195.23789526478814,181.4659641739447,182.04144994050517,76809700
2023-02-06,184.6112823486328,189.21515340452763,184.07549360134317,185.0776240083015,42483800
2023-02-07,190.1279754638672,192.2711605893038,182.9641916734573,184.13501165753016,47080700
2023-02-08,182.00173950195312,189.34412947288163,181.49571599932648,188.52059034038672,36139100
2023-02-09,176.5346221923828,185.19664171443122,175.88968948035418,184.68070160079887,37118800
2023-02-10,172.7939910888672,177.4970889680082,172.00023232679908,174.97687310448828,33433600
2023-02-13,178.0328826904297,179.59066534207818,174.45100605417406,176.83231268780145,31463200
2023-02-14,178.08248901367188,180.09668136890622,174.51052921137415,175.78056138196592,24034600
2023-02-15,175.7805938720703,176.80257283667697,173.96484086913352,175.04635023711833,25308900
2023-02-16,171.09732055664062,174.4807726641265,170.45237261399396,171.40490435914325,25827500
2023-02-17,171.53390502929688,171.83155701990117,168.37865766907873,168.8946130194248,24171300
2023-02-21,170.7401123046875,176.78268928982402,170.54167261942416,172.95274431832965,34592600
2023-02-22,169.78761291503906,171.4148428676804,168.36875451254429,169.73801433927213,22433200
2023-02-23,170.70042419433594,172.33758574816875,168.06114747660433,170.66074231120285,20017800
2023-02-24,169.0633087158203,169.39074108650073,166.35456928198565,167.3269345664425,19791300
2023-02-27,168.21986389160156,171.77198990670246,167.7436056684524,170.5416549019025,19277000
2023-02-28,173.57785034179688,176.16752845436773,170.53174730970196,170.5615125066298,46051100
2023-03-01,172.06968688964844,176.46520116867393,171.70257268922543,173.23057502664264,30998400
2023-03-02,173.17105102539062,173.64730934892816,170.0951825850901,171.03779768581322,17352000
2023-03-03,183.8075714111328,185.16689921321293,175.67142283010665,177.52685743761492,45877700
2023-03-06,183.46029663085938,188.183243263601,183.20232653393649,186.5361649817629,33209400
2023-03-07,183.07333374023438,188.87778960526148,182.57722691894926,187.52837844576686,36701500
2023-03-08,183.52975463867188,183.81748992709475,179.92801435060838,181.44609997913568,19432400
2023-03-09,180.2753143310547,187.4589320189714,178.89613785727124,184.89903392862337,26582800
2023-03-10,178.1122589111328,183.33131216676873,177.40779572946437,179.60057931970218,25665000
2023-03-13,179.49143981933594,182.3490199218457,173.4587942651152,176.57434446133212,24728000
2023-03-14,192.50929260253906,192.8069597193349,185.10737226611835,186.1194344072328,41642600
2023-03-15,196.2102508544922,196.24001605303158,189.35405084464165,191.4476222684607,42123600
2023-03-16,203.33432006835938,204.15785915002033,194.56315572437018,196.71625735908384,50447100
2023-03-17,194.0869140625,200.32793130379721,193.90830773144071,198.99836863693588,50141100
2023-03-20,196.26979064941406,197.807724920832,192.1322613145537,196.93457201525698,25186300
2023-03-21,200.58590698242188,201.9650832943874,196.4086810237472,201.61780247498058,31827000
2023-03-22,198.2541961669922,205.75532852932008,198.1152868691705,200.92325316226015,28477800
2023-03-23,202.68939208984375,206.26136708985172,200.57597228650752,201.26060208984055,27389700
2023-03-24,204.4059295654297,205.96371227058293,201.9650924531236,203.5823904151866,27716400
2023-03-27,201.26060485839844,204.2570941974041,199.79213295596273,203.2152668797388,18527200
2023-03-28,199.117431640625,199.4647124804403,196.35907885459528,198.59155960774748,19127300
2023-03-29,203.75108337402344,204.1181975874608,200.96295024122955,201.97501242473533,18851100
2023-03-30,206.22169494628906,206.46974837510436,201.24079299646337,201.7964302546129,22608300
2023-03-31,210.2897491455078,210.5179540303412,205.16000673960775,205.62634833468755,25440300
2023-04-03,211.4109649658203,211.8276928727448,206.57887430271677,207.21389041897956,17924600
2023-04-04,213.048095703125,214.55626454565197,210.88506228081928,211.7284498584111,21026400
2023-04-05,209.8333282470703,213.51444737094567,208.30532596205177,212.48253674679614,19396600
2023-04-06,214.41737365722656,215.25082948122093,207.02536992733897,207.62070416732274,26104400
2023-04-10,213.07789611816406,213.98081423589207,209.01974564175555,213.03821423100212,16106100
2023-04-11,212.1848907470703,214.33799250651626,211.74831432764745,213.80218866814147,16710100
2023-04-12,212.3336944580078,215.15157723684675,210.92475306858836,213.16715018583733,18972200
2023-04-13,218.63429260253906,219.42805144239233,214.01057317449468,214.05025506049557,23310400
2023-04-14,219.7654266357422,220.3805943095043,215.85610207929741,216.18353443016505,21591200
2023-04-17,217.15586853027344,219.25935651194632,215.4393432459834,218.0786199086563,15481900
2023-04-18,216.1934356689453,218.7235835521437,214.52652397270768,218.19771151892738,12281000
2023-04-19,214.02047729492188,215.63779035912322,211.27204129636542,211.80784513578433,15898100
2023-04-20,211.4109649658203,215.0623038493368,211.11329784945184,211.8177610468795,16475400
2023-04-21,211.23236083984375,211.74831617092386,207.9481361196577,208.5732355565436,17717200
2023-04-24,211.1331329345703,212.2543391879995,209.0693418949524,212.01620246497654,15750900
2023-04-25,205.93394470214844,209.61504884053275,205.51721678874523,209.1784875550475,19198200
2023-04-26,207.76954650878906,212.44287978251066,207.25360627617584,210.84541509081166,41992700
2023-04-27,236.7024688720703,239.80810221766666,234.92641322808916,238.02211474831446,71196500
2023-04-28,238.4487762451172,238.55790520519412,233.91435289009024,237.1489637299281,39554000
2023-05-01,241.28651428222656,242.10013676312872,234.61885231326877,236.76202234544346,29143900
2023-05-02,237.377197265625,243.01296348744427,237.1291438550172,241.2865062992217,24350100
2023-05-03,235.18438720703125,239.8676365865375,230.93771423171293,237.60539080118016,34463900
2023-05-04,231.7017364501953,236.34528907829275,231.11631888863627,234.22195246681608,17889400
2023-05-05,230.9674835205078,232.85268332838044,228.0603049028967,230.43169483131584,27000500
2023-05-08,231.4536895751953,233.7853826412468,228.4770485325923,229.61808820959843,16400500
2023-05-09,231.55288696289062,234.043352831237,229.2807244414687,229.6577704607354,16865600
2023-05-10,231.26516723632812,234.9065896390676,228.92354233696676,234.3311038856675,19119000
2023-05-11,233.9540557861328,236.35522620301435,230.49123974968126,231.2354000059932,20449000
2023-05-12,231.9894561767578,235.11493805740562,229.64783150762847,234.89664985723425,16161400
2023-05-15,237.00013732910156,238.3892302909992,233.49762458805176,235.075240553345,20653200
2023-05-16,236.96044921875,237.77405646362476,233.68614144893996,233.95402820885016,18163800
2023-05-17,240.60186767578125,241.94134687586555,236.28573270445185,236.59331648061985,21193100
2023-05-18,244.9279327392578,245.16605431320838,239.31200014059405,239.42114424198073,22943300
2023-05-19,243.72735595703125,246.753610562604,241.51472379688204,245.5431087203749,21733600
2023-05-22,246.38648986816406,251.5956112987984,243.21139421750922,243.49914464158914,27738500
2023-05-23,244.81878662109375,249.65086195908967,244.72947589162,244.88823369959792,17748100
2023-05-24,247.2695770263672,247.64660792831876,243.04273707413475,243.3701694042358,17724300
2023-05-25,250.72247314453125,253.62965191246678,247.2298768085311,251.4269363674874,22371400
2023-05-26,259.9996643066406,260.2675510820646,250.7423094564224,250.9605825230714,25727200
2023-05-30,260.4758605957031,266.5581338096613,259.2554574472904,263.18461417965403,23816500
2023-05-31,262.6588134765625,262.93663210305795,256.43764444041886,257.97556357281155,25473700
2023-06-01,270.4873352050781,271.8665266446984,263.81968887583463,263.8295904214734,25609500
2023-06-02,270.4873352050781,273.2060210618952,269.0089466293334,270.5369640530964,19416900
2023-06-05,269.27691650390625,273.42436290204057,267.4611483013033,268.1953768204094,20742900
2023-06-06,269.0090026855469,274.4165800492298,267.5901442077969,268.0366525332248,19419000
2023-06-07,261.5474853515625,272.1145530986745,260.75369638147964,269.55465558504585,26163600
2023-06-08,262.51983642578125,265.56593916023627,256.8642376024119,258.59067941544686,20899400
2023-06-09,262.8869934082031,265.8636340720592,259.6622993556924,260.43622471709676,16949800
2023-06-12,268.9394836425781,269.6340452732035,263.2640206504683,265.0897203172627,15442500
2023-06-13,269.2073974609375,273.5731311839987,266.9947502630428,272.73967540522887,16164000
2023-06-14,271.2215881347656,272.8488026603034,266.2307550388256,269.7729647864291,19175100
2023-06-15,279.63555908203125,281.7787441952247,269.3066416531064,270.1797642281489,25973500
2023-06-16,278.8120422363281,285.6087119553762,277.94882118522963,282.53284351172397,43127700
2023-06-20,282.1160888671875,282.5824304857627,274.0692508402336,276.55971674793904,20701600
2023-06-21,279.44708251953125,281.78869232986375,276.1925924971015,281.32235067713356,20556200
2023-06-22,282.6618347167969,283.0388807556065,275.6270434409826,276.90697727173125,17563100
2023-06-23,286.4818420410156,287.4145252422429,276.7779942979955,279.3180586775212,51092000
2023-06-26,276.3017272949219,287.5335927129634,275.4385062924321,286.45208350341085,24232700
2023-06-27,284.81488037109375,287.09698964762225,278.46471986414537,279.8141460043459,26108300
2023-06-28,283.068603515625,287.2954125192088,281.848169985602,282.6022619501645,16722100
2023-06-29,279.337890625,284.33865559418587,278.50443484346164,282.2847661968472,15395700
2023-06-30,284.7454833984375,286.7993426355483,282.20541888378625,282.542767890268,19694900
2023-07-03,283.79290771484375,287.1465943473465,282.6320348220263,284.46763593933775,8629300
2023-07-05,292.077880859375,295.7986814551919,284.1302410971252,285.41020498047294,33865500
2023-07-06,289.7164306640625,295.79870469399134,289.0417327035368,293.58608781168573,47600500
2023-07-07,288.267822265625,293.89368682314864,286.4123876380687,289.90496868523604,25586000
2023-07-10,291.8100891113281,295.8087095754544,284.8149635460703,293.2487809754153,37058300
2023-07-11,295.9674072265625,297.84267521035605,289.6271477024056,291.6115749292531,27585900
2023-07-12,306.931396484375,307.0405557419897,297.7633511630034,299.4004977875397,36677100
2023-07-13,310.96966552734375,313.7776166697492,307.8739639648475,311.17802190329286,30281000
2023-07-14,306.46502685546875,312.4282406131699,304.9667745464392,309.36230405201036,23054100
2023-07-17,308.201416015625,309.2829253198248,302.3374293890318,305.14541112925815,25323100
2023-07-18,309.6202087402344,311.7534919766378,305.2247102283001,308.4593359088423,20731900
2023-07-19,313.5494079589844,316.1986011328367,308.1021350775521,310.5926007326327,21763700
2023-07-20,300.1644592285156,313.0831001900084,299.86680724874,311.05897588766237,23836900
2023-07-21,291.96881103515625,303.0815862304324,288.93263955652174,302.1985317891098,42139300
2023-07-24,289.33941650390625,295.20340298252125,286.05519164762,293.47696087002083,24915700
2023-07-25,292.1771240234375,295.97728858041813,289.58743092349596,292.89151898756404,19585600
2023-07-26,296.2452697753906,299.42033564139683,289.62719066887496,298.8448649834203,47256900
2023-07-27,309.28289794921875,322.81670621390026,307.4274633309865,322.58848618129997,64229200
2023-07-28,322.9456787109375,323.66007368157807,311.80310958996205,314.41263608382906,39220300
2023-07-31,316.1192626953125,323.1242883704477,315.11711725806254,321.1696263444991,25799600
2023-08-01,320.197265625,321.6161541887826,312.2099576770772,315.06753789734006,22817900
2023-08-02,311.8626403808594,315.9108886463333,308.2311351321081,315.5239108250941,20461100
2023-08-03,310.7513732910156,313.48989245918426,307.5167473332486,307.5167473332486,15180200
2023-08-04,308.310546875,315.9307401558167,307.7846748712968,312.50759107890946,17612800
2023-08-07,314.0951232910156,314.60116189806973,308.04261449667547,310.79106544719536,16236500
2023-08-08,310.2056884765625,315.41481011229837,307.6953588862012,311.95196390121913,15183500
2023-08-09,302.8335266113281,311.1879790598838,300.4919168777885,310.4438188052483,19955800
2023-08-10,303.359375,309.90799078632176,301.5039404211993,305.54225702209254,14358900
2023-08-11,299.2913818359375,302.34738698274765,298.0213191173068,300.2141333924784,14046300
2023-08-14,303.80584716796875,303.8256805367405,295.9276697324113,298.6364234273919,15641900
2023-08-15,299.59893798828125,304.83782509841706,297.6938743664323,303.75631580203975,11623600
2023-08-16,291.99859619140625,298.735705826755,291.9886643642091,297.8625831522771,18547700
2023-08-17,282.87017822265625,293.7448310552386,282.73128406097686,290.76819018544745,23950100
2023-08-18,281.0445251464844,283.4655289505489,272.2435946407065,276.85738220141786,35347900
2023-08-21,287.6427001953125,288.23803437738405,279.6553932823788,281.24294100791803,20181500
2023-08-22,285.36065673828125,290.6193770623764,284.51726906518275,290.2720962228701,12980200
2023-08-23,291.9488830566406,295.08428126975525,285.43006354173065,286.253587402413,18287000
2023-08-24,284.5172424316406,297.1282684826556,284.40811347284574,296.17575192971134,18360900
2023-08-25,283.2770080566406,286.1445201506835,273.8807432156826,283.90210752516674,23701400
2023-08-28,287.9999694824219,289.1807062538626,283.57467440628267,285.7575567433899,14239300
2023-08-29,295.66973876953125,296.8207102483981,285.9361251901025,286.3330045979978,20844500
2023-08-30,292.80230712890625,295.9674716672728,291.14529671052844,294.85619702307446,17717000
2023-08-31,293.58612060546875,298.75554540509034,293.35790055805364,293.49679472781526,17229900
2023-09-01,294.0722961425781,299.39054694781646,292.17716437490265,297.03900536445764,12842300
2023-09-05,297.8128967285156,299.04326214464817,293.20904151317234,294.7072634122402,14956000
2023-09-06,296.8406066894531,300.9384241215608,293.3579266695663,299.3608078619437,15418100
2023-09-07,296.3444519042969,304.6591765120229,289.9446620146728,295.67965546312854,33748700
2023-09-08,295.570556640625,302.87323501269304,294.46918367681815,296.8901875518962,17548000
2023-09-11,305.16522216796875,306.6337092437882,298.93412177158643,299.063114388511,19489300
2023-09-12,299.3111572265625,306.2566524037513,297.8922990504119,303.94477776656885,13480400
2023-09-13,302.6846923828125,304.78818046723666,298.97382303689284,300.00570342701496,13210900
2023-09-14,309.2928466796875,310.4338863451406,302.65493479949475,304.3516116982113,19343100
2023-09-15,297.9716796875,309.5706597125895,296.42382881133364,309.18368185356906,28131100
2023-09-18,300.1942138671875,301.23605631967,295.4811992467907,295.86817708684436,14234200
2023-09-19,302.6946105957031,303.78605161305194,297.47555736362534,300.1247810021013,15924400
2023-09-20,297.336669921875,305.66132647870694,297.09851806182877,302.67475378193933,19379500
2023-09-21,293.4273376464844,297.92206402517564,290.98647039875095,293.39757244980257,21319600
2023-09-22,296.751220703125,303.00218435179124,295.94753013514656,296.9695088993633,25369600
2023-09-25,298.48760986328125,298.6067009327977,291.41315219064484,293.3380490350795,18987000
2023-09-26,296.6322021484375,297.9617648857279,293.7051898730457,295.3423364379203,19417200
2023-09-27,295.4216613769531,298.95393929645525,284.55694085285074,298.11058197811235,36429800
2023-09-28,301.59326171875,303.9448032957464,294.3898109917405,296.6123599455331,22167100
2023-09-29,297.8724670410156,308.2212789671032,297.0290793382049,304.9866526085404,25373700
2023-10-02,304.4310302734375,304.7882126893277,299.281438484629,300.38278121358445,16265600
2023-10-03,298.59674072265625,304.3813322519074,297.30687525176296,301.89089689380233,17362300
2023-10-04,303.20062255859375,304.51035179503504,296.1757635012426,296.4039835330329,16880500
2023-10-05,302.4167785644531,303.82570485884224,297.1679603687021,302.25802076171334,19130000
2023-10-06,312.97393798828125,313.84709082731973,298.56700698401727,299.09287899662587,21803900
2023-10-09,315.8811340332031,317.8357962026818,309.3920783387563,310.0667763769625,22503700
2023-10-10,319.33404541015625,322.13209523981016,315.6827063546983,316.63522300395726,19038000
2023-10-11,325.26751708984375,326.2795642087612,320.435440997427,320.49497139971857,22036300
2023-10-12,321.6359558105469,327.9662832580327,320.17740064543665,325.4460523014571,20530500
2023-10-13,312.2397155761719,322.5190344437851,309.93777264367094,321.0108805983314,21341000
2023-10-16,318.6494445800781,319.3142411258242,313.0632762382236,316.1590086202523,16536100
2023-10-17,321.4772033691406,321.87408274940765,314.8293601998335,315.70251300439446,16387800
2023-10-18,314.50201416015625,323.4021732921427,313.10298904737334,318.88761254575707,16851000
2023-10-19,310.3743896484375,319.38370771452566,309.3226454655626,317.3893483300357,18709200
2023-10-20,306.2467041015625,312.8449181089046,304.08368584423033,311.69397704496873,22312300
2023-10-23,311.5650329589844,314.8889246228949,304.8675904983353,307.090139491986,17796800
2023-10-24,310.1163330078125,315.87118976703397,308.21129994817363,314.31340722600686,19525500
2023-10-25,297.19775390625,308.4593849099364,296.5131240641257,307.5862320515774,42192500
2023-10-26,286.10479736328125,292.703011741462,277.22447353914265,292.703011741462,66684100
2023-10-27,294.4195861816406,296.9794842399318,290.68885292835586,292.1871053257045,29596300
2023-10-30,300.30340576171875,306.9909164922188,296.7214985151733,296.7611955420491,28435100
2023-10-31,298.9241943359375,301.31543285724274,294.5485285219265,300.9483186528854,19434200
2023-11-01,309.421875,310.3049295233318,299.49973714705766,299.49973714705766,20434600
2023-11-02,308.44940185546875,316.3375111890121,305.92917112013004,314.8293273096192,21631800
2023-11-03,312.150390625,313.0929753347785,308.5982491394363,310.11633466819546,16764300
2023-11-06,313.3410949707031,315.85139458572127,312.00163061151295,313.5197164612281,12887700
2023-11-07,316.33758544921875,318.5006040914344,312.66638257356414,314.59127961258827,14055600
2023-11-08,317.2900695800781,318.8279885761275,312.4282289074521,315.66285499199586,13609700
2023-11-09,318.0541076660156,321.65584844839833,316.3177335914204,316.93293155587264,16103100
2023-11-10,326.2100524902344,326.53749993312164,316.9725463498959,317.44881977593377,19096200
2023-11-13,326.6268005371094,329.7423355253946,323.1639847295043,323.66009153425944,16908900
2023-11-14,333.6913757324219,335.46744667370785,330.73456810569553,331.93516844363756,17179400
2023-11-15,330.1193542480469,335.7650516417798,327.450297436741,335.2987100726681,14531200
2023-11-16,331.587890625,331.9748382128518,323.83870424203946,326.80541344208376,18932600
2023-11-17,332.4312438964844,332.8876536615673,326.7855462450736,327.68846422988145,14494400
2023-11-20,337.3228454589844,339.2080451684162,331.5878522890542,332.2824138935604,16960500
2023-11-21,334.35614013671875,337.25338680796017,333.2845325230063,335.69560423392653,12027900
2023-11-22,338.8310546875,340.2499433246193,335.943709119039,336.5688086095252,10702700
2023-11-24,335.59649658203125,339.19820737080124,334.14784258019574,337.4816968140508,5467500
2023-11-27,332.0939025878906,337.2533951174812,331.59779579004794,333.56235933033327,15684500
2023-11-28,336.3504943847656,336.7374722413347,330.80402373364524,330.80402373364524,12637200
2023-11-29,329.6134033203125,337.2534306439208,328.2044465428384,337.04507424526616,16024500
2023-11-30,324.6026916503906,330.9032544248157,319.88967678227107,329.305804972317,23146400
2023-12-01,322.29083251953125,324.31492648520225,318.2624476796763,322.9456971366447,15276400
2023-12-04,317.5281982421875,318.3616540663768,311.2177340247724,314.81947438356156,19037100
2023-12-05,315.81170654296875,319.3737500866392,312.9342928735929,316.4963364172633,16952100
2023-12-06,314.9782409667969,319.74085446043057,314.5714297293888,319.42333881953283,11294300
2023-12-07,324.0470275878906,325.6841739294483,315.29569659562253,315.29569659562253,15905100
2023-12-08,330.1590881347656,330.57583118602076,320.48500516162073,320.5743007554703,14087400
2023-12-11,322.74725341796875,327.3213740695982,317.50836658058734,326.8351687929006,25802500
2023-12-12,331.6176452636719,331.86569867463805,322.0328578303436,322.07255485448627,18485500
2023-12-13,332.1335754394531,335.73531570283495,330.04995107415203,331.32988483456126,16353300
2023-12-14,330.5758361816406,332.0939218599385,326.08110954354635,331.2505341986713,19607300
2023-12-15,332.3122253417969,336.02309488590646,328.6410225440708,329.40501619139945,31776900
2023-12-18,341.9366760253906,344.85378668804714,334.3958459469585,334.85228604462384,18993900
2023-12-19,347.6319885253906,350.84678160666897,342.4327982605504,342.8892080987716,17729400
2023-12-20,346.5603942871094,352.196160744239,345.0820055877461,345.9352948214848,16369900
2023-12-21,351.3329162597656,353.6348591200321,346.49090896056947,350.2315736784916,15289600
2023-12-22,350.63836669921875,354.4186979641028,348.4852499373512,352.81128655167174,11772800
2023-12-26,352.067138671875,354.2004221377004,350.6979093378439,352.2258964816082,9898600
2023-12-27,355.04376220703125,356.20466538676425,352.5433949552393,353.2974869448079,13207900
2023-12-28,355.5299987792969,359.08211028758853,355.0239601332717,356.8992584473952,11798800
2023-12-29,351.20391845703125,357.19689709783825,349.0805970920824,356.19475166917226,14987100
2024-01-02,343.5936279296875,350.41012995956766,337.36252824234924,348.5844607184317,19042200
2024-01-03,341.7878112792969,345.24072541994775,340.5078472895794,342.29384989196654,15451100
2024-01-04,344.4172058105469,345.43918468397345,340.72616973060616,341.81761082843025,12099900
2024-01-05,349.2096252441406,350.7475443733981,343.5639268458326,344.2882234705981,13920700
2024-01-08,355.8673400878906,356.18485571303864,349.3087923232341,351.93818263654276,13890200
2024-01-09,354.64691162109375,357.8319391849978,352.5930221333329,353.62493279017207,13463900
2024-01-10,367.58538818359375,370.0361570840026,356.28406029694395,357.3655998102049,22117200
2024-01-11,366.79168701171875,369.87745738055156,360.1041454413875,369.2325244696342,17205400
2024-01-12,371.5740966796875,374.124093141166,366.6626570609986,367.277824706656,19310000
2024-01-16,364.5987548828125,372.68528864447234,364.3705651628335,370.74055871272463,15306900
2024-01-17,365.501708984375,365.6703986149391,355.8176948238154,363.4478196213952,12724800
2024-01-18,373.2013244628906,373.91571950102383,368.06166503074314,368.59743859937487,16354300
2024-01-19,380.4643249511719,381.3672126996037,375.02698340921194,376.0489622272857,21670800
2024-01-22,378.80731201171875,387.3105899434806,378.19214441636774,384.9292833279464,17680500
2024-01-23,382.2007141113281,385.35594628431977,379.10498205560805,381.62521323149974,15506100
2024-01-24,387.65789794921875,393.0654443520471,384.7903858717887,386.96333625933397,15698500
2024-01-25,390.11859130859375,392.41060262725716,382.65715487917475,387.13204853940346,15091100
2024-01-26,391.07110595703125,393.70046609647795,388.5409429594839,391.2794623469608,13163700
2024-01-29,397.89752197265625,399.7926537489581,390.03920652616733,391.91447464954996,18742400
2024-01-30,396.9449768066406,403.1959104756482,396.4588018243719,400.4474896600289,18614700
2024-01-31,387.10223388671875,394.90101835810526,384.0858960218771,385.97109583241945,20180800
2024-02-01,391.70611572265625,397.3815791884309,389.9895751539661,390.8726598643205,29727100
2024-02-02,471.2915344238281,482.176118971358,449.48269858581074,456.0213826629202,84707600
2024-02-05,455.8328552246094,468.2255934429309,455.64433221754496,466.221332864614,40832400
2024-02-06,451.1794128417969,463.4828566103552,449.47280407428997,460.3871547251005,21655200
2024-02-07,465.93359375,467.8485587840739,452.6280053703203,454.4338414397377,23066000
2024-02-08,466.3404235839844,466.9258260140374,461.4091204468022,464.67351189027835,18815100
2024-02-09,464.4651184082031,469.9024601255168,463.8301174160843,469.26745913339795,18413100
2024-02-12,465.24896240234375,475.41915205194476,462.947019526659,464.5444992074422,19382000
2024-02-13,456.5373229980469,464.2468421541009,451.54648973334866,453.3126287541774,20916600
2024-02-14,469.5948486328125,470.4183725927847,462.4608304684062,464.2864998480657,16858400
2024-02-15,480.2611999511719,484.81545723804714,468.5431584801579,471.5793300047414,24212300
2024-02-16,469.634521484375,475.23059012184814,465.556508076683,474.3872025542275,23324600
2024-02-20,468.0767517089844,472.4722505574725,462.9271608576115,466.062559372818,18015500
2024-02-21,464.87847900390625,465.8419486389478,458.68050627412106,463.35878260142675,12921800
2024-02-22,482.8565673828125,486.69056087896115,472.85436813311964,477.00621413077533,21625800
2024-02-23,480.770751953125,491.031180902857,479.1020716150301,484.7636721147276,18374300
2024-02-26,478.49615478515625,482.8665512765611,477.3638468302636,480.21451660164433,12101400
2024-02-27,483.7703857421875,483.9889055616532,476.68842180532044,476.74801536407614,10809600
2024-02-28,480.7607727050781,487.7434340041243,479.4993353400965,481.73418465032995,12715500
2024-02-29,486.82965087890625,488.3890863550295,479.36026837522473,485.1510282882917,17732000
2024-03-01,498.917724609375,500.85460630743614,488.538108417028,488.79633708123947,16273600
2024-03-04,494.83538818359375,501.02344874221626,493.07731757525386,499.6129971227631,12324100
2024-03-05,486.9190979003906,492.24299171468465,484.60480032570473,491.6669104902167,15325300
2024-03-06,492.7495422363281,499.58322016092893,490.96167477767403,494.2791810340301,11757900
2024-03-07,508.74114990234375,516.349544301287,498.0039419088518,499.89114211794896,18586400
2024-03-08,502.54315185546875,520.0445011354961,495.9875874923853,510.72765736734266,18597100
2024-03-11,480.3337097167969,493.97126872640746,472.79482114316187,493.6633585577727,20428300
2024-03-12,496.3848571777344,498.9276166024425,481.4660075501953,489.9385682821363,15448200
2024-03-13,492.2330627441406,497.6066378852909,487.7236245660359,492.0542820577353,12090700
2024-03-14,488.5181579589844,497.9740726695781,484.872887560761,496.891416024587,12620000
2024-03-15,480.84027099609375,488.5182008794358,478.05910688483056,485.71721266457956,29153600
2024-03-18,493.6335144042969,494.0705540169501,483.5319824334074,488.5976468076453,11755300
2024-03-19,492.8984680175781,493.28585643145516,478.03921238547673,484.8828318673116,10903100
2024-03-20,502.1159973144531,504.7779741854075,491.835714780714,496.13654476437773,11711100
2024-03-21,504.3409423828125,511.5718900411895,502.6027262330663,511.24415578806696,9712500
2024-03-22,506.148681640625,506.5360700886192,500.9439753750218,503.5860676514322,8120600
2024-03-25,499.63287353515625,503.80460470631,496.8715940455522,502.3842409725829,8380600
2024-03-26,492.5509033203125,506.5658780636044,491.87545911237584,501.72867541124447,11205400
2024-03-27,490.53448486328125,496.52390980676483,484.78349475828026,495.93785600976236,9989700
2024-03-28,482.310302734375,489.57110826984064,481.88320544172586,489.5214267607809,15212800
2024-04-01,488.0414123535156,494.08045824129323,478.53584639701245,483.9193631882776,9247000
2024-04-02,494.0208740234375,494.1798002750776,481.3865249828398,481.8335069600827,11081000
2024-04-03,503.3277893066406,503.82442249033096,495.3916007311355,495.57038140236386,12099200
2024-04-04,507.47967529296875,526.4311846012982,507.1419380470807,512.9426101041053,26476300
2024-04-05,523.7891235351562,527.1264840478417,510.94613579364227,513.3796505682054,19263300
2024-04-08,515.7535400390625,527.9111101756489,515.3959787113195,525.716030393533,13260600
2024-04-09,513.41943359375,522.3290042268167,503.3278128790067,518.7134999304255,10863800
2024-04-10,516.32958984375,519.0411871916722,502.39403584687636,505.8605555247708,11418500
2024-04-11,519.63720703125,520.3325056145172,513.8067382940332,517.6010230992423,10369500
2024-04-12,508.45306396484375,516.6872509060779,505.9003620426098,514.2636784657437,11984500
2024-04-15,496.86163330078125,515.0384255513786,493.93148546628265,513.2405552726893,13512900
2024-04-16,496.3948059082031,501.37104976093684,493.76262580382166,494.7558921640913,9847900
2024-04-17,490.8424987792969,499.77195453488656,483.8598367935751,499.7123609723866,12193700
2024-04-18,498.42108154296875,508.76101901000555,495.67968681337135,496.45443341487936,14808700
2024-04-19,477.8306884765625,499.41434858815046,472.5266493809035,499.41434858815046,25215400
2024-04-22,478.4862365722656,488.69701401127566,470.2123104372898,486.4224254546389,17271100
2024-04-23,492.75946044921875,495.4015526749956,485.6774662629057,487.94211241184524,15079200
2024-04-24,490.177001953125,506.565898674962,481.3170517213348,504.6389593020942,37772700
2024-04-25,438.40789794921875,442.7683213792549,411.70889412672494,418.5624257469969,82890700
2024-04-26,440.3050231933594,443.43380595163336,429.0512991270312,438.4873289037164,32691400
2024-04-29,429.7069091796875,436.7988458925218,425.67424998253733,436.60018048581003,21502600
2024-04-30,427.2734375,436.65978716345234,426.826455477513,428.1474865043682,18429500
2024-05-01,436.232666015625,446.93013406880516,424.23399111108887,425.71397863682915,20344900
2024-05-02,438.7059020996094,440.9705483091824,429.3692038781096,435.8850291236209,15221300
2024-05-03,448.9166259765625,451.11176631211475,440.8612508779358,442.9272314331877,16489100
2024-05-06,462.54425048828125,463.02102923203086,450.2873477934908,452.51225464015755,15094600
2024-05-07,465.0870361328125,468.3548909827228,458.2037074526032,463.1501848954651,13406800
2024-05-08,469.41766357421875,472.3775777745394,459.88230094787235,460.3789341022437,11683900
2024-05-09,472.21868896484375,472.87421806387255,464.481135815607,466.83517215291295,9437700
2024-05-10,472.9934997558594,474.2847340273294,466.43793506604857,473.87749114181366,10750000
2024-05-13,464.8586120605469,470.1626509363038,459.73335385977305,469.5666850409423,14668800
2024-05-14,468.6727294921875,469.35808569307136,456.9819652481851,460.24982000044906,10478600
2024-05-15,478.2974853515625,479.25101255755794,468.02711495824536,471.7816605384409,13100500
2024-05-16,470.0434265136719,474.47338576625015,469.5666477728062,471.8014969689751,16608200
2024-05-17,468.7323303222656,469.6163216180006,465.2658404350713,467.65958568158874,10807300
2024-05-20,465.6829833984375,470.013640367692,463.8951161258971,466.7855247891009,11745100
2024-05-21,461.5013732910156,467.5305076270988,459.15724881960597,463.9745969325562,11742200
2024-05-22,464.63018798828125,470.5301932433233,462.51452555786585,464.71957833310466,10078600
2024-05-23,462.6436767578125,471.16589013049645,458.43223642849523,469.6958750860834,11747900
2024-05-24,474.9998474121094,476.61887645447604,463.16009887613995,464.4712177669983,12024300
2024-05-28,476.6883850097656,477.6220274622316,471.64257513598284,473.3708488306615,10175800
2024-05-29,471.1658020019531,476.618854768797,470.5102728984341,471.4638000883628,9226200
2024-05-30,463.9050598144531,468.5535696018269,461.5808200768087,468.4939760428169,10719600
2024-05-31,463.6865539550781,465.9611425660609,451.3998530718608,462.66349074515693,16919800
2024-06-03,474.2747497558594,476.370557560807,465.08703582474993,467.68938886665507,11279400
2024-06-04,473.77813720703125,475.66536764367015,470.0434761018759,473.7880795710405,7088700
2024-06-05,491.7264404296875,493.30573030037567,480.65152660799043,481.18789892832643,15690500
2024-06-06,490.4352111816406,499.4342020437463,487.58454155763394,489.6604646276873,10667300
2024-06-07,489.6405944824219,495.5505416682554,486.8694030600324,492.57074247783544,9380700
2024-06-10,499.2156677246094,499.27526127994463,490.0875476500694,490.53449931508374,11220900
2024-06-11,504.0528869628906,504.18201644117164,494.914824216535,496.792112209235,9673700
2024-06-12,505.4137268066406,510.5489279955355,501.07315701220585,510.52904326561884,11983200
2024-06-13,500.7055969238281,505.9301575612256,497.98402638310364,502.3047412736244,9954600
2024-06-14,501.2624206542969,504.2352263741651,497.872015470044,499.76108944033547,10243300
2024-06-17,503.71820068359375,507.8145165497157,493.15924290347647,498.786716272725,11266600
2024-06-18,496.6192321777344,503.09182645286137,492.174921746173,501.66010025060115,13060400
2024-06-20,498.8165283203125,500.7752071040244,493.9148400723255,499.1147919555252,11801200
2024-06-21,491.9363098144531,500.55649337523585,489.5600618320149,500.55649337523585,22359200
2024-06-24,496.0425720214844,504.88146192373665,491.44912982983715,496.33091377345426,13525300
2024-06-25,507.6653747558594,507.77472797570107,492.65215468981233,494.193234056006,12063200
2024-06-26,510.1708679199219,510.85690461260367,501.7793738995123,503.73805265327996,8882300
2024-06-27,516.5737915039062,519.8747168625777,510.94634943596475,511.29431351366713,10121200
2024-06-28,501.3219909667969,518.8804935548256,500.94417016641717,514.1776987031992,15855100
2024-07-01,501.77935791015625,503.6684316425156,490.335531960126,502.0478255113692,10328200
2024-07-02,506.57171630859375,507.56596894119156,496.5794894878585,497.8819580091871,7739500
2024-07-03,507.02899169921875,508.34141226916296,503.11163445819557,503.459628898402,6005600
2024-07-05,536.8069458007812,537.7614502342552,508.65968477780285,508.65968477780285,21354100
2024-07-08,526.27783203125,539.6902908773806,523.6231943865845,539.2329128015355,14917500
2024-07-09,526.953857421875,534.3908471604564,525.1542627135257,530.6823045262751,8753200
2024-07-10,531.6168823242188,535.782802810221,525.3232468812585,527.7392732226358,10983300
2024-07-11,509.75323486328125,532.3824299623878,505.44810483400823,527.838689058538,16458300
2024-07-12,496.00274658203125,505.1697559706881,491.3894306970728,494.8991408562319,19750500
2024-07-15,493.308349609375,503.76787552831104,490.5343764947893,495.76415462534726,12539200
2024-07-16,486.9750061035156,501.0536270420419,482.9979955675087,498.61769595186473,14075800
2024-07-17,459.334716796875,476.4159983287152,456.4812168894572,476.4159983287152,28076600
2024-07-18,473.11505126953125,476.48555141727223,461.8700580864728,472.2699305884637,19267200
2024-07-19,474.0496826171875,483.91265093835443,472.975872869739,473.3238673312673,15149400
2024-07-22,484.5986633300781,489.23188362973013,481.1187795736259,483.78336899644364,12023100
2024-07-23,485.8812561035156,492.3737237074945,484.91682996591794,487.0246404087884,9455500
2024-07-24,458.6188659667969,473.5624806822974,457.93282927520823,469.5954226900346,17649700
2024-07-25,450.8040466308594,460.88575158232453,440.1058796187656,460.59744019284307,18240500
2024-07-26,463.0234069824219,467.06999164626853,456.7795024206526,461.53202821439885,14222400
2024-07-29,463.0333557128906,471.23593941244997,462.3473190124621,467.1794022788637,11339600
2024-07-30,460.52783203125,470.01300966806275,454.0751428177802,464.3159317450937,11390400
2024-07-31,472.1009216308594,473.7613367281888,464.06737443417023,468.3128218694942,24285800
2024-08-01,494.8792724609375,524.1401187856688,489.27170365366396,518.0055973214868,43083100
2024-08-02,485.33447265625,498.2696781877349,473.4133634987111,486.18951531730556,24044700
2024-08-05,472.9957580566406,480.70121501811934,448.20901989340217,448.7558769798466,21396200
2024-08-06,491.250244140625,499.6715645445627,475.8989821739981,476.24697663872547,20955000
2024-08-07,486.1099548339844,507.2179163887547,484.06176673048657,500.2382746300819,20105300
2024-08-08,506.700927734375,507.02901772261134,491.87661869501426,494.6406395475425,16156800
2024-08-09,514.794189453125,515.3609207187151,502.7935532579475,504.7919803564355,13696600
2024-08-12,512.9846801757812,515.0427904966505,506.17404327864693,513.8894234095668,9767400
2024-08-13,525.502197265625,528.4452065274616,515.1719598564413,517.0212549519154,13743800
2024-08-14,523.732421875,530.9307997880987,520.1232806846136,525.0249379024076,11444200
2024-08-15,534.24169921875,536.6676776843767,523.6727905580083,528.73350167096,13482100
2024-08-16,524.3887329101562,530.5928599406125,521.6445857964466,528.8430261939557,14776700
2024-08-19,526.2379150390625,528.6041798119171,519.7553702721704,523.841732882754,9879700
2024-08-20,523.70263671875,528.0376240435813,522.8575463080886,525.3133210272216,7944400
2024-08-21,532.0841674804688,536.2998492635563,523.9014884202904,524.1202555369616,13423300
2024-08-22,528.872802734375,541.1020981439891,525.5520328797932,533.9136709320021,15708300
2024-08-23,524.9652709960938,536.767042214686,522.0421664915824,533.8339854766065,11323900
2024-08-26,518.1248779296875,524.9653402482775,511.99035675969463,524.5676149591942,9584000
2024-08-27,516.1165161132812,520.9983305112823,512.348320490828,515.9972106523948,6282700
2024-08-28,513.8098754882812,518.0951016645886,509.5047448414531,514.6947141610383,9106100
2024-08-29,515.2415161132812,524.169945083232,512.7161365376401,516.0667627034325,8317400
2024-08-30,518.3137817382812,520.5309454515676,512.2389133705824,518.3535299929398,9157500
2024-09-03,508.8186950683594,522.4697631708141,505.69672749483755,516.6534100228187,12459100
2024-09-04,509.79302978515625,513.6209384157157,501.17287738796614,503.161382437288,8335200
2024-09-05,513.8893432617188,518.6319472042396,508.2121698645864,508.7789010834829,8640900
2024-09-06,497.3947448730469,521.5650538628864,495.3863655135682,518.880559665027,14744500
2024-09-09,501.8887634277344,508.39115339074016,499.19431711601146,503.2508845942156,11047800
2024-09-10,501.8887634277344,511.22477928436297,497.15611148388973,505.23938973469745,9899000
2024-09-11,508.8882751464844,510.1708694464899,492.75157549409465,504.096000860634,10782500
2024-09-12,522.5791015625,523.6827679826088,512.2587555239991,514.07825463183,11970500
2024-09-13,521.6047973632812,524.5478069237411,514.1379505818885,517.3494277649944,10321400
2024-09-16,530.7208251953125,531.5368365725262,514.9170282546622,522.0227173210484,9527600
2024-09-17,533.7462768554688,539.4985077957741,528.0238703630636,535.0201027147613,11690800
2024-09-18,535.3684692382812,541.5884764077421,531.3379167409221,534.4926873694405,10323500
2024-09-19,556.4169311523438,559.3727101138928,543.8973445888765,547.360625106574,15647000
2024-09-20,558.6560668945312,561.790974396656,553.630313904446,557.3125698177632,22066800
2024-09-23,561.7013549804688,571.2254355902388,559.7109530325689,566.7669546644623,12830700
2024-09-24,560.626708984375,565.0254812803894,551.5305554385482,563.960608707355,12993000
2024-09-25,565.582763671875,574.1116448246654,561.0147636623793,561.343197050028,16543400
2024-09-26,565.114990234375,574.6291098304922,559.6512854533856,572.967080344701,14400800
2024-09-27,564.63720703125,568.1005477071013,561.8009085673148,567.3640479667661,9398400
2024-09-30,569.69287109375,571.9221116471715,562.0895207658488,564.9756280044119,12792300
2024-10-01,573.7035522460938,580.2420307996076,567.3641260621707,575.2063156344602,15259300
2024-10-02,570.0611572265625,573.2358512630743,566.6078384594379,572.1013073959746,6524700
2024-10-03,579.9733276367188,580.5604622327534,566.0006662054095,567.4138954120452,11581000
2024-10-04,593.0801391601562,593.9857454241755,578.6397616460487,580.9287120013399,14169500
2024-10-07,581.9737548828125,600.0565426843976,581.2372550118221,595.3491999625717,12014200
2024-10-08,590.0447998046875,590.7115675395601,583.1579643993507,586.8601441089934,7857400
2024-10-09,587.6762084960938,591.5375936051837,578.8188944511467,591.1394888701676,9529700
2024-10-10,581.0281982421875,587.3974479929923,579.7244874036023,584.7502401443048,7740400
2024-10-11,587.118896484375,588.3728595792917,579.9136502956993,582.0234717517561,8587100
2024-10-14,587.586669921875,597.2202101574127,587.1289162492645,591.3684222975463,8252000
2024-10-15,583.45654296875,587.7756815393129,577.3559556315927,587.3278289153324,9564200
2024-10-16,574.0220336914062,579.2866865055009,571.2753296162662,578.6099570311397,11268400
2024-10-17,574.161376953125,582.1627721197076,572.4396984468079,580.5306884411078,8701200
2024-10-18,573.7035522460938,581.1675605388372,572.4894360534232,578.3113382248611,7694300
2024-10-21,572.3997802734375,574.4698153606886,566.37882637357,573.2656610260642,8171900
2024-10-22,579.2169799804688,580.7297050326658,569.3744268963089,571.5339961936412,8544500
2024-10-23,560.9849243164062,582.1926578504655,559.8006325485245,577.1867670377931,14248400
2024-10-24,565.0552978515625,566.1499947416787,558.8253293775932,564.4083928532417,7184700
2024-10-25,570.4990234375,578.5004183141831,568.9763366172681,571.1757528879629,11337900
2024-10-28,575.3854370117188,580.948637846338,571.3648464645419,579.2070359341649,10925100
2024-10-29,590.4329223632812,590.8210046180449,572.6387223000493,577.3659274017436,13019100
2024-10-30,588.9600219726562,598.3149369771265,586.5516522238592,598.0959611405502,26864900
2024-10-31,564.856201171875,587.0690948039123,560.3081253081026,582.1925856019707,26838400
2024-11-01,564.438232421875,570.917001339198,559.8603316322354,564.8860850679225,15303200
2024-11-04,557.9893798828125,565.9609509043612,555.2127905097288,561.3929508469568,12064600
2024-11-05,569.6829833984375,570.7279324508698,563.9506150919713,564.577596671882,9775400
2024-11-06,569.3046875,570.25014054464,552.5056907167225,560.0493308752114,18305400
2024-11-07,588.8605346679688,591.9456339468819,572.4496773656942,574.1216080144851,14653700
2024-11-08,586.5118408203125,590.2537459189086,581.7149642470737,588.70123463837,9415700
2024-11-11,580.3714599609375,584.1830975198795,573.7434467735926,583.5461541812385,10209100
2024-11-12,582.0134887695312,596.78223842264,577.5947936518803,585.7156075410013,16287700
2024-11-13,577.2166748046875,582.8296239447234,572.409836177361,579.8141352631666,10757600
2024-11-14,574.3902587890625,577.9730193106801,570.2602105353902,574.2310533344881,11053700
2024-11-15,551.4210815429688,569.822341466235,548.8534455153184,568.4787834407424,17712900
2024-11-18,551.739501953125,557.2131078822542,547.4501877365338,554.3667866349945,14327300
2024-11-19,558.3973999023438,558.7357342533962,547.9576895646346,549.2116526423954,9522400
2024-11-20,562.8060913085938,563.6320644076252,551.5404086524625,560.2284939812367,9797300
2024-11-21,560.3877563476562,567.2645685130409,546.4150954692434,566.7868914718125,11154700
2024-11-22,556.4567260742188,561.1242213982047,551.9285734744715,560.8455359497274,9164000
2024-11-25,562.3980102539062,569.8421548761189,553.7198868796414,559.402445590544,13599800
2024-11-26,570.78759765625,574.7286157457173,562.4876547795837,563.2838034841143,10356600
2024-11-27,566.468505859375,572.220736911576,561.3929435568074,572.1312028238776,7200200
2024-11-29,571.5638427734375,575.6839894711363,564.1794683979023,566.2693661906345,7130500
2024-12-02,589.9850463867188,591.6470151067747,572.8078668096863,574.7285975175146,12522400
2024-12-03,610.7052001953125,611.2525486705784,588.412670496105,592.144674748723,14907200
2024-12-04,610.83447265625,614.8152764849832,602.1960748947224,610.0184005822902,14697000
2024-12-05,606.0076904296875,616.925076135134,604.1367078360672,614.1186022447034,8081200
2024-12-06,620.776611328125,626.7676806622193,605.609756240286,607.1721685184903,16935500
2024-12-09,610.62548828125,623.3939341906389,603.260976543077,620.9257943920775,11426000
2024-12-10,616.3479614257812,622.5878918502519,609.7995210855536,614.5963977457716,10938900
2024-12-11,629.6438598632812,635.3364420595346,618.5474034232142,620.3785395339332,10837200
2024-12-12,627.7628173828125,633.6046423977135,624.2000415346207,628.4694319605399,7474700
2024-12-13,617.3729248046875,628.0514729907906,613.9295681709151,624.2099509122261,8453300
2024-12-16,621.7454833984375,628.6279045963112,616.1081279040426,627.4625362287662,10885600
2024-12-17,616.964599609375,629.842921517428,614.0761642573996,623.6676857660912,12897800
2024-12-18,594.8035278320312,624.8529462687603,593.9370093659079,618.5183765194273,17075500
2024-12-19,593.1900024414062,609.0762755305054,592.6222729689903,607.9507863504745,14958100
2024-12-20,582.9112548828125,600.699869104885,577.6822346553289,588.2199724400746,48989400
2024-12-23,597.452880859375,598.6879766892466,583.907252912156,587.2438414694396,10205800
2024-12-24,605.3213500976562,605.5603812991077,596.8852265249648,600.311421467438,4726100
2024-12-26,600.9389038085938,603.8771273499036,596.5465535400348,603.0603968908488,6081400
2024-12-27,597.4130249023438,599.4448507288726,587.4430173370732,597.0145990738104,8084200
2024-12-30,588.8772583007812,594.5544919388965,583.239903719799,586.3972186440706,7025900
