Price,Close,High,Low,Open,Volume
Ticker,MSFT,MSFT,MSFT,MSFT,MSFT
Date,,,,,
2019-01-02,94.39715576171875,94.98526837292377,92.3620902674664,92.93153568940143,35329300
2019-01-03,90.92446899414062,93.52897975146426,90.73776150201411,93.44495959946669,42579100
2019-01-04,95.1532974243164,95.69473847770364,92.35274909292929,93.09022767485408,44060600
2019-01-07,95.27464294433594,96.40419647651117,94.26645105322747,94.88256792434031,35656100
2019-01-08,95.96546936035156,97.05768161813776,94.94793298661722,96.1895112568341,31514400
2019-01-09,97.33771514892578,97.9071605077314,96.37619475944942,96.9549772729364,32280800
2019-01-10,96.7122573852539,96.85228621143777,95.57336671146265,96.35752386479514,30067600
2019-01-11,95.96546936035156,96.56291916574727,94.88258713671968,96.32954011294697,28314200
2019-01-14,95.26533508300781,96.03081811445637,94.52785639919607,95.12530622266011,28437100
2019-01-15,98.02852630615234,98.06586780429797,95.10661639517912,95.6947360882696,31587600
2019-01-16,98.3739242553711,99.19542298323661,97.98184920188764,98.2619068813259,29853900
2019-01-17,99.06474304199219,99.54083118244559,97.79516042312282,98.01920231993404,28393000
2019-01-18,100.54901885986328,100.72638919898468,98.86869414340933,100.3156398335089,37427600
2019-01-22,98.65399932861328,99.97959071772404,97.88851627496977,99.6528614488818,32371300
2019-01-23,99.61549377441406,99.92355577075004,98.33657426130415,99.06472274050611,25874300
2019-01-24,99.13941192626953,99.88622769246155,98.33658747037018,99.7555360017024,23164800
2019-01-25,100.04490661621094,100.70770211231319,99.13939496928647,100.11025245041365,31225600
2019-01-28,98.09386444091797,99.4007882846903,97.70178942443488,99.19541362210524,29476700
2019-01-29,96.09613800048828,97.99117431493924,95.37732670194096,97.90715417256797,31490500
2019-01-30,99.30743408203125,99.30743408203125,97.3937304673391,97.66445097444586,49471900
2019-01-31,97.487060546875,98.22453892338596,96.32016573381854,96.89894812507241,55636400
2019-02-01,95.94677734375,97.1790182302777,95.54536516211496,96.88029338270015,35535700
2019-02-04,98.70997619628906,98.76599199728811,95.93743263924966,96.03078993352754,31315100
2019-02-05,100.09159851074219,100.13827004297114,98.91536621726684,99.00871640388745,27325400
2019-02-06,98.980712890625,99.88622466498445,98.51395483144283,99.88622466498445,20609800
2019-02-07,98.27125549316406,98.56998041736473,97.35641352874624,98.19657960373688,29760700
2019-02-08,98.64461517333984,98.74730248350346,97.32836156821801,97.44971606106569,21461100
2019-02-11,98.25255584716797,99.49413379664576,97.99117251510141,99.13939316984545,18914100
2019-02-12,99.78353118896484,100.01691020421121,98.46727724649973,99.08339414322573,25056600
2019-02-13,99.70886993408203,100.61438185021078,99.615519732063,100.35299843569194,18394900
2019-02-14,99.79286193847656,100.15693260911968,98.63530409135902,99.24208379432295,21784700
2019-02-15,101.02511596679688,101.09979896595313,100.22229153127412,100.73572824776988,26606900
2019-02-19,100.97842407226562,101.43585204050115,100.61435340181654,100.62369055602755,18038500
2019-02-20,100.45343780517578,101.19406595920144,99.64718473383542,101.11906401010476,21607700
2019-02-21,102.57218933105469,102.63781424386248,100.19093125511925,100.21905519595416,29063200
2019-02-22,104.0346908569336,104.25031250377266,102.95656116500119,103.17218996441927,27763200
2019-02-25,104.61595916748047,105.16908967178891,104.30658860507046,104.77534011775403,23750600
2019-02-26,105.33781433105469,106.16281421347584,104.22218371922284,104.30656268988359,21536700
2019-02-27,105.15970611572266,105.33783396831883,103.9503264297076,104.70970869690497,21487100
2019-02-28,105.02843475341797,105.82531068176289,104.74718821242605,105.03781178389126,29083900
2019-03-01,105.4971923828125,105.95656676708354,104.69093937629165,105.8346939740342,23501200
2019-03-04,105.24407958984375,106.17220547605116,103.8753261877115,105.95657665775063,26608000
2019-03-05,104.71907043457031,105.3659497204769,104.27845008240642,105.23469988747838,19538300
2019-03-06,104.7659683227539,105.61909955173056,104.46596762574053,104.87847126635172,17687000
2019-03-07,103.49095153808594,104.5784584086641,103.00345314434466,104.43783153366452,25339000
2019-03-08,103.60346984863281,103.79096760807982,102.00034040184339,102.33784209091286,22818400
2019-03-11,105.77845001220703,105.89094577839636,104.04407114185575,104.05344102065204,26491600
2019-03-12,106.5190658569336,106.86593729947653,105.60968703796071,105.76906079007928,26132700
2019-03-13,107.34408569335938,107.81283715926924,106.66908243803641,106.99720703365738,35513800
2019-03-14,107.42843627929688,108.00031352682076,107.18469071508348,107.38156543352277,30763400
2019-03-15,108.66596984863281,109.92222036239326,107.4284590940678,108.13158630320892,54681100
2019-03-18,110.22221374511719,110.25971471877288,108.79721250909778,108.90970827748548,31207600
2019-03-19,110.29722595214844,111.03785415743714,109.67847055814269,110.70972239557224,37588700
2019-03-20,110.17533111572266,111.328462761354,109.41595610065998,110.05345832089132,28113300
2019-03-21,112.70659637451172,113.26909666698754,109.77220780858772,109.81908581320208,29854400
2019-03-22,109.73473358154297,112.11598500645275,109.72535654842994,112.03161316617714,33624500
2019-03-25,110.30658721923828,110.6347117816266,109.0503296984928,109.27532837661923,27067100
2019-03-26,110.54097747802734,111.29097555469097,109.54721947639258,111.20660372150554,26097700
2019-03-27,109.47220611572266,110.82221252665569,108.30032753750417,110.512834865387,22733400
2019-03-28,109.62222290039062,110.23160126325322,108.87221766108588,110.1003514192619,18334800
2019-03-29,110.56909942626953,110.92534796980975,109.65034339466183,110.69097223397492,25399800
2019-04-01,111.58158874511719,111.66596772298894,110.71908781897977,111.51596383014106,22789100
2019-04-02,111.74098205566406,112.01285877715333,111.11284962546054,111.6191020910702,18142300
2019-04-03,112.47223663330078,112.90348715721076,111.70348445544727,112.36911073056358,22860700
2019-04-04,111.90034484863281,112.71597493294888,110.98158887483152,112.59409498033213,20112800
2019-04-05,112.39722442626953,112.71597913818316,111.90972605535296,111.92847296660453,15826200
2019-04-08,112.43472290039062,112.51909472801536,111.2253433030464,112.32221997764483,15116200
2019-04-09,111.82534790039062,112.06910066394165,111.1690987130375,111.2159695678029,17612000
2019-04-10,112.678466796875,112.82846352949575,112.06908853026442,112.27534029612453,16477200
2019-04-11,112.80973052978516,113.29722891163571,112.42535089100045,113.00660528895055,14209100
2019-04-12,113.39098358154297,113.41911467936121,112.84723728425301,113.1003599439759,19745100
2019-04-15,113.4847183227539,113.98159366900393,113.03471382558513,113.38159244116478,15792600
2019-04-16,113.22222900390625,114.04723618396625,112.59410373914596,114.03785915167104,14071800
2019-04-17,114.15970611572266,114.23470805194421,113.00658174477401,113.66283080526688,19300900
2019-04-18,115.65974426269531,115.80036398647033,113.71911339621947,114.55349046932483,27991000
2019-04-22,116.02536010742188,116.25035879914961,114.90972937528204,114.95660738099089,15648700
2019-04-23,117.60035705566406,117.73160687940288,116.09097693008871,116.34409954656245,24025500
2019-04-24,117.1972427368164,117.98474176111466,116.73786115339607,117.92849387440184,31257000
2019-04-25,121.0784912109375,123.15974874862361,120.7784977280671,121.93162226484172,38033900
2019-04-26,121.77222442626953,122.36285570150228,120.95660165963828,121.59409662547515,23654900
2019-04-29,121.65975189208984,122.04411719828077,121.26600240186298,121.78161753812954,16324200
2019-04-30,122.4378890991211,122.53163080957594,121.30350425288889,121.69725376918217,24166500
2019-05-01,119.88785552978516,122.4847351395324,119.7191047396247,122.3722393811446,26821700
2019-05-02,118.32225036621094,120.00038156040434,117.67537102053625,119.98163464792077,27350200
2019-05-03,120.8441162109375,121.34099159580713,119.29724217202777,119.40036806163234,24911100
2019-05-06,120.14097595214844,120.52535552652098,118.2284765685761,118.4909762034751,24239800
2019-05-07,117.67535400390625,119.23161216046104,116.45660459647064,118.55660896738084,36017700
2019-05-08,117.66598510742188,118.47223813337725,116.95348093627034,117.60036019380128,28419000
2019-05-09,117.65660095214844,117.928477621423,115.84722026893256,116.52222342677581,27235800
2019-05-10,119.18472290039062,119.93472796688297,116.08159106412089,117.10347278840226,30915100
2019-05-13,115.64097595214844,117.70348652859145,115.35035235537485,116.35348012601632,33944900
2019-05-14,116.93473815917969,118.01286075639663,115.96910417809224,116.12848510472882,25266300
2019-05-15,118.58142852783203,119.23070227302496,116.39837119308541,116.92532101806226,24722700
2019-05-16,121.31966400146484,121.7431134147513,118.99546630033817,119.2683493813166,30112200
2019-05-17,120.51045227050781,122.75937778703118,120.36929766667497,120.73627666366038,25770500
2019-05-20,118.76963806152344,120.05876674668245,118.33679125243556,119.05192571316036,23706900
2019-05-21,119.40950775146484,120.00231831892629,119.10839659638116,119.90822242903567,15293300
2019-05-22,120.13406372070312,120.670425412495,119.05194295176551,119.14604602832628,15396500
2019-05-23,118.73202514648438,118.83553279589634,117.37702113895124,118.75084145589683,23603800
2019-05-24,118.78845977783203,119.8988084879173,118.53440016188009,119.41891730455738,14123400
2019-05-28,118.71317291259766,120.444560016894,118.60966529450872,119.48477058804367,23128400
2019-05-29,117.56520080566406,117.98863589889483,116.71832344014632,117.9792241562068,22763100
2019-05-30,118.30856323242188,118.3367912796865,117.4146343877264,117.86630468112753,16829600
2019-05-31,116.37957000732422,117.26408714563891,116.04081906835502,116.89710815826496,26646800
2019-06-03,112.76622009277344,117.02883453965536,111.98521782574865,116.53952447599198,37983600
2019-06-04,115.89025115966797,116.00316333777204,113.52840665390539,114.12121712611693,29382600
2019-06-05,118.40264892578125,118.44028871191313,116.8782698931886,117.57458798899036,24926100
2019-06-06,120.27517700195312,120.41632439765586,118.18621564690602,118.97663675540846,21459000
2019-06-07,123.6438217163086,124.44365434950988,120.68916766184294,121.56427984295424,33885600
2019-06-10,124.77304077148438,126.16567696118179,124.2084511593342,124.58483466202748,26477100
2019-06-11,124.30254364013672,126.31622536028134,123.53093885970954,125.97747449342948,23913700
2019-06-12,123.72857666015625,124.18023979568218,122.99461868063453,123.64387815627897,17092500
2019-06-13,124.50959014892578,125.14944508150859,123.79444127355363,124.18964832452171,17200800
2019-06-14,124.63190460205078,125.89280531627537,123.86971856372269,124.45311738651952,17821700
2019-06-17,125.0082778930664,125.83632442982923,124.70715961925478,124.8012626693483,14517800
2019-06-18,127.1819076538086,127.25718721295073,125.68576410589162,126.26916274160843,25934500
2019-06-19,127.68065643310547,127.90648081302444,125.9116222138114,127.03138262461512,23744400
2019-06-20,128.86627197265625,129.53436923684384,127.70887900089768,129.33675855478214,33042600
2019-06-21,128.8850860595703,129.6002204433433,128.40519494970937,128.51810712659196,36727900
2019-06-24,129.64727783203125,130.2306765831175,128.91331993288702,128.91331993288702,20628800
2019-06-25,125.55403137207031,129.46848283703852,124.89535308664533,129.14855543527634,33327400
2019-06-26,126.0245132446289,127.72768651985942,125.71400477437378,126.41973455935391,23657700
2019-06-27,126.23155212402344,126.75850918972505,125.62932983561925,126.2221475607136,16557500
2019-06-28,126.0527572631836,126.65497944643755,125.2999759445888,126.62675140332483,30043000
2019-07-01,127.6712417602539,128.63103848118266,127.00315880328029,128.56517782088525,22613500
2019-07-02,128.51809692382812,128.52750148511842,127.35128520893545,128.0852430166249,15237800
2019-07-03,129.34617614746094,129.60964748209716,128.24522492145348,128.72513041948517,13629300
2019-07-05,128.96974182128906,129.2238085214949,127.70884159644157,127.91585678059347,18141100
2019-07-08,128.8756866455078,129.00742230983636,127.37952845149928,128.34872963008303,16779700
2019-07-09,128.40518188476562,128.88507294579873,127.7841362588815,127.97232798724104,19953100
2019-07-10,129.7131805419922,130.40008705928355,128.9321709475426,129.03567858917117,24204400
2019-07-11,130.23068237304688,131.0022872725657,129.73196773627933,130.04249060866292,22327900
2019-07-12,130.70118713378906,130.91762133312605,129.8637214614573,130.65414995473716,18936800
2019-07-15,130.70118713378906,131.30340947840838,130.2871709378303,131.20932076219137,16651500
2019-07-16,128.98858642578125,130.8423044686854,128.46164381912794,130.75762034078235,22726100
2019-07-17,128.22642517089844,129.7884298095519,128.17937363810682,129.57200998844476,20211000
2019-07-18,128.36758422851562,128.55577602915713,126.72088084620287,127.54894199876234,30381800
2019-07-19,128.55575561523438,132.36669999505327,128.39579189218472,131.94326492132046,48992400
2019-07-22,130.25889587402344,130.97404460017884,129.22383410643957,129.29911367540907,25074900
2019-07-23,131.06813049316406,131.72682311804994,129.88250961296632,131.51038897759457,18034600
2019-07-24,132.41372680664062,132.4325502876357,130.65411182348933,130.70114898881346,20738300
2019-07-25,131.91506958007812,132.31027670408886,131.09642727734985,132.14089401773265,18356900
2019-07-26,132.99713134765625,133.31705874810743,132.01852566447917,132.0843863136969,19037600
2019-07-29,132.70541381835938,133.15707681350554,131.14339527743206,133.14767225293647,16605900
2019-07-30,132.06558227539062,132.8842242898653,131.54804419113816,131.86797160390867,16846500
2019-07-31,128.22642517089844,132.19733332223063,127.10666473777279,132.04677416054224,38598800
2019-08-01,129.91073608398438,132.62074304376904,128.84743195026985,128.9133069552051,40557500
2019-08-02,128.81918334960938,130.1553774932303,127.27598837892067,129.9389433899342,30791600
2019-08-05,124.40607452392578,126.0245352371234,123.0604753661935,125.43173187780447,42749600
2019-08-06,126.73969268798828,127.67124704090605,125.34705626146928,125.90222704768873,32696700
2019-08-07,127.29484558105469,127.64300104921793,124.04849111073806,125.89279042967433,33414500
2019-08-08,130.69178771972656,130.78589079776512,127.90650029228253,128.53696507053607,27496500
2019-08-09,129.58140563964844,131.15282891753128,128.40518932164247,130.42827564536898,23466700
2019-08-12,127.77477264404297,129.72259448881042,127.25724875658315,128.97923181470497,20484300
2019-08-13,130.41888427734375,130.60707603564092,127.03137519555139,128.01939987425007,25154600
2019-08-14,126.49139404296875,129.26706965994273,126.19872331161433,128.7383722864092,32527300
2019-08-15,126.20814514160156,127.05784960241051,124.8580798134702,126.87846706937569,28074400
2019-08-16,128.521240234375,128.83279715118604,127.19004642779791,127.34110694611671,24449100
2019-08-19,130.67381286621094,130.8059872290479,129.23876663689148,130.145115414863,24355700
2019-08-20,129.58807373046875,130.95703989916174,129.56920196971416,130.4849865736605,21170800
2019-08-21,131.03257751464844,131.69346380484316,130.2867394751016,130.80600110057173,14970300
2019-08-22,130.07899475097656,131.41962427631512,128.67227085460985,130.9098130957754,18697000
2019-08-23,125.93444061279297,130.61721798594465,125.37742090280099,129.52205033495903,38508600
2019-08-26,127.87921142578125,127.98306370798903,126.41584359682453,127.44493054085464,20312600
2019-08-27,128.15304565429688,129.0782661650523,127.13340871337421,128.76670923261,23102100
2019-08-28,127.98310852050781,128.17192698902087,126.08545914217392,127.3411228463782,17393300
2019-08-29,130.3999786376953,130.70209961740304,129.25761789723836,129.5786106337369,20168700
2019-08-30,130.154541015625,131.40075428023866,128.6534149264152,131.37243223371954,23940100
2019-09-03,128.43629455566406,129.5314620018941,128.11530167153975,128.97444239604408,18869300
2019-09-04,129.93736267089844,129.9940067474354,128.8516317155675,129.62580584402536,17995900
2019-09-05,132.2221221923828,132.5336790754862,131.00421670334944,131.33465975068032,26101800
2019-09-06,131.32521057128906,132.3448328415527,130.47550613817484,132.2032226389941,20824500
2019-09-09,129.83355712890625,131.93891103156488,128.83280633407995,131.78785050247885,25773900
2019-09-10,128.47402954101562,129.23875359209347,126.9917752447399,129.1537874544012,28903400
2019-09-11,128.5117645263672,128.65338913649668,127.53933604167992,128.3135102404754,24726100
2019-09-12,129.83355712890625,130.68324739464651,129.21987913171608,130.14511406792434,27010000
2019-09-13,129.6447296142578,130.34335930210972,128.9366496402951,130.07901059763753,23363100
2019-09-16,128.71006774902344,129.05938261706712,128.07751799065448,128.2380144004563,16731400
2019-09-17,129.71075439453125,129.83349281435434,128.80440607491033,129.30479563037457,17814200
2019-09-18,130.7776336669922,130.91924387664923,128.89885658531944,129.68246669257223,23982100
2019-09-19,133.1851043701172,134.41243123548338,132.24099791619165,132.45813836693657,35772100
2019-09-20,131.646240234375,133.73270796900792,130.52275095914575,133.1284802587071,39167300
2019-09-23,131.36297607421875,131.82559343915412,130.7021044142552,131.4479422006594,17139300
2019-09-24,129.7013397216797,132.8263295496485,129.2292865293963,132.51477271403107,29773200
2019-09-25,131.57064819335938,132.1371177083836,128.42677263740308,129.81460998388607,21382000
2019-09-26,131.74066162109375,132.3448894201914,130.7021527445434,131.64625958100396,17456600
2019-09-27,130.03182983398438,132.51483541006053,129.0121927275264,132.31656663689077,22477700
2019-09-30,131.25912475585938,131.4385072947318,130.0789916379322,130.3339044250626,17280900
2019-10-01,129.4087371826172,132.410990151419,129.34264278605636,131.85397054866814,21466600
2019-10-02,127.12398529052734,128.74785027226991,126.11379842270442,128.634562056869,30521700
2019-10-03,128.66282653808594,129.10655772442053,125.77386309066239,127.40716322419455,24132900
2019-10-04,130.3999786376953,130.52271708644173,128.79500054928135,129.10655740738449,22897700
2019-10-07,129.45584106445312,130.45659135879748,129.36143908542914,129.47472722262503,15303700
2019-10-08,128.08694458007812,130.06012397653248,128.0397363674609,129.41813838389473,25550500
2019-10-09,130.51333618164062,130.94761726549274,129.3143164480078,129.77693399082418,19749900
2019-10-10,131.32521057128906,131.8633437469326,130.52271434100135,130.74930507101598,17654600
2019-10-11,131.87277221679688,133.14732159190626,131.702839983273,132.2881813288598,25446000
2019-10-14,131.75006103515625,132.4486906045742,131.7217389934729,131.88223536498572,13304300
2019-10-15,133.65716552734375,133.8648557060827,131.99552885005554,132.23155547754106,19695700
2019-10-16,132.56202697753906,133.1096105995744,131.73120846053024,132.92077773230864,20751600
2019-10-17,131.88221740722656,133.51551734756112,131.24966788589376,133.07178621371398,21460600
2019-10-18,129.72970581054688,132.1749387194344,128.92720934880884,131.94834792406806,32273500
2019-10-21,130.69264221191406,130.75873657484425,129.3520128508319,130.71152837359705,20078200
2019-10-22,128.747802734375,132.18434992328545,128.64395043996058,131.2024854718492,27431000
2019-10-23,129.56918334960938,129.76743765051162,128.03028511973127,129.22930442785477,29844600
2019-10-24,132.1182403564453,132.57140735512124,130.9192212997395,131.59897900071294,37029300
2019-10-25,132.86412048339844,133.25120765468353,131.4196385085285,131.5518128589766,25959700
2019-10-28,136.13072204589844,137.52799566822608,135.48872211828478,136.32897634868806,35280100
2019-10-29,134.8467254638672,136.42338150059607,134.67677881244143,136.0268585218308,20589500
2019-10-30,136.5272674560547,136.8954684847076,134.80898638505795,135.4981946331433,18496600
2019-10-31,135.35653686523438,136.82934061944303,134.9977862109535,136.80101857847143,24605100
2019-11-01,135.68699645996094,136.34786817323254,134.97891653732933,136.19680766564963,33128400
2019-11-04,136.47064208984375,136.89548727260788,136.10244101065794,136.73499084382706,16912000
2019-11-05,136.3856201171875,136.91431740877906,135.86635870368838,136.86710920647536,18250200
2019-11-06,136.00802612304688,136.44232159865925,135.19609368197519,136.3006969321669,16575800
2019-11-07,136.19683837890625,136.78219437631083,135.73423527825764,135.80031526152482,17786700
2019-11-08,137.80177307128906,137.8300951101143,135.72472751797048,135.93243207330235,16732700
2019-11-11,137.94342041015625,138.23609116077284,136.64054864968358,137.21645427074083,14362600
2019-11-12,138.84974670410156,139.32179994333885,137.89618994105237,138.10389451879053,18641600
2019-11-13,139.0763702392578,139.21799490264692,138.1039413888772,138.53823685497338,16919200
2019-11-14,139.78439331054688,140.1148363177174,138.7836428169502,138.80252897888238,19729800
2019-11-15,141.58770751953125,141.60659369046735,139.98272873222308,140.60582831383925,23485700
2019-11-18,141.9369659423828,142.13523464345982,140.65298054252128,141.68206756289746,21534000
2019-11-19,141.9841766357422,142.8716390549211,141.80479409493938,142.44679400907984,23935700
2019-11-20,141.73788452148438,142.89361502395266,140.63900530933563,142.39153703820168,25696800
2019-11-21,141.60525512695312,141.90840417755308,140.67688645563982,141.52946786430311,18576100
2019-11-22,141.70945739746094,142.38206030296143,140.9800321150177,142.16418096242268,15901800
2019-11-25,143.26307678222656,143.37676491417076,142.0220909584918,142.09787822814005,22420900
2019-11-26,144.0209197998047,144.39037366594638,143.34833134205698,143.38621774540442,24620100
2019-11-27,144.29568481445312,144.46619535256096,143.53782647243418,144.30515280381059,15184400
2019-11-29,143.40513610839844,144.276667739932,143.31039843880046,144.08720685567496,11977300
2019-12-02,141.6715850830078,143.83147163906838,140.50638654867225,143.81252120824163,27418400
2019-12-03,141.44422912597656,141.55790280575013,138.92435655473975,139.72011567798677,24066000
2019-12-04,141.9557342529297,142.26833675043787,141.33996833267858,142.2304503569315,17574700
2019-12-05,142.03155517578125,142.4010235261113,141.6052644434032,142.14524330470715,17869100
2019-12-06,143.75564575195312,143.86931939648935,142.35361780122818,143.03568857832454,16403500
2019-12-09,143.38623046875,144.19145754702078,142.95993973228923,143.11151426901324,16687400
2019-12-10,143.16831970214844,143.88827691124754,142.8178018559934,143.31987975068387,16476100
2019-12-11,143.70831298828125,143.86935551011177,142.4104903709191,143.55673845422552,18856600
2019-12-12,145.16720581054688,145.35666676790927,143.06415593745186,143.6609572303962,24612100
2019-12-13,146.38922119140625,146.73025664985508,144.77878159231992,144.9398241067343,23845400
2019-12-16,147.33656311035156,147.6870666103958,146.66397453162102,146.93869075639589,24144200
2019-12-17,146.54078674316406,147.50705622541088,146.3134249664761,147.2607440202635,25425600
2019-12-18,146.23760986328125,147.28913439096792,146.05761696454243,146.1713050587105,24129200
2019-12-19,147.507080078125,147.5639169177524,145.65032807228027,145.8871578740238,24958900
2019-12-20,149.1175079345703,150.14061433101858,148.0565006781002,149.06067109948032,53477500
2019-12-23,149.1175079345703,149.79009642305894,148.9848838343794,149.79009642305894,17718200
2019-12-24,149.08908081054688,149.40169784022848,148.84276859961727,149.1838040451843,8989200
2019-12-26,150.31118774414062,150.36802460301783,149.10808789642726,149.25966249006572,14520600
2019-12-27,150.58584594726562,151.14476073019574,149.8848246306629,151.05002304108064,18412800
2019-12-30,149.28799438476562,150.64266804088126,148.47329948488263,150.6142496279154,16348400
2019-12-31,149.39219665527344,149.45851592064685,148.20804795880656,148.51119696347334,18369400
2020-01-02,152.15835571289062,152.2625613691434,149.98900181173212,150.41529242187937,22622100
2020-01-03,150.2637481689453,151.5236842826628,149.7332517957889,149.9795640082844,21116200
2020-01-06,150.65216064453125,150.718479922249,148.26491238072057,148.80489122518964,20813700
2020-01-07,149.27859497070312,151.2584890764839,149.0322971268804,150.92693595460105,21634100
2020-01-08,151.65631103515625,152.32891395537885,149.62904874222338,150.55741741152548,27746500
2020-01-09,153.55096435546875,153.67412047600544,152.5468083247831,153.31413455747898,21385000
2020-01-10,152.84046936035156,154.6214340015497,152.68889482600636,154.24251212062987,20725900
2020-01-13,154.6782684326172,154.70668685049705,152.7646797173632,153.23833928861814,21626500
2020-01-14,153.58883666992188,154.98139677965818,153.20043240422595,154.7824534261497,23477400
2020-01-15,154.58352661132812,155.3034983915867,154.00567582656228,154.05303021846976,21417900
2020-01-16,157.41600036621094,157.4823196362133,155.3887382345589,155.69188726038482,23865400
2020-01-17,158.2970428466797,158.64754632231816,156.71500707487465,158.60017747170502,34371700
2020-01-21,157.72860717773438,159.32957853635287,157.66228791202107,157.8991176525282,29517200
2020-01-22,156.97076416015625,158.66647335945913,156.95181373171633,158.58120365895033,24138800
2020-01-23,157.93704223632812,158.0128294992705,156.5634324259856,157.43496426740944,19680800
2020-01-24,156.34559631347656,158.70442695749887,155.78668130485588,158.68547652103527,24918100
2020-01-27,153.73097229003906,154.77302928468092,151.76054644422686,152.66049687326566,32078100
2020-01-28,156.74343872070312,157.02762291226713,154.47934644660026,155.15193497322656,24899900
2020-01-29,159.1875,159.86010294143955,156.96130872089228,158.99803906528018,34754500
2020-01-30,163.6777801513672,164.88087936173753,161.7926100859004,164.88087936173753,51597500
2020-01-31,161.2621307373047,163.31781150569444,160.6463790875127,163.1378330139446,36142700
2020-02-03,165.19351196289062,165.30718563115278,161.4231714761802,161.45158989324574,30107000
2020-02-04,170.631103515625,171.1237134714776,167.02182022982586,167.80809677985968,36433300
2020-02-05,170.42266845703125,174.4961427167114,169.01117251299462,174.33510023440238,39186300
2020-02-06,173.95623779296875,174.13623076252514,170.57430114590088,171.43636512906852,27751400
2020-02-07,174.2025146484375,175.85085514230525,172.86679120280033,173.21730911108827,33529100
2020-02-10,178.75909423828125,178.89171832144078,173.5962085264368,173.90882553422875,35844300
2020-02-11,174.72352600097656,180.65373798592051,173.83304379083776,180.60636914294562,53159900
2020-02-12,174.97935485839844,176.05929828587423,172.27002107298435,175.80351802661943,47062900
2020-02-13,174.03201293945312,176.41924686578838,173.23625384239782,173.43519723039753,35295800
2020-02-14,175.58560180664062,175.64243864012167,173.0278286604553,173.59622590515036,23149500
2020-02-18,177.36656188964844,177.81180305026547,175.727703793834,175.83190947940273,27792200
2020-02-19,177.89849853515625,178.75340863724387,177.12907654439266,178.63942448881184,29997500
2020-02-20,175.18177795410156,177.87001544081576,172.02809549780588,177.5850405545757,36862400
2020-02-21,169.64381408691406,174.30785891305882,168.3709427375459,173.99438799966083,48572600
2020-02-24,162.32952880859375,165.80619024009897,155.05324119911742,159.36582502799183,68311100
2020-02-25,159.65081787109375,166.0816754656081,159.25184432237913,165.4737357884397,68073300
2020-02-26,161.64559936523438,164.58080718946448,159.78379060390208,161.20865045967483,56206100
2020-02-27,150.2562255859375,158.66290516046735,150.06624715653416,155.13875963759634,93174900
2020-02-28,153.89434814453125,155.50920080368482,144.38578921735436,144.77525436429954,97012700
2020-03-02,164.1343536376953,164.25784613285873,154.17933661297113,157.02905638868572,71030800
2020-03-03,156.26914978027344,166.23367652237985,154.13185965355714,165.0937913536831,71677000
2020-03-04,162.00653076171875,162.14901091633647,157.3234849228682,160.04972600139223,49814400
2020-03-05,157.9409942626953,162.310556474439,157.39004662621815,157.7320136249134,47817300
2020-03-06,153.47642517089844,154.93927504171984,148.18543814642317,154.46432171432747,72821100
2020-03-09,143.07492065429688,149.84775902864055,142.48598322850134,143.435889783358,70419300
2020-03-10,152.8589630126953,152.9634533148357,144.93674572307532,150.23722610593282,65354400
2020-03-11,145.9341583251953,149.8002707223912,143.5783794771565,149.25883148736696,56371600
2020-03-12,132.09400939941406,145.7821669760473,131.63805829012034,138.0214317979302,93226400
2020-03-13,150.87368774414062,153.799402213402,133.68037012437767,140.11124274828052,92727400
2020-03-16,128.63636779785156,141.86857610037168,128.2374087100847,132.98694236601375,87905900
2020-03-17,139.2278289794922,140.1112352341527,128.23740173973297,132.98693513750086,81059800
2020-03-18,133.36688232421875,138.68636514109926,128.25639461563904,131.08711225665544,81593200
2020-03-19,135.56118774414062,142.62848121921525,132.03702760813172,135.61817982543892,85922700
2020-03-20,130.46971130371094,139.73130306696476,129.0543448829221,138.68639973692893,84866200
2020-03-23,129.16830444335938,133.52838705805826,125.88163549437337,130.14670715023314,78975200
2020-03-24,140.9091796875,142.1060716037438,134.19334574567077,136.54911069257048,82516700
2020-03-25,139.56027221679688,146.59908341404636,137.20450796995928,141.45059151845882,75638200
2020-03-26,148.28994750976562,148.81239913590423,140.9376638391544,140.96615988290495,64568100
2020-03-27,142.20103454589844,147.13105279245107,141.7260811810194,144.1483462407878,57042300
2020-03-30,152.20350646972656,152.55498171253677,142.49546138832392,144.8037415996008,63420300
2020-03-31,149.80978393554688,156.52561640437477,148.71738259294858,151.41511399644187,77927200
2020-04-01,144.49032592773438,149.84779977411256,143.26495251632153,145.33574241165908,57969900
2020-04-02,147.4824981689453,147.69147878711792,142.82796147930063,144.25282142442757,49630700
2020-04-03,146.12411499023438,149.49628588002253,144.56626894886142,147.33050027358752,41243300
2020-04-06,156.99105834960938,158.15943933853654,149.68627471810913,152.28902386275382,67111700
2020-04-07,155.30023193359375,161.4841185494659,155.08174298427676,161.094653373126,62769000
2020-04-08,156.8580780029297,158.32092775680474,155.30972564119622,157.3710211779595,48318200
2020-04-09,156.86756896972656,158.98585654320863,155.1482404127014,158.02645613418778,51385100
2020-04-13,157.21902465820312,157.27603122535353,154.16983281192037,156.1171440984928,41905300
2020-04-14,164.998779296875,165.04627752742255,159.58431438622728,160.53422101947862,52874300
2020-04-15,163.2699737548828,164.87531845127268,160.7622205618649,162.62402963993992,40940800
2020-04-16,168.17147827148438,168.39946110084114,164.23886505524362,165.56874315151887,50479600
2020-04-17,169.65330505371094,170.98316834305447,167.06004989785689,170.50821509765711,52765600
2020-04-20,166.29063415527344,169.795791556013,166.22414823554044,167.781994358711,36669600
2020-04-21,159.413330078125,164.97027490463032,157.78898343996238,164.8087925244848,56203700
2020-04-22,164.8278045654297,165.28375569511513,162.26305953111464,162.8044987799114,34620200
2020-04-23,162.8330078125,166.29066768522947,162.34856060445543,165.38825920227922,32790800
2020-04-24,165.80618286132812,165.81567670835807,162.1585453714661,163.44091045280888,34277600
2020-04-27,165.3312530517578,168.03847827027482,164.61882307408098,167.74400953194305,33194400
2020-04-28,161.30364990234375,166.8701035886381,160.90469083881862,166.79410931542967,34392700
2020-04-29,168.5419158935547,168.779392536246,163.26994602134675,164.54281734751044,51286600
2020-04-30,170.2327880859375,171.36316489690927,167.4020556506705,170.9832080102126,53875900
2020-05-01,165.82522583007812,169.69133870777904,165.29326588269856,166.99360705670193,39370500
2020-05-04,169.88128662109375,170.03327515016903,165.09376391061315,165.74920175962944,30372900
2020-05-05,171.7051239013672,174.4503535890993,170.88820358800612,171.57213754777004,36839200
2020-05-06,173.3959503173828,174.97279880598006,172.53154629757884,172.95900138331487,32139300
2020-05-07,174.4028778076172,175.30528628351058,173.43396890467872,174.9443170953828,28316000
2020-05-08,175.4287567138672,175.7327338053412,174.1748874476006,175.7137316135177,30877800
2020-05-11,177.38558959960938,178.11700735240797,173.69045296591057,173.97541339197414,30892700
2020-05-12,173.36744689941406,177.67052260190522,173.16797463195846,177.4425542962417,32038200
2020-05-13,170.7457275390625,174.83032920522427,167.69652068640866,173.4054691701278,44711500
2020-05-14,171.4866180419922,171.63860655955162,166.87956575262888,168.64639240959448,41873900
2020-05-15,173.98492431640625,177.68955485444684,168.1334952406675,170.0903008322698,46610400
2020-05-18,175.647216796875,176.87258982109455,174.7448085084128,176.44513478913066,35264500
2020-05-19,174.4313507080078,177.25257442284837,174.29836436598677,175.76121412821837,26799100
2020-05-20,176.85084533691406,177.0318325808868,175.21245438645676,176.04117015118126,31261300
2020-05-21,174.7266387939453,177.81291307895333,174.5932820706001,176.6031677448123,29119500
2020-05-22,174.80284118652344,175.70777736396283,173.878864430985,174.49803205422208,20826900
2020-05-26,172.95489501953125,177.65096998396217,172.50719436134594,177.4985581567519,36073600
2020-05-27,173.18350219726562,173.3549691405075,168.22071368879833,171.64989267092176,39517100
2020-05-28,172.79298400878906,175.41250287324576,171.82139111320652,172.16431052776355,33810200
2020-05-29,174.55516052246094,175.5267676685074,171.8499162297259,174.0598293942111,42130400
2020-06-01,174.1551513671875,174.31708352574083,172.85015927280153,173.8789030406939,22622400
2020-06-02,176.1363983154297,176.2221245092737,172.7453154342231,175.50771049099285,30794600
2020-06-03,176.56507873535156,177.11756076291744,174.86953695945328,176.05070693577963,27311000
2020-06-04,174.24081420898438,177.02226437046897,173.65023660617592,175.55534065114813,28761800
2020-06-05,178.31777954101562,178.82263107426536,173.3740310033493,173.95508846130764,39893600
2020-06-08,179.4227294921875,179.60371673224284,175.68872668481072,177.11755495708823,33211600
2020-06-09,180.79440307617188,181.651694207209,178.37491244759534,179.07980627930513,29783900
2020-06-10,187.50035095214844,189.10064603035806,181.9469704923257,182.0612866274209,43872300
2020-06-11,177.43190002441406,186.4716109809636,177.2413924938844,183.96640861165238,52854700
2020-06-12,178.8321533203125,182.62330696543887,176.39360750554295,181.49928782354135,43373600
2020-06-15,179.97520446777344,181.7660071501727,175.27911483833037,175.8220765372761,32770200
2020-06-16,184.38552856445312,186.30015317328437,182.37564292571702,183.7377855376434,42556700
2020-06-17,185.02374267578125,187.0050529757738,184.4998360641594,185.77625251080684,25687800
2020-06-18,187.00503540039062,187.166967513347,184.79510754989806,184.79510754989806,23061600
2020-06-19,185.8905487060547,189.83411407758476,185.14755918205572,189.1673304707642,44441100
2020-06-22,191.05340576171875,191.2343784743109,185.96676585995345,186.50019277764127,32818900
2020-06-23,192.32980346679688,194.27300341072882,191.8725679807489,192.50125587297086,30917400
2020-06-24,188.4529266357422,193.60623760474027,187.23366096391769,192.0345322646708,36740600
2020-06-25,190.83428955078125,191.09148269469972,186.1953653454678,188.41481354457534,27803900
2020-06-26,187.01458740234375,190.40567113057938,185.63338952896157,190.25325928026015,54675800
2020-06-29,189.0244598388672,189.11018604803854,184.36648018824906,186.49066751265465,26701600
2020-06-30,193.8538818359375,194.7016526637686,188.35766642321764,188.49102314215313,34310300
2020-07-01,194.9874267578125,196.5591465629425,192.1964558697461,193.50144769462975,32061200
2020-07-02,196.47341918945312,198.14992042899772,195.2732086032467,195.92093714776627,29315800
2020-07-06,200.70272827148438,201.11233324014438,198.2165666631552,198.9214604627047,31897600
2020-07-07,198.36898803710938,204.48437118224155,198.12132970713935,200.46459988972657,33600700
2020-07-08,202.73167419433594,203.14126463883366,198.78810890651903,200.10263551405538,33600000
2020-07-09,204.15097045898438,206.11322543452593,201.43619119450554,206.06559492317183,33121700
2020-07-10,203.53182983398438,203.9223797300993,201.06472308791984,203.48419931632273,26177600
2020-07-13,197.24497985839844,205.5607560236362,196.70201815845206,204.30338021415548,38135600
2020-07-14,198.46426391601562,198.94054003337126,192.4441268159393,196.34959679217306,37591800
2020-07-15,198.1689453125,201.30285006378293,195.30176853848567,199.61682866793632,32179400
2020-07-16,194.24440002441406,195.9399414035497,192.7107907393768,195.65417289963912,29940700
2020-07-17,193.25381469726562,195.31131661266934,191.8345065419836,194.76836936138608,31635300
2020-07-20,201.56004333496094,202.22682694154088,193.37760921523997,195.27319325053878,36884800
2020-07-21,198.84524536132812,203.78899294881228,198.15940670556205,203.52227953099117,37990400
2020-07-22,201.7029266357422,202.22683324824817,198.50235068955192,199.27391563942754,49605700
2020-07-23,192.92994689941406,200.91234025702528,192.5584520636787,197.3593240552694,67457000
2020-07-24,191.74876403808594,193.23474316986903,188.13858299901412,190.91051343665205,39827000
2020-07-27,194.1777801513672,194.29208176915887,191.32964371811065,191.91070116654112,30160900
2020-07-28,192.4346160888672,194.98744922805173,192.16790261267758,193.94917072897118,23251400
2020-07-29,194.37782287597656,194.9398252529052,192.42508772525025,192.89184359165247,19632600
2020-07-30,194.2253875732422,194.75882901393874,190.10084934195524,191.4629920099021,25079600
2020-07-31,195.28271484375,195.36845558536268,189.56740183239614,194.7016574395373,51044000
2020-08-03,206.26560974121094,207.3134227858936,200.45505109147118,201.4838090258531,78983000
2020-08-04,203.1698760986328,204.57966398452538,200.3312742804671,204.0081267837803,49280100
2020-08-05,202.83648681640625,204.79874220686773,201.53149483115251,204.70348116401652,28806400
2020-08-06,206.0846710205078,206.10371159915528,201.5124176259521,202.26492745672695,32656800
2020-08-07,202.39833068847656,205.465550591478,200.92187155563613,204.65588976913054,27820400
2020-08-10,198.36898803710938,201.8267570415429,196.55914474048373,201.62671469191105,36716500
2020-08-11,193.73004150390625,197.79742831175162,193.50142377829144,197.33068710729214,36446500
2020-08-12,199.264404296875,200.30268274431842,195.03507004935855,195.54944186077296,28013100
2020-08-13,198.79763793945312,201.321909948508,198.27373133117436,199.50253178830027,22588900
2020-08-14,198.9881591796875,199.64542255765082,197.66411213378817,198.8548024461003,17958900
2020-08-17,200.30267333984375,201.1694993210483,199.00720178012043,199.65494482737856,20184800
2020-08-18,201.45523071289062,202.28394631410026,199.28341328332795,200.54077438396357,21336200
2020-08-19,200.23304748535156,202.5247077340246,199.80336574182783,201.94224572660374,27627600
2020-08-20,204.8927459716797,205.29378324171398,199.47872097132446,200.08026959141188,26981500
2020-08-21,203.4031982421875,206.48737554062436,203.24087465489396,204.205272874672,36249300
2020-08-24,204.04293823242188,205.79032438204533,202.83981177895026,205.0932698409318,25460100
2020-08-25,206.69740295410156,206.83108203246027,203.4795472015141,203.4795472015141,23043700
2020-08-26,211.16612243652344,212.0636882339954,207.54722933961594,208.04375788990563,39600800
2020-08-27,216.3510284423828,220.7147078286442,209.49516257463063,212.8276114739762,57602200
2020-08-28,218.57583618164062,220.22773106036195,216.3510225414326,217.8787816221816,26292900
2020-08-31,215.348388671875,218.37527645385566,214.1834647217213,216.75202630738926,28774200
2020-09-01,217.00985717773438,217.181724050309,214.29805843882244,215.3293033840546,25725500
2020-09-02,221.19210815429688,222.34748887077873,217.08624417836464,217.6782494908161,34080800
2020-09-03,207.48995971679688,218.95776110393626,205.2556028872172,218.9195733210918,58400300
2020-09-04,204.57765197753906,208.50210600083884,195.92666935229124,205.3892844294588,59664100
2020-09-08,193.51087951660156,200.54815481211494,193.07163989272198,197.17751849448624,52924300
2020-09-09,201.75128173828125,205.14101948557266,197.3685013238326,198.2278794601493,45679000
2020-09-10,196.0985107421875,205.04550944722897,194.89539903060142,203.7659930391178,35461500
2020-09-11,194.8190155029297,199.21135322657878,192.15497713349296,197.8459033435166,33620100
2020-09-14,196.13668823242188,199.75558078055693,194.81898421297862,195.01951009112543,30375800
2020-09-15,199.3545379638672,200.30939254346993,197.58805116363226,199.0107897324132,21823900
2020-09-16,195.79299926757812,201.14017794127574,195.40150526357743,201.11153346000052,26328100
2020-09-17,193.7495880126953,195.10548005964475,190.93276930959968,191.01870274350762,34011300
2020-09-18,191.34335327148438,194.4561746821562,187.3902549723177,193.6445568420673,55225300
2020-09-21,193.39633178710938,193.55866996410305,187.5144358626325,188.28786610742983,39839700
2020-09-22,198.05596923828125,198.7052780405181,192.95704840245924,195.80251145980125,33517100
2020-09-23,191.53428649902344,198.70525408624388,190.99957023807005,198.5142715045388,30803800
2020-09-24,194.0169677734375,196.28952707803427,190.2070915104246,190.82775593197994,31202500
2020-09-25,198.4379425048828,199.60285202097856,193.39629547770284,194.360708203797,29437300
2020-09-28,199.98480224609375,202.9735025909273,198.66709788985403,201.3597955621824,32004900
2020-09-29,197.90321350097656,200.58636790258805,197.47353172695807,199.8988712361869,24221900
2020-09-30,200.8345947265625,202.41009918439974,197.21568718363864,198.35196663004595,33829100
2020-10-01,202.86846923828125,204.32939600324374,201.77993528458512,203.8519685749572,27158400
2020-10-02,196.88150024414062,201.46480588853086,196.26083592410876,198.6097849842091,33154800
2020-10-05,200.88235473632812,200.91099921434176,197.63583971881565,197.86501011285242,21331600
2020-10-06,196.61416625976562,200.6913859913485,195.57337796687514,199.39279737852067,28554300
2020-10-07,200.35719299316406,200.62455118299337,197.38759385548323,197.7122410045719,25681100
2020-10-08,201.07330322265625,201.65576516882732,198.9153368592637,201.0064564005077,19925800
2020-10-09,206.0671844482422,206.1149300958309,201.6939483017704,201.6939483017704,26458000
2020-10-12,211.4048614501953,213.75381083072148,207.0220811131626,208.9126896677775,40461400
2020-10-13,212.79896545410156,215.0428803166582,210.47866045048664,212.66528634973199,28950800
2020-10-14,210.8892364501953,214.09754923309413,209.23734168865147,212.9326251853201,23421700
2020-10-15,209.743408203125,210.41180364703087,206.25817945216272,207.29898225402468,22733100
2020-10-16,209.743408203125,212.25466641165193,209.41876106893184,210.21127772889514,26057900
2020-10-19,204.54898071289062,212.26420865277728,204.0715533495555,210.46907710426066,27625800
2020-10-20,204.95956420898438,207.55677026859448,203.46999314507534,206.0576559024547,22753500
2020-10-21,205.10279846191406,207.1270858226362,203.49863494271912,203.49863494271912,22724900
2020-10-22,205.18875122070312,206.3059296091729,202.14276202063672,204.27208418481786,22351500
2020-10-23,206.46823120117188,206.51597685096647,203.53683479884484,205.32240845573483,18879600
2020-10-26,200.5959014892578,206.57328739211215,198.70529303319933,204.19570822507853,37111600
2020-10-27,203.62274169921875,204.9786334711696,200.8345680395829,202.0376795800654,36700300
2020-10-28,193.5299835205078,199.41189318251043,192.97618050181404,198.29471470146902,51195600
2020-10-29,195.4779052734375,197.99872174244132,194.188845271249,194.85725538789796,31432600
2020-10-30,193.32943725585938,195.06726527827394,190.60809546277156,194.3129364566058,36953700
2020-11-02,193.19578552246094,196.01260444475008,191.0855498716354,195.06729288841902,30842200
2020-11-03,197.11068725585938,198.72439434547238,193.95011991226437,194.6853622545586,27512000
2020-11-04,206.62103271484375,208.46391008308424,202.8302579359049,204.35803146698734,42311800
2020-11-05,213.20953369140625,214.00206496769775,211.16614488901527,212.0159651252917,36080100
2020-11-06,213.62010192871094,214.23120837473735,208.18697616938863,212.22600760843946,25231900
2020-11-09,208.53076171875,217.8214958469359,208.04379096331203,214.30763679686595,44395000
2020-11-10,201.48387145996094,206.72602865580558,200.2521153905157,204.81631938415842,44045100
2020-11-11,206.7738037109375,208.19652799591586,202.62017962636645,202.80160436416497,29440800
2020-11-12,205.7139129638672,209.21822820406635,204.77815937346904,207.40400997799867,21593900
2020-11-13,206.7356414794922,207.60456298708073,204.4917410726676,206.592419063925,18621100
2020-11-16,207.42306518554688,207.9100503668806,204.83541732247747,205.1696076977842,24953300
2020-11-17,204.7781982421875,207.85281776565722,204.41534870013092,206.34415977168877,24154100
2020-11-18,202.0784149169922,205.99399180635928,201.93480295916703,204.53880869388323,28372800
2020-11-19,203.36129760742188,203.94528459890913,200.97747898156575,202.3656550784978,24792700
2020-11-20,201.4178466796875,204.194169355236,201.0444789459679,203.15065627997777,22843100
2020-11-23,201.14976501464844,203.2367909210462,199.28292656441394,201.9539393304308,25683500
2020-11-24,204.7398681640625,205.11323589712526,199.95309486424628,200.65195967575906,33979700
2020-11-25,204.7494354248047,206.10887728216528,203.39957646316228,205.93656045611112,21012900
2020-11-27,206.05142211914062,207.0470790626481,204.91216783189242,205.68763731230698,14512200
2020-11-30,204.94090270996094,205.60146510182233,201.84863688732,204.96962217882137,33064800
2020-12-01,206.98963928222656,208.05230344579502,204.25160461083848,205.36212481674454,30904500
2020-12-02,206.1854705810547,206.28121189127353,203.72507667561828,205.71637614197203,23724500
2020-12-03,205.1036834716797,207.15242201812288,204.5388330764818,205.4579000486771,25120900
2020-12-04,205.21853637695312,206.19504217699352,204.08885033218635,205.08450731483558,24666000
2020-12-07,205.1515350341797,206.34822842550528,203.90698559365995,205.22812516419336,24620000
2020-12-08,206.79815673828125,207.69807237716685,203.81121513523243,204.84515983045816,23284100
2020-12-09,202.76768493652344,206.05140384207715,202.202849290483,205.98439662363234,32440600
2020-12-10,201.54229736328125,203.99312283702398,201.3891171191543,202.7389906303878,26733300
2020-12-11,204.16543579101562,204.2228893375298,200.1924200626549,201.0923357197763,30979400
2020-12-14,205.06533813476562,206.9896300960847,203.80163774686156,204.01225691285737,28798400
2020-12-15,204.9983673095703,206.23334844937955,203.18896750450304,205.9940097735343,27000600
2020-12-16,209.9287109375,210.72331699112576,205.56317639407263,205.59189586280007,35023300
2020-12-17,210.06271362304688,211.47002584630346,208.6266819346683,210.4935202079465,32515800
2020-12-18,209.26815795898438,210.32125396009562,206.80776400449466,209.26815795898438,63354900
2020-12-21,213.0975799560547,214.44745359399022,208.01402881752463,208.27251867774226,37181900
2020-12-22,214.3899688720703,216.0079003128883,212.38910147482918,213.19327574816,22612200
2020-12-23,211.5945281982422,214.0262025743925,211.38390900722848,213.59539590479994,18699600
2020-12-24,213.250732421875,214.0740579439434,211.76682990316124,211.97744907913722,10550600
2020-12-28,215.3665008544922,216.39086269746974,213.50923056206076,214.87824065113975,17933500
2020-12-29,214.59103393554688,217.4918172885593,214.0453493940068,216.65892343712179,17403200
2020-12-30,212.22634887695312,216.00791102245398,212.02531260268833,215.62496043897397,20272300
2020-12-31,212.93482971191406,213.49009718851218,210.3116725862071,212.2455331622111,20942100
2021-01-04,208.4065704345703,213.49012212638644,205.64938391369034,213.04016419810185,37130100
2021-01-05,208.6075897216797,209.20115958747942,206.5014122383252,207.99488327910248,23823000
2021-01-06,203.19850158691406,207.2576901048468,202.90172401611616,203.12191147056765,35930700
2021-01-07,208.98094177246094,209.98616708451945,204.59627029591414,204.9121844778068,27694500
2021-01-08,210.2542266845703,211.17329358978736,207.77468161014076,209.35431096289832,22956200
2021-01-11,208.21507263183594,209.5745145115379,207.4874737327891,209.1532761190525,23031300
2021-01-12,205.7642364501953,207.84170898199775,204.22290942349233,207.26729032493492,23249300
2021-01-13,207.11410522460938,207.51619243191996,204.8068769704024,204.8930499925977,20087100
2021-01-14,203.93572998046875,208.186387763036,203.66767179671004,206.70248485489466,29480800
2021-01-15,203.58148193359375,205.3621623545727,202.9879266626255,204.41439050035876,31746500
2021-01-19,207.2098388671875,207.7268039408653,203.5623200569144,204.63455257006677,30480900
2021-01-20,214.77294921875,216.16111060778343,208.0235956832945,208.4161146150016,37777300
2021-01-21,215.3760528564453,216.64933615248523,212.93479584849118,215.1175630393965,30709400
2021-01-22,216.31427001953125,220.25858092455158,216.17067267204894,217.39608539747118,30172700
2021-01-25,219.74159240722656,219.9809310487722,214.65804199808883,219.3490735291546,33152100
2021-01-26,222.4221954345703,224.19329267545595,220.26814758976505,221.9722376050097,49169600
2021-01-27,222.9678955078125,230.1863578583069,220.32560189282918,227.85041013975058,69870600
2021-01-28,228.74073791503906,232.29253006928437,225.0644995906523,225.5623280954357,49111200
2021-01-29,222.0679931640625,227.86956006122185,221.4840062376579,225.9261312717925,42503100
2021-02-01,229.4300537109375,232.15852051694344,222.51795143659126,225.03579903471945,33314200
2021-02-02,229.29600524902344,231.9766011706054,228.51098203808783,231.00967824023755,25916300
2021-02-03,232.63722229003906,234.63809036676017,229.05670998847867,229.35350225477598,27158100
2021-02-04,231.68939208984375,232.86694881954378,230.11933105831628,232.31168137316456,25296100
2021-02-05,231.87132263183594,232.9052675375618,230.1672323079751,231.9000421063221,18054800
2021-02-08,232.1298065185547,233.28819758112877,230.5405941336593,232.7808007342039,22211900
2021-02-09,233.37437438964844,234.3221462547254,231.08629709311842,231.55539157726378,23565000
2021-02-10,232.46487426757812,235.43266505998918,230.61717210831472,234.55190049274034,22186700
2021-02-11,234.0636444091797,234.69548737812784,231.82342341865782,234.34127083104315,15751100
2021-02-12,234.54232788085938,234.839105493822,232.3786969588708,233.52751965114385,16561100
2021-02-16,233.3072967529297,235.63367586414148,232.56056138589153,234.58058003469236,26728500
2021-02-17,234.32447814941406,234.43003030313588,231.19631876722457,231.56095614221252,21653500
2021-02-18,233.9310302734375,234.06536803282074,231.1195276514465,232.0215160251843,16925600
2021-02-19,231.22508239746094,233.9982091087317,230.46702209962763,233.89265696504796,25262600
2021-02-22,225.0263214111328,228.30801355738436,223.00165002550102,227.81864342177664,36446900
2021-02-23,223.8364715576172,225.33338218803956,219.48006278270333,221.01536399641307,30228700
2021-02-24,225.064697265625,225.68840512166148,219.7391387901833,220.7082886727813,26339700
2021-02-25,219.7295379638672,225.10306244701493,218.6644263196848,222.69457334247465,39542200
2021-02-26,222.98248291015625,225.85155697990797,220.25732229386043,222.16685132625005,37819200
2021-03-01,227.35804748535156,227.86661288751642,223.7213085056627,226.36009733043844,25324000
2021-03-02,224.4121856689453,227.70348251561026,224.00917241783225,227.42520204873816,22812500
2021-03-03,218.35739135742188,224.1339445433861,218.06952053441296,222.77137159897669,34029500
2021-03-04,217.56097412109375,223.08804755279928,215.19086040970717,217.57057908912242,44727800
2021-03-05,222.2340087890625,223.8364715609729,217.30187304022164,220.23812306789688,41872800
2021-03-08,218.19430541992188,223.93246900533367,217.94482513941557,222.01334937821204,35267400
2021-03-09,224.3258514404297,225.8611527209292,222.30118001460858,223.46225362122254,33080500
2021-03-10,223.02081298828125,227.41559717164208,222.65617569987222,227.41559717164208,29746800
2021-03-11,227.5403594970703,229.49785452570518,224.8343945532657,225.45811704228768,29907600
2021-03-12,226.21617126464844,226.28334746335574,223.79807702037834,224.54653232236623,22653700
2021-03-15,225.31419372558594,225.67883106928048,222.4355148439166,225.4581364547002,26034900
2021-03-16,228.09689331054688,230.35184933196322,226.39846890984123,226.724715623145,28092200
2021-03-17,227.4539794921875,228.90292372097375,223.79806010683893,226.5999721151421,29562100
2021-03-18,221.3896026611328,224.719275803559,221.01537498492127,223.15518889547872,34833000
2021-03-19,221.03456115722656,223.06882283713475,220.07500155097284,221.67746433641042,46430700
2021-03-22,226.44647216796875,227.3196602642825,220.83304272830307,220.95779015994103,30127000
2021-03-23,227.97218322753906,231.30185638179913,227.48281307743645,227.8858263731183,31638400
2021-03-24,225.93792724609375,228.37520237530592,225.80358947742405,228.2312742809165,25620100
2021-03-25,222.94406127929688,227.35804104512198,222.20521097132493,225.78436397622824,34061900
2021-03-26,226.9166259765625,227.1373352031275,222.18600467967124,222.18600467967124,25479900
2021-03-29,225.72679138183594,227.22370192103884,222.50267074289255,227.02218797535386,25227500
2021-03-30,222.47390747070312,224.3930267427671,221.7542377436791,224.08596063121217,24792000
2021-03-31,226.23538208007812,229.4307174616961,222.99206578776494,223.49104090390196,43623500
2021-04-01,232.54930114746094,233.01947603379585,228.42319147370623,228.82620479415866,30338000
2021-04-05,238.99749755859375,239.8515049488845,232.88509343721387,232.94266466595224,36910600
2021-04-06,237.83642578125,239.31414101565258,236.8960615411756,237.59653589865943,22931900
2021-04-07,239.7939453125,240.78229055854658,237.19354691855074,237.78846920288845,22719800
2021-04-08,243.00845336914062,243.8624607735945,241.80900394481122,242.5478688898788,23625200
2021-04-09,245.5033416748047,245.63767943978883,242.23123976274744,242.64384338315648,24326800
2021-04-12,245.56092834472656,247.2497628012072,244.32308812226344,244.40945962367468,27148700
2021-04-13,248.03651428222656,248.7082176144508,246.4436420720802,246.85627489335369,23837500
2021-04-14,245.25381469726562,248.36277817763542,244.84121113085754,247.06739624976979,23070900
2021-04-15,249.00572204589844,249.41832565556072,247.30731205606156,247.49920641050562,25627500
2021-04-16,250.19557189941406,250.44506677724812,247.18256984833138,248.97694169506377,24878600
2021-04-19,248.27645874023438,250.90567213918928,247.39368024577658,249.66783197003826,23209300
2021-04-20,247.81593322753906,249.67748165664776,246.45334537234234,247.3937245559819,19722900
2021-04-21,250.04202270507812,250.1379845198546,246.84670218540677,248.4683602197952,24030400
2021-04-22,246.76991271972656,251.1934676578841,245.30177331417912,249.6869523173012,25606200
2021-04-23,250.5889892578125,250.93444594888362,246.86589324164044,247.45123983804805,21462600
2021-04-26,250.97279357910156,251.82681565162977,249.64862597185794,251.07836035908593,19763300
2021-04-27,251.37582397460938,252.54648783182677,249.60063289753063,251.00158168291068,31014200
2021-04-28,244.2655029296875,246.1654415847011,242.72061130265914,245.72402306023824,46903100
2021-04-29,242.2983856201172,245.7432156591493,238.93033674663465,245.1290981102082,40589000
2021-04-30,241.9817352294922,242.84534766283653,239.50608432237092,239.64042208199547,30945100
2021-05-03,241.67469787597656,244.0640067134721,240.96461845267157,243.1524133181081,19626600
2021-05-04,237.769287109375,241.05099410582295,235.82138212667073,240.82069451117363,32756100
2021-05-05,236.5026397705078,239.4101039903154,235.87893192942408,238.98789545222698,21901300
2021-05-06,239.63082885742188,239.7555762980852,234.79465463224184,236.48347435623583,26491100
2021-05-07,242.25039672851562,244.01598268660447,241.01255677969283,241.9529209858051,27032900
2021-05-10,237.1839141845703,241.5499129115919,237.12634295627333,240.72469114199723,29299900
2021-05-11,236.27239990234375,236.62744697637078,232.76042224457652,234.66034650424996,33641600
2021-05-12,229.3347625732422,234.4971983156802,228.4423791025512,232.37656498927853,36684400
2021-05-13,233.20176696777344,235.66784215247608,231.6568754357032,232.0215127667873,29624300
2021-05-14,238.11473083496094,239.10307614273847,235.56231319136046,235.64867004930946,23901100
2021-05-17,235.26480102539062,236.61778349101087,233.67194331645007,236.57940755176028,24970200
2021-05-18,233.24974060058594,236.44507570607448,233.07701226535352,236.3107379527679,20168000
2021-05-19,233.82681274414062,233.9326086171046,229.47959883359417,230.1624510972941,25739800
2021-05-20,237.05836486816406,238.47217569165701,234.53851835238595,234.63470174976987,21800700
2021-05-21,235.7984619140625,238.83767555656837,235.38490555585892,238.10673157029987,21863100
2021-05-24,241.19398498535156,241.5594642597976,238.04897595260132,238.3182718362379,21411500
2021-05-25,242.0980987548828,243.08872621785105,241.2325067869294,242.14619045877527,17704300
2021-05-26,241.87686157226562,243.27143274197246,241.16514260799994,241.81914273014226,17771600
2021-05-27,239.78021240234375,241.86726317029425,239.72250822888856,241.56911515709095,24426200
2021-05-28,240.1360321044922,242.44430145913847,240.02062377319373,241.40558245087644,18270200
2021-06-01,237.94322204589844,241.68452766984606,237.52005320809064,241.62682349539628,23213300
2021-06-02,237.84706115722656,239.74175988362455,236.44286260535492,238.64533650633828,19406700
2021-06-03,236.3178253173828,236.9237338024007,233.71140768799265,235.846550117456,25307700
2021-06-04,241.20362854003906,242.0307559108141,238.04900663185686,238.28945046434345,25281100
2021-06-07,244.10818481445312,244.37748072250199,240.2610836417249,240.42458368050268,23079200
2021-06-08,242.9156036376953,246.22411314134618,242.85788479009744,245.40659823560296,22455000
2021-06-09,243.89662170410156,245.76246833996902,243.53115702915264,244.10821346748003,17937600
2021-06-10,247.4070587158203,247.61865044725548,243.97352866576068,244.56982463133653,24563600
2021-06-11,248.03225708007812,248.6092988045353,246.8011564650918,248.12841113345158,18999700
2021-06-14,249.95579528808594,250.0134994576514,246.98388380020114,248.04184249398912,19150500
2021-06-15,248.48423767089844,250.05193601301735,247.8302375499688,249.8403442855341,18038900
2021-06-16,247.54177856445312,250.61944250008625,244.6949166769222,249.4845544741539,27220000
2021-06-17,250.9271697998047,251.74468467468952,246.22410384722616,246.28180801711895,27565500
2021-06-18,249.5133819580078,252.27367262643241,248.85938173817627,249.70574877610207,37202200
2021-06-21,252.5911102294922,253.4470751821666,248.06115573575315,249.8885233587191,26696100
2021-06-22,255.3610076904297,255.63030364087788,252.36987079514645,252.67764598167503,24694100
2021-06-23,255.1301727294922,256.6305401403005,254.3222848429845,255.82265225379285,19518700
2021-06-24,256.49578857421875,257.611451146261,255.32242184767824,255.98604897545374,21446900
2021-06-25,254.8897247314453,257.03449459793245,254.63968306773089,256.0534941839957,25611100
2021-06-28,258.4482727050781,258.6213852234761,255.74568632511017,256.0149822485252,19590000
2021-06-29,261.0257873535156,261.26623115714835,257.73653255640755,258.5924972347941,19937800
2021-06-30,260.54486083984375,260.9872691541704,259.2945649880765,260.3428962932451,21656500
2021-07-01,261.2181701660156,261.44898683933064,259.2946196189184,259.3042174129385,16725300
2021-07-02,267.0368957519531,267.3735229640247,262.0837590204918,262.3915341487316,26458000
2021-07-06,267.04656982421875,268.69119759373734,263.81498911192836,267.4024220376937,31565600
2021-07-07,269.229736328125,269.9606949040537,266.55600233060557,268.71999662413555,23260000
2021-07-08,266.8157043457031,268.07562758256216,264.36315983308367,266.3155624280756,24618600
2021-07-09,267.3157653808594,267.42154655008784,264.7959193929011,265.18062355080275,23916700
2021-07-12,266.7195739746094,269.075906208845,266.00784018519494,268.48923727475227,18931700
2021-07-13,270.23956298828125,272.0380776281129,266.78679409530724,266.91180019640785,26120100
2021-07-14,271.71112060546875,272.8171562130653,269.8260200844515,271.557233051648,23113700
2021-07-15,270.28778076171875,271.71121913746225,269.1336383650554,271.22070421622124,22604200
2021-07-16,270.01837158203125,273.2403241834957,268.7776734284187,271.28792181591155,26186800
2021-07-19,266.4214172363281,269.6529685438566,263.9592745207665,268.2680095974711,32935600
2021-07-20,268.64300537109375,270.22992828235164,265.69997616082077,267.4023073782001,26259700
2021-07-21,270.64361572265625,270.7590240847354,266.6907325661512,268.2391770091446,24364300
2021-07-22,275.2024230957031,275.4717190297968,272.5863928711976,272.9903220968104,23384100
2021-07-23,278.5974426269531,278.9051883924715,275.5486022461029,276.38534199654606,22768100
2021-07-26,278.0010681152344,278.6166182393965,275.6832160598709,277.9529911028666,23176100
2021-07-27,275.58709716796875,278.51087288872895,272.1343274321578,278.3666124668251,33604100
2021-07-28,275.2793273925781,279.0590972753007,272.98067033830415,277.943434405772,33566900
2021-07-29,275.5487060546875,277.5876656057635,275.14474739312453,275.29863500938364,18168300
2021-07-30,274.0194396972656,275.7025466900229,273.0576642728328,274.26951069995624,20944800
2021-08-02,273.9328308105469,275.8082749172966,272.8940971151015,275.4139435469008,16267400
2021-08-03,276.1449890136719,276.250799585878,273.14425401781483,274.50998820237044,17879000
2021-08-04,275.5581970214844,276.5969012290769,273.769280048737,275.2792740204176,16191300
2021-08-05,278.453125,278.5589355268177,275.16387049282804,275.9140539199942,13900200
2021-08-06,278.3955078125,278.4339870480046,276.6258445430264,277.4818387644274,16589300
2021-08-09,277.3086242675781,280.4055415160007,276.8085117411987,278.67435793533804,16117600
2021-08-10,275.49090576171875,278.1934918740184,274.29831384057627,277.7606812698353,18616600
2021-08-11,275.98150634765625,277.6261343230459,274.93314516719175,276.2315480324196,13955900
2021-08-12,278.7320556640625,278.88594321117694,275.3946946980805,275.6736177116659,14561300
2021-08-13,281.6559753417969,281.7040523788136,278.2416545328539,278.4147964384472,18249000
2021-08-16,283.3390197753906,283.55061152329273,278.93407230117066,281.98291302988906,22507600
2021-08-17,281.8770446777344,282.2136718464197,279.95349440073016,281.213446835132,20075300
2021-08-18,280.1522521972656,284.09344038644264,279.7089674078397,281.4145875343293,21813000
2021-08-19,285.97247314453125,286.6470164928712,278.13829528997536,278.1864643546096,29850500
2021-08-20,293.28631591796875,294.7124789833826,287.21554348054167,288.8151504653693,40817600
2021-08-23,293.56573486328125,294.2884471743219,290.86762066495834,292.21667776411977,22830200
2021-08-24,291.6096496582031,294.5294067686128,291.0122120736746,293.92232360780326,18175800
2021-08-25,291.0218200683594,293.5079376265004,289.48967340701506,293.2284806156416,20006100
2021-08-26,288.2080383300781,291.42651371995913,288.0731473198594,290.0389036898351,17666100
2021-08-27,288.815185546875,289.92333882072455,286.0303192932978,288.11173480081567,22605700
2021-08-30,292.5444030761719,293.1514863285869,290.10645389602473,290.16426854794526,16348100
2021-08-31,290.8965759277344,293.4212466452703,290.5303969246272,293.34417025857385,26285300
2021-09-01,290.8484802246094,294.0862483475462,290.5208540027073,291.85065004923916,18983800
2021-09-02,290.1930847167969,292.3226688129112,289.2583755946985,291.2048996220678,16285600
2021-09-03,290.18353271484375,291.5904047928127,289.3355453558773,290.03896669123856,14747900
2021-09-07,289.2584228515625,290.13531748316177,287.3504808113143,290.05824109463697,17180400
2021-09-08,289.2873229980469,289.67276374560055,286.6470229996981,288.8729749296078,15046800
2021-09-09,286.4350280761719,291.1471272624396,286.1941239314484,289.8751463205612,19927000
2021-09-10,284.9510498046875,289.00789676784274,284.63306927340466,287.56247190206864,19633400
2021-09-13,286.1844787597656,287.6781021035082,283.38035098235275,286.7241016921292,23652900
2021-09-14,288.88262939453125,290.4244218394307,287.25411498430714,288.66098698942704,21853400
2021-09-15,293.7295837402344,294.211391982283,290.8387342879429,292.2263443776221,28356300
2021-09-16,294.1150817871094,294.20180375871473,289.81735966426726,292.70820968009997,19550800
2021-09-17,288.959716796875,293.4212665400656,288.6320906685241,293.1032859884223,41372500
2021-09-20,283.5923767089844,287.85157536698296,278.98629016221753,285.5485173899759,38278700
2021-09-21,284.07415771484375,286.7144871567123,283.3707364278861,284.93179059163447,22364100
2021-09-22,287.7166748046875,289.29702038208677,283.7947770017501,285.934007352102,26626300
2021-09-23,288.6608581542969,289.95210029601,286.7047185012733,287.97669890614833,18604600
2021-09-24,288.4585876464844,288.89219740081836,286.1266229188525,287.37934193715523,14999000
2021-09-27,283.4670715332031,285.6833776639269,282.28181268174734,285.36539716620223,23571700
2021-09-28,273.2045593261719,280.20042503434115,272.4625851539167,279.25607020918045,43186200
2021-09-29,273.6671447753906,276.3363524670483,272.713173645824,274.7271290344914,26353700
2021-09-30,271.66278076171875,277.35772848518707,271.3736781629652,275.31486617919455,32343600
2021-10-01,278.58154296875,279.42953021502547,271.05570026891905,271.8554890446492,30086300
2021-10-04,272.8094177246094,277.2806118186714,270.05348900845405,276.94334020608034,31350700
2021-10-05,278.25390625,279.83422199721866,273.7152514221425,273.7152514221425,24993000
2021-10-06,282.44561767578125,282.94671707548684,275.1221558151547,275.38232168306524,28002600
2021-10-07,284.12237548828125,285.84725752796135,283.2262190604028,284.44035604398937,20430500
2021-10-08,284.12237548828125,285.84725752796135,283.0720368673409,285.4425255952682,17685700
2021-10-11,283.52484130859375,287.1287569463705,282.09867856392,282.26250627801727,19298600
2021-10-12,282.22406005859375,284.690916425301,281.71334439065623,284.59454887512936,17974100
2021-10-13,285.5292053222656,286.46391451193523,282.81179971016536,284.18014809161934,23416300
2021-10-14,291.7349853515625,292.2360554994949,286.9939777701601,288.3237736554529,27262900
2021-10-15,293.14178466796875,293.3730726386509,289.5860372188823,291.33982641094127,25384800
2021-10-18,296.1097106933594,296.99622136989956,291.67706908893643,292.52505628022925,22729300
2021-10-19,297.0155334472656,298.046580784232,296.04227134224186,297.1311627256362,17682100
2021-10-20,296.225341796875,298.4320317414315,294.9726227448066,297.95983967544254,16537100
2021-10-21,299.4534606933594,299.70398097618084,295.21352474111114,295.9940811288246,16918100
2021-10-22,297.91168212890625,299.7714549252828,296.6011483907177,299.10655718444485,17449300
2021-10-25,296.9191589355469,298.14294131253496,295.309906430058,298.10438841823645,17554500
2021-10-26,298.8271789550781,301.0338695667533,297.37213764622436,299.6848119858874,28107300
2021-10-27,311.4120178222656,314.23540765875345,304.5028732340633,304.5028732340633,52588700
2021-10-28,312.5489501953125,313.05002008055357,309.66771748527856,312.52965904884155,26297900
2021-10-29,319.55450439453125,319.9206833758431,312.115383713237,312.33702609856846,34766000
2021-11-01,317.38641357421875,319.429276181663,314.49556360355314,319.30400131110804,27073200
2021-11-02,321.00958251953125,321.3179468699199,317.9934580456365,318.292176820312,26487100
2021-11-03,321.8479919433594,322.7152411300204,318.6198699750525,321.75162438767495,21500100
2021-11-04,324.1991882324219,324.2955557789169,317.52133190249214,320.77836088619716,23992200
2021-11-05,323.8329772949219,326.4636610780947,322.2526614356384,326.1938496188393,22570100
2021-11-08,324.7291564941406,325.3651469944245,322.27194586748317,325.0278752948011,20897000
2021-11-09,323.7270202636719,326.39622775578675,322.35867170289976,324.84478968180053,21307400
2021-11-10,318.76434326171875,322.4550111195703,317.916385399046,322.39719647909817,25500900
2021-11-11,320.3350524902344,321.62629517799496,318.48492512550797,319.197991984075,16849800
2021-11-12,324.46893310546875,324.9603869066264,321.645543957004,321.7708188010042,23831000
2021-11-15,323.8426513671875,325.58679513357146,321.87686518692334,325.2591690047351,16723000
2021-11-16,327.1574401855469,328.27523883002146,323.3029742696654,323.4667726030353,20886800
2021-11-17,327.3795166015625,330.3432389660273,326.298296191854,327.20575534879794,19053400
2021-11-18,329.4551086425781,330.5942790410435,325.44878891319365,326.472089004235,22463500
2021-11-19,331.2313232421875,333.152448348102,330.3528538835382,330.7776231911043,21963400
2021-11-22,328.06488037109375,337.5642399354129,327.7945753077866,332.6890561129603,31031100
2021-11-23,325.98931884765625,327.6980592938018,322.01196030987296,325.38112509299714,30427600
2021-11-24,326.21142578125,326.4527706824411,322.34990736219254,324.6378523117165,21661300
2021-11-26,318.26629638671875,326.23067700890783,316.7603067714065,322.77463147147154,24217200
2021-11-29,324.9757080078125,327.29261293135295,323.1511265991085,323.34421428483876,28563500
2021-11-30,319.14483642578125,326.0859180631041,317.6002231832655,323.7110925111013,42885600
2021-12-01,318.6524353027344,327.53393801069564,317.9863505876279,323.5276191928272,33337600
2021-12-02,318.08294677734375,321.94446556340563,316.4514527333486,318.86490197463723,30766000
2021-12-03,311.8272399902344,321.1817696501505,307.01963950096615,320.49632899700646,41779300
2021-12-06,314.89715576171875,316.11354341449044,308.1781223856923,312.73471501105405,30032600
2021-12-07,323.32489013671875,324.1743992838451,318.6717542353688,320.1584467996634,31021900
2021-12-08,323.3731384277344,323.88478833070934,319.3474933714662,323.7013638880352,24761000
2021-12-09,321.56793212890625,324.84055346464856,320.62184956942644,322.832576975175,22214200
2021-12-10,330.6810607910156,331.12512705634384,323.1993706024248,323.3827950413509,38095700
2021-12-13,327.6497802734375,331.8878102110468,327.3408517779993,328.8854647941473,28899400
2021-12-14,316.97265625,323.05456390849514,312.8890909419122,321.683712251311,44438700
2021-12-15,323.064208984375,323.5855221073149,313.26561400702604,317.23330918334995,35381100
2021-12-16,313.65179443359375,325.10121065165634,311.83687625533753,324.0875444975225,35034800
2021-12-17,312.5898742675781,313.67112406852533,306.2666502470529,309.7709825901244,47750300
2021-12-20,308.83453369140625,311.62446489459614,306.5755493846343,308.9696714904224,28326500
2021-12-21,315.9591064453125,316.3838758381777,308.7283930038444,312.0975879363911,24740600
2021-12-22,321.66448974609375,322.0602694505174,314.4724000480661,316.9341062072316,24831500
2021-12-23,323.1028747558594,324.7440317285957,321.2107391407732,321.2300361252478,19617800
2021-12-27,330.5942077636719,330.62316796902155,323.817225101408,323.8461853067577,19947000
2021-12-28,329.43572998046875,331.9070989605817,328.5379341826007,331.2699450024373,15661500
2021-12-29,330.1115417480469,332.38016007251247,327.9201113620014,329.48402148531875,15042000
2021-12-30,327.57257080078125,331.25066424671456,327.0898810628788,330.0729001077908,15994500
2021-12-31,324.6764221191406,327.6111544209489,324.2226926014007,326.7906054612649,18000800
2022-01-03,323.1607971191406,326.29828058631676,318.3628596847403,323.7400307283668,28865100
2022-01-04,317.6194763183594,323.59517698244974,314.82951579453515,323.2379618678629,32674300
2022-01-05,305.42681884765625,314.7813500273399,305.04067287927575,314.5785990885747,40054300
2022-01-06,303.0133972167969,307.66653462982407,300.70612549908634,302.3086594012885,39646100
2022-01-07,303.1678161621094,305.54264171592666,299.35455497870817,303.2739937762214,32720000
2022-01-10,303.3897705078125,303.82420301804177,294.14144890781034,298.77525819873097,44289500
2022-01-11,304.07525634765625,305.6488002414314,299.1614780529444,302.53064320042563,29386800
2022-01-12,307.2513122558594,312.21337685592107,306.1025083336208,308.602867078053,34372200
2022-01-13,294.2476501464844,309.7709684945666,293.4753583562799,309.37515937724777,45366000
2022-01-14,299.46075439453125,300.05928501415605,293.2340443836935,293.71673416868725,39846400
2022-01-18,292.17205810546875,299.0745146536486,291.2935593504582,293.54290976278105,42333200
2022-01-19,292.8285217285156,303.0422523236715,292.2203574511124,295.6860659770476,45933900
2022-01-20,291.158447265625,300.86049892883005,290.71438096885566,298.36983291707537,35380700
2022-01-21,285.7812194824219,293.5814708945945,285.37574723274486,292.21064885161906,57984400
2022-01-24,286.1095275878906,286.8238990150419,266.4930083993814,282.08391143196826,85731500
2022-01-25,278.5023498535156,284.77731721920185,275.2973119894379,281.42744884707827,72848600
2022-01-26,286.4377136230469,297.81954500203807,282.8851245004796,297.32719208033615,90428900
2022-01-27,289.4593505859375,296.66107253209896,287.615472429576,292.1817275159188,53481300
2022-01-28,297.5878601074219,297.80024475160536,284.2559730920568,289.83586478628683,49743700
2022-01-31,300.2137451171875,301.5652706042171,295.76333004152133,298.254025795733,46444500
2022-02-01,298.0705871582031,299.875842129487,294.5662548205134,299.66345745868625,40950400
2022-02-02,302.6078796386719,304.2104133019044,298.1864540558619,298.9104887522053,36636000
2022-02-03,290.820556640625,300.4550540690847,289.57520891247447,298.7752738080084,43730000
2022-02-04,295.34814453125,298.10911517984084,289.58482894873913,289.8165105525263,35096500
2022-02-07,290.5309143066406,297.18236241397534,289.51724835738645,295.5701954690197,28533300
2022-02-08,294.0159912109375,294.98137075377906,289.5656056597399,290.82058728101566,32421200
2022-02-09,300.43572998046875,301.1308043619736,296.7480028768317,299.1421250545375,31284700
2022-02-10,291.91143798828125,298.41808594638906,290.2896076096914,293.51397138416485,45386200
2022-02-11,284.8255615234375,293.755321446796,284.03394330282464,292.6933981582962,39175600
2022-02-14,284.78692626953125,286.4860034605709,281.263297311286,283.599498987924,36359500
2022-02-15,290.0675964355469,290.3861587262389,286.7370251821731,289.62353008877903,27058300
2022-02-16,289.72900390625,291.0543038082839,284.09887060149885,288.635864710569,29982100
2022-02-17,281.2451171875,287.1170646088115,280.53892237568306,286.6914169855192,32461600
2022-02-18,278.536376953125,284.2729056833242,276.96923361237805,283.4893340129508,34264000
2022-02-22,278.3333435058594,282.02872584374245,275.2183925047165,275.702080365006,41736100
2022-02-23,271.1263122558594,282.183436310848,270.9618749583115,280.713006702901,37811200
2022-02-24,284.9791564941406,285.530567636646,262.66179572392394,263.6195175824751,56989700
2022-02-25,287.6104736328125,287.92004094921725,282.1351235020053,285.51128484773926,32546700
2022-02-28,289.04217529296875,289.38076267083534,283.44106207991604,284.7083218045915,34627500
2022-03-01,285.3274841308594,290.18369968046295,282.61881436647946,286.7301612299099,31217800
2022-03-02,290.3965148925781,291.63475461259384,284.118256021791,285.7240737108103,31873000
2022-03-03,286.26580810546875,293.2405780996094,284.4567908872236,293.0084173965025,27314500
2022-03-04,280.40350341796875,286.0143001348497,277.80128997128503,284.68900016266156,32356500
2022-03-07,269.8107604980469,280.23906938127266,269.4431530078945,279.1169100246889,43157200
2022-03-08,266.85052490234375,274.6959256640992,261.19137259179695,268.73688932455536,48159500
2022-03-09,279.0877990722656,280.15191790206194,271.61965990581416,274.19288197715656,35204500
2022-03-10,276.2728271484375,277.24988606847967,271.4262653649747,273.7866644734184,30628000
2022-03-11,270.9328308105469,280.0648567948498,270.31369639441266,278.56540723687374,27209300
2022-03-14,267.4212951660156,276.0889716905132,266.8215270580334,271.19405384683813,30660700
2022-03-15,277.7818603515625,278.4300149062294,269.6365754251253,271.20371896326867,34245100
2022-03-16,284.78570556640625,284.95982608211176,273.96077067732267,279.67793426336954,37826300
2022-03-17,285.588623046875,285.9658841758017,279.92946993729333,283.7215952422282,30816600
2022-03-18,290.6286315917969,291.1800427447232,283.17985751382827,285.7337136336589,43390600
2022-03-21,289.4000549316406,290.348093539092,285.27902590005374,289.1388741774251,28351200
2022-03-22,294.1402587890625,295.04959432677754,289.0228329688514,290.01922877865013,27599700
2022-03-23,289.7193298339844,293.3373349131294,288.0070855267432,290.7060719110069,25715400
2022-03-24,294.17889404296875,294.2756374968961,288.58746486067383,289.3807198521377,24484500
2022-03-25,293.7726135253906,295.533244193088,289.52585001590114,295.2720634104139,22566500
2022-03-28,300.5636291503906,300.6603430987499,294.4014214022609,294.4014214022609,29578200
2022-03-29,305.1199951171875,305.51662272546986,298.9674698693951,303.66893146238317,30393400
2022-03-30,303.6205139160156,305.6423550476428,301.41489856711223,303.52379996649006,28163600
2022-03-31,298.2515563964844,304.8587480003614,297.8452751937795,303.6591822316137,33422100
2022-04-01,299.32537841796875,300.01220684451596,295.57195627521304,299.27699192361627,27110500
2022-04-04,304.69427490234375,304.8296921264754,299.605870116793,299.9734775453708,24289600
2022-04-05,300.7377624511719,304.5975820485766,299.7607035467808,303.04977502360924,23156700
2022-04-06,289.72900390625,296.98432119939486,287.03001760705087,295.23337365440614,40110400
2022-04-07,291.5379943847656,293.7436096818607,286.6817792585373,286.9816633477329,31411200
2022-04-08,287.2815246582031,291.2961273756615,286.6140331520905,290.6383190722913,24361900
2022-04-11,275.95355224609375,283.06373875112814,275.7020251620772,282.2705132557711,34569300
2022-04-12,272.8580017089844,281.25481613450495,271.33921469606946,279.80375250936805,30966700
2022-04-13,278.2365417480469,279.1652139791266,272.12272138935975,273.50609081671024,21907200
2022-04-14,270.7008056640625,278.9041645469258,270.207463992538,278.6913406518854,28221600
2022-04-18,271.36810302734375,273.2448134330581,269.2592320013598,269.8106429964508,20778000
2022-04-19,275.99224853515625,276.8338901106772,269.3270459623916,270.26540148092727,22297700
2022-04-20,277.01763916015625,280.24869936955514,276.0599468443759,279.95846900098434,22906700
2022-04-21,271.6487121582031,283.7312227224096,270.9231805322284,279.1652091753969,29454600
2022-04-22,265.08990478515625,273.960751032886,264.46111662000084,272.4903213915854,29405800
2022-04-25,271.5616455078125,271.93890659301337,261.93624768786924,264.3740527877632,35678900
2022-04-26,261.40423583984375,269.2786578732366,261.1914120269434,268.4467290276918,46518400
2022-04-27,273.9801025390625,281.47726299922044,270.05256019523966,272.89664665414017,63477700
2022-04-28,280.1809997558594,281.4869627202717,272.2775281140742,275.88584973003594,33646600
2022-04-29,268.4661560058594,280.422937787067,267.4794431905342,279.1943514685865,37073900
2022-05-02,275.1893615722656,275.6440293239036,267.2085121919129,268.6498925117606,35151100
2022-05-03,272.58709716796875,274.8604357472129,271.01027020615345,274.69596890447576,25978600
2022-05-04,280.5195617675781,281.3901938245139,267.7018362258143,273.3706425590282,33599300
2022-05-05,268.3016052246094,277.0079848672341,265.3897954748828,276.22441306115445,43260400
2022-05-06,265.76708984375,270.1396166091243,262.4199492559165,265.8444668964473,37780300
2022-05-09,255.9482421875,263.47442373123533,254.7293689162889,261.24947149546875,47726000
2022-05-10,260.70782470703125,264.8191725920215,256.42235623218517,262.8263804495252,39336400
2022-05-11,252.04971313476562,262.507041521962,250.84049357545095,257.01235492970693,48975900
2022-05-12,247.01937866210938,251.4015891851371,241.86326466522425,249.28303414533278,51033800
2022-05-13,252.6011505126953,254.45852493792023,247.01940307644472,248.95415457182008,34925100
2022-05-16,252.96871948242188,257.147789161054,247.43532986774056,251.47895279178755,32550900
2022-05-17,258.1151428222656,259.57585977965135,253.89737021197146,257.4282849486114,28828800
2022-05-18,246.36328125,255.5941513427868,245.0930699203447,255.01236815888072,31356000
2022-05-19,245.4517822265625,249.8442133786541,244.2300555217974,246.18869463327442,32692300
2022-05-20,244.88941955566406,250.6878097739671,238.95529670794807,249.42727472265636,39199300
2022-05-23,252.73370361328125,253.55789389015007,245.73298352377535,247.73043098596386,33175400
2022-05-24,251.7349853515625,253.3930420574841,245.80086274871203,250.05754672530148,29043900
2022-05-25,254.54693603515625,256.54436894969376,249.3206523112265,250.29998684560377,28547900
2022-05-26,257.82421875,258.99746097926135,253.48997806179602,254.30446247150167,25002100
2022-05-27,264.94140625,265.0383750636655,259.4339208862347,260.32599254493937,26910800
2022-05-31,263.61297607421875,266.4248936649032,260.7622650462861,264.2529346305631,37827700
2022-06-01,264.146240234375,269.25617238114495,261.83851939689276,266.84180659959077,25292200
2022-06-02,266.2406311035156,266.30851221318625,253.65486971991317,256.4183173881909,44008200
2022-06-03,261.8191833496094,265.14503294554464,260.25809503355293,262.1003840143202,28059000
2022-06-06,260.58770751953125,265.85278414550214,259.10417682407206,263.7971760802352,22400300
2022-06-07,264.22381591796875,264.8346867223125,257.86305412954965,258.54180604342474,22860700
2022-06-08,262.1972351074219,264.70856926494747,261.42151458591775,263.4577402676367,17372300
2022-06-09,256.7479553222656,264.4273969656422,256.5928112013964,259.64713525480107,26439700
2022-06-10,245.30636596679688,252.6658293283701,244.86033026242538,252.6658293283701,31422800
2022-06-13,234.9022674560547,241.45696760455806,234.19444257567676,237.66571545060387,46135800
2022-06-14,237.0644989013672,238.27653463685246,234.17499505531242,236.453628156168,28651500
2022-06-15,244.1137237548828,247.54621774471534,238.93590988722116,240.76850759522998,33111700
2022-06-16,237.52993774414062,239.90552503927643,235.63916478659826,238.50925737974993,33169200
2022-06-17,240.12852478027344,242.8919722994284,236.61847386718773,237.26812327514037,43084800
2022-06-21,246.03359985351562,247.0129195467826,241.9320596633375,242.65928121254296,29928300
2022-06-22,245.44216918945312,249.3594782467836,242.76598394553986,244.2398240222339,25939900
2022-06-23,250.998046875,251.49256693334425,245.92690820106463,247.80799006493163,25861400
2022-06-24,259.56964111328125,259.84113599314713,253.77125024741073,253.85851328836165,33923200
2022-06-27,256.8449401855469,260.1513477506031,255.2838227151279,260.0640847254071,24615100
2022-06-28,248.6903839111328,258.8036043245108,248.53523976557486,255.9625992863611,27295500
2022-06-29,252.3555908203125,254.01364771630867,247.9922466002197,249.76666900838734,20069800
2022-06-30,249.0297088623047,251.6477180084153,245.21907543533365,249.24302834525233,31730900
2022-07-01,251.6962432861328,251.88047513446844,246.87720152441233,248.60315448518915,22837700
2022-07-05,254.86685180664062,254.9929082435154,247.00316424447934,248.38003491020706,22941000
2022-07-06,258.1248779296875,259.8508160325724,254.4305945207555,255.73959933597524,23824400
2022-07-07,260.24835205078125,260.8883105802799,256.97100212276746,257.067970916459,20859900
2022-07-08,259.5308532714844,259.95749231914675,255.29358006652834,256.74802329517996,19658800
2022-07-11,256.4764709472656,258.4351100703667,254.21721973412835,257.58183216621444,19455200
2022-07-12,245.96572875976562,257.8630779320997,244.38522912726302,257.80490257305115,35868500
2022-07-13,245.0445556640625,245.84934922574635,240.5745669583086,242.59139634264417,29497400
2022-07-14,246.36328125,247.39108538558793,238.47050360298064,242.959889571624,25102800
2022-07-15,248.923095703125,252.46223474835,247.03232258587656,247.95346694603754,29774100
2022-07-18,246.52810668945312,252.91795652335915,245.60696234722735,251.86106474959863,20975000
2022-07-19,251.64773559570312,251.83196741615714,245.9754017765108,249.75694779239916,25012600
2022-07-20,254.30450439453125,256.825544892012,251.04656621862563,252.00648914711226,22788300
2022-07-21,256.79644775390625,256.84494694076886,249.22365037531554,251.89983491458102,22404700
2022-07-22,252.45254516601562,257.27160158111917,251.20174529455522,257.184338538277,21881300
2022-07-25,250.96900939941406,253.55793131652177,249.01036987517415,253.07311691629897,21056000
2022-07-26,244.24949645996094,251.98714517922437,241.9902743050441,251.96773366455324,39348000
2022-07-27,260.5780334472656,261.8482448041291,250.98842003172433,253.22826018562694,45994000
2022-07-28,268.0150451660156,269.4016069637394,259.734408627682,261.5573151321631,33459300
2022-07-29,272.2135314941406,273.4352730341739,268.22837203750606,269.26588177100365,32152800
2022-08-01,269.5664978027344,272.7371731572371,267.4623903988592,269.3822659732868,21539600
2022-08-02,266.47332763671875,269.4500944140682,264.10743158594045,267.61748223435484,22754200
2022-08-03,273.8910217285156,274.8897381119249,268.20898212498906,268.3544501034442,23518900
2022-08-04,275.0352478027344,275.18068622817475,271.66095796960775,273.2414283136965,18098700
2022-08-05,274.317626953125,275.0351426380941,270.21608737963913,270.6718139989153,16774600
2022-08-08,271.8063659667969,277.2362934376105,270.836737118106,275.42306263435034,18739200
2022-08-09,273.7261962890625,274.4825055635908,269.1786348849365,271.1470097408237,23405200
2022-08-10,280.3778381347656,281.0080908709291,278.2252612395024,279.4179151918508,24687800
2022-08-11,278.3028564453125,282.3656036148159,277.80836586315127,282.0165514391727,20065900
2022-08-12,283.04437255859375,283.04437255859375,278.225315796299,279.71855257086617,22619700
2022-08-15,284.55694580078125,285.24537391664086,281.2989778667921,282.16196164375015,18085700
2022-08-16,283.820068359375,285.10969137320546,281.59963947332545,283.12193436448484,18102900
2022-08-17,283.07183837890625,285.0443616245307,281.2742116606303,281.536556451653,18253400
2022-08-18,281.9544372558594,283.645163191212,280.8952723028826,281.9738603210982,17186200
2022-08-19,278.0482482910156,281.0604841294193,277.47495647991065,280.72038772526247,20570000
2022-08-22,269.8860778808594,274.4627155790174,269.3710849309905,274.09346975580286,25061100
2022-08-23,268.6131286621094,270.96459435110165,267.6025659844231,268.6131286621094,17527400
2022-08-24,267.9815673828125,269.38079904214317,267.3207976827984,267.61232157638716,18137000
2022-08-25,270.95489501953125,271.12006518473976,266.74747418276837,269.4779119694947,16583400
2022-08-26,260.49951171875,272.4026750674216,260.3926404040064,271.1783402052865,27549300
2022-08-29,257.7205505371094,259.82909469537367,256.379617748924,258.32299172518486,20338500
2022-08-30,255.52452087402344,259.4889906204249,253.2799263703164,259.11977448485726,22767100
2022-08-31,254.06695556640625,259.54725384491036,253.93090517707998,257.8759809716696,24791800
2022-09-01,253.02723693847656,253.5033836351562,248.1785292927467,251.54055731974114,23263400
2022-09-02,248.8101043701172,257.24433815979296,247.2651260113318,254.29043181956823,22855400
2022-09-06,246.0797119140625,250.5300249496929,244.80680442412418,248.9462001827662,21328200
2022-09-07,250.7826690673828,251.501707885987,246.05055859753543,247.4886510615093,24126700
2022-09-08,251.2004852294922,253.05641075595742,247.57609726538706,250.21910163068787,20319900
2022-09-09,256.97235107421875,257.72056908719554,252.92043264804659,253.1244786272513,22084700
2022-09-12,259.1002502441406,259.87761738911445,257.6524465635684,258.2548875674703,18747700
2022-09-13,244.85537719726562,253.02725242179903,244.46669355719365,251.51142329243044,33353300
2022-09-14,245.078857421875,247.03194264420256,242.78567587282814,246.35176481752862,23913000
2022-09-15,238.43252563476562,244.28206983666107,237.111030916621,242.69823034248557,31530900
2022-09-16,237.8106689453125,238.354811263805,235.2065402152561,237.34424853509077,39791800
2022-09-19,237.59690856933594,238.19934976268587,234.03081907088773,235.60494726087535,26826900
2022-09-20,235.58551025390625,236.61549610192634,232.85507215538624,235.21627927599923,26660300
2022-09-21,232.18458557128906,240.64798513191113,232.13599826014462,237.35396708033133,28625600
2022-09-22,234.15711975097656,236.95558294370812,230.8436784817332,231.13517270867078,31061200
2022-09-23,231.1837158203125,234.30283689307328,228.54072660512506,232.75784365187135,34176000
2022-09-26,230.72708129882812,234.61382940182548,230.1926504693125,230.33841241923534,27694200
2022-09-27,229.7164764404297,234.9538676194247,227.86055112233197,233.18539055356896,27018700
2022-09-28,234.24456787109375,235.46888802626256,228.0840616627681,230.10517219200622,29029700
2022-09-29,230.77565002441406,233.15628008036532,227.77314091515188,232.1262942883284,27484200
2022-09-30,226.3058624267578,233.7295494002438,226.14067744074515,231.5432539781558,35694800
2022-10-03,233.92388916015625,234.76925194456734,228.01603154626426,228.74479665745017,28880400
2022-10-04,241.8334503173828,243.27154283676492,238.04386235617537,238.15074851262196,34888400
2022-10-05,242.14434814453125,243.48528067614083,237.188754349336,239.0252418124359,20347100
2022-10-06,239.80259704589844,243.25208841301955,239.11270766853326,240.91031948888858,20239900
2022-10-07,227.60791015625,234.48745414053244,226.56819821462602,234.0793326570868,37769600
2022-10-10,222.75921630859375,227.91887124753765,220.31056122973789,226.45162940250796,29743600
2022-10-11,219.02796936035156,222.57462096558834,217.76477330000458,221.1753893188512,30474000
2022-10-12,219.35829162597656,221.4085513345767,217.61897880529855,219.01819532065716,21903900
2022-10-13,227.60791015625,229.41524810827983,212.92572273851556,213.62533838618924,42551800
2022-10-14,222.08876037597656,230.5230105633838,221.87498806713398,228.87113093564267,30198600
2022-10-17,230.80479431152344,232.19431432541026,228.4824631518074,229.1432179713051,28142300
2022-10-18,231.74732971191406,237.02358255454533,228.70594491704173,236.35313103627706,26329600
2022-10-19,229.7845001220703,232.8258846804723,227.65650356694331,230.32864238101766,19985700
2022-10-20,229.46383666992188,234.47774422080448,228.22007872615066,229.09460576042883,21811000
2022-10-21,235.2648162841797,236.11990546004,227.86056720320732,228.09377738574145,26299700
2022-10-24,240.2495880126953,240.8228797300147,234.4680538752151,236.85839536600284,24911200
2022-10-25,243.56304931640625,243.93228026742986,238.86979966752605,240.25930485991768,34775500
2022-10-26,224.7705841064453,231.55295340898678,223.5462493233221,224.62482219919764,82543200
2022-10-27,220.32998657226562,227.0734954795491,219.38744917013727,224.49851650888635,40424600
2022-10-28,229.19178771972656,229.9011298424008,219.64982993170372,219.83445281769383,40647700
2022-10-31,225.5576629638672,228.2686626281402,224.60539921895975,227.14150237504404,28357300
2022-11-01,221.70977783203125,229.06545410633566,220.89356446941574,227.95773173513913,30592300
2022-11-02,213.86827087402344,224.75116008206982,213.80995721146994,222.96325992629187,38407000
2022-11-03,208.18392944335938,214.16952462545234,207.92156981485337,213.85857768399836,36633900
2022-11-04,215.12173461914062,215.31606900887368,207.38710136295038,211.39046095991677,36789100
2022-11-07,221.41827392578125,221.9429931186714,215.01486125373305,215.7047654290473,33498000
2022-11-08,222.3899688720703,225.091257180639,219.44575884635148,222.22478388362,28192500
2022-11-09,218.15342712402344,222.1567873542891,217.97853059362552,220.93245233444006,27852900
2022-11-10,236.10047912597656,236.44057547213717,228.34642180511014,228.764240055821,46268000
2022-11-11,240.11355590820312,240.96864514419838,235.0802099419117,236.11021053379952,34620200
2022-11-14,234.71096801757812,237.0041496395175,232.43722428466577,235.13851261558185,31123300
2022-11-15,235.1190643310547,240.0066479183107,233.2339895014383,238.7045911196065,31390100
2022-11-16,235.5478057861328,237.56487314144158,234.27131111867024,236.58069414702467,24093300
2022-11-17,235.4990997314453,237.02895459171626,231.55268915517976,231.69884700298584,23123500
2022-11-18,235.05087280273438,237.50642872973486,232.91687900998218,237.28230020466626,27613500
2022-11-21,235.85963439941406,238.41262379283273,235.02162809086872,235.2554806346632,26394700
2022-11-22,238.76341247558594,239.03625034999712,234.5539032214211,237.36023776801466,19665700
2022-11-23,241.24819946289062,241.93029414801862,238.02285434078252,238.84136796293612,19508500
2022-11-25,241.1605224609375,242.33956874564888,240.4199497182592,240.9851181755742,9200800
2022-11-28,235.57704162597656,240.34198047417644,234.64160171816698,239.78656581676748,24778200
2022-11-29,234.18362426757812,236.58070207820637,232.11784747654085,235.22625156300845,17956300
2022-11-30,248.6148681640625,248.80001134833023,233.72565090628407,234.41749940509243,47594200
2022-12-01,248.17637634277344,249.56979735290415,244.50278888285192,247.37734047819936,26041500
2022-12-02,248.4979248046875,249.51132049555534,243.304236576186,243.43091661325036,21528500
2022-12-05,243.8011932373047,247.32862273354516,241.7159238084992,245.5649005511503,23435300
2022-12-06,238.85108947753906,245.41872038156708,237.5453633369683,244.40532476150193,22463700
2022-12-07,238.1202850341797,239.8645144954358,236.0155378698541,238.56852717524598,20481500
2022-12-08,241.0728302001953,242.37857149397973,236.84382766969588,238.57830363600303,22611800
2022-12-09,239.14344787597656,241.95953631031935,237.91567738898425,238.44186049239534,20609700
2022-12-12,246.0521240234375,246.081355592582,240.84869655601585,241.12153444706453,30665100
2022-12-13,250.34933471679688,257.1703110963209,246.59779176063924,254.99733220148903,42196900
2022-12-14,250.64166259765625,255.87432140305884,247.80608156750714,250.55396789409684,35410900
2022-12-15,242.64161682128906,247.69888605332656,241.01432850057725,247.2311661145022,35560400
2022-12-16,238.43209838867188,243.45038209121776,237.2822689508212,242.1933801579508,86102000
2022-12-19,234.30055236816406,238.93882615281237,232.60506192023936,238.59777136210013,29696400
2022-12-20,235.6160430908203,236.69765578039272,232.32248078286008,233.27741342411088,25150800
2022-12-21,238.17877197265625,239.3383404733785,233.96926235474098,235.50885613255662,23690600
2022-12-22,232.0983428955078,235.80116166317555,227.88881885599957,235.08982055529697,28651700
2022-12-23,232.62451171875,232.76093064490397,227.95702179597365,230.07152258563394,21207000
2022-12-27,230.89981079101562,232.8194148295831,229.7987055148439,232.59530118818017,16688600
2022-12-28,228.53195190429688,233.5892213133109,228.18115822076558,230.83159608110222,17457100
2022-12-29,234.84620666503906,235.732937144972,229.6232871191542,229.6232871191542,19770700
2022-12-30,233.6866912841797,233.8231102365172,230.60750365307476,232.11786589802279,21938500
2023-01-03,233.45278930664062,239.46499095764855,231.32853465622566,236.86327747897744,25740000
2023-01-04,223.2408447265625,226.91441744415422,220.18114984436647,226.3395100790415,50623400
2023-01-05,216.62448120117188,221.73047501122883,216.08854432449274,221.3894202164649,39585600
2023-01-06,219.17745971679688,219.98623444144232,213.74018002094996,217.2968261609176,43613600
2023-01-09,221.31146240234375,225.3261046224166,220.61962878753835,220.65859925614794,27369800
2023-01-10,222.99720764160156,225.3942852499652,221.51607720978163,221.93507289887148,27033900
2023-01-11,229.740234375,229.91562377471337,225.19940935858202,225.37479875829538,28669300
2023-01-12,232.41017150878906,233.76462207264603,227.58676927741644,229.2432893034318,27269500
2023-01-13,233.1117401123047,233.24815904771603,228.91196981298216,230.93877604519966,21333300
2023-01-17,234.20309448242188,234.74877019615067,231.0264589269251,231.8839578305264,29831300
2023-01-18,229.77920532226562,236.18118605908887,229.49662855484155,235.39190402162816,30028700
2023-01-19,225.99842834472656,229.49662609495516,224.7803968509481,227.80112090293807,28623000
2023-01-20,234.076416015625,234.58312126827647,228.5124417411465,228.85349649877787,35389800
2023-01-23,236.37608337402344,238.89984125052814,233.5210096061912,234.9339381400993,31934000
2023-01-24,235.84988403320312,237.7110398533446,234.29081253406932,236.29812619619068,40234400
2023-01-25,234.4564208984375,237.07762676278358,224.99474675663893,228.48319035411933,66526600
2023-01-26,241.65744018554688,241.95950960681114,235.8108892133159,237.41868478326023,33454500
2023-01-27,241.8133544921875,243.44064274681827,240.5173672279143,242.62212916997672,26498900
2023-01-30,236.50277709960938,239.31886569324453,236.0058106681411,238.25673078922537,25867400
2023-01-31,241.4722900390625,241.60870896305886,236.73658329383585,237.22379586075814,26541100
2023-02-01,246.2859649658203,248.65381102324727,239.1921508241423,241.65744534727375,31259900
2023-02-02,257.8329162597656,257.92061096012765,250.6708850258921,252.20073974099043,39940400
2023-02-03,251.7427978515625,257.4431921583374,250.52476615084572,252.90236640961302,29077300
2023-02-06,250.20315551757812,251.69402492949268,248.2640588264018,250.85603350578165,22518000
2023-02-07,260.71722412109375,261.8962703770989,253.42851236094478,253.8670156294018,50841400
2023-02-08,259.908447265625,269.6819309436082,259.4017271241036,266.2129795710124,54686000
2023-02-09,256.8780212402344,266.9730839280978,256.0789852689524,266.79766475449935,42375100
2023-02-10,256.3713073730469,257.3359789229723,253.99370721574917,254.8414524853322,25818500
2023-02-13,264.381103515625,267.5772176000691,260.31773656170196,260.7952252232444,44630900
2023-02-14,265.2093505859375,267.9377295681392,262.39324715689656,265.69656324255214,37047900
2023-02-15,263.08953857421875,264.46692310846817,260.02216525434795,262.112672647368,28922400
2023-02-16,256.08538818359375,260.569199060256,255.8411717100615,257.91212263576193,29603600
2023-02-17,252.0900115966797,254.0730481798603,250.07767022898236,253.3892599372768,30000100
2023-02-21,246.82472229003906,249.57949147395604,245.7697052561427,248.5928473067925,28397400
2023-02-22,245.69155883789062,248.45609136769838,244.54862742266278,248.21187487113363,22491100
2023-02-23,248.87612915039062,250.89823380940385,244.68536609831472,249.6478466517071,29219100
2023-02-24,243.4545440673828,245.1933643431698,242.3604589246293,244.1774302685833,24990900
2023-02-27,244.37278747558594,246.97125445707402,243.62059652709382,246.61958212194187,21190000
2023-02-28,243.64988708496094,245.6720066203372,242.9758472398355,243.30799296891402,22491000
2023-03-01,240.57278442382812,245.12496847434377,240.10387803031043,244.9589030496448,27565300
2023-03-02,245.30078125,245.58406578455748,239.92801913938823,240.84627541231006,24808200
2023-03-03,249.3840789794922,249.70644650216622,245.57430808569026,246.35580375528275,30760100
2023-03-06,250.92755126953125,254.1023656002355,250.0581411721239,250.49772786752465,24109800
2023-03-07,248.2704620361328,251.72857566259853,247.52804931967242,250.37071775470054,21473200
2023-03-08,247.8308563232422,248.65142003720348,245.0077146908978,248.16298712568516,17340200
2023-03-09,246.48281860351562,253.55531839675493,245.75993244925678,249.90184935839267,26653400
2023-03-10,242.83908081054688,246.94191444562173,241.8719931478548,245.2714821705408,28333900
2023-03-13,248.0457763671875,251.94347649871762,240.04524262160942,241.67660681243697,33339700
2023-03-14,254.75686645507812,255.03038771466515,249.94090981618157,250.81031987110978,33620300
2023-03-15,259.2992858886719,260.3152347680269,253.21340062279128,253.96560644232494,46028000
2023-03-16,269.81036376953125,270.1620211712839,257.1892436798215,259.07458764401633,54768800
2023-03-17,272.9656677246094,276.77543928091814,269.92762867957384,271.82275116350945,69527400
2023-03-20,265.9322204589844,271.0607665452562,263.607274796688,270.57233358465885,43466600
2023-03-21,267.4462890625,268.6380664041012,263.28483165777243,268.52084729043145,34558700
2023-03-22,265.99078369140625,274.53835901279683,265.8833129567745,267.0750903654772,34873300
2023-03-23,271.236572265625,274.55791015384574,268.8334906504202,271.5100935079119,36610900
2023-03-24,274.07928466796875,274.1378942395977,268.911655484411,270.82630438464923,28172000
2023-03-27,269.9861755371094,274.94864070171997,269.14605544409125,274.0108578776161,26840200
2023-03-28,268.86279296875,269.7517444509293,265.7563369743328,269.4098354483097,21878600
2023-03-29,274.0206298828125,274.63606009495277,271.96920577953756,272.5064700346815,25087000
2023-03-30,277.4787292480469,277.8792478188559,274.9682067021936,277.65458775561683,25053400
2023-03-31,281.6304016113281,282.57796264121714,276.45302473352956,277.1661475082968,32766000
2023-04-03,280.585205078125,281.60112415662576,277.3810860970175,279.89160882011697,24883300
2023-04-04,280.536376953125,283.7307479234541,279.0613295322564,280.5852381411604,25824300
2023-04-05,277.7620544433594,280.5070453166388,276.3749215198196,279.2371315346284,22064800
2023-04-06,284.85406494140625,285.32294143233264,275.50545235305464,276.6581468086852,29770300
2023-04-10,282.6951599121094,282.90029334784873,278.12340609176294,282.519301441331,23103000
2023-04-11,276.28692626953125,279.3640772236538,275.1244834565677,279.1393873695439,27276600
2023-04-12,276.931640625,280.37022687989804,275.43703733493453,278.20158388925654,27403400
2023-04-13,283.1348571777344,283.1934667568059,276.6191772077297,277.0294442612303,24222700
2023-04-14,279.5204162597656,281.8062788337825,277.1270829372931,280.36050660414264,20987900
2023-04-17,282.1188659667969,284.85410843164084,279.53995543823305,283.22272922701467,23836200
2023-04-18,281.6988525390625,285.0104426931192,280.3703290467019,284.8248357623357,20161800
2023-04-19,281.7769470214844,282.36304264200237,277.9573982326938,279.3738357310493,17150300
2023-04-20,279.4911193847656,282.3435812467073,278.4849485884654,278.6510289270091,23244400
2023-04-21,279.14923095703125,279.64741233312054,276.5116808961058,278.41658147472793,21676400
2023-04-24,275.2515563964844,278.35801332049203,272.272126649748,275.56416071022915,26611000
2023-04-25,269.0483703613281,275.0853933705517,268.999509188266,273.04374758827026,45772200
2023-04-26,288.5368347167969,292.6396828327942,285.9579246128152,289.83608287187946,64599200
2023-04-27,297.7780456542969,298.1395111111619,288.4196826173737,289.12302732036886,46462600
2023-04-28,300.1518249511719,301.78317430412875,296.2931927346846,296.9770107869876,36469600
2023-05-01,298.49114990234375,301.460830664017,298.0906312953761,299.8685344351108,21294100
2023-05-02,298.3446044921875,302.02737803508757,296.8793057090036,300.640245214825,26404400
2023-05-03,297.35791015625,301.4705063650509,297.05508417719193,299.52655318111516,22360800
2023-05-04,298.3446044921875,300.640245214825,296.38109458301545,299.15539003512066,22519900
2023-05-05,303.46337890625,304.7528490194279,297.2309698374708,298.6474372845863,28197100
2023-05-08,301.5096740722656,303.02383420465094,299.0088995873121,302.9554464323352,21318600
2023-05-09,299.8977966308594,302.86747697079767,299.223756852854,300.8746624179306,21340800
2023-05-10,305.0849609375,305.7590007361898,300.5523190484158,301.4803236876646,30078000
2023-05-11,302.9359130859375,303.9225573251691,299.17500268454444,302.9261646974244,31680200
2023-05-12,301.8222961425781,303.46342390547966,299.5071284392733,303.36573134091964,19774700
2023-05-15,302.3009033203125,302.73072668738115,300.47416891606105,301.94924591720934,16336500
2023-05-16,304.5281066894531,306.4525333293128,302.6622896072277,302.6622896072277,26730300
2023-05-17,307.40643310546875,307.8273965281547,304.2148790483357,305.73234911232737,24315000
2023-05-18,311.8315124511719,312.3406122958503,307.1323177228801,307.9253064598199,27276000
2023-05-19,311.6552429199219,312.0566370029234,309.7266093330222,310.08883500196976,27546700
2023-05-22,314.4356689453125,315.81606453289896,311.3322511744977,311.90985842716117,24115700
2023-05-23,308.6399841308594,315.94332604860966,308.63018455651456,313.3098099504378,30797200
2023-05-24,307.2596130371094,309.8539609209706,306.04563091509715,308.1211390989395,23384900
2023-05-25,319.0761413574219,320.0355435840167,313.28044007035,316.452394965502,43301700
2023-05-26,325.8998107910156,326.39908122008313,317.07899806419516,317.2160427328644,36630600
2023-05-30,324.2550048828125,328.68987947656177,323.579491610932,328.19060914102903,29503100
2023-05-31,321.4942932128906,328.8857420420062,320.45652421282057,325.3123928059222,45950600
2023-06-01,325.5962829589844,326.52634626965755,317.90134604784606,319.08592941453026,26773900
2023-06-02,328.3570251464844,330.4129338211657,325.566865507756,327.2311796436286,25873800
2023-06-05,328.8857116699219,331.4506903935802,327.6325911531441,328.18082951193753,21307100
2023-06-06,326.6731872558594,328.32770204884184,325.19491542513276,328.2885336264792,20396200
2023-06-07,316.5894775390625,327.4661687531418,315.7279515267093,324.6858083621168,40717100
2023-06-08,318.4300231933594,319.78104998315,316.5601268268705,317.1377341007984,23277700
2023-06-09,319.9278564453125,323.0606428090371,317.59782847451265,318.16563610626434,22529000
2023-06-12,324.881591796875,325.1263421252022,318.3320706206992,321.6802383812358,24260300
2023-06-13,327.2704162597656,329.9039326564141,323.45231642642443,327.44662935743804,22951300
2023-06-14,330.25634765625,331.9206620825264,325.82147225464075,327.3193432875882,26003800
2023-06-15,340.7904052734375,342.4938582086499,330.1192956143464,330.393414820895,38899100
2023-06-16,335.1414794921875,344.08956511719884,334.7694841195097,343.94272090735933,46552000
2023-06-20,330.951416015625,334.8967905185413,328.8074005290605,332.18496735769014,26375400
2023-06-21,326.5556945800781,330.6381434386612,325.0969920993696,329.30668603957923,25117800
2023-06-22,332.5765380859375,332.9779322220441,326.3403043071654,327.1039241601426,23556800
2023-06-23,327.9850158691406,330.86328217867896,326.44800648245837,327.33887140406574,23146900
2023-06-26,321.6998596191406,329.0521396707675,321.59215393137123,326.7123419071995,21520600
2023-06-27,327.54449462890625,329.0913036434743,322.38513830210024,324.8913794122553,24354100
2023-06-28,328.7976379394531,330.88291577640626,326.80046664644476,327.6326238415943,20259500
2023-06-29,328.014404296875,329.05214338180554,325.6354380857654,327.6815474089493,16997000
2023-06-30,333.3890686035156,335.533083567571,330.1192082632096,330.65764695892886,26832800
2023-07-03,330.8927001953125,333.7415980832822,329.5025348266666,332.06751392034784,12508700
2023-07-05,331.04931640625,334.4758212956056,327.701148359632,328.05357452169636,18172400
2023-07-06,334.1037902832031,335.78767385230776,328.45496307477555,330.21715360852994,28161200
2023-07-07,330.1388854980469,334.6129295027738,329.9235039739729,332.1947946138884,21214800
2023-07-10,324.86199951171875,328.1906279486803,320.7110434161663,327.5738523279874,32791400
2023-07-11,325.48858642578125,325.8703814238738,320.1334477409768,324.10819090994494,26698200
2023-07-12,330.1192626953125,334.4758007177013,328.62139184518895,329.53185591792584,29995300
2023-07-13,335.4646301269531,336.52193851467035,331.90105061768867,332.42971974992344,20567200
2023-07-14,337.9903869628906,344.0504071797022,337.0799229574127,340.2910459095937,28352700
2023-07-17,338.47015380859375,339.70367521642703,335.0142801736607,338.4211858141297,20363900
2023-07-18,351.9412536621094,359.0781832462532,334.98496971452676,338.5680890553913,64738600
2023-07-19,347.623779296875,354.84881389642584,345.0392313202001,354.15373131724334,39732900
2023-07-20,339.586181640625,350.4531022216543,338.11767966688456,346.1455024073654,33778400
2023-07-21,336.5513000488281,342.944177986763,332.69403214811535,341.8183323536975,69405400
2023-07-24,337.8631286621094,339.63514852458513,335.1219369374352,338.5876099496475,26678100
2023-07-25,343.6098937988281,344.5007885845888,337.8239924166346,339.82113359671973,41637700
2023-07-26,330.6772766113281,337.43240985586726,326.11512671611416,334.2702247265649,58383700
2023-07-27,323.77532958984375,334.1625196341891,322.1403841798644,333.33039238314757,39635300
2023-07-28,331.26470947265625,332.8702861605579,326.17391995680913,326.6634206723763,28484900
2023-07-31,328.8661804199219,330.60880180685933,326.3599092198598,329.8451818704879,25446000
2023-08-01,329.2773132324219,331.4311281711662,326.692765182679,328.1514676458398,18311900
2023-08-02,320.6229248046875,326.62420753627333,319.50684898513873,326.62420753627333,27761300
2023-08-03,319.80059814453125,322.9529838203489,319.1055155220307,319.154453640907,18253700
2023-08-04,320.8970642089844,328.10252974603515,320.3683951097149,324.910975755622,23741500
2023-08-07,323.1781311035156,324.15713248319014,320.64252111536877,321.4746782634423,17741500
2023-08-08,319.2033386230469,321.846653890872,316.21739682662104,320.09423332625096,22327600
2023-08-09,315.4635925292969,320.24109366891923,314.3083483150612,319.61454838698023,22373300
2023-08-10,316.14886474609375,321.3669581107543,314.4356125680555,319.1739750066774,20113700
2023-08-11,314.2692565917969,315.63985260966695,312.5070361030333,313.53500552400016,24355500
2023-08-14,317.235595703125,317.2551649738709,313.35872896949473,314.64124818370647,18836100
2023-08-15,315.1013488769531,318.26353387975075,314.1615159801267,316.2174247167932,16966300
2023-08-16,314.336181640625,318.2801192612422,313.747531106502,314.728605350037,20698900
2023-08-17,310.8827819824219,315.77833241862345,310.22544912717694,314.47351697046,21257200
2023-08-18,310.4903564453125,312.3543913343559,305.653638152049,308.5379985359399,24755000
2023-08-21,315.78814697265625,316.6612873829202,311.03975175794454,311.91289216820854,24040000
2023-08-22,316.357177734375,319.9086615433213,315.3761035356602,319.33965168167043,16084600
2023-08-23,320.8112487792969,322.96962389693414,317.33823788637403,317.69144015108157,21166400
2023-08-24,313.9143371582031,326.67812306443534,313.90451683464374,326.5505786182069,23281400
2023-08-25,316.86737060546875,319.2023021602644,312.7664575046709,315.3859389138882,21684100
2023-08-28,317.57366943359375,319.97728279727545,315.63113211282007,319.49656611253965,14808500
2023-08-29,322.1945495605469,322.7537689845137,315.7881368695037,315.7881368695037,19284600
2023-08-30,322.5674133300781,323.5680982937767,320.2717031615859,322.4496892096442,15222100
2023-08-31,321.55682373046875,324.6472008416001,320.59536043233794,322.96957268527206,26411000
2023-09-01,322.4398498535156,325.7068137627579,320.5954255688949,325.039690493004,14942000
2023-09-05,327.2372741699219,328.51268854222997,322.4398370951833,322.77339871686183,18553900
2023-09-06,326.5799560546875,328.13003998213503,323.9310439692956,327.0704931119819,17535800
2023-09-07,323.6661376953125,326.7761256123241,322.8027877562041,325.0200246507322,18381000
2023-09-08,327.9436340332031,329.79787848396427,323.2246699296337,323.8427514132207,19530100
2023-09-11,331.54425048828125,332.0151769294796,329.0817444207828,330.8574865040351,16583300
2023-09-12,325.4909973144531,330.41600927416135,325.20650733511536,329.464366041868,17565500
2023-09-13,329.6997985839844,330.4748555977099,324.90236123727334,325.0396960586879,16544400
2023-09-14,332.289794921875,334.4088885367708,330.2001023910707,332.7312602833099,20267000
2023-09-15,323.9703063964844,331.0144115945299,323.4110869464427,330.54351516502703,37679800
2023-09-18,322.83221435546875,324.1468499483667,320.18330252768726,321.5960515105036,16834200
2023-09-19,322.42999267578125,323.15600785929996,318.36836152476627,319.9969481018416,16505900
2023-09-20,314.69915771484375,323.35223927183466,314.44409878418986,323.27376651009695,21436500
2023-09-21,313.48260498046875,319.1924634099481,309.0383405191742,313.21772575271143,35560400
2023-09-22,311.01031494140625,315.36628640951005,310.16657563325697,315.23874198409163,21447900
2023-09-25,311.53033447265625,311.65787891913794,309.0383974245064,310.5983019329907,17836000
2023-09-26,306.2325134277344,309.9017213341856,304.1526109858872,309.1659156883459,26297600
2023-09-27,306.8702392578125,308.351641094393,303.8289029340856,306.38949249069975,19410100
2023-09-28,307.7041015625,309.5092743516403,303.5933986019012,305.10423119085175,19683600
2023-09-29,309.774169921875,313.42376704064515,309.0187535875625,311.73631826659,24147300
2023-10-02,315.70965576171875,315.7979787841784,309.21494955018176,310.294137124608,20570000
2023-10-03,307.4588317871094,315.3074247202829,305.320067458415,314.75799567015525,21033500
2023-10-04,312.9234313964844,313.9830083427308,308.0573115463436,308.086742575961,20720100
2023-10-05,313.31585693359375,313.92414811592056,308.9402741782087,313.0509776654909,16965600
2023-10-06,321.06634521484375,322.9598111936179,310.3137506624104,310.55901920701876,25673600
2023-10-09,323.5778503417969,324.0487467241728,317.06350427889305,318.6037977229235,19891200
2023-10-10,322.1749572753906,324.8336598616772,321.4685826836827,324.69629510828605,20557100
2023-10-11,326.1286926269531,326.5211163115986,322.9107705088474,324.94157131039,20063200
2023-10-12,324.89251708984375,327.3157714229003,322.4986937835042,324.313686937738,19313100
2023-10-13,321.52740478515625,327.51193245626143,320.18330820544537,326.0893930672297,21072400
2023-10-16,326.3445129394531,329.7782723940854,324.34311333126567,324.78457872571454,22158000
2023-10-17,325.77545166015625,327.148949363288,321.21346324546664,323.3521975217721,18338500
2023-10-18,323.8623352050781,329.23863169332765,322.086593597573,326.197296197931,23153600
2023-10-19,325.04949951171875,330.5042694735543,324.6472555112947,325.86377789501114,25052100
2023-10-20,320.4875183105469,325.6381577998448,319.29060660305254,325.441930986154,25027700
2023-10-23,323.08734130859375,326.4328077015871,318.25065300887303,319.31019990102027,24374700
2023-10-24,324.2744140625,325.55961871050516,321.39987419726737,325.02983032476106,31153600
2023-10-25,334.2225646972656,339.64790388750646,331.2302703891526,338.4902135639039,55053800
2023-10-26,321.6844177246094,335.1643669777935,320.75238530520863,334.0949997460641,37828500
2023-10-27,323.5680847167969,330.347311140755,322.1847664797221,324.17634594018955,29856500
2023-10-30,330.9261169433594,333.02562998161824,325.54981985866505,327.09993377177346,22828100
2023-10-31,331.7109680175781,332.5841383863149,328.355711175483,332.4369832511366,20265300
2023-11-01,339.52032470703125,340.8447807446002,333.2218157421507,333.35918048886424,28158800
2023-11-02,341.72772216796875,342.2280495770279,338.24489130724083,340.66814542171755,24348100
2023-11-03,346.1228942871094,347.6828282900891,340.75641832403534,343.0129064819289,23637700
2023-11-06,349.7823486328125,350.7732430573265,346.66254017187435,346.76065357014403,23828300
2023-11-07,353.7066345214844,355.60010029773895,350.86152569633424,352.5980160280282,25833900
2023-11-08,356.32611083984375,356.9834136941428,353.72624062685685,354.8348591059033,26767800
2023-11-09,353.8636474609375,357.8860575764988,353.53987621597344,355.44316251543404,24847300
2023-11-10,362.6736755371094,363.0955302142946,354.23643229337705,354.6484666487655,28042100
2023-11-13,359.740234375,361.49636535118015,358.9749977946541,361.2510968326077,19986500
2023-11-14,363.2622985839844,364.9105258370756,360.3975789598127,363.98831378189556,27683900
2023-11-15,363.4097900390625,366.8111878331865,360.89311508068755,364.99251089097083,26860100
2023-11-16,369.7996826171875,369.97662716885657,363.9111011410668,364.6778908657379,27182300
2023-11-17,363.5867004394531,368.0301447124906,360.78495838643414,367.28300549814645,40157000
2023-11-20,371.0481872558594,372.45396350296016,364.7172440162698,364.93351959280636,52465100
2023-11-21,366.7522277832031,369.848877892723,364.83523819118903,369.30820390562985,28423100
2023-11-22,371.45123291015625,373.358382009187,368.6200000208417,371.5986867063138,23345300
2023-11-24,371.038330078125,371.56919374191403,368.78713213501106,370.9400175476793,10176600
2023-11-27,372.1983337402344,374.19398507267124,369.82917280032854,370.3993374661879,22179200
2023-11-28,376.2191467285156,376.51405435302496,371.75602133936184,371.9428061684763,20453100
2023-11-29,372.4343566894531,377.79204546279357,371.0482307864117,377.2612117132878,28963400
2023-11-30,372.4933166503906,373.6533266294802,369.1115692531181,372.0804159794598,30554400
2023-12-01,368.1678161621094,371.7559987121957,365.02199502186244,370.37971321362784,33040500
2023-12-04,362.8887634277344,363.26230306598103,356.75441514637487,362.84943241289693,32063300
2023-12-05,366.2115173339844,366.76203156592914,359.4283719754838,360.2443330697854,23065000
2023-12-06,362.55450439453125,367.8434010010659,361.7975548433351,367.2142547508921,21182100
2023-12-07,364.66815185546875,365.15968459553505,360.1165538823308,361.9942125494772,23118900
2023-12-08,367.8925476074219,368.11863343182006,361.99415565369594,362.9477302195792,20154400
2023-12-11,365.0121765136719,365.30711413857625,359.90025435719485,362.2399548445349,27708800
2023-12-12,368.03997802734375,368.0793090380866,364.186348995361,364.5697588483691,24838300
2023-12-13,368.0301818847656,371.2448248811306,364.4911405130115,369.65223376326037,30955500
2023-12-14,359.7331237792969,367.430542857679,357.9636180145618,366.98815141610726,43277500
2023-12-15,364.45184326171875,366.09354566450713,360.0771902707865,360.6375447439286,78502300
2023-12-18,366.3393249511719,366.6834038503824,362.43655401042764,363.1935335888459,21802900
2023-12-19,366.93896484375,366.93896484375,363.5768683048988,365.1989200557806,20603700
2023-12-20,364.3436584472656,369.6620453460696,364.2551861699306,368.64948928220537,26316700
2023-12-21,367.2142333984375,368.06949543921024,363.77350472816454,366.25081857048275,17708000
2023-12-22,368.236572265625,368.8264174223801,366.3982450276754,367.3518195308778,17107500
2023-12-26,368.31524658203125,370.5566342519059,367.17488724110945,368.6494851818368,12673100
2023-12-27,367.73529052734375,368.7085156973093,366.4966184922779,367.3617208659254,14905400
2023-12-28,368.9248046875,370.0848147302982,367.82377617224904,369.01327697882084,14327000
2023-12-29,369.6719055175781,370.77293391810167,367.15526060187455,369.6325745030526,18730800
2024-01-02,364.5894775390625,369.5342955375811,360.55890320609336,367.528833625427,25258600
2024-01-03,364.32403564453125,366.93899315410624,362.26943260145976,362.760965291212,23083500
2024-01-04,361.7091064453125,366.7817278006742,360.95215684412767,364.3928859416935,20901500
2024-01-05,361.5222473144531,365.75925616095924,360.293415746423,362.72158812488135,21004600
2024-01-08,368.34478759765625,368.8461605661577,362.76098316710153,363.04605054064757,23134000
2024-01-09,369.4261474609375,369.62274253642516,364.9040407138779,365.71016152546855,20830000
2024-01-10,376.2879333496094,377.6642489138574,369.94717950336036,369.99632077317983,25514200
2024-01-11,378.1164245605469,384.0639578363486,373.9383968872458,379.4632192692285,27850800
2024-01-12,381.89141845703125,382.0978537915272,378.13610141587486,378.96187275463393,21661200
2024-01-16,383.660888671875,387.3572238467636,381.05577159415725,386.9934944812975,27202300
2024-01-17,382.87451171875,383.5036580222972,378.29342300551,381.40975376136174,22234100
2024-01-18,387.1999816894531,387.31794474262756,383.51348627386955,385.08639698467385,23392100
2024-01-19,391.9187316894531,391.9187316894531,386.8362699111173,389.0580075164466,29331100
2024-01-22,389.7952575683594,393.83564181909105,386.9246935015416,393.2457965997971,27016900
2024-01-23,392.1447448730469,392.61662702057765,387.25890909833606,389.0480951568549,20525900
2024-01-24,395.7427978515625,398.7608157750505,393.66854429552797,394.7400819620146,24867000
2024-01-25,398.0137023925781,400.1174768477645,395.7133328486228,397.4730283974927,21021200
2024-01-26,397.0895690917969,399.2916558179086,395.61497110591324,397.52212023438454,17803300
2024-01-29,402.78155517578125,403.03716177894273,397.48281829193445,399.1835322269837,24510200
2024-01-30,401.670654296875,406.05511721074,399.5669101187714,405.2785172108199,33477600
2024-01-31,390.84716796875,408.2867703249603,390.48343853417316,400.06832715130344,47871100
2024-02-01,396.942138671875,401.0906757831929,394.9956584155895,395.02514917701313,30657700
2024-02-02,404.25616455078125,405.6619409058491,396.72587980855803,396.9716461643717,28256700
2024-02-05,398.7804870605469,404.19718719885634,397.14859484100157,402.95851515251775,25352300
2024-02-06,398.6231689453125,401.06118187336995,396.0868734804641,399.0065788415849,18382600
2024-02-07,407.0382385253906,407.28400488846614,400.50085926773676,400.5401902860463,22340500
2024-02-08,407.09716796875,408.5226246925269,405.5439379531735,407.03818644922006,21225300
2024-02-09,413.42816162109375,413.69360849220726,408.060632682177,408.21792675374667,22032800
2024-02-12,408.227783203125,413.6149628644096,407.7264102051555,413.4380182771655,21202900
2024-02-13,399.43914794921875,403.12564326770877,396.55877347389134,398.0825128718903,27824900
2024-02-14,403.29986572265625,403.6445808998677,398.454256564083,401.9013482236895,20401200
2024-02-15,400.4141540527344,402.94531135993617,398.17847977076707,401.97028650604454,21825500
2024-02-16,397.9519348144531,402.11800189970467,397.3413119912312,401.7929735865366,22296500
2024-02-20,396.701171875,398.3754555316585,391.99343067715284,397.1443513475326,24307900
2024-02-21,396.100341796875,396.20869458459015,391.2153292491478,394.12074688500724,18518900
2024-02-22,405.42718505859375,406.5893400835542,402.393757864311,403.9892639250621,27009900
2024-02-23,404.1370544433594,409.57360004080124,402.7877689820269,409.3864998448466,16295900
2024-02-26,401.37933349609375,405.92948936303003,401.20203166596815,405.24005905629645,16193500
2024-02-27,401.3202819824219,402.14758039730725,397.74515057992284,401.82255205730473,14835800
2024-02-28,401.5566101074219,403.11271245725675,399.1928962585418,402.0096479981962,13183100
2024-02-29,407.3871765136719,407.9387088030321,399.7838756031993,402.46275960420144,31947300
2024-03-01,409.2190246582031,409.58342668223145,404.66886847100426,405.0529573414313,17823400
2024-03-04,408.6478271484375,411.04108655942895,406.0871243373175,407.19018891902937,17596000
2024-03-05,396.563232421875,407.98788407033936,394.5836375385052,407.70225951365865,26919200
2024-03-06,396.0117492675781,399.03534841652714,392.3676988449284,396.87845143918287,22344100
2024-03-07,402.9552001953125,403.58550992875143,396.15948083378726,399.98083315410713,18718500
2024-03-08,400.0792541503906,404.2157756071435,398.21781047797685,401.7929412980097,18002200
2024-03-11,398.4049987792969,399.5474670630361,395.19429952187465,397.65650787745375,16120800
2024-03-12,409.0023498535156,409.28797443620516,400.64069996356216,401.4581399062547,22457000
2024-03-13,408.8250427246094,411.8584699071754,405.2302248765396,411.7796924719957,17115900
2024-03-14,418.7921142578125,421.3528170705886,411.6713965625505,413.88738417925487,34157300
2024-03-15,410.1251220703125,416.2116937258995,406.54999083820695,412.95173236718284,45079900
2024-03-18,411.0115051269531,414.3699607798189,407.52500983634934,407.9879061886506,20106000
2024-03-19,415.0396728515625,415.295752126201,409.2682411150174,411.5137738248201,19837900
2024-03-20,418.8019104003906,419.5208559286198,414.3009867861631,415.6207267192323,17860100
2024-03-21,422.8793640136719,424.30745690999566,420.70278020104655,423.3324019440985,21296200
2024-03-22,422.25885009765625,423.3619145681295,419.62922855755534,423.2043596919927,17648500
2024-03-25,416.4677429199219,420.9489800236463,415.2366387798196,418.8117700116772,18060500
2024-03-26,415.2760009765625,419.5503905165624,414.9805480350016,419.1761300864183,16725600
2024-03-27,415.05938720703125,418.0337541903471,412.67598630724365,418.0238957387452,16705000
2024-03-28,414.3601379394531,415.4927478182186,412.784318516005,414.59650033328086,21871200
2024-04-01,418.15191650390625,421.42173632509054,415.8374347010724,417.5412936572551,16316000
2024-04-02,415.0692443847656,415.9950371448598,411.52365828826186,413.7593326884334,17912000
2024-04-03,414.0942077636719,416.8617275140834,412.75475080677563,413.3850905644336,16502300
2024-04-04,411.5630187988281,422.18991752028893,411.25770739473046,418.5655243045058,19370900
2024-04-05,419.0875549316406,420.0626098925823,411.99641280038685,413.6608680769513,16554800
2024-04-08,418.171630859375,420.820969557038,416.9011228829619,418.7428800514856,14272400
2024-04-09,419.8360595703125,421.27398079875763,415.24649970194963,419.9936445079337,12496900
2024-04-10,416.8616943359375,417.62004361877445,413.3555123677214,415.8078620441207,16216600
2024-04-11,421.4610900878906,422.8793243997448,415.9752830660833,419.3830008173104,17966400
2024-04-12,415.5222473144531,418.7526632511182,413.42444113170603,417.6397403424306,19253800
2024-04-15,407.3871765136719,420.36793227353456,407.1803293629701,420.15125672726765,20273500
2024-04-16,408.3128967285156,412.07515806913636,407.47576998606934,408.3030683339737,16765600
2024-04-17,405.6143493652344,412.5479364642673,404.127165910336,410.9425718180864,15855500
2024-04-18,398.15875244140625,405.66358827577534,397.8436126348303,404.4226257260466,21029900
2024-04-19,393.08660888671875,399.35048216055003,391.7570104509112,397.922389385747,30565800
2024-04-22,394.8988342285156,396.76027825597146,389.7676002006902,394.0321320394096,20286900
2024-04-23,401.4089050292969,402.0293863346637,396.9670716039761,398.1292267170022,15734500
2024-04-24,402.8763732910156,406.23482905911584,400.63084049682084,403.36881495690267,15065300
2024-04-25,393.0078430175781,393.8449998393028,382.16426819567243,388.0735680343126,40586500
2024-04-26,400.17779541015625,406.7568087350332,399.6262631587446,405.9393688090581,29694700
2024-04-29,396.1693115234375,400.17779380940664,393.1555709987601,399.12396145400385,19582100
2024-04-30,383.44464111328125,396.0807119739039,383.2870862186978,395.4208268707794,28781400
2024-05-01,388.9698486328125,395.64735681788176,384.4098337259813,386.6750535015372,23562500
2024-05-02,391.8260192871094,393.8844220443445,388.68423874810395,391.64874748361706,17709400
2024-05-03,400.5126647949219,400.9952480161036,395.7852067038653,396.1988709336313,17446700
2024-05-06,407.28863525390625,407.67272409935384,400.2270089943109,402.5808944329267,16996600
2024-05-07,403.1521301269531,408.4015749957849,402.90590929968624,408.3917165446932,20018200
2024-05-08,404.3339538574219,405.9984088555703,400.56183440244655,401.999785502548,11792300
2024-05-09,406.08709716796875,406.48104448418644,402.91577167959764,404.3635513602943,14689700
2024-05-10,408.47052001953125,409.1008598045123,405.5749605018169,406.6977419727187,13402300
2024-05-13,407.4659423828125,412.0259571204268,404.60978666771797,411.6911003868472,15440200
2024-05-14,410.26300048828125,411.1789347782618,405.3287253515243,405.79162172220066,15109300
2024-05-15,417.43603515625,418.1563076849087,411.703543849402,412.32514437118755,22239500
2024-05-16,415.3738708496094,419.744796345379,414.7424242787078,416.1730628235195,17530100
2024-05-17,414.60430908203125,417.2781788386251,412.4533979292135,416.903243294278,15352200
2024-05-20,419.6658630371094,421.07677928196154,414.3872272445279,414.6042935983872,16272100
2024-05-21,423.31646728515625,427.19403250712804,419.18236091724964,421.1359277656362,21453300
2024-05-22,424.7767639160156,426.6415653807663,421.43200286988593,424.35250743086516,18073700
2024-05-23,421.3037414550781,427.81570226312846,419.7448321943187,427.19410176133954,17211700
2024-05-24,424.4215393066406,425.3095270127513,418.74824604311783,421.49115879915024,11855300
2024-05-28,424.5794372558594,425.0727671383065,420.9090617260336,423.8986396092449,15718000
2024-05-29,423.44482421875,425.1912013264544,420.011237075474,420.011237075474,15517100
2024-05-30,409.13818359375,418.63969103885734,408.7138970465268,418.63969103885734,28394500
2024-05-31,409.592041015625,411.19042489219277,399.1137199488239,411.19042489219277,47995300
2024-06-03,408.0035400390625,410.8747236026411,403.4649291544174,409.9867358256656,17484700
2024-06-04,410.51953125,410.88459054146256,404.21476096620233,406.9280752908703,14348900
2024-06-05,418.3536376953125,418.42268099839066,410.746468843911,412.23633479956106,16988000
2024-06-06,418.8568115234375,419.63628120393724,414.96936946485204,418.35363549566944,14861300
2024-06-07,418.19573974609375,420.5933157045514,417.3570729391347,420.51439617340435,13621700
2024-06-10,422.1621398925781,422.3693300275411,418.2352530096641,419.0344450692757,13982900
2024-06-11,426.907958984375,427.04610581067664,419.57708382911113,419.8040264249776,14551100
2024-06-12,435.1761779785156,437.48495834500466,427.47036718999846,429.51276024474697,22366200
2024-06-13,435.6891784667969,437.47506023111936,433.50866895377334,434.9689361541973,15960600
2024-06-14,436.6660461425781,437.2284494695541,430.8940801420427,432.4332670607897,13582000
2024-06-17,442.3886413574219,444.92436422206765,434.84070005199675,436.68574902549324,20790000
2024-06-18,440.3857116699219,444.1350368072149,438.95507309068336,443.7107502283828,17112500
2024-06-20,439.7542724609375,440.57318682315986,435.38334678666155,440.3462442358131,19877400
2024-06-21,443.77984619140625,444.569161991758,440.5534794666223,441.4118686798834,34187100
2024-06-24,441.697998046875,446.71021649298933,440.45479708566984,443.7995580906483,15913700
2024-06-25,444.9342346191406,445.3979659147229,440.7902515475345,442.27024120018433,16413400
2024-06-26,446.1280822753906,447.5488747436615,442.21104180989477,443.0102338094888,16507000
2024-06-27,446.8088684082031,450.0845859651154,445.74325902922413,446.14779313508967,14806300
2024-06-28,440.9875793457031,449.305113661538,440.45477465939115,447.02593208902044,28362300
2024-07-01,450.63714599609375,451.2685926172397,439.71481466960876,442.67479410049566,17662800
2024-07-02,453.1531066894531,453.4589688152071,447.06540254269134,447.1542284209129,13979800
2024-07-03,454.6231994628906,454.869864398923,451.7717684597979,452.07763057164084,9932800
2024-07-05,461.3226318359375,462.1021014719612,452.8472281684966,453.478674753155,16000300
2024-07-08,460.0202331542969,461.4607780718062,458.26398000009,460.326095268591,12962300
2024-07-09,453.4096374511719,461.09569535136285,451.89017298008986,460.77011087707854,17207200
2024-07-10,460.0301513671875,460.2373415030919,452.7387206812327,455.06725356597207,18196100
2024-07-11,448.6342468261719,458.5797648874454,445.5262442034591,456.8037891977259,23111200
2024-07-12,447.4995422363281,450.2720538778231,444.6382348256943,448.26913567933263,16324300
2024-07-15,447.904052734375,451.1600479833261,445.40780476541227,447.2528536845848,14429400
2024-07-16,443.5233459472656,448.23957904931154,440.7015130955866,448.16065950617855,17175700
2024-07-17,437.6033020019531,438.9155762729031,433.3212024908107,436.6857157018079,21778000
2024-07-18,434.4953918457031,438.7182947848892,428.6050313568636,438.4124326412694,20794800
2024-07-19,431.27886962890625,435.2551377032439,426.23705228293636,427.3223841326024,20940400
2024-07-22,437.03106689453125,438.6689256733767,433.05482935357276,435.89641421757136,15808800
2024-07-23,438.91558837890625,442.4083722657051,437.1889338456379,437.97824958808866,13107100
2024-07-24,423.17840576171875,435.5906035987281,421.88588376058476,434.5743451525585,26805800
2024-07-25,412.8184509277344,424.066366533815,411.94033937034624,423.0797067418699,29943800
2024-07-26,419.5967712402344,423.19810333197387,411.7034934246348,412.6211098546519,23583800
2024-07-29,421.037353515625,426.3850328487882,419.0344352964457,425.8226295279651,15125800
2024-07-30,417.2781677246094,423.32636688783225,411.7923116419938,422.0141226280364,32687600
2024-07-31,412.7691345214844,416.1533704185598,406.7110288792971,414.89044707540063,42891400
2024-08-01,411.5456237792969,421.75755796351626,407.57926252131097,415.1765544542287,30296400
2024-08-02,403.0406494140625,409.46381430513844,398.9460172931046,406.98728858808795,29437900
2024-08-05,389.87860107421875,395.6900415573509,380.43625987349014,383.9783949357412,40709200
2024-08-06,394.27911376953125,400.2582999432438,393.18393582915473,394.6639255499671,24946500
2024-08-07,393.11480712890625,404.6093863218842,392.1676222717273,403.1886240913476,20650900
2024-08-08,397.3179931640625,400.4456875209913,394.60467901527096,397.0713282414451,20203000
2024-08-09,400.60357666015625,402.6064947272633,396.89375651412195,398.64013341356633,19276700
2024-08-12,401.383056640625,403.30705522680034,398.84733381774834,401.6297215819056,16762900
2024-08-13,408.4870300292969,409.41449264240543,404.10625814496586,404.1259805010332,19414300
2024-08-14,411.2989807128906,412.14752377963794,406.9478375879701,409.26646397851016,18267000
2024-08-15,416.1620788574219,416.2411406304339,412.8310473922666,414.9462891736181,20752100
2024-08-16,413.6317138671875,416.46852653153576,412.4752279591184,415.73709195319884,22775600
2024-08-19,416.6563720703125,416.87382969073013,411.64498293028373,414.11607854196563,15234000
2024-08-20,419.88848876953125,420.9362307322599,416.76505094858624,416.82435482083605,16387600
2024-08-21,419.2361145019531,421.4699639056496,416.84408123122563,419.1767804694493,16067300
2024-08-22,410.7454833984375,421.8555493177983,409.8163490739685,419.45362155809136,19361900
2024-08-23,411.9711608886719,414.4126044200127,407.32548933843145,412.15896655760116,18493800
2024-08-26,408.7092590332031,412.4554478665689,406.58412315782203,411.55596557862424,13152800
2024-08-27,409.05523681640625,409.5692137906275,405.5067475085558,408.0865565785304,13492900
2024-08-28,405.85272216796875,410.2018441208808,402.6007521142328,410.08323636580656,14882700
2024-08-29,408.3435974121094,417.1703435807569,405.8527439277849,410.1425622331587,17045200
2024-08-30,412.3171081542969,412.663037378181,407.3650233246306,410.7949049431994,24308300
2024-09-03,404.7061462402344,415.0254436454868,402.3240065159735,413.0782191501631,20313600
2024-09-04,404.1723327636719,406.48527429622453,399.6947093805116,401.21691249953295,15135800
2024-09-05,403.6682434082031,408.3237783354607,401.4343636867301,402.9071267784607,14195500
2024-09-06,397.05560302734375,405.9021060614487,396.165984591682,404.33049307771034,19609500
2024-09-09,401.02911376953125,403.9252302108811,397.5003824546475,402.5315288470681,15295100
2024-09-10,409.4111022949219,411.5164502597468,402.9862541865475,403.48047327180706,19594300
2024-09-11,418.14886474609375,419.0878628478116,404.8444661227044,410.6960329818373,19266900
2024-09-12,422.0630798339844,422.42879711427406,414.89690341994134,418.415740735589,17395700
2024-09-13,425.611572265625,426.83722589839596,420.5408798146308,420.9065970976519,15874600
2024-09-16,426.3529052734375,428.517587221267,423.2689830915265,425.6214706998335,13834700
2024-09-17,430.1188659667969,436.741413807479,427.2721591954558,435.1401487897844,18874200
2024-09-18,425.8290710449219,430.9887198071655,425.43370178624906,429.97062963783105,18898000
2024-09-19,433.617919921875,436.39542861722236,431.8486072464737,436.12856118496126,21706600
2024-09-20,430.23748779296875,434.161588684006,429.1996397408119,432.16495436382024,55167100
2024-09-23,428.4978332519531,431.41370770372646,425.4139110417271,429.2589197702658,15128900
2024-09-24,424.2080383300781,428.33970279345715,421.17352579677157,427.9937433882553,17015800
2024-09-25,427.1139831542969,428.1123153119531,423.61493391499886,424.8603454388432,13396400
2024-09-26,426.3232727050781,430.2671314248125,424.1684846935021,430.0595678513369,14492000
2024-09-27,423.0712585449219,426.85699330507344,422.52762966372916,426.5307918445686,14896100
2024-09-30,425.3249206542969,425.4435585697777,420.4519278512811,423.2590885562286,16807300
2024-10-01,415.8260498046875,423.52599147760804,413.9677812470877,423.49633953955015,19092900
2024-10-02,412.3071594238281,417.9313742160245,411.8920021796072,417.6941285772976,16582300
2024-10-03,411.7240295410156,414.699207817815,409.50004373541833,412.80142348929195,13686400
2024-10-04,411.24957275390625,414.8969119270876,410.172178794162,413.40436067339476,19169700
2024-10-07,404.80499267578125,412.287446994849,404.27122759664127,411.1902950616205,20919800
2024-10-08,409.9151611328125,410.8541894054543,403.45079759655545,406.1492143378804,19229300
2024-10-09,412.63336181640625,415.51961434814075,409.5098937927917,411.0518548194861,14974300
2024-10-10,411.0321350097656,412.5246863355552,408.37323385448985,410.4292021904471,13848400
2024-10-11,411.506591796875,412.30722431233596,408.4720793339732,411.32868016338136,14144900
2024-10-14,414.2939758300781,419.137316675548,412.692680707405,412.9397902420181,16653100
2024-10-15,413.8985900878906,417.5953693595967,410.4588445581101,417.29881980944174,18900200
2024-10-16,411.3088684082031,411.5460839058675,405.7340930599272,410.36987028679,15508900
2024-10-17,411.90191650390625,417.6150873802946,410.78497665094557,417.4766915704916,14820000
2024-10-18,413.3252868652344,414.79805000770625,411.447260474788,412.31709084461266,17145300
2024-10-21,413.9381103515625,414.1160219717621,408.9662678666254,411.30886136013186,14206100
2024-10-22,422.56719970703125,425.60168187753965,413.2066892964129,413.6514683614362,25482200
2024-10-23,419.69085693359375,426.0959170295647,417.64478266305224,425.8784594235447,19654400
2024-10-24,419.8193664550781,421.0549142018695,417.51628856280456,420.41240524174606,13581600
2024-10-25,423.1997985839844,427.51926858228103,421.638079540004,421.82588520642906,16899100
2024-10-28,421.6578369140625,426.94598717649535,421.3711813975522,426.669225694439,14882400
2024-10-29,426.95587158203125,428.16176733338216,420.87695281886124,423.05152881793293,17644100
2024-10-30,427.5291748046875,433.43015208412135,427.10415361686785,432.38241000195467,29749100
2024-10-31,401.6518249511719,411.3484002261627,401.60238494770107,410.55763165325993,53971000
2024-11-01,405.6253662109375,410.69605883957496,402.78855349489004,404.2811047814158,24230400
2024-11-04,403.7374572753906,405.6748178590432,400.88088657331804,405.06196083886334,19672300
2024-11-05,406.7027587890625,410.102988488707,403.3618329661191,403.6484884800003,17626000
2024-11-06,415.3219299316406,415.58882753455555,405.77361389082967,407.65167048638625,26681800
2024-11-07,420.51123046875,421.91482589939426,415.0254108601489,416.40921822256973,19901800
2024-11-08,417.6546325683594,421.568838898406,416.90340997880253,420.4024892096892,16891400
2024-11-11,413.177001953125,419.8983686763573,411.1902318053884,417.6348370791872,24503300
2024-11-12,418.1390075683594,419.5327090402253,412.37642617579047,413.4142742125201,19401200
2024-11-13,420.2839050292969,424.366129168666,413.3747019871383,416.7650676989441,21502200
2024-11-14,421.9543762207031,423.21957584577814,415.14402288993426,420.086213638624,30246900
2024-11-15,410.20184326171875,417.91164897279026,408.85758182070697,414.9661225121513,28247600
2024-11-18,410.9530334472656,413.5624943414024,407.33534638732004,410.07330906060787,24727000
2024-11-19,412.95953369140625,413.1077933632076,406.7916598618573,408.33362077806083,18133500
2024-11-20,410.6861572265625,412.46536399512735,405.8329222910528,412.05020669970736,19191700
2024-11-21,408.913330078125,415.7571129679985,406.35806834126146,415.4797975064388,20780200
2024-11-22,413.0037536621094,413.3999142872652,407.1206761919346,407.4277029433142,24814600
2024-11-25,414.7765808105469,417.0446130867062,410.8743369468268,414.3705063731925,27691100
2024-11-26,423.8883972167969,424.92835279721186,414.8360050762814,415.56890369905886,23458900
2024-11-27,418.9363708496094,423.1357584170694,417.9756653943907,421.03604952077916,18332400
2024-11-29,419.4018249511719,420.808229889217,413.7960631011275,416.06412568619913,16271900
2024-12-02,426.8498229980469,428.8504539576372,417.2724796995242,417.52999772728793,20207200
2024-12-03,427.06768798828125,428.3255063010946,423.64082448545395,425.7207055754366,18302000
2024-12-04,433.22802734375,435.4564646159383,428.48392353237045,428.8800841135143,26009400
2024-12-05,438.3782043457031,440.3986627358307,431.9900352112823,433.72326431540773,21697800
2024-12-06,439.3191223144531,441.82487523918803,437.5363542028089,438.0612738202398,18821000
2024-12-09,441.74560546875,444.03346541962105,436.2785166631167,438.3583975889403,19144400
2024-12-10,439.0813903808594,445.31111943385133,437.3679889585384,440.13125981361975,18469500
2024-12-11,444.68719482421875,446.0341772846715,439.7945337941877,439.7945337941877,19200200
2024-12-12,445.2516784667969,451.78843398650577,444.8059789125675,444.8059789125675,20834800
2024-12-13,442.983642578125,447.10377945438483,441.30983602760955,444.142443353527,20177800
2024-12-16,447.26226806640625,447.8466102847365,441.0127411892908,442.9836607244317,23598800
2024-12-17,450.1047668457031,450.9268296361061,445.2616448801094,446.68784735190707,22733500
2024-12-18,433.1983337402344,448.3120705924071,432.83185420697276,446.9948298056794,24444500
2024-12-19,432.8417663574219,438.93282241461935,432.13857903304347,437.38777493352876,22963700
2024-12-20,432.4158935546875,439.48745236080407,424.5222720446017,428.95931906801104,64263700
2024-12-23,431.078857421875,433.4558513948008,428.6820357713906,432.5545685943141,19152500
2024-12-24,435.11968994140625,435.3871217541817,430.0289645876171,430.4845477379295,7164500
2024-12-26,433.9114074707031,436.7143034093448,432.44561022869516,434.8721127935591,8194200
2024-12-27,426.4040832519531,431.04913980352325,422.2641488688207,430.4350863105853,18117700
2024-12-30,420.7586669921875,423.45260132830686,417.8567536350218,421.97689027997586,13158700
