Price,Close,High,Low,Open,Volume
Ticker,NVDA,NVDA,NVDA,NVDA,NVDA
Date,,,,,
2019-01-02,3.376983165740967,3.433010007847513,3.224024907740163,3.2386513988649237,508752000
2019-01-03,3.1729562282562256,3.3507052459793867,3.165519097139286,3.316742024101778,705552000
2019-01-04,3.376239538192749,3.4144169818756085,3.215348139631183,3.2460884527348273,585620000
2019-01-07,3.554980516433716,3.5919186397254865,3.3821894994418393,3.4335063448265637,709160000
2019-01-08,3.466478109359741,3.6387733656129213,3.3938414171322027,3.6365420131825394,786016000
2019-01-09,3.5346522331237793,3.5820023877661367,3.4672215634745385,3.5177943883948593,617260000
2019-01-10,3.6003472805023193,3.60902397316226,3.4548261413772305,3.5153154560127566,523156000
2019-01-11,3.689593553543091,3.71240095974809,3.550269993885523,3.5780354085235424,874764000
2019-01-14,3.7295072078704834,3.754793742407091,3.613734811399455,3.6372860071160105,730168000
2019-01-15,3.7153759002685547,3.801647281182915,3.697030725093578,3.7622300379858937,617012000
2019-01-16,3.6898415088653564,3.775617115928141,3.684387722957906,3.742645684392983,470104000
2019-01-17,3.7612388134002686,3.8011518373038555,3.6296003784225475,3.6568702549730676,493436000
2019-01-18,3.8903980255126953,3.916428340056704,3.7595033779921327,3.811067993420753,651336000
2019-01-22,3.688105583190918,3.8718043740054275,3.65786104942463,3.860152783573428,661552000
2019-01-23,3.700997829437256,3.832140498706805,3.6697617321374816,3.7433899797440273,591020000
2019-01-24,3.9129574298858643,3.9305585846595252,3.780823228932097,3.7855334670386362,708972000
2019-01-25,3.9702234268188477,3.9883205944405153,3.750826299809421,3.8534595064595667,1154572000
2019-01-28,3.421358585357666,3.511348652137013,3.247576258086447,3.385164247758499,2511528000
2019-01-29,3.262450695037842,3.4235901208092536,3.2478242024071347,3.3752481748667558,1153932000
2019-01-30,3.4059884548187256,3.420366939461349,3.258979756236235,3.3385577900313033,974228000
2019-01-31,3.563656806945801,3.5993553648950183,3.380949556495698,3.40276540758192,842852000
2019-02-01,3.5879523754119873,3.6390212200351972,3.5346526511512444,3.5822505818322514,625048000
2019-02-04,3.698270797729492,3.735456694006044,3.581754626882313,3.603818252368476,528592000
2019-02-05,3.7173590660095215,3.754049180499091,3.6764544905665915,3.7101697053492084,542424000
2019-02-06,3.792970895767212,3.8574266662735943,3.745124963345141,3.750578749480347,702464000
2019-02-07,3.6546390056610107,3.7488435420610164,3.611751317049208,3.7466124261619984,637120000
2019-02-08,3.6732330322265625,3.683892836902394,3.5730786728449275,3.58745716248674,461604000
2019-02-11,3.630592107772827,3.683396048547904,3.5822501621722687,3.629104539625841,495180000
2019-02-12,3.74760365486145,3.7632219376409886,3.654638687915158,3.6690174094314227,591060000
2019-02-13,3.7899959087371826,3.8631283704339263,3.7634698170633993,3.77710475493226,605372000
2019-02-14,3.8309009075164795,3.8591623408348905,3.7458688371274285,3.7890047712508377,827264000
2019-02-15,3.9005625247955322,4.062445269128536,3.8777551155326657,4.039638096287828,1516748000
2019-02-19,3.883208751678467,3.9637785833052037,3.870813611202492,3.889902335586985,551892000
2019-02-20,3.9305591583251953,3.9977418264303024,3.9013064074232053,3.9124619872803987,540988000
2019-02-21,3.8616411685943604,3.9677450725094796,3.8470146748676446,3.9432025602930296,448548000
2019-02-22,3.9464244842529297,3.965265435947853,3.8998181186262215,3.9134530552089353,401740000
2019-02-25,3.9340298175811768,4.097400123693652,3.9253528882636495,4.029969689522631,656020000
2019-02-26,3.8946125507354736,3.985346406465536,3.8611451042377856,3.929319558557759,488464000
2019-02-27,3.8527162075042725,3.9067597070524536,3.7956975718020582,3.8802338527077245,500256000
2019-02-28,3.828148365020752,3.8688470752041852,3.805813975406926,3.8465124489245444,324944000
2019-03-01,3.882495403289795,3.9246827342467894,3.819710339984673,3.87802833679696,357188000
2019-03-04,3.8906850814819336,3.9437917024778617,3.8341039699543926,3.920960789931432,409992000
2019-03-05,3.884232521057129,3.922449310227375,3.8207029073730547,3.8750503623611467,362924000
2019-03-06,3.773303985595703,3.883736023115887,3.7705742825406046,3.8752986515520482,403524000
2019-03-07,3.7040672302246094,3.759407506394355,3.657909114121381,3.749729058125882,450104000
2019-03-08,3.738313674926758,3.7489846994719547,3.59338687172159,3.6147289208119844,422416000
2019-03-11,3.9988834857940674,4.021714160378522,3.7147378155242583,3.7618887391202787,859728000
2019-03-12,4.033130168914795,4.079536070908694,3.950491917364302,4.0266777127384925,579576000
2019-03-13,4.184508323669434,4.21379145284702,4.063157002925212,4.070602034749385,768900000
2019-03-14,4.108572006225586,4.205603580882713,4.100878946410553,4.193691715792876,519384000
2019-03-15,4.2140398025512695,4.256723419501709,4.148276540430737,4.151750793825906,661484000
2019-03-18,4.192698001861572,4.299407760456572,4.165648050280749,4.245556356360159,486992000
2019-03-19,4.360455513000488,4.404876735512573,4.270372939225768,4.287247683533354,854972000
2019-03-20,4.327947616577148,4.4428465182643775,4.2932045970185815,4.389491623226425,719148000
2019-03-21,4.564692974090576,4.590998377395191,4.346062531082183,4.3510258861708415,824312000
2019-03-22,4.404876708984375,4.586034905106406,4.390979693756557,4.537395351809043,747644000
2019-03-25,4.312560558319092,4.428452011351479,4.2463012357652055,4.364178314815477,525212000
2019-03-26,4.389242649078369,4.510345483093209,4.332909563202776,4.454260896302469,703508000
2019-03-27,4.38006067276001,4.461209590640525,4.310575592412955,4.414803686265147,474372000
2019-03-28,4.398673057556152,4.464435858708699,4.345566197104481,4.406117617184522,480264000
2019-03-29,4.455998420715332,4.480318673320571,4.415051921189798,4.4654286068279845,456896000
2019-04-01,4.523499488830566,4.5537752044790984,4.4761005255341555,4.5478192716741095,483824000
2019-04-02,4.541366100311279,4.585787326890967,4.504638406005335,4.547570531284838,440920000
2019-04-03,4.680832862854004,4.739895651601616,4.586034959288604,4.590998314309059,783504000
2019-04-04,4.671900272369385,4.714335878849581,4.609115189644148,4.665447814698832,457376000
2019-04-05,4.7386555671691895,4.756027313373713,4.678600662856192,4.715080335889151,481744000
2019-04-08,4.7595014572143555,4.784565789395119,4.684059961542745,4.708131717201252,424192000
2019-04-09,4.696715831756592,4.737166278663912,4.654528257804142,4.72599896575498,439972000
2019-04-10,4.76719331741333,4.793002196387266,4.691504280805379,4.695971111140945,444772000
2019-04-11,4.753296375274658,4.801191854240975,4.703912268394467,4.769675068980152,374600000
2019-04-12,4.71532678604126,4.795979638379357,4.706641152507191,4.792008860193128,471708000
2019-04-15,4.583553791046143,4.712598195926281,4.5438478931340445,4.707634840354359,440092000
2019-04-16,4.670658588409424,4.6895189606848335,4.590006191352661,4.622763580392764,394964000
2019-04-17,4.647828102111816,4.72649534954194,4.625493474723939,4.705649823535029,351004000
2019-04-18,4.623257160186768,4.6885238775970155,4.595463141517052,4.654525904521578,380988000
2019-04-22,4.67711067199707,4.692744814609717,4.568167725221055,4.599684036202599,279936000
2019-04-23,4.731705665588379,4.7629744208895,4.680584438559012,4.690262648692707,346856000
2019-04-24,4.744115352630615,4.784813830160502,4.681330272417644,4.742129726248216,318204000
2019-04-25,4.638397216796875,4.726246611732647,4.5587374048909775,4.703911987709547,499296000
2019-04-26,4.419517993927002,4.489003538981832,4.300648348135763,4.484536235801149,868988000
2019-04-29,4.450291633605957,4.478085671094279,4.3552452080308965,4.42746047900362,391920000
2019-04-30,4.491733551025391,4.5172939298826655,4.398920800745768,4.418029196784141,362920000
2019-05-01,4.478580951690674,4.586283290364905,4.478332452616644,4.544095720899642,354280000
2019-05-02,4.546082019805908,4.587773074967162,4.445080137362856,4.488260294017494,394684000
2019-05-03,4.541614532470703,4.564445209856069,4.480070061840967,4.55451897244162,336824000
2019-05-06,4.463194847106934,4.475354735160598,4.318019794360678,4.3552440090825275,422176000
2019-05-07,4.295934200286865,4.414803865661272,4.247790693614883,4.414803865661272,555220000
2019-05-08,4.316034317016602,4.396190645841569,4.256475483276503,4.26838734469083,419168000
2019-05-09,4.223470687866211,4.256724603419944,4.1046014888802915,4.2470463910318275,660248000
2019-05-10,4.18947172164917,4.258212715543854,4.0698575264241175,4.192697949472911,569500000
2019-05-13,3.9321281909942627,4.080529244233169,3.916245785820489,4.057450068746482,656912000
2019-05-14,4.021217346191406,4.056456401002324,3.9331197091641124,3.9718327803188993,524880000
2019-05-15,3.9601705074310303,3.996650174053518,3.906319334322508,3.965629914136931,502320000
2019-05-16,3.975308418273926,4.017992518689497,3.9122755540920737,3.954711155397905,781088000
2019-05-17,3.8844809532165527,4.062661426385714,3.8450233212653178,3.93336900724729,1022068000
2019-05-20,3.765859842300415,3.840804806416889,3.7410435381120637,3.7857127909847694,572064000
2019-05-21,3.84800124168396,3.863883647556479,3.787946108956889,3.8266594288963143,361848000
2019-05-22,3.777027130126953,3.8353451369119655,3.766107842757893,3.8092882306886033,325868000
2019-05-23,3.655924081802368,3.7147383773241556,3.596116973178139,3.7147383773241556,591844000
2019-05-24,3.602072238922119,3.710022598078522,3.5953717575496245,3.674783537771877,357584000
2019-05-28,3.5569064617156982,3.6524489011476025,3.554921072680236,3.6196915203898934,428356000
2019-05-29,3.4827072620391846,3.5442512666030295,3.447964480323731,3.5092604590891288,559800000
2019-05-30,3.456122636795044,3.5217121809439496,3.417861990396215,3.48593604441401,394300000
2019-05-31,3.3654403686523438,3.4745079022361622,3.3637012589005266,3.4071792396318887,389720000
2019-06-03,3.323702335357666,3.4153785510575725,3.2943857731361943,3.376621037923832,478644000
2019-06-04,3.5527679920196533,3.5579853208008885,3.36568860853055,3.3878001786418674,641836000
2019-06-05,3.510035991668701,3.6320227028941674,3.47376299308284,3.6265568274442597,511616000
2019-06-06,3.5721471309661865,3.5967432137193844,3.511774906305069,3.514259416547438,408140000
2019-06-07,3.614880323410034,3.64916567019704,3.5589800181816815,3.5781104659604397,348856000
2019-06-10,3.6876745223999023,3.756245446359762,3.6710285868738093,3.6710285868738093,402780000
2019-06-11,3.7453136444091797,3.7853134087433036,3.7058109717021224,3.7475496089871716,383872000
2019-06-12,3.6322710514068604,3.7080469602873056,3.617115917017962,3.70183568426828,358892000
2019-06-13,3.68345046043396,3.7018352667303276,3.6367425703957896,3.6543822132026853,308080000
2019-06-14,3.5935134887695312,3.614631353049393,3.548793486774963,3.590283814836257,394428000
2019-06-17,3.6032023429870605,3.6402207353395446,3.5689167693943764,3.5917737394775298,276040000
2019-06-18,3.798232316970825,3.8536355206591346,3.653637186629092,3.6645686998889,581920000
2019-06-19,3.804194927215576,3.84493985103334,3.7781080445919204,3.8335114834756485,331644000
2019-06-20,3.828542470932007,3.9087903005945064,3.814132738561449,3.8948774228662537,350168000
2019-06-21,3.7704055309295654,3.8628273488225866,3.7639459478761794,3.813635194093542,434428000
2019-06-24,3.7927663326263428,3.8223314347522352,3.7445678782554253,3.7917726233411475,282948000
2019-06-25,3.7634496688842773,3.872765742957589,3.7607168499600174,3.7977352445402626,311868000
2019-06-26,3.956740379333496,4.017858241684351,3.8779833471463765,3.8909025161456934,584072000
2019-06-27,4.055372714996338,4.074502920140535,4.006428864654042,4.042453547722465,445440000
2019-06-28,4.0802178382873535,4.10854068621403,4.033510183336779,4.0993480457661455,397668000
2019-07-01,4.128416538238525,4.321706990830215,4.090901047645877,4.287421411109125,709756000
2019-07-02,4.030527591705322,4.132887208056001,4.017360117227475,4.111769113259684,400228000
2019-07-03,4.043447971343994,4.05959705175763,3.9835728354097175,4.053882630539049,246636000
2019-07-05,3.980839967727661,3.9895355169510505,3.917486138960805,3.985063587903578,396552000
2019-07-08,3.905808448791504,3.9400940211307094,3.8757467327250414,3.9212121254619237,329788000
2019-07-09,3.9082937240600586,3.9363680273034034,3.850902862411246,3.863573485967393,342860000
2019-07-10,3.976616859436035,4.034007491697932,3.9378593462491125,3.9517722267974507,452076000
2019-07-11,4.131149768829346,4.1718947004786635,4.012392720103022,4.049659431658763,682560000
2019-07-12,4.1641926765441895,4.235248350308452,4.158975346633324,4.158975346633324,506392000
2019-07-15,4.155745983123779,4.201459940025243,4.127423602088559,4.185311330386001,289840000
2019-07-16,4.15102481842041,4.178105174932756,4.095372830579117,4.1408384684179715,341444000
2019-07-17,4.216365814208984,4.223322253041952,4.123447125372222,4.152763681560259,348204000
2019-07-18,4.228043079376221,4.290899820350118,4.170155359366945,4.226801061071026,442192000
2019-07-19,4.184813499450684,4.272763177319047,4.178850769267074,4.266303829378748,344896000
2019-07-22,4.256365776062012,4.269284945778942,4.1987263670271,4.206179898204065,315940000
2019-07-23,4.364190578460693,4.366177997005154,4.279967438837135,4.295619899958281,428176000
2019-07-24,4.43872594833374,4.444440371514588,4.331397717545399,4.407421959999151,366236000
2019-07-25,4.307545185089111,4.409904829207143,4.284191357013776,4.397233968892098,392700000
2019-07-26,4.3495330810546875,4.396240742334675,4.3346264915523784,4.3346264915523784,274160000
2019-07-29,4.343321800231934,4.359470881054014,4.255123812592411,4.34232809083659,248160000
2019-07-30,4.358972072601318,4.371145837175373,4.282450792835538,4.296860758072301,197772000
2019-07-31,4.191769123077393,4.3284143252014635,4.149533402256762,4.327420142137795,359416000
2019-08-01,4.097360134124756,4.292637970423486,4.045186373406644,4.202203799351424,421212000
2019-08-02,4.0046916007995605,4.0740081801302095,3.9572387662507102,4.0046916007995605,428348000
2019-08-05,3.746307611465454,3.8223318291537214,3.6993514073238907,3.8210895739510824,589156000
2019-08-06,3.785064458847046,3.866554542888988,3.73736309648918,3.8210891448704083,361272000
2019-08-07,3.8233253955841064,3.835250855534776,3.706804563003239,3.724195661318012,372560000
2019-08-08,3.9318957328796387,3.93313798792632,3.823573604329803,3.8809644606453158,309300000
2019-08-09,3.8305299282073975,3.8943803666899335,3.780095512116531,3.890902147437868,341816000
2019-08-12,3.7627053260803223,3.830530854838975,3.7408420591099536,3.7783573165009408,279200000
2019-08-13,3.8769891262054443,3.9229516149101764,3.7222078919153594,3.7612137050136867,351956000
2019-08-14,3.728419303894043,3.799971590156669,3.684693012038414,3.7887915306196374,419880000
2019-08-15,3.6961214542388916,3.7671768872418476,3.6618361113938542,3.7473012780983,477200000
2019-08-16,3.9641940593719482,4.013385990031329,3.897610556277459,3.9589767298029845,1007960000
2019-08-19,4.242949485778809,4.258850257406835,4.061336184347496,4.07748526485149,815112000
2019-08-20,4.170652866363525,4.237981543362013,4.14953476209671,4.237484451667277,463188000
2019-08-21,4.254129409790039,4.309284306296547,4.215123593272236,4.236738311589228,427244000
2019-08-22,4.260341644287109,4.306303907872529,4.22108703837855,4.26381986451658,303488000
2019-08-23,4.035745620727539,4.238228687783782,4.015870014222572,4.18381919720624,568056000
2019-08-26,4.1105265617370605,4.138601090263435,4.072266161142589,4.1145018713802,318208000
2019-08-27,4.019845962524414,4.151521698798528,3.990529402740289,4.148788879474909,290968000
2019-08-28,4.009399890899658,4.062122404377937,3.9541904082343726,3.99348385731186,255612000
2019-08-29,4.153143882751465,4.185473535124823,4.097436813714103,4.100918475882633,357976000
2019-08-30,4.165825843811035,4.249137636253038,4.147671398949572,4.199399210227295,290616000
2019-09-03,4.082764625549316,4.126036854372874,4.059885263469695,4.092961058921285,296140000
2019-09-04,4.196914196014404,4.204375105695082,4.1434455291553975,4.1434455291553975,227728000
2019-09-05,4.469976902008057,4.4761940885888105,4.297385108269852,4.2991259394861,695676000
2019-09-06,4.442870140075684,4.503550689927982,4.40482040048442,4.446600357889408,376976000
2019-09-09,4.488876819610596,4.575421741674363,4.472463201099678,4.473955477602737,417524000
2019-09-10,4.555525779724121,4.582135352118084,4.446350069165602,4.456048916303457,352812000
2019-09-11,4.584126949310303,4.63237312302588,4.541103270212947,4.570200296995046,361512000
2019-09-12,4.582634449005127,4.68534397916281,4.574676430118892,4.630632065686321,327840000
2019-09-13,4.524689674377441,4.553040562902472,4.48091985660155,4.51598551662954,324592000
2019-09-16,4.48166561126709,4.5162336846032956,4.439139519291531,4.449584507694616,231832000
2019-09-17,4.503052711486816,4.507280512218922,4.441874589707027,4.488379923419251,223048000
2019-09-18,4.475944519042969,4.511756306315904,4.389400077978017,4.496088827261823,258152000
2019-09-19,4.400343418121338,4.5003174155050045,4.3896494012540614,4.481913935069581,245476000
2019-09-20,4.294647693634033,4.422972526367081,4.284451738687328,4.399347035414277,350244000
2019-09-23,4.348119258880615,4.39362991509446,4.2911689185153366,4.294899611215548,249712000
2019-09-24,4.290669918060303,4.409046903518779,4.2551071589321605,4.379452775739381,317268000
2019-09-25,4.432425022125244,4.452071752433489,4.245408963674291,4.290173473504312,308432000
2019-09-26,4.410290718078613,4.4314297223112815,4.359309027605756,4.422725565962813,234564000
2019-09-27,4.271521091461182,4.419243660966023,4.210840080665567,4.3685105279319885,362056000
2019-09-30,4.3289690017700195,4.339165435307629,4.266050043517498,4.297385482479538,186184000
2019-10-01,4.327228546142578,4.501312646724245,4.3225036353085935,4.3520977711315325,366008000
2019-10-02,4.303353786468506,4.317280436348218,4.2309845385513425,4.305343172353911,293372000
2019-10-03,4.509021282196045,4.515238468714952,4.277489784056341,4.307830052714989,450588000
2019-10-04,4.525435924530029,4.554781506902025,4.446103335376834,4.511260242747029,265524000
2019-10-07,4.584126949310303,4.683851930785341,4.5816399793481475,4.590344137045182,480984000
2019-10-08,4.407554626464844,4.492358238452313,4.389400177797772,4.492358238452313,444436000
2019-10-09,4.494100093841553,4.543589986950533,4.455553247428991,4.484401243568398,292412000
2019-10-10,4.551795959472656,4.602777648271692,4.486639066326071,4.491861559963687,309124000
2019-10-11,4.625409126281738,4.708720473400981,4.616953524504496,4.635854114003878,446404000
2019-10-14,4.638837814331055,4.6597277880704375,4.585617712750417,4.616704118721902,200040000
2019-10-15,4.883551120758057,4.956169413310423,4.715187089656604,4.72911421687751,664124000
2019-10-16,4.829833030700684,4.954427694538078,4.81839334993224,4.84947975864148,428944000
2019-10-17,4.831821918487549,4.91936104944137,4.777358101202612,4.874347999405912,263436000
2019-10-18,4.737320423126221,4.8648991788332,4.662961779081986,4.832320490182595,307440000
2019-10-21,4.87459659576416,4.888026134243323,4.779845111256999,4.798745697236115,261868000
2019-10-22,4.864650249481201,5.036744471881838,4.856940785781004,4.931547978763792,328720000
2019-10-23,4.851718425750732,4.865893631533016,4.750749730863077,4.7825822795460935,279916000
2019-10-24,4.895736217498779,4.929309119275089,4.858929733657293,4.893000219060766,232020000
2019-10-25,5.086731910705566,5.107621888597469,4.968603449664109,4.976312914030075,423092000
2019-10-28,5.142685890197754,5.1951593727047545,5.10115402814372,5.130499599346877,330792000
2019-10-29,5.046443462371826,5.13522633756321,5.0270457624179,5.128760121351249,211236000
2019-10-30,5.048433303833008,5.079022607580974,4.980291844493066,5.073302529211406,205960000
2019-10-31,4.999191761016846,5.048432621386472,4.919362075375267,5.027542645655289,209732000
2019-11-01,5.038237571716309,5.070567234133358,4.938760665698529,4.963878446909115,283640000
2019-11-04,5.234950065612793,5.2473849113939135,5.096180696817892,5.119308608723132,376716000
2019-11-05,5.212818145751953,5.260815286841443,5.16482053032148,5.23470281570408,300868000
2019-11-06,5.163576602935791,5.214309261798866,5.076036985967931,5.188694377724732,269012000
2019-11-07,5.181234359741211,5.264794745082253,5.136469850653474,5.250121954851984,280340000
2019-11-08,5.1673078536987305,5.1988918502411705,5.126771144822552,5.164323774367823,189100000
2019-11-11,5.177254676818848,5.2003825913508255,5.080264766074003,5.166560660798432,243436000
2019-11-12,5.212818145751953,5.268773779861292,5.180488013003898,5.215553670203346,283504000
2019-11-13,5.186953544616699,5.2090867663225735,5.120552930817236,5.1814820220951665,300188000
2019-11-14,5.217293739318848,5.219532154092562,5.135971784320938,5.195906181842262,518080000
2019-11-15,5.078026294708252,5.2667826542626015,4.989740549058636,5.215054833764426,1053628000
2019-11-18,5.2792181968688965,5.3058277744765405,5.067581977545123,5.070566056348818,574588000
2019-11-19,5.172530174255371,5.271758042370053,5.114336597361941,5.248132540186939,414564000
2019-11-20,5.251862525939941,5.335671461810984,5.13696717967048,5.14965058310742,472588000
2019-11-21,5.226993083953857,5.303092552708058,5.2053569697853295,5.247385950468522,288388000
2019-11-22,5.244649887084961,5.296128683064567,5.2210239150213065,5.249623351530179,224100000
2019-11-25,5.501299858093262,5.506273797518019,5.359794459543421,5.372726417443207,506476000
2019-11-26,5.39660120010376,5.488368157388335,5.390134983680362,5.483642772411083,385244000
2019-11-27,5.4314422607421875,5.476488528610834,5.405061788535433,5.4421441671354875,215784000
2019-11-29,5.394111156463623,5.428953468775326,5.370219013912225,5.40058214285917,141556000
2019-12-02,5.207703590393066,5.4005818879335274,5.192522501327096,5.387142439710027,372036000
2019-12-03,5.168133735656738,5.172115443423006,4.986704002882057,5.024035123991091,465232000
2019-12-04,5.2119340896606445,5.274152767797512,5.183313554680586,5.251754005692972,273424000
2019-12-05,5.195012092590332,5.249515633114968,5.164400222417688,5.233836590939642,184884000
2019-12-06,5.280376434326172,5.3132283752596186,5.254244694063102,5.264199913986755,232236000
2019-12-09,5.280376434326172,5.335129194524237,5.2487696079197015,5.257480188007391,211880000
2019-12-10,5.325421333312988,5.3771873196349915,5.257727095596836,5.310488508626439,256388000
2019-12-11,5.40904426574707,5.414519826084976,5.333386594889991,5.335875399645226,233796000
2019-12-12,5.5765380859375,5.594705936720055,5.371216640690617,5.380175959679721,404348000
2019-12-13,5.5745463371276855,5.6987349912449154,5.520540269672708,5.579523946741145,454704000
2019-12-16,5.6034159660339355,5.675838623922071,5.5939586970581,5.622081765896798,320976000
2019-12-17,5.681562900543213,5.704210408502328,5.612624474932516,5.622081743871301,321196000
2019-12-18,5.711925029754639,5.772401607839485,5.70794284726493,5.716404688373708,343548000
2019-12-19,5.8600053787231445,5.873444829336286,5.741541026700463,5.74651863616392,445360000
2019-12-20,5.9573163986206055,5.98270145077082,5.907292508617542,5.92645578545252,603044000
2019-12-23,5.943626403808594,6.018039896284689,5.932924972502659,5.985935127675997,355060000
2019-12-24,5.938649654388428,5.955822074319842,5.893852119730991,5.928196959593819,138864000
2019-12-26,5.952836036682129,5.980958628676049,5.923219592196735,5.942134128699837,182852000
2019-12-27,5.895097255706787,5.98145683875349,5.868716303748757,5.968017387348438,254644000
2019-12-30,5.781859397888184,5.878422941090015,5.750501310032704,5.873196593114103,258056000
2019-12-31,5.856023788452148,5.865481056746165,5.727355476853931,5.74651875151284,231004000
2020-01-02,5.970754623413086,5.970754623413086,5.891363982921088,5.941885342751538,237536000
2020-01-03,5.875185966491699,5.918988068029837,5.826157518294826,5.851045086775378,205384000
2020-01-06,5.899824619293213,5.905050966215078,5.75572649719555,5.781858231804876,262636000
2020-01-07,5.971253395080566,6.01704636446378,5.883151688505547,5.928197968891882,314856000
2020-01-08,5.982451915740967,6.023765219861093,5.926952946804154,5.967021611212417,277108000
2020-01-09,6.048153877258301,6.120576516953265,5.994397032737195,6.06881052602453,255112000
2020-01-10,6.080507755279541,6.185781859126946,6.066322091859231,6.155419203881554,316296000
2020-01-13,6.271146297454834,6.296282606868379,6.140984617283319,6.16363259678268,319840000
2020-01-14,6.154175281524658,6.2537250915044345,6.140984569750498,6.228339569543208,359088000
2020-01-15,6.111616134643555,6.189265113518231,6.0857331416853295,6.166866351354734,263104000
2020-01-16,6.1952385902404785,6.20121162555612,6.141730485110568,6.1651246756422955,284192000
2020-01-17,6.203948974609375,6.221868079998157,6.1564139062757155,6.214401667413449,253792000
2020-01-21,6.170599937438965,6.20419808146063,6.136503842710471,6.167364444571707,217916000
2020-01-22,6.224606513977051,6.311214823727861,6.196981400554024,6.215895935392397,239240000
2020-01-23,6.293047904968262,6.301509746751853,6.175828183875581,6.264676573221283,244516000
2020-01-24,6.233816146850586,6.458301325406744,6.179561337282814,6.408526174948215,373512000
2020-01-27,5.977972030639648,6.02899133900115,5.779618620640297,5.929192314169117,470536000
2020-01-28,6.171347618103027,6.203701127903374,5.990664110182417,6.043923483285389,310976000
2020-01-29,6.110870838165283,6.192999486865854,6.071050441358389,6.156912534107337,258848000
2020-01-30,6.117590427398682,6.131029877336464,5.9580619920465185,6.013063007373622,290504000
2020-01-31,5.884147644042969,6.083745273359324,5.842336853991184,6.071799197718506,370420000
2020-02-03,5.981208801269531,6.000620817027288,5.859757672310038,5.8659794478892655,255564000
2020-02-04,6.150442600250244,6.1696063504695084,6.073042809199694,6.123066695791716,271544000
2020-02-05,6.240783214569092,6.281598562985633,6.157409927409583,6.27139460720877,208220000
2020-02-06,6.327641010284424,6.327641010284424,6.193995566539658,6.275128796942113,218284000
2020-02-07,6.261439800262451,6.309721561491752,6.23605428009747,6.287571534528546,189752000
2020-02-10,6.54465913772583,6.545405351799179,6.27910946084505,6.284087069479362,529608000
2020-02-11,6.667105674743652,6.781837046465361,6.59095006078048,6.652920011237149,638556000
2020-02-12,6.782834053039551,6.789305041192352,6.681044156211654,6.719868661055368,374644000
2020-02-13,6.7390313148498535,6.806227621791376,6.6974692706660415,6.724845649351327,528016000
2020-02-14,7.212142467498779,7.341059519682939,7.11781899548029,7.149177081897548,1041924000
2020-02-18,7.380878448486328,7.399295506798921,7.089446230395402,7.108858240876231,620164000
2020-02-19,7.832088947296143,7.849759318235343,7.503325584326226,7.503325584326226,694332000
2020-02-20,7.682764530181885,7.872406892694111,7.375404030472952,7.784056461298665,810052000
2020-02-21,7.318661212921143,7.5956590844997995,7.2337950040236585,7.5705227712258205,768180000
2020-02-24,6.801248073577881,7.0150317449623065,6.669842252847712,6.724345781914618,856916000
2020-02-25,6.521763324737549,6.938379636288666,6.41997344513621,6.876409681886865,1055496000
2020-02-26,6.661133766174316,6.855256278034452,6.52051984814565,6.522012751347304,747732000
2020-02-27,6.290337085723877,6.64893125360864,6.197949244815988,6.3476124078584535,906416000
2020-02-28,6.725381851196289,6.78489858460974,6.021143174384864,6.037827618697656,1133252000
2020-03-02,6.88375997543335,6.912646997105689,6.499516704618739,6.89546430619151,890744000
2020-03-03,6.621289253234863,6.999307023640766,6.535874048383483,6.939541411420156,652792000
2020-03-04,7.084970474243164,7.09443339761163,6.653910399827267,6.728617764574341,597408000
2020-03-05,6.805567264556885,7.052349501241793,6.760991819623863,6.885503641255886,540328000
2020-03-06,6.62502384185791,6.683544539537678,6.424808655737229,6.626019864056424,515412000
2020-03-09,6.112035751342773,6.459672694457818,5.931244648976201,5.974076456092532,614160000
2020-03-10,6.501508712768555,6.501508712768555,6.125732346102121,6.38845186990878,580648000
2020-03-11,6.137684345245361,6.389945366883533,6.040565295838088,6.361556597447995,499964000
2020-03-12,5.386631011962891,5.879946640181565,5.373930656890709,5.614487417822957,816540000
2020-03-13,5.997485160827637,6.001967498882198,5.468808182759905,5.739994622297284,634836000
2020-03-16,4.890824317932129,5.630424859985046,4.831058699125566,5.289511138473872,726972000
2020-03-17,5.410536289215088,5.499936062141312,4.756351479681672,5.003133705903673,833632000
2020-03-18,5.0506978034973145,5.228002624011302,4.499359716733076,4.9829635271133,874268000
2020-03-19,5.3034563064575195,5.397089051683916,4.815868008217613,5.029280865027534,765512000
2020-03-20,5.123661994934082,5.735512835022554,5.108222459616353,5.453618059477719,804636000
2020-03-23,5.296483039855957,5.390863392659207,4.943616623224455,5.122664568096636,643876000
2020-03-24,6.205170631408691,6.2918312232495754,5.678983959481302,5.702641033345908,1101644000
2020-03-25,6.116518020629883,6.519936005707331,6.067709130537337,6.320219057670394,793432000
2020-03-26,6.405884265899658,6.529897835657393,6.2255909210386315,6.323706009766051,696108000
2020-03-27,6.29357385635376,6.5523092762191855,6.19271912359753,6.225590232425137,638828000
2020-03-30,6.613818168640137,6.623032205750341,6.314989641822439,6.35906683290393,602252000
2020-03-31,6.564263820648193,6.8581118150438165,6.418584732759713,6.65391201514309,949960000
2020-04-01,6.053018093109131,6.512715950868044,6.008443118777632,6.366290197653888,656912000
2020-04-02,6.361806392669678,6.37500451862211,6.034091325317394,6.082152604719587,675764000
2020-04-03,6.073934555053711,6.365789947234799,5.936473522309856,6.324203053403894,663212000
2020-04-06,6.683794975280762,6.720650655015816,6.298555158470022,6.356079847282345,727884000
2020-04-07,6.450458526611328,6.9290821244683904,6.40737735857138,6.9054245775815115,784520000
2020-04-08,6.647685527801514,6.672587985050832,6.489555470489437,6.559531142622338,542444000
2020-04-09,6.54807710647583,6.796353628919148,6.485074056401709,6.773443687969431,525564000
2020-04-13,6.719902515411377,6.728618304084489,6.399907202770345,6.488310473583268,398408000
2020-04-14,7.071025848388672,7.105141867954812,6.8205079558991155,6.848149593092248,530948000
2020-04-15,6.993580341339111,7.076505265302818,6.857613541451521,6.902935649755739,366148000
2020-04-16,7.338726997375488,7.445807245831523,7.135773058997118,7.148971187418579,745620000
2020-04-17,7.279458045959473,7.442319315033417,7.145483321026608,7.420903174994001,539120000
2020-04-20,7.148223876953125,7.308844245707221,7.103897792505728,7.152955577104909,449388000
2020-04-21,6.711434841156006,7.091444608493572,6.6516692364294805,7.030185208005617,735160000
2020-04-22,7.1258111000061035,7.168643384661599,6.858110983321336,6.903681973130234,483356000
2020-04-23,7.072519302368164,7.29987788446425,7.047367959603796,7.167895675399219,424160000
2020-04-24,7.211474418640137,7.213466463069181,6.987602158038459,7.062309523825545,352328000
2020-04-27,7.397994041442871,7.557867261209609,7.321294622853795,7.345948193997558,479388000
2020-04-28,7.255552291870117,7.57529872664852,7.250073931686254,7.545415682520919,442904000
2020-04-29,7.43235969543457,7.485152680294382,7.31506939429572,7.3902745446594515,379160000
2020-04-30,7.278462886810303,7.432359499221081,7.264517624193777,7.3783211316071595,375916000
2020-05-01,7.041890621185303,7.1942929707272105,6.993579973133149,7.080987230957178,342096000
2020-05-04,7.253808975219727,7.26750535035429,6.994575294874223,6.994575294874223,317556000
2020-05-05,7.314820766448975,7.477433178045729,7.25380976375586,7.357901941109124,368896000
2020-05-06,7.415675640106201,7.520514961486035,7.356408265525156,7.394259969444956,323464000
2020-05-07,7.591983318328857,7.655235248420218,7.503580043298903,7.554878755504124,373732000
2020-05-08,7.78198766708374,7.788213162222441,7.629834229017725,7.663701359549101,339216000
2020-05-11,8.034000396728516,8.080816769532566,7.748369985297888,7.777007644992657,469060000
2020-05-12,7.772027015686035,8.140581862302048,7.7623152046208865,8.091773445172167,493060000
2020-05-13,7.749614715576172,8.046948482659857,7.565087945015073,7.886577506904461,625852000
2020-05-14,7.999137878417969,8.0046162389776,7.65747702951931,7.811124761788539,602312000
2020-05-15,8.457589149475098,8.467300485063323,7.843247666290746,7.858936085271432,987660000
2020-05-18,8.71607494354248,8.881675866608335,8.646597525881372,8.726285002404106,774460000
2020-05-19,8.771111488342285,9.052009769820181,8.728528084789303,8.755920839710528,717320000
2020-05-20,8.934969902038574,9.007684770981873,8.854037016069846,8.955887799957884,587536000
2020-05-21,8.740978240966797,9.017144765603891,8.703375432354866,9.016149218326575,761068000
2020-05-22,8.990998268127441,9.057488103343827,8.679220949290434,8.790783051898014,1038764000
2020-05-26,8.683701515197754,9.145890013958184,8.638130530977474,9.120987084096292,770780000
2020-05-27,8.491954803466797,8.599034084910985,7.965518321925909,8.591314793554313,1175892000
2020-05-28,8.45385456085205,8.726285899870943,8.346524488362034,8.379395599557078,734896000
2020-05-29,8.840836524963379,8.840836524963379,8.451861551510003,8.521090089361191,745256000
2020-06-01,8.771859169006348,8.806224560089234,8.655565340452666,8.798754153314691,389876000
2020-06-02,8.790783882141113,8.802737101399384,8.624187373025636,8.761897806387676,391320000
2020-06-03,8.735251426696777,8.831623838211076,8.666022881980009,8.787796002330985,365440000
2020-06-04,8.736248016357422,8.912387299046383,8.647554448398513,8.697880093507253,424280000
2020-06-05,8.889216423034668,8.965950355172382,8.677948158898555,8.764149807557894,481748000
2020-06-08,8.774616241455078,8.859073012868846,8.65577744970242,8.846616337617116,387736000
2020-06-09,9.014782905578613,9.078313178349852,8.721050788735848,8.769632482507,468488000
2020-06-10,9.33442497253418,9.467215360522856,9.121910741750701,9.136112317494959,632180000
2020-06-11,8.76589298248291,9.229287389818175,8.755678265745098,9.118421408581415,583652000
2020-06-12,8.9016752243042,9.155546372764283,8.673216375848513,9.130882024444821,570908000
2020-06-15,9.142091751098633,9.150562516844673,8.713575356427903,8.784829388857338,400004000
2020-06-16,9.03720760345459,9.23477428560626,8.808250703126234,9.193168394681953,535716000
2020-06-17,9.20412826538086,9.266910589860908,9.038949737386892,9.082300523775523,408304000
2020-06-18,9.186188697814941,9.250465961094562,9.083045515800086,9.195157463559028,254408000
2020-06-19,9.229289054870605,9.412405087364501,9.195406943583055,9.210604521255469,524160000
2020-06-22,9.493873596191406,9.49835845482481,9.241248418658067,9.267906669276206,398468000
2020-06-23,9.417387962341309,9.609223760973583,9.375035085564633,9.518039245168492,375108000
2020-06-24,9.203630447387695,9.523522838602178,9.112943915397793,9.443549028011027,449372000
2020-06-25,9.45725154876709,9.472200128697818,9.15056378762105,9.323465132248014,376072000
2020-06-26,9.123406410217285,9.46721610323142,9.093510204419653,9.46721610323142,592084000
2020-06-29,9.168251037597656,9.172735896063203,8.869286133575109,9.138105831903935,342248000
2020-06-30,9.46497917175293,9.493380439774356,9.234527268606117,9.281863032103077,367892000
2020-07-01,9.497114181518555,9.542706926011183,9.380518290650997,9.487896412589489,326648000
2020-07-02,9.579078674316406,9.703896302605694,9.545195612171268,9.605735972928237,364056000
2020-07-06,9.8052978515625,9.874558001309556,9.67898522844334,9.708134441529843,315892000
2020-07-07,9.83768367767334,10.035249358720971,9.816756237339161,9.91192667092791,357800000
2020-07-08,10.180744171142578,10.189713887639842,9.931108920781993,9.95926117147938,365480000
2020-07-09,10.472736358642578,10.533525736341069,10.198186731550772,10.344430789066307,494548000
2020-07-10,10.443085670471191,10.618477930540756,10.342932393289248,10.552207713445835,497676000
2020-07-13,10.017560958862305,10.755007091244167,9.990404705995894,10.558438359648575,457076000
2020-07-14,10.341190338134766,10.366851638295143,9.751731237272898,10.040232450582947,542676000
2020-07-15,10.191956520080566,10.396996003532037,10.02104815021368,10.378311468876817,403984000
2020-07-16,10.099775314331055,10.171526393548673,9.86135078427712,9.980438549107026,344964000
2020-07-17,10.166291236877441,10.213128956127372,10.052934319410252,10.19020857232057,266284000
2020-07-20,10.474477767944336,10.49490720598803,10.121699312228516,10.23879412998473,284852000
2020-07-21,10.292859077453613,10.523560860217113,10.251253190453125,10.476722161899874,277036000
2020-07-22,10.402725219726562,10.565909799920115,10.255983217585523,10.331721147772265,367292000
2020-07-23,10.094793319702148,10.510603105060774,9.996632984171347,10.413937722405896,411660000
2020-07-24,10.159317970275879,10.32898036367836,9.743259250895763,9.840920619627777,473292000
2020-07-27,10.38553524017334,10.405714725652683,10.182487780384779,10.196938356220194,292132000
2020-07-28,10.180246353149414,10.346171855580362,10.174018492028203,10.338449041682763,271636000
2020-07-29,10.429384231567383,10.47995887667741,10.31129340937831,10.354892241369713,284508000
2020-07-30,10.577373504638672,10.586342272548213,10.259723067690757,10.339197927038796,308880000
2020-07-31,10.578119277954102,10.72934616378924,10.396996185763363,10.52679668089732,386080000
2020-08-03,10.97225570678711,11.060450332078197,10.678273622483482,10.69546415667313,412720000
2020-08-04,11.189006805419922,11.189006805419922,10.86836736332964,11.011870523154116,310336000
2020-08-05,11.247801780700684,11.332508502653472,11.127717987110488,11.205199894465501,249924000
2020-08-06,11.296380996704102,11.31880338730458,11.14017221407124,11.310581622328327,244316000
2020-08-07,11.16085147857666,11.465048251791373,10.999410824519805,11.273461440715383,342516000
2020-08-10,11.126470565795898,11.368881025799643,10.819034882228621,11.295136986086273,427796000
2020-08-11,10.812557220458984,11.098317491574115,10.758493721569288,11.035534226796273,354512000
2020-08-12,11.400771141052246,11.427428441497376,10.920434129138265,10.952822240724048,464412000
2020-08-13,11.403509140014648,11.681297569830996,11.31656048998082,11.506153367122069,374460000
2020-08-14,11.524093627929688,11.664357841752082,11.401019946468677,11.490210564033843,366436000
2020-08-17,12.294425964355469,12.36692500157999,11.7764699343852,11.810352048276599,621300000
2020-08-18,12.218437194824219,12.452875803604645,12.0445398919427,12.407034073517147,503448000
2020-08-19,12.096610069274902,12.27250033410157,12.05624919671835,12.254064801327434,622624000
2020-08-20,12.099102973937988,12.3322956793392,11.837758013672044,11.933676401170455,921388000
2020-08-21,12.639730453491211,12.764548088001417,12.153164638813207,12.159642451084375,999868000
2020-08-24,12.676352500915527,12.867939296377706,12.464336268553247,12.83928809456214,490564000
2020-08-25,12.706000328063965,12.71721104864007,12.53035810263913,12.5871615578878,289076000
2020-08-26,12.728920936584473,12.82409136442748,12.633999509151844,12.755080235422875,321244000
2020-08-27,12.584671020507812,12.805656037139427,12.523133704353224,12.737391908262952,317604000
2020-08-28,13.102380752563477,13.10262975302931,12.598874249528215,12.631262367372239,537160000
2020-08-31,13.32834529876709,13.5281529158447,12.992757381915121,13.13725649731869,500840000
2020-09-01,13.777424812316895,13.949629681508943,13.394136574142701,13.437499372727544,511316000
2020-09-02,14.301268577575684,14.680319697982243,13.856175532405885,14.657391497757109,874012000
2020-09-03,12.974465370178223,13.840725107880663,12.838146289033148,13.785150980513366,945128000
2020-09-04,12.582704544067383,13.133462408954491,11.667847643821455,12.743445322871539,1463684000
2020-09-08,11.875442504882812,12.510434346099357,11.667350850169926,11.69750507921574,795728000
2020-09-09,12.674912452697754,12.76886502863657,12.193185421465744,12.360905048543636,736200000
2020-09-10,12.272932052612305,13.024056287990675,12.128637849212998,12.948295699401134,698684000
2020-09-11,12.126148223876953,12.612609582792775,11.858245343800984,12.446136279849737,636928000
2020-09-14,12.831665992736816,13.273020068340417,12.59142659294428,13.039758568536314,1201744000
2020-09-15,12.950041770935059,13.256821236776068,12.787306500721442,13.238130162189842,727556000
2020-09-16,12.475044250488281,13.051471089335553,12.47429702575866,12.916398336111536,556384000
2020-09-17,12.42420482635498,12.550057048769823,11.99680656074234,12.093999008494725,792512000
2020-09-18,12.1508207321167,12.592672993531387,11.950953315876442,12.554045465543362,698460000
2020-09-21,12.477784156799316,12.483017581146514,11.866966056083665,11.88740160372533,721044000
2020-09-22,12.597904205322266,12.608121979437849,12.117175425465769,12.535352186225024,646452000
2020-09-23,12.085528373718262,12.686877068434862,12.04116926533515,12.53585398796635,647012000
2020-09-24,12.30906867980957,12.52987072793665,11.976122083308846,12.034188858042343,731240000
2020-09-25,12.83316421508789,12.842883842495416,12.207144727021351,12.408258496393605,588016000
2020-09-28,12.993904113769531,13.010601640307375,12.709802791708746,12.999137539161858,573808000
2020-09-29,13.184051513671875,13.400367358569484,12.892474170877144,12.896710345478045,621460000
2020-09-30,13.487839698791504,13.579549636887624,13.108788623030144,13.116015596974174,689184000
2020-10-01,13.571575164794922,13.719357377715982,13.418309501756923,13.714623053585889,525004000
2020-10-02,13.021064758300781,13.476872687947193,13.009849735293615,13.18330184962153,552496000
2020-10-05,13.5994873046875,13.601231779612217,13.181060496314407,13.194269071030487,479820000
2020-10-06,13.693191528320312,14.09741348387712,13.621917127514193,13.786396879631232,784420000
2020-10-07,13.919973373413086,14.074734441277332,13.819790128206504,13.95561104695372,418084000
2020-10-08,13.795116424560547,14.040092002794172,13.714621515367268,14.030621454261205,378900000
2020-10-09,13.719362258911133,13.780668926205555,13.617684531367905,13.723599385448336,346892000
2020-10-12,14.181147575378418,14.30176637112015,13.868636537321477,13.94539343424756,434744000
2020-10-13,14.203327178955078,14.303261347469597,13.9745509443215,14.251425250890234,344604000
2020-10-14,14.050812721252441,14.297531907685247,13.915989026074767,14.24544672497904,276100000
2020-10-15,13.925958633422852,13.961595365661793,13.72434576489664,13.767210424234035,267224000
2020-10-16,13.767956733703613,14.07697982965037,13.749016580868137,13.99249684204658,242392000
2020-10-19,13.455196380615234,13.939414220058843,13.364482718053416,13.859168359537124,298068000
2020-10-20,13.602479934692383,13.7562437743147,13.464416371504672,13.540675128663521,229212000
2020-10-21,13.482109069824219,13.74801839791896,13.435008244461862,13.582043246069873,219596000
2020-10-22,13.318875312805176,13.568834334002846,13.19003228924796,13.479866110525936,290480000
2020-10-23,13.547404289245605,13.550395089783553,13.249347153880276,13.407596247442646,233484000
2020-10-26,13.099818229675293,13.649579792696025,12.997392352414028,13.384667711577912,336896000
2020-10-27,13.354513168334961,13.39962044326866,13.149909542923867,13.264048592896252,250520000
2020-10-28,12.587191581726074,13.218196338857775,12.569248678932844,13.156391528197952,376520000
2020-10-29,12.982938766479492,13.15115654997992,12.70980245234301,12.798023456887062,320080000
2020-10-30,12.49448013305664,12.895710233999472,12.261217740175118,12.809483755716952,416820000
2020-11-02,12.541086196899414,12.796278653138547,12.355921817146161,12.6178430986326,299652000
2020-11-03,12.978455543518066,13.063685767280706,12.563019401917323,12.668436106571578,272900000
2020-11-04,13.75075912475586,13.783905100563205,13.294951096689376,13.347036272004377,410228000
2020-11-05,14.1153564453125,14.293791998345476,13.946889592613063,14.117849095729678,319028000
2020-11-06,14.516090393066406,14.542755669985283,13.851193438556013,14.065265730682986,383348000
2020-11-09,13.587772369384766,14.64517786498248,13.567835923114476,14.506616188534656,582976000
2020-11-10,12.729741096496582,13.56360312015557,12.588437650213546,13.56360312015557,644068000
2020-11-11,13.37569522857666,13.392641827801297,12.907425878555323,13.012593473036725,404744000
2020-11-12,13.414322853088379,13.722597713712116,13.27401668464067,13.436502877183004,365812000
2020-11-13,13.25507926940918,13.625657153578297,13.01807875647595,13.58428789689936,346312000
2020-11-16,13.472639083862305,13.60646550624664,13.114521665227775,13.13096916459676,413776000
2020-11-17,13.37993049621582,13.553381674953355,13.261804360765339,13.50976980539542,312028000
2020-11-18,13.386411666870117,13.562853664158515,13.143430545915464,13.422796566288316,510924000
2020-11-19,13.397875785827637,13.44497661001742,13.058698515613026,13.171093089061117,565936000
2020-11-20,13.046486854553223,13.451954163176714,13.023807729860316,13.411582165007127,341088000
2020-11-23,13.098573684692383,13.340308505174802,12.974465923751294,13.129725162390375,361356000
2020-11-24,12.916898727416992,13.120504177239319,12.844377993357543,13.101065874983098,346500000
2020-11-25,13.193023681640625,13.227664107698024,12.978951400504695,12.991411800755374,259916000
2020-11-27,13.219438552856445,13.365228168197541,13.12897493434627,13.332830370269797,167276000
2020-11-30,13.359248161315918,13.370214112302172,12.931351715293895,13.223179104994932,286952000
2020-12-01,13.347784996032715,13.48609762777796,13.186544162676142,13.449712726033608,296948000
2020-12-02,13.501797676086426,13.630390679939252,13.192525541134518,13.308409069816136,283360000
2020-12-03,13.357710838317871,13.620956200375707,13.290902903796256,13.548663195020822,199520000
2020-12-04,13.519497871398926,13.521242861894294,13.350481990906417,13.410060816255628,202244000
2020-12-07,13.567858695983887,13.692003123709071,13.461414273109401,13.562374575854195,223244000
2020-12-08,13.311842918395996,13.559881665713313,13.243538190304427,13.546170890394157,271920000
2020-12-09,12.893789291381836,13.375657659277737,12.831467938222275,13.262482439496566,401300000
2020-12-10,12.935172080993652,13.031396655684688,12.812772649418692,12.832217643916875,207764000
2020-12-11,12.976053237915039,12.98278405020142,12.786346653479503,12.930184245172232,209264000
2020-12-14,13.270709037780762,13.3504802934115,13.040120222256023,13.050590163896993,270156000
2020-12-15,13.32231330871582,13.425516898883563,13.14905999762585,13.401336179884739,193016000
2020-12-16,13.204649925231934,13.398843113626814,13.174734988056837,13.38413479354012,223116000
2020-12-17,13.303119659423828,13.341260306288966,13.14083457337075,13.32854612336818,231384000
2020-12-18,13.234064102172852,13.366683361556884,13.033140123420997,13.340757656203472,342064000
2020-12-21,13.294142723083496,13.331785067544075,12.930435361494242,13.03737902706712,302332000
2020-12-22,13.240297317504883,13.29912869656647,13.01668843755986,13.281180494833558,185580000
2020-12-23,12.972065925598145,13.237056275687273,12.96782849920963,13.218110529291765,179144000
2020-12-24,12.956610679626465,13.094964178276724,12.90176852813386,12.999986293991261,97884000
2020-12-28,12.863127708435059,13.025163617065004,12.726769309604906,13.025163617065004,212564000
2020-12-29,12.90625286102295,13.0351339391796,12.805541725669938,12.88805551350614,170372000
2020-12-30,13.108177185058594,13.175982669365197,12.859889273960427,12.953121220539163,225396000
2020-12-31,13.017683982849121,13.11340929563424,12.87808381553672,13.098951077067488,192424000
2021-01-04,13.076019287109375,13.613479253749597,12.92545084499774,13.066796036911752,560640000
2021-01-05,13.366435050964355,13.405073987470002,13.049593299152141,13.062306528679214,322760000
2021-01-06,12.578444480895996,13.207142186008463,12.55002633699992,13.184706458898969,580424000
2021-01-07,13.305858612060547,13.339512676724356,12.849666782088335,12.930434635384632,461480000
2021-01-08,13.238801956176758,13.382639576611059,13.004723124897778,13.324307443387072,292528000
2021-01-11,13.582566261291504,13.921096308910437,13.324306724946876,13.380395567585643,518344000
2021-01-12,13.44620418548584,13.715183709480115,13.30685412684402,13.713188619994586,291476000
2021-01-13,13.493072509765625,13.58605625119282,13.346742461050818,13.451441887632267,210028000
2021-01-14,13.162517547607422,13.560875494240818,13.142824359357956,13.536196484078562,283120000
2021-01-15,12.822742462158203,13.287160908242996,12.811774223969556,13.19018890190963,277780000
2021-01-19,12.988019943237305,13.056572862335285,12.807287445364308,12.979044892252457,226188000
2021-01-20,13.327546119689941,13.392110759074399,13.019429339264908,13.074271482544104,258572000
2021-01-21,13.827861785888672,13.959235301459165,13.21511821181812,13.380144838807537,337780000
2021-01-22,13.673306465148926,13.802187566902738,13.588300226138271,13.70072801662627,246820000
2021-01-25,13.614226341247559,13.788975499046002,13.19866753200428,13.74235905033523,251112000
2021-01-26,13.39684772491455,13.605748262959864,13.34923373913582,13.541681919123254,163980000
2021-01-27,12.880827903747559,13.19492712938978,12.757181781831777,13.192184594045496,371272000
2021-01-28,13.013696670532227,13.30162199857024,12.923455463539968,12.95910366922323,228316000
2021-01-29,12.952621459960938,13.29663561680807,12.874595189478477,13.03762769199586,271552000
2021-02-01,13.19916820526123,13.232821327016481,12.865873065962797,13.015943223280544,217204000
2021-02-02,13.518001556396484,13.53320722236084,13.247526137181742,13.360453169364302,220440000
2021-02-03,13.491826057434082,13.891929046731677,13.477866134624353,13.597023775479286,245408000
2021-02-04,13.625194549560547,13.634417798850047,13.299627828583862,13.492325175349118,201340000
2021-02-05,13.552154541015625,13.697987259872164,13.507033932986507,13.68577232541478,169152000
2021-02-08,14.397480010986328,14.432379818392382,13.688013522894353,13.688013522894353,434624000
2021-02-09,14.222481727600098,14.54156676786031,14.18184770115254,14.299759600879625,287560000
2021-02-10,14.722049713134766,14.862397344343986,14.300508522511068,14.421910407437885,485352000
2021-02-11,15.207161903381348,15.228601040696304,14.8823435201442,14.937435779235114,450828000
2021-02-12,14.918487548828125,15.247544255487185,14.732769210253142,15.006983766434686,374756000
2021-02-16,15.286429405212402,15.328559268152981,14.907266344437048,15.021189951874046,321960000
2021-02-17,14.863395690917969,15.179988324043537,14.737755421903262,15.127637657234107,274756000
2021-02-18,14.786614418029785,14.830737473228302,14.533339769901213,14.686899869828187,233868000
2021-02-19,14.88383674621582,15.133620482317376,14.804314630283326,14.981556212316738,271724000
2021-02-22,14.314716339111328,15.089994124865994,14.284053959471905,14.732518363727369,325884000
2021-02-23,14.101580619812012,14.198054355052545,13.35123082497235,14.035020874610526,391780000
2021-02-24,14.457558631896973,14.46528699059649,13.71668224012593,14.082384712334376,448320000
2021-02-25,13.269462585449219,14.333662277875408,13.17847394109998,14.005353050124018,824436000
2021-02-26,13.675298690795898,13.814897904061295,13.322808775404134,13.713189226576278,500932000
2021-03-01,13.8021879196167,13.885200021705584,13.514512672161931,13.835342740558906,353184000
2021-03-02,13.367932319641113,13.880712294925438,13.357711524851588,13.860270705346387,264116000
2021-03-03,12.76815128326416,13.413052208920957,12.76216791543942,13.387874897012532,377592000
2021-03-04,12.334893226623535,12.93791536777413,12.049212120822903,12.764162806346638,573344000
2021-03-05,12.425881385803223,12.514128448535434,11.645866892554002,12.514128448535434,542840000
2021-03-08,11.560111999511719,12.435601622284906,11.53343789904695,12.414412591748151,543112000
2021-03-09,12.488774299621582,12.585031142216502,12.028932816334903,12.09975442063535,521824000
2021-03-10,12.436903953552246,12.94736663668477,12.426181162680194,12.808217687288016,384376000
2021-03-11,12.960834503173828,13.013452477307373,12.70248579612191,12.917443914087112,299916000
2021-03-12,12.823678016662598,12.856345807578716,12.55834698640387,12.616450011981625,243964000
2021-03-15,13.158085823059082,13.17354692311485,12.735152011430825,12.832406735192682,221988000
2021-03-16,13.257835388183594,13.478528736507776,13.083773625331858,13.322920791007736,272128000
2021-03-17,13.307711601257324,13.419429555313807,12.95684549924497,13.006969228103879,243864000
2021-03-18,12.690515518188477,13.150855475897037,12.685029504987675,13.10347523322454,293896000
2021-03-19,12.813453674316406,12.889013577295337,12.580790435356477,12.717944549061619,299208000
2021-03-22,13.153099060058594,13.360825558253854,12.874301724797736,12.880287158091585,297804000
2021-03-23,13.037888526916504,13.310949633938653,12.988512512674987,13.220926519947097,222048000
2021-03-24,12.611214637756348,13.1261673732416,12.604980921274594,13.118187112663936,245840000
2021-03-25,12.503735542297363,12.68278484979762,12.241147965554994,12.468075982521809,295144000
2021-03-26,12.806970596313477,12.823928054668183,12.342391791953444,12.522936498340556,363968000
2021-03-29,12.915698051452637,13.029661010785414,12.668072141761849,12.788019583374783,273520000
2021-03-30,12.83938980102539,12.942629963313632,12.673059062634387,12.80971472304937,200204000
2021-03-31,13.314690589904785,13.436632836630071,12.949859836344844,12.98277686105414,314776000
2021-04-01,13.77702808380127,13.835131119935525,13.477282664265397,13.538130133989712,308276000
2021-04-05,13.952335357666016,13.978768485040936,13.698474787231888,13.83263715402911,255672000
2021-04-06,13.826652526855469,14.018917938185899,13.738874409836257,13.964555321920244,191744000
2021-04-07,14.107942581176758,14.207690603431818,13.67702849951117,13.845852528976325,251284000
2021-04-08,14.281007766723633,14.435119364750422,14.213177925757599,14.216919297413037,244416000
2021-04-09,14.363797187805176,14.371777448243606,14.139363421566275,14.178264931921397,195172000
2021-04-12,15.17076301574707,15.313902572730411,14.10370261858076,14.253824546574181,869324000
2021-04-13,15.6400785446167,15.660527186575505,15.08772073364079,15.1932049428372,676212000
2021-04-14,15.238590240478516,15.680974737156909,15.189214231593118,15.585714855569877,385500000
2021-04-15,16.096677780151367,16.173483847875282,15.5921987087715,15.623120903934165,598480000
2021-04-16,15.872493743896484,16.125107153595632,15.825361792350446,16.012639621052436,335208000
2021-04-19,15.323129653930664,15.76775925819942,15.194703488299082,15.497440653339318,404420000
2021-04-20,15.133108139038086,15.458038566239265,14.925381656950178,15.284725469092292,334132000
2021-04-21,15.321881294250488,15.323876121299216,15.064280344960931,15.08073838157039,216776000
2021-04-22,14.812914848327637,15.399686073698188,14.746332141113498,15.336345317338932,277788000
2021-04-23,15.2268705368042,15.296445004947893,14.862788442781444,14.896702404932322,227500000
2021-04-26,15.439085006713867,15.440082895862012,15.08697282890751,15.146822395881406,197796000
2021-04-27,15.343079566955566,15.63110332965213,15.31589778572029,15.539334614946952,164572000
2021-04-28,15.238341331481934,15.49319975361543,15.177245590486669,15.325871147226541,209416000
2021-04-29,15.286222457885742,15.397691160532714,15.033609024260754,15.361282946905519,173196000
2021-04-30,14.971765518188477,15.326372008336463,14.959297133568592,15.13635161976732,201912000
2021-05-03,14.799450874328613,15.208419994100598,14.750325037459865,15.086976191807661,203912000
2021-05-04,14.31517219543457,14.600702707851369,13.975029828518142,14.600453473308372,405324000
2021-05-05,14.422148704528809,14.776256666947063,14.351327112045158,14.672018629638556,292024000
2021-05-06,14.486488342285156,14.534617237657999,14.182255771749805,14.4588080917108,193380000
2021-05-07,14.77501106262207,14.933112300510395,14.63486422135409,14.771021408101264,229328000
2021-05-10,14.22988510131836,14.768776709960429,14.214174766121413,14.750073658170713,268904000
2021-05-11,14.270283699035645,14.318661830890395,13.715432492355607,13.790243752058554,285584000
2021-05-12,13.72391414642334,14.224402845672765,13.674788300553383,13.974282637694117,303408000
2021-05-13,13.630894660949707,14.045350711147945,13.425162994144586,13.998467988858465,285404000
2021-05-14,14.207191467285156,14.291977805422704,13.713934538144024,13.85507926247416,258616000
2021-05-17,14.129888534545898,14.13362895508345,13.818673559733433,14.121409804064923,216980000
2021-05-18,13.980513572692871,14.368037075620663,13.96879289213659,14.231132182866967,186256000
2021-05-19,14.030387878417969,14.04410338609354,13.509201440576488,13.532392615609274,344000000
2021-05-20,14.575762748718262,14.646833580285021,14.234622566942482,14.266541704450896,321592000
2021-05-21,14.954060554504395,15.183732064451174,14.832118286328456,15.125628078585208,672992000
2021-05-24,15.572749137878418,15.705414174003659,15.137844497008365,15.174252706728867,554816000
2021-05-25,15.608410835266113,15.77873122812608,15.443576455372922,15.72636344352039,435408000
2021-05-26,15.660529136657715,15.754043443944218,15.547065605147322,15.69469328900032,370440000
2021-05-27,15.449064254760742,15.710405690273205,15.421134766408137,15.660281961704163,581476000
2021-05-28,16.203659057617188,16.236577036281336,15.46202947906416,15.46202947906416,644536000
2021-06-01,16.223608016967773,16.347047573880385,15.863266335432474,16.229094980518518,472804000
2021-06-02,16.736068725585938,16.876216524208118,16.194683808700496,16.21139203355558,594168000
2021-06-03,16.927087783813477,17.215611938318762,16.541310797438655,16.658764943328784,580008000
2021-06-04,17.534055709838867,17.616596077162153,17.052519499034798,17.06947505300827,617120000
2021-06-07,17.574703216552734,17.76771725198459,17.149526305796652,17.52707469646401,575756000
2021-06-08,17.41311264038086,17.57719836078649,17.207629259933416,17.483185585690848,323848000
2021-06-09,17.318574905395508,17.53483058843353,17.216310173340066,17.475716134562592,381656000
2021-06-10,17.38517189025879,17.452020091808027,17.13674237056941,17.3103444553602,287772000
2021-06-11,17.784507751464844,17.898247503293362,17.403879495985695,17.439547219530038,416308000
2021-06-14,17.97756004333496,17.9982626564264,17.622374831177098,17.865068677614357,321376000
2021-06-15,17.747846603393555,17.97507688775737,17.687485674890738,17.874058585520746,243032000
2021-06-16,17.76954460144043,17.91371508228744,17.54431057593765,17.75009034027756,307124000
2021-06-17,18.614606857299805,18.79195023048878,17.715667091470888,17.733874892512524,809656000
2021-06-18,18.59615135192871,19.330718581922177,18.54152604115206,18.74106970383863,968856000
2021-06-21,18.385133743286133,18.494135068349298,17.78201553321056,18.39311488047978,672384000
2021-06-22,18.843582153320312,18.92040773197676,18.343977066903633,18.429282365618864,580144000
2021-06-23,19.013696670532227,19.10897936391846,18.864538436254087,18.96431028230056,332356000
2021-06-24,19.161602020263672,19.37561216814701,19.04461957476454,19.183802290450465,320924000
2021-06-25,18.987504959106445,19.30128697907614,18.851317522351227,19.236435003149623,278364000
2021-06-28,19.93932342529297,20.03285915279017,19.274845251778927,19.31699836660214,495436000
2021-06-29,19.980979919433594,20.052813964606784,19.612073999620787,19.837058731492426,367632000
2021-06-30,19.956785202026367,20.116419372850345,19.81835223637548,19.953542508047825,326568000
2021-07-01,20.16580581665039,20.40924764246024,19.973246122217304,20.079004759784198,480136000
2021-07-02,20.440176010131836,20.458385715167392,20.241382131269432,20.39353374130317,342764000
2021-07-06,20.65119171142578,20.794363107269312,20.303738226115755,20.690102132517197,446708000
2021-07-07,20.3251895904541,20.827289518235947,20.285531292892728,20.805839022549197,418428000
2021-07-08,19.85726547241211,20.086988679235407,19.65572744593839,19.811121778325514,503300000
2021-07-09,20.004425048828125,20.03435717009147,19.709102017056413,19.91687611559388,296624000
2021-07-12,20.465618133544922,20.4858202675907,20.141609472181255,20.193739960128703,321984000
2021-07-13,20.20372200012207,20.41448952793503,20.068033125156855,20.35387740282785,290708000
2021-07-14,19.79615592956543,20.371089112577874,19.707609813917827,20.311226762267825,380100000
2021-07-15,18.922901153564453,19.801638809987963,18.815397482477785,19.766469664881527,550564000
2021-07-16,18.119491577148438,19.113215466883993,18.03169335944509,18.9870054099986,688224000
2021-07-19,18.736831665039062,18.99848131527796,17.82466976343855,17.874307343819012,749060000
2021-07-20,18.569461822509766,18.794945132479892,18.122485771322793,18.687192164183777,434687000
2021-07-21,19.365636825561523,19.482369991726237,18.699164320803426,18.838843731264284,371017000
2021-07-22,19.549217224121094,19.841546833620864,19.23194323043398,19.597107853695302,323826000
2021-07-23,19.5132999420166,19.654975593030052,19.20600332552339,19.611075532676935,195672000
2021-07-26,19.249908447265625,19.397569038478153,18.870775787687926,19.26686979543014,203943000
2021-07-27,19.164098739624023,19.577152067527226,18.698165146922616,19.220967669853962,248863000
2021-07-28,19.458425521850586,19.601098340577916,18.951587150781002,19.274846044574673,202191000
2021-07-29,19.6170654296875,19.807628906073607,19.283827210408294,19.4743906867944,190781000
2021-07-30,19.454439163208008,19.585138401380597,19.218978436987207,19.37362299502884,183497000
2021-08-02,19.704862594604492,19.915380808627756,19.316751690978577,19.654977627712686,217444000
2021-08-03,19.769712448120117,20.175781820042896,19.176071129798512,19.6948831028393,301811000
2021-08-04,20.227663040161133,20.27156310038773,19.782681342516437,19.94431173895087,231309000
2021-08-05,20.589834213256836,20.685615479502886,20.295508346135612,20.45314818824978,211435000
2021-08-06,20.3194522857666,20.522986511252395,20.163808690158564,20.47709211719844,178497000
2021-08-09,20.248615264892578,20.461127792585444,20.096962239032255,20.399269221353503,146443000
2021-08-10,19.890439987182617,20.383310504258183,19.78966907249903,20.275557520496264,179238000
2021-08-11,19.653976440429688,20.00317688001312,19.38559215044887,19.997190075674563,185925000
2021-08-12,19.859508514404297,19.983223761879053,19.57516002402308,19.824588657900602,151652000
2021-08-13,20.141857147216797,20.16779869480621,19.805627515773473,19.8595049435428,183063000
2021-08-16,19.904403686523438,20.240633343657066,19.408537969464135,20.08898032367069,210876000
2021-08-17,19.41352653503418,19.72481369476368,19.222963104205142,19.64000698314387,204585000
2021-08-18,18.99648094177246,19.589123091355606,18.956571456849645,19.45542860045095,285913000
2021-08-19,19.752756118774414,20.44816377245891,18.719122478865618,19.449449995081853,766555000
2021-08-20,20.76842498779297,20.817312785089932,19.887443664031185,19.945309765245902,675741000
2021-08-23,21.907814025878906,21.946724447846748,20.90211844107872,20.923070353137504,575807000
2021-08-24,21.743194580078125,21.90881557692083,21.485784779557335,21.70328698373668,297299000
2021-08-25,22.162229537963867,22.41864211092378,21.67235253900136,21.687317646197013,347701000
2021-08-26,22.017560958862305,22.288938621319648,21.74019649272145,22.149259221965,237940000
2021-08-27,22.584266662597656,22.670070557019205,22.11633866678472,22.133300012367442,304722000
2021-08-30,22.63614845275879,22.990336677194776,22.499462421034632,22.777824123131097,262580000
2021-08-31,22.337778091430664,22.64712359993544,22.073337729589888,22.64712359993544,259850000
2021-09-01,22.39366340637207,22.64912392300393,22.309840959662484,22.437571217978416,201767000
2021-09-02,22.3487548828125,22.545339807951134,22.24796811279879,22.47049726134416,187834000
2021-09-03,22.794811248779297,22.93750922846225,22.153168059674176,22.27790436202972,280532000
2021-09-07,22.614194869995117,22.850694428150952,22.47448890756114,22.784833671238882,198107000
2021-09-08,22.2918701171875,22.562298272926856,21.930632444841674,22.46550280067646,254434000
2021-09-09,22.130212783813477,22.490451235776646,22.08431030296095,22.26492820000375,196856000
2021-09-10,22.430585861206055,22.578272484404366,22.223024430773005,22.30085901552275,248376000
2021-09-13,22.105270385742188,22.915557731283194,21.81188995971526,22.636147711099213,297500000
2021-09-14,22.195083618164062,22.362728510461544,22.03941254531984,22.22801304915451,199755000
2021-09-15,22.293865203857422,22.31981132430622,21.91965636808884,22.261933127656608,166538000
2021-09-16,22.195083618164062,22.230009637392705,21.880747541780984,22.136208056703595,156033000
2021-09-17,21.853797912597656,22.27390927077693,21.78394589381782,22.25295366514298,294503000
2021-09-20,21.06846046447754,21.38778508160045,20.618411689847797,21.101389887747473,349440000
2021-09-21,21.201181411743164,21.379802756895952,20.905806301905702,21.371820211672656,204688000
2021-09-22,21.894718170166016,21.91367719365611,21.151288817679976,21.320930299925596,268726000
2021-09-23,22.4345703125,22.48745799648261,21.843818289365494,22.093290867008587,248555000
2021-09-24,22.034420013427734,22.102277360773,21.814884783571202,22.02344353743368,217655000
2021-09-27,21.61431121826172,21.753017957009202,21.280018765785552,21.664204989181176,245215000
2021-09-28,20.655332565307617,21.37381486341932,20.607433491656852,21.169247409834707,343069000
2021-09-29,20.473718643188477,20.972663870201263,20.423822978492204,20.895826640226495,218394000
2021-09-30,20.67229652404785,21.021558534466575,20.64435571548034,20.724186869005347,221009000
2021-10-01,20.698244094848633,20.814995951669495,20.16037968568149,20.706226639761606,240978000
2021-10-04,19.69037628173828,20.498667077843145,19.51374961230619,20.460747131129327,345635000
2021-10-05,20.407861709594727,20.604446668323913,19.812120875182806,19.907919046676803,279282000
2021-10-06,20.65633201599121,20.676288377439814,20.0376391312872,20.077555660834182,297202000
2021-10-07,21.03054428100586,21.277022990094792,20.927760913966573,21.047506715120413,256919000
2021-10-08,20.787052154541016,21.16126101595246,20.73117054152913,21.056482991555182,151258000
2021-10-11,20.65134048461914,21.01856416379945,20.467728645028984,20.53159470850479,163388000
2021-10-12,20.62739372253418,21.01257912959574,20.484695733535407,20.78406211740241,162134000
2021-10-13,20.89482879638672,20.945721806793706,20.66930570613976,20.873873186805923,180652000
2021-10-14,21.70012855529785,21.70910844363068,21.07744429344667,21.24309449297666,243589000
2021-10-15,21.81588363647461,21.88473833095273,21.616306660056754,21.76399328000742,226994000
2021-10-18,22.175121307373047,22.243975990824204,21.59833961734775,21.70311955926144,189494000
2021-10-19,22.242979049682617,22.33179009685353,21.990512506917007,22.22900674096052,161473000
2021-10-20,22.056373596191406,22.38567737363948,21.935628560572944,22.257947135216437,146276000
2021-10-21,22.644126892089844,22.66308781338826,22.036412424885217,22.05038282865257,187590000
2021-10-22,22.67806053161621,23.081207644908968,22.51340958016107,22.7748560370343,249384000
2021-10-25,23.11713218688965,23.305732673219815,22.72196763172872,22.924538524453713,230235000
2021-10-26,24.66486167907715,25.205720119420043,23.87353514288528,23.938398566559716,485898000
2021-10-27,24.3994140625,25.03706585426714,24.23076999047586,24.422366253285386,245990000
2021-10-28,24.88838768005371,24.897369471375516,24.471270169615977,24.825520850776506,234204000
2021-10-29,25.5130672454834,25.654767902179138,24.94726386442255,24.948261206819474,292503000
2021-11-01,25.77251625061035,25.839374347203503,25.173781601491516,25.59489225344684,265740000
2021-11-02,26.34530258178711,26.621718639071563,25.745570640273353,25.767525492097906,294112000
2021-11-03,26.541893005371094,26.727501473983224,26.17965976317595,26.613741629026617,239910000
2021-11-04,29.738134384155273,31.298834251427845,27.060793699318,27.171559601999014,1153631000
2021-11-05,29.68923568725586,31.333757862133087,29.347956214634998,30.123317473930538,851260000
2021-11-08,30.7390193939209,31.03439450585306,29.843910363865678,30.085400440170883,503101000
2021-11-09,30.59232521057129,32.24183980327339,29.90078828330195,32.21389899422513,646746000
2021-11-10,29.396852493286133,30.784918765255455,28.717289384564676,29.29407104741433,636206000
2021-11-11,30.32589340209961,30.525472274723953,29.714187526391587,30.403729885686676,332172000
2021-11-12,30.32589340209961,30.615282577072385,29.567496350782378,29.94669582810359,413054000
2021-11-15,29.961666107177734,30.579359896083552,29.185307310504573,30.487554901185998,384909000
2021-11-16,30.1392822265625,30.325888001469504,29.64333096717068,29.69622055809208,264484000
2021-11-17,29.19927406311035,30.444642523145944,28.739246093754417,30.353832978774516,428508000
2021-11-18,31.60817527770996,32.69088536655633,31.25492201136,32.29871672243403,781711000
2021-11-19,32.9154167175293,33.018200072194944,31.837695120260975,32.17498143367427,533867000
2021-11-22,31.88858413696289,34.57390711561954,31.832702519697552,33.446289928208735,754335000
2021-11-23,31.679033279418945,32.29173838894415,30.814858947539943,31.46847793452382,532163000
2021-11-24,32.605072021484375,32.78568994748824,30.862755024040684,31.39463157257882,435162000
2021-11-26,31.436546325683594,32.640999049774194,31.283869193005557,32.53123047996509,283069000
2021-11-29,33.30560302734375,33.341526395973055,31.968429193654757,32.29773498716797,454964000
2021-11-30,32.60707092285156,33.28264478706327,31.79678541007752,33.09903100381717,622066000
2021-12-01,31.372529983520508,33.2228476004512,31.317638978190622,33.15298701314343,484368000
2021-12-02,32.0621452331543,32.41344677940804,30.963333768179716,31.151959189582207,472890000
2021-12-03,30.632007598876953,32.065154799047775,30.070124764194013,31.93640953389678,544325000
2021-12-06,29.97730255126953,30.180895672741258,27.982274986665256,29.820613094112026,658938000
2021-12-07,32.36256408691406,32.384523539345906,30.59009401582162,30.895487638567595,593053000
2021-12-08,31.76274871826172,32.225827257844415,31.358552936375865,31.93540523035622,475551000
2021-12-09,30.42940330505371,32.14099693386837,30.367526251043838,31.6709304355526,488507000
2021-12-10,30.13798713684082,31.242787533822337,29.801656967245915,31.088094881745874,488825000
2021-12-13,28.10503578186035,30.23379825928453,28.060125132879463,30.188887610303645,598344000
2021-12-14,28.280681610107422,28.62100349476861,27.195842071505684,27.643949113929793,667035000
2021-12-15,30.398466110229492,30.439384993244534,27.782674736715105,28.343558104801343,698297000
2021-12-16,28.330583572387695,31.09807330257781,28.037169139263874,31.090089780244078,707366000
2021-12-17,27.745752334594727,28.86452488757024,27.70483344742643,27.929386691044225,713758000
2021-12-20,27.66391372680664,28.08806836031616,27.09105503438404,27.250736913132904,461847000
2021-12-21,29.0172176361084,29.062128280070525,27.34654282285214,28.31761057753916,524385000
2021-12-22,29.34157371520996,29.49626637276533,28.39246340115357,28.83358636542172,395184000
2021-12-23,29.581090927124023,29.999258803639915,29.37250667280015,29.695862140217667,343022000
2021-12-27,30.883501052856445,31.025219046682178,29.58109424412039,29.601054953911746,403686000
2021-12-28,30.26173973083496,31.267735891884268,29.952354442300354,31.249772014643753,420591000
2021-12-29,29.941377639770508,30.487291454884854,29.307639364299206,30.212838350656018,343139000
2021-12-30,29.527204513549805,30.396473874297598,29.481296400919582,29.767724800283915,308864000
2021-12-31,29.35254669189453,29.97031785211934,29.27270576326338,29.61502448239811,266530000
2022-01-03,30.061141967773438,30.649969635421968,29.72580924621189,29.75575031363,391547000
2022-01-04,29.231786727905273,30.407444937866018,28.292656990618887,30.21682456762122,527154000
2022-01-05,27.549137115478516,29.357536037891197,27.478279080838995,28.89146324143612,498064000
2022-01-06,28.121999740600586,28.381483256103156,27.01121270492406,27.58506883228335,454186000
2022-01-07,27.192852020263672,28.365518095345266,27.003229072578133,28.085076387090762,409939000
2022-01-10,27.345544815063477,27.414407928007527,25.59303417452998,26.528172253329963,594681000
2022-01-11,27.761716842651367,28.009225072030798,26.785661751752833,27.268699119824706,404089000
2022-01-12,27.943355560302734,28.538169841179762,27.553131884370423,28.01121930597054,383413000
2022-01-13,26.522188186645508,28.42340115632872,26.4453396404375,28.322602041435534,540171000
2022-01-14,26.888458251953125,27.142952562616813,26.157912587583745,26.247733885046436,395832000
2022-01-18,25.851520538330078,26.585060416480562,25.71878543976193,26.20781139067626,424270000
2022-01-19,25.017179489135742,26.490245813728656,25.00220991034634,26.02716920354063,488315000
2022-01-20,24.102001190185547,25.52816188748509,24.03014378855294,25.25370883415951,435181000
2022-01-21,23.32754898071289,24.773668763232777,23.216769512080788,23.460284088756683,718958000
2022-01-24,23.325550079345703,23.33353360141309,20.846487542973147,22.285621139528853,913982000
2022-01-25,22.279630661010742,22.89740178998286,21.95627520194665,22.501189559876266,664616000
2022-01-26,22.72674560546875,24.009191831407684,22.255683467670956,23.1938159816246,755959000
2022-01-27,21.900388717651367,23.947313152254385,21.631922323422884,23.521161726766028,573353000
2022-01-28,22.794605255126953,22.812569129559332,21.25367335760815,21.968249899217838,543774000
2022-01-31,24.437335968017578,24.460290972976274,23.00618592049365,23.135926717655092,564680000
2022-02-01,24.589035034179688,25.095027394146598,23.842520509649365,25.054108511883626,518925000
2022-02-02,25.191837310791016,25.76569347477143,24.50420547493788,25.742740370347118,543419000
2022-02-03,23.900405883789062,25.027161828554508,23.7327404966598,24.409392542148876,410178000
2022-02-04,24.270668029785156,24.586039987928007,23.585033117362396,23.92435754479338,354829000
2022-02-07,24.678857803344727,25.13195412147848,24.153902167281217,24.323564396360993,376868000
2022-02-08,25.0580997467041,25.179857022998263,23.93234129371506,24.31058777349292,410359000
2022-02-09,26.651935577392578,26.671896293114678,25.302622793651903,25.57108737694721,524282000
2022-02-10,25.77267837524414,26.871490147981913,25.549124513702214,25.94333997182691,513200000
2022-02-11,23.901403427124023,26.100026229482054,23.72575451723449,25.864495192370278,605472000
2022-02-14,24.21877670288086,24.82556828448741,23.70779311612271,23.88643825928562,440424000
2022-02-15,26.442346572875977,26.49224644503513,24.734746450060985,24.89941755103267,699869000
2022-02-16,26.458311080932617,26.52917102458829,25.50121738608982,26.20681300824524,732676000
2022-02-17,24.458297729492188,25.73375786543632,24.116978322985712,25.57906520835988,810595000
2022-02-18,23.595014572143555,24.936343397057144,23.054091914566957,24.61897459185381,761255000
2022-02-22,23.343515396118164,24.01617571252817,22.9542910697266,22.98922136037415,633422000
2022-02-23,22.34250831604004,24.106996233636202,22.25668069011676,23.754697128771827,566511000
2022-02-24,23.7008056640625,23.75270237205634,20.8484854605416,20.9732370526292,735801000
2022-02-25,24.10899543762207,24.16887567421331,23.334538413225722,23.673862926506747,528866000
2022-02-28,24.33653450012207,24.61597867919308,23.659882542697837,23.944315946592557,477319000
2022-03-01,23.430339813232422,24.328552626962264,23.086026170341224,24.24272310643019,412056000
2022-03-02,24.175983428955078,24.364641033795944,23.372447983953073,23.712827876260754,389642000
2022-03-03,23.6709041595459,24.281791456450637,23.426348571587415,24.217906685184186,365095000
2022-03-04,22.894317626953125,23.63696498590784,22.441142240714978,23.341503399554565,431415000
2022-03-07,21.31319808959961,22.99114500980663,21.291238708054614,22.775536020572545,450821000
2022-03-08,21.47490119934082,22.33233933851528,20.61247108080546,21.270273834836342,557467000
2022-03-09,22.972177505493164,23.17780252535281,22.206571146307404,22.34631612059236,492742000
2022-03-10,22.616825103759766,22.74658802016599,21.842234335180756,22.490055090570973,428066000
2022-03-11,22.059839248657227,23.102940302954398,22.00593652699091,22.980162727551132,367209000
2022-03-14,21.291240692138672,22.22154634156977,21.12055189231949,21.82926082118848,385354000
2022-03-15,22.931249618530273,22.996132023942444,21.28325099056678,21.47889393725402,491996000
2022-03-16,24.451480865478516,24.552297138914387,23.12988771835892,23.457290722488487,671422000
2022-03-17,24.720996856689453,24.79685706155921,23.862559008695648,24.07617083617655,471941000
2022-03-18,26.40492820739746,26.520718537026188,24.579253333704855,24.75393455872764,730719000
2022-03-21,26.685413360595703,27.10265486766904,25.919807094663252,26.45882662219231,591727000
2022-03-22,26.475797653198242,27.188500789536455,26.02461941553547,26.678427854459326,547007000
2022-03-23,25.587411880493164,26.563633135603418,25.52851909569361,26.078516362640386,502120000
2022-03-24,28.098840713500977,28.268531837117266,25.859917039185778,26.11844711768974,877379000
2022-03-25,27.64167594909668,28.306466021323548,27.221441486555513,27.835323644890032,579016000
2022-03-28,28.16771697998047,28.198660780217054,27.15655743522871,27.705559052925192,425494000
2022-03-29,28.60392189025879,28.89339386605595,27.929149831104116,28.64285057154714,488984000
2022-03-30,27.639678955078125,28.444213951833504,27.453018519672682,28.252563440733994,463487000
2022-03-31,27.236412048339844,28.19666368490603,27.220442282936776,27.731510949600096,523440000
2022-04-01,26.6634521484375,27.44602766304198,26.219261218650903,27.325247285194962,517235000
2022-04-04,27.31027603149414,27.507916136883054,26.564633902248794,26.679424670623536,397120000
2022-04-05,25.883874893188477,27.269352943730603,25.773076554519676,27.204470536288614,436615000
2022-04-06,24.362646102905273,25.25402295327637,23.95938093983907,24.888688841537608,703833000
2022-04-07,24.164003372192383,24.67706914237199,23.435330567050546,24.396579708521703,557992000
2022-04-08,23.076982498168945,23.879522143654725,23.020086883249657,23.873532530332007,524781000
2022-04-11,21.877164840698242,22.27943225110598,21.620631978381596,22.173625915365193,575207000
2022-04-12,21.464916229248047,22.6836977341084,21.24331959200071,22.496039697929614,662258000
2022-04-13,22.162649154663086,22.459110293944573,21.416009317470518,21.68851390489682,516943000
2022-04-14,21.21936798095703,22.73560855917908,21.12454130662309,22.464101591348445,569097000
2022-04-18,21.743410110473633,22.047854170473418,21.040689165787903,21.161469536392858,525701000
2022-04-19,22.157655715942383,22.33233689682969,21.275261584203733,21.680523827744366,512781000
2022-04-20,21.44295883178711,22.62879947914328,21.161471751554885,22.47607766412993,468974000
2022-04-21,20.14632225036621,22.351307496780294,19.963654250425616,21.66954814057906,656209000
2022-04-22,19.47953224182129,20.448768187334096,19.464560112515493,20.26610021349829,624713000
2022-04-25,19.865833282470703,19.908754409123173,19.061298239164504,19.167104604165587,641566000
2022-04-26,18.753854751586914,19.752037349254017,18.63606917460008,19.682164872038474,653143000
2022-04-27,18.38153648376465,19.13216882446557,18.25676363846258,18.56420258895358,499460000
2022-04-28,19.746047973632812,20.000585605277607,18.456396224687087,18.932528613649104,570327000
2022-04-29,18.51329803466797,20.091424481750614,18.483351864041435,19.366743906756064,500435000
2022-05-02,19.49750328063965,19.538427232283176,18.35757845927692,18.507305480868084,572049000
2022-05-03,19.566375732421875,19.788971942411177,19.098228203230406,19.364743170731728,475751000
2022-05-04,20.297048568725586,20.362928617902014,18.716925022967168,19.886796140998648,648855000
2022-05-05,18.80975914001465,19.88879427114173,18.466384346542295,19.83090100109151,626331000
2022-05-06,18.641061782836914,19.47654062399215,17.95730714361305,18.70195175204548,633297000
2022-05-09,16.919200897216797,18.22182798096653,16.796423304020628,18.00123079403469,644455000
2022-05-10,17.56302833557129,18.16493329466465,16.99406435818332,17.656857395875697,761474000
2022-05-11,16.599775314331055,17.720735437950946,16.537889624665944,17.315473177135534,670167000
2022-05-12,16.14560317993164,16.75748999654894,15.53870929454901,16.189523839856356,708728000
2022-05-13,17.673826217651367,17.89542294849974,16.562849659594,16.7574950250402,670437000
2022-05-16,17.232627868652344,17.755675825530098,17.074915945165092,17.477183493359433,521446000
2022-05-17,18.143964767456055,18.33761243130052,17.60195235864929,18.041151322209387,585830000
2022-05-18,16.907215118408203,18.085070787489677,16.833350206512566,17.67282130331116,545161000
2022-05-19,17.092878341674805,17.654854836825514,16.703585856926992,16.906217932771696,621310000
2022-05-20,16.663660049438477,17.378358372785904,15.726366487747862,17.30050101581057,739105000
2022-05-23,16.867294311523438,16.88426361777237,16.1496009881176,16.244427672325003,639889000
2022-05-24,16.124645233154297,16.566841031680042,15.751325247533773,16.47999922956967,588550000
2022-05-25,16.944150924682617,17.079903445712347,15.97092245670094,15.990886566703573,781132000
2022-05-26,17.818557739257812,18.059118973315748,15.992881259502376,16.00685575522456,996575000
2022-05-27,18.77681541442871,18.846687898146087,18.06710707974636,18.152951232834447,738379000
2022-05-31,18.638063430786133,19.16510363804112,18.316648182003533,18.945502282430265,664100000
2022-06-01,18.28670310974121,19.01837068481213,18.089063020279156,18.68997007377349,544514000
2022-06-02,19.556396484375,19.58334784646,18.16493055901775,18.258759605191464,648656000
2022-06-03,18.68598175048828,19.29687105430401,18.488341597340362,19.047325348696557,598779000
2022-06-06,18.75185775756836,19.301856968127392,18.53026109692932,19.104216857601944,422406000
2022-06-07,18.8916072845459,18.965472213893936,18.154947548277914,18.438431844745782,388914000
2022-06-08,18.618043899536133,19.14918886431723,18.505224558437913,18.768800398425874,363252000
2022-06-09,18.01900863647461,18.90258723082813,18.012019911507146,18.451313643542257,395574000
2022-06-10,16.946735382080078,17.66857359163236,16.841902597628902,17.571729282063977,465248000
2022-06-13,15.621865272521973,16.285796991229645,15.580930768510546,15.974297907810348,604153000
2022-06-14,15.810564994812012,16.040195116666773,15.387245275747352,15.705733148468608,469680000
2022-06-15,16.500450134277344,16.84090192856141,15.900414844094753,16.069143021465198,563936000
2022-06-16,15.575940132141113,15.916392943958204,15.376261580184906,15.834523928335084,545749000
2022-06-17,15.854493141174316,15.9693081959155,15.303379735845638,15.622865436740238,630334000
2022-06-21,16.539386749267578,16.98067611376005,16.380641786258877,16.44853333661979,483089000
2022-06-22,16.33371925354004,16.63523415441029,16.15400810802624,16.199933739530884,437135000
2022-06-23,16.198936462402344,16.558356861748027,15.827533351841502,16.49246289970144,463680000
2022-06-24,17.098487854003906,17.112465303147033,16.28379871027583,16.473494023135874,472153000
2022-06-27,16.841903686523438,17.302163648044232,16.599293974290056,17.28419291089453,427968000
2022-06-28,15.956328392028809,17.17436801500843,15.91938717022095,16.87285307326158,461149000
2022-06-29,15.517033576965332,15.794586883557068,15.145631406490011,15.788596955968533,482352000
2022-06-30,15.134649276733398,15.54199386594336,14.838126440244391,15.336324452753491,686070000
2022-07-01,14.49967098236084,15.038803524181898,14.368881846227062,14.875067404670956,577610000
2022-07-05,14.939961433410645,14.94695015807397,14.032422215907793,14.152229332482921,651397000
2022-07-06,15.105696678161621,15.294393215490263,14.765243873049544,14.985889549347426,529066000
2022-07-07,15.832528114318848,15.919388265162539,15.364281576027004,15.431174346701193,492903000
2022-07-08,15.812560081481934,16.01124079035871,15.364280941862427,15.405215450126937,467972000
2022-07-11,15.127660751342773,15.502058363657559,15.013843557279245,15.501059566316355,437321000
2022-07-12,15.057772636413574,15.406211993432294,14.853102016672706,15.243473723701138,458483000
2022-07-13,15.139643669128418,15.35030521006558,14.441766972739467,14.566566202089593,521918000
2022-07-14,15.347306251525879,15.44814383814876,14.704340715980594,15.083730400494847,456235000
2022-07-15,15.73668098449707,15.75664836262336,15.420189805163654,15.633846749612045,385935000
2022-07-18,16.075138092041016,16.86985906904583,15.976298082766748,16.275815455198785,670517000
2022-07-19,16.96470832824707,17.08251882919719,16.146025702467618,16.459520538555523,702366000
2022-07-20,17.778396606445312,17.90419557403467,16.774013886344825,16.919779281556753,760538000
2022-07-21,18.02100372314453,18.114852584461335,17.51681579289386,17.856269769328147,557049000
2022-07-22,17.291179656982422,17.93813754600972,17.109470902798687,17.86425701094861,536671000
2022-07-25,16.99665069580078,17.09649042421537,16.622253142459385,16.991657662023613,480748000
2022-07-26,16.506441116333008,16.891820697599794,16.451529167696027,16.86186820626566,397865000
2022-07-27,17.761423110961914,17.907188485590435,16.885831113737122,17.004639434525583,569776000
2022-07-28,17.955108642578125,18.11085817162906,17.411983837534958,17.946124228071746,474646000
2022-07-29,18.133825302124023,18.214694569102246,17.663581188162542,17.784387118127725,435460000
2022-08-01,18.411378860473633,18.815729008879483,17.96110307249906,18.15279410603998,476469000
2022-08-02,18.49624252319336,18.90758142194784,18.062939600781153,18.09289210018399,489527000
2022-08-03,18.862651824951172,18.937532114170036,18.10786566973609,18.154791057227346,418146000
2022-08-04,19.18413734436035,19.243042594792605,18.72986823383553,18.818725984317854,409652000
2022-08-05,18.9585018157959,19.1981161198537,18.636020636412223,18.779788457132817,386068000
2022-08-08,17.764419555664062,18.209704226677722,17.214305900483794,17.47388850828178,981859000
2022-08-09,17.058549880981445,17.41896995523627,16.6971319617718,17.22428354912686,668263000
2022-08-10,18.06793212890625,18.088898306614105,17.289184304860864,17.669572848171974,597422000
2022-08-11,17.91318130493164,18.67695387002045,17.84728732822926,18.101878818020555,509327000
2022-08-12,18.6789493560791,18.68793567728393,17.92416312056551,18.130831369711036,478094000
2022-08-15,19.001428604125977,19.13321654286925,18.583102920928454,18.67096091199568,457666000
2022-08-16,18.84867286682129,19.11125087643797,18.47127981939262,18.889607370873275,451240000
2022-08-17,18.30554962158203,18.657983276915708,18.115856168463772,18.49324928823037,446799000
2022-08-18,18.742849349975586,18.83470064400147,18.153796798227294,18.27160730857695,415447000
2022-08-19,17.820327758789062,18.490249371942653,17.74145419450282,18.376432185051982,441588000
2022-08-22,17.006641387939453,17.529799937560014,16.93874981335424,17.4619083629748,409593000
2022-08-23,17.15340232849121,17.436946542201706,16.94274081093071,16.961711297149357,369986000
2022-08-24,17.194337844848633,17.378042316071028,16.867863413110875,16.984674160286165,522661000
2022-08-25,17.88422393798828,17.918169715102525,16.805958969898168,16.816940979132873,770691000
2022-08-26,16.233877182006836,17.895203385391955,16.21091341741473,17.82831159014966,769127000
2022-08-29,15.775620460510254,16.31175764711642,15.741675626533684,15.99426952307639,496132000
2022-08-30,15.443154335021973,16.013236290955273,15.157613482274343,15.934363667656111,530181000
2022-08-31,15.069753646850586,15.515037314685223,14.93497027531041,15.359287767857783,573710000
2022-09-01,13.914610862731934,14.356899035319362,13.248682562904268,14.186173262289337,1178865000
2022-09-02,13.625076293945312,14.148233699046763,13.5691655500146,14.077348614253355,743157000
2022-09-06,13.443371772766113,13.756867534549574,13.329554567237018,13.708944300191542,535751000
2022-09-07,13.696040153503418,13.819878314045399,13.328522048866603,13.545237877389667,512657000
2022-09-08,13.97167682647705,13.989653853498535,13.351490823804518,13.441372149210842,624873000
2022-09-09,14.368159294128418,14.455045254829914,14.107501412023929,14.138460000064642,486612000
2022-09-12,14.486002922058105,14.527947731810595,14.179404839818012,14.350181361214242,484159000
2022-09-13,13.113801002502441,13.903765341770807,13.081843326525124,13.78392262821803,714956000
2022-09-14,13.110808372497559,13.27259592683206,12.896089775229148,13.236642819504809,588507000
2022-09-15,12.912066459655762,13.215668204044421,12.773248572458732,12.997954265186072,523625000
2022-09-16,13.18071460723877,13.194696210561576,12.600475212066435,12.725311500263086,670751000
2022-09-19,13.36447525024414,13.44536950238442,12.992962670832137,12.994959906915472,569685000
2022-09-20,13.158743858337402,13.46534195963584,13.039900223317943,13.19769329297533,524818000
2022-09-21,13.243630409240723,14.012622319653198,13.092828166329912,13.195693896859101,807679000
2022-09-22,12.544550895690918,13.1317811906846,12.411725641921524,13.052884170953144,759162000
2022-09-23,12.499608039855957,12.594483888456596,12.240947418073999,12.40373404951629,663309000
2022-09-26,12.211984634399414,12.642420860837374,12.198003031202267,12.474640670046318,547343000
2022-09-27,12.396742820739746,12.719319742448128,12.241946090666989,12.490619571943231,553854000
2022-09-28,12.719321250915527,12.806207210789621,12.337821540927935,12.393747960630728,542414000
2022-09-29,12.203995704650879,12.483628721329582,11.930354395452484,12.431696780132437,532763000
2022-09-30,12.123101234436035,12.616454666511402,12.059184927057526,12.071169294217576,565638000
2022-10-03,12.495613098144531,12.661396053420196,12.089145605693762,12.33082923699565,547478000
2022-10-04,13.149754524230957,13.202685557771737,12.862131621505267,12.862131621505267,584182000
2022-10-05,13.191699981689453,13.30355376155447,12.604470732780348,12.894090885519283,507131000
2022-10-06,13.11280632019043,13.638117543681016,13.08584125012535,13.202688617173399,644157000
2022-10-07,12.060185432434082,12.653407390361005,12.00625625011576,12.488623513159082,672478000
2022-10-10,11.654716491699219,12.108121431783047,11.3930595354897,12.02123547777354,698699000
2022-10-11,11.570826530456543,11.830485290733634,11.26822291287926,11.545858700912863,667482000
2022-10-12,11.484938621520996,11.719630502652882,11.330141889388276,11.563835628802222,492590000
2022-10-13,11.944336891174316,12.062182385586972,10.798838721715281,10.956631792924158,850103000
2022-10-14,11.212298393249512,12.095140613196103,11.189328748128137,12.041211425664171,713432000
2022-10-17,11.872428894042969,11.932350726428501,11.501915484578577,11.502913626203627,580774000
2022-10-18,11.95132827758789,12.475640367724393,11.602785343462813,12.327834421594872,659362000
2022-10-19,12.035219192504883,12.333828399401735,11.818503340351095,11.863444490296505,523131000
2022-10-20,12.17802906036377,12.752275759292546,12.08914492779996,12.097134823090324,652398000
2022-10-21,12.449674606323242,12.481633241323104,11.87143332263106,12.082156494590066,609494000
2022-10-24,12.582499504089355,12.693354192196825,12.048200327410264,12.49161907984014,517457000
2022-10-25,13.243630409240723,13.282579837502556,12.647412238513045,12.6773736302299,505482000
2022-10-26,12.879111289978027,13.370466592779119,12.691357769324208,12.852147174952409,532953000
2022-10-27,13.158743858337402,13.819877533588544,13.104814677814026,13.61214975532052,583113000
2022-10-28,13.815881729125977,13.83186152118797,13.043894336346346,13.086838241715473,521040000
2022-10-31,13.479323387145996,13.819877352516734,13.27958550774582,13.759955512484012,486341000
2022-11-01,13.525262832641602,13.906762493344775,13.501294098029572,13.792911480150275,432817000
2022-11-02,13.201687812805176,14.191390140892414,13.1936988689507,13.83186195195651,672628000
2022-11-03,13.403424263000488,13.762953440077196,12.939033996652151,13.02591996046557,500065000
2022-11-04,14.13746166229248,14.21036601692471,13.679062174776115,13.967684215423516,612576000
2022-11-07,14.282270431518555,14.393125122055553,13.935725708295829,14.209366081203711,410061000
2022-11-08,14.582878112792969,14.87149920944687,14.197382968646812,14.781616917016805,595292000
2022-11-09,13.757959365844727,14.192390121308478,13.740981430455777,14.143453551229962,454414000
2022-11-10,15.729373931884766,15.75234357507586,14.527949302036653,14.78061823441489,700819000
2022-11-11,16.305612564086914,16.36753162320552,15.46172013413855,15.78629421892062,655487000
2022-11-14,16.27366065979004,16.51834065367654,15.901148984019148,16.1967618318074,527852000
2022-11-15,16.644174575805664,16.975738615290787,16.36054610593409,16.70010099439711,545876000
2022-11-16,15.88916301727295,16.34057071172928,15.852211772174623,16.140833788396282,649547000
2022-11-17,15.656469345092773,16.244698687867267,15.514655111106975,15.694419686718572,710894000
2022-11-18,15.388819694519043,15.981043471785322,15.10019767858643,15.945089416031916,492072000
2022-11-21,15.296941757202148,15.45673207416043,15.060251659699267,15.12716430732762,404739000
2022-11-22,16.016998291015625,16.036972558111696,15.102197430405885,15.30792800033822,472866000
2022-11-23,16.49736785888672,16.50535870885115,16.02698585665369,16.076919620889132,427241000
2022-11-25,16.248695373535156,16.465410273649304,16.150824128322316,16.296632854209083,167934000
2022-11-28,15.80627155303955,16.335578114870664,15.704405855375358,16.00501033484104,303741000
2022-11-29,15.618517875671387,15.911134360808981,15.499674245542238,15.806271381799128,298384000
2022-11-30,16.905162811279297,16.91215540251176,15.58056025532418,15.680454279692341,565298000
2022-12-01,17.1169376373291,17.24679976152075,16.617464704481463,16.98108131969133,470977000
2022-12-02,16.858211517333984,16.91515254992387,16.427666051305167,16.641441188481675,371389000
2022-12-05,16.592491149902344,16.977085530136808,16.454636135070988,16.66141865731802,352255000
2022-12-06,15.970149040222168,16.55553084429332,15.802325903042705,16.51257690097359,352694000
2022-12-07,16.103010177612305,16.16894059762961,15.650486623430005,15.7553764476407,372388000
2022-12-08,17.150903701782227,17.160893389958503,15.94217810718751,16.255848218840367,515456000
2022-12-09,16.983078002929688,17.564465224613613,16.957106340396344,17.141910790847255,465338000
2022-12-12,17.516515731811523,17.5195128285567,16.779294713991607,17.01904149488724,457328000
2022-12-13,18.05295181274414,18.770195420423224,17.692332261799088,18.51146764054295,656589000
2022-12-14,17.655370712280273,18.23276249935812,17.401638727640112,17.968040523898743,496888000
2022-12-15,16.934125900268555,17.301737920767152,16.682392700233958,17.127921595408722,478542000
2022-12-16,16.553531646728516,17.023037438901543,16.392702058076296,16.846223968965074,478232000
2022-12-19,16.23686408996582,16.59148937740911,16.127979749041472,16.55452963419861,354039000
2022-12-20,16.06804656982422,16.292809815920624,15.835293287085545,16.04706879387778,403260000
2022-12-21,16.483604431152344,16.609472961104036,16.0850248812042,16.097013267551,325025000
2022-12-22,15.322830200195312,16.120988676666293,14.866312166020125,16.077034434147475,565045000
2022-12-23,15.189970970153809,15.322830189395079,14.867311505326436,15.17998128298212,349326000
2022-12-27,14.106114387512207,15.084082448789612,14.04118237491811,15.05810983428577,464902000
2022-12-28,14.021204948425293,14.246966554872388,13.86936474434743,13.912319639203043,351066000
2022-12-29,14.587607383728027,14.667522983450695,14.2120042555653,14.38681998720955,354923000
2022-12-30,14.59859561920166,14.613579197907772,14.217996715226494,14.318890082879692,310490000
2023-01-03,14.299908638000488,14.98019143326443,14.081139646053048,14.83534383569061,401277000
2023-01-04,14.733451843261719,14.837342302451898,14.225987933937839,14.5516444923479,431324000
2023-01-05,14.249963760375977,14.548648374304229,14.133086509590795,14.475725368544696,389168000
2023-01-06,14.843337059020996,14.994177909991919,14.019206897315305,14.458742666001996,405044000
2023-01-09,15.61152458190918,16.039072863782973,15.125037532338498,15.267887377972603,504231000
2023-01-10,15.892230987548828,15.945174618132851,15.455691347514714,15.490654302177573,384101000
2023-01-11,15.984130859375,16.01110282220087,15.546592882587277,15.823301290137104,353285000
2023-01-12,16.49359130859375,16.619457911768272,15.475665637799224,16.08302534756965,551409000
2023-01-13,16.88119125366211,16.90416773165163,16.147965522235506,16.260845401330883,447287000
2023-01-17,17.68334197998047,17.709315551841687,16.881188834859515,16.881188834859515,511102000
2023-01-18,17.35868263244629,17.854158152300805,17.263781558432793,17.648375934651437,439624000
2023-01-19,16.74732780456543,17.17887355641003,16.713365152180454,17.018042058487556,452932000
2023-01-20,17.820194244384766,17.83717652058434,16.807263297293154,16.99306612778277,564967000
2023-01-23,19.172773361206055,19.224718604327315,17.79922246859913,18.044961594385768,655163000
2023-01-24,19.244693756103516,19.474452780290186,18.80016309844602,18.807155689842816,496204000
2023-01-25,19.302629470825195,19.349580807071824,18.560412717739826,18.893061849004603,449537000
2023-01-26,19.781124114990234,20.14474069411191,19.257676365647274,19.680230760238217,489535000
2023-01-27,20.343528747558594,20.60625195178664,19.38454179975137,19.441480911459067,542142000
2023-01-30,19.141799926757812,20.11876764644554,19.129811540746857,19.928969317759073,488611000
2023-01-31,19.516407012939453,19.66624851924581,18.930025867048208,19.14979328260832,498017000
2023-02-01,20.920921325683594,21.16965745715704,19.590324874698545,19.670240457303972,660477000
2023-02-02,21.68610954284668,21.925856256860428,20.678174566064236,20.977857482247046,564276000
2023-02-03,21.077756881713867,21.72207738368297,20.76708391302964,20.9778619200745,429366000
2023-02-06,21.066770553588867,21.54726252016348,20.764088546903054,20.78406792196353,452197000
2023-02-07,22.149627685546875,22.235537474634327,21.12770531761483,21.3594611160502,664150000
2023-02-08,22.18159294128418,22.85388384635013,21.984800102114296,22.36340029679166,559651000
2023-02-09,22.313451766967773,22.99573229825379,22.09668147789324,22.58216918763524,523876000
2023-02-10,21.242582321166992,22.05472500108008,20.789062350237074,21.667135439240298,550737000
2023-02-13,21.765033721923828,22.024759888693577,20.939904182007883,21.515297242953466,474919000
2023-02-14,22.946788787841797,23.024705690240783,21.343479041145304,21.55525548230403,675474000
2023-02-15,22.74000358581543,22.830907263123883,22.082698167631655,22.52523007264076,420575000
2023-02-16,21.978809356689453,22.5262301612366,21.90388764913277,22.109669887606003,412026000
2023-02-17,21.365453720092773,21.717081932888007,20.9528889890741,21.60819758522636,465888000
2023-02-21,20.63322639465332,21.47134072519899,20.596264744241374,20.977862013234812,410015000
2023-02-22,20.73212242126465,21.081753858938534,20.399473261638228,20.685172986353002,513184000
2023-02-23,23.639053344726562,23.86281813728652,23.00072702935598,23.415290457504543,1117995000
2023-02-24,23.26145362854004,23.449257089535415,22.922812171124363,23.200519010604086,589716000
2023-02-27,23.47622299194336,23.854823133033605,23.429273564014498,23.64504544483232,452994000
2023-02-28,23.191530227661133,23.79988950766087,23.181540538896495,23.347365942780517,455963000
2023-03-01,22.674074172973633,23.231486553591107,22.48427391696802,23.167552933250114,460026000
2023-03-02,23.2894229888916,23.355353400499368,22.40835276964801,22.464295399339527,389415000
2023-03-03,23.864816665649414,23.874806353174602,23.105617561777713,23.295417814080157,412393000
2023-03-06,23.529170989990234,24.222437736222577,23.462240277861365,23.865815628810815,437429000
2023-03-07,23.26740074157715,24.103660267777396,23.220441431129053,23.5791250368648,515154000
2023-03-08,24.159608840942383,24.178593039415297,23.40327852623449,23.466222520970515,513573000
2023-03-09,23.415271759033203,24.432370990770355,23.36231723479036,24.153616530475606,501257000
2023-03-10,22.944690704345703,23.60610591009381,22.70590174749073,23.388298290096692,474866000
2023-03-13,22.945690155029297,23.27739729031593,22.277283050243035,22.731880605336343,421890000
2023-03-14,24.041717529296875,24.197579694405405,23.439250204223796,23.475219568886814,474910000
2023-03-15,24.206573486328125,24.26452084975583,23.339341111840906,23.73998553895474,524486000
2023-03-16,25.51841163635254,25.565369047622582,23.872866995148154,24.005750694887265,583253000
2023-03-17,25.702247619628906,26.375651279421106,25.645296921004547,25.95902028263856,848547000
2023-03-20,25.87708854675293,26.000979405508424,25.107769229375986,25.592340809458843,432747000
2023-03-21,26.175827026367188,26.368657115310835,25.35855164040249,26.15684473087792,547408000
2023-03-22,26.444589614868164,27.564598386349715,26.21379303359335,26.401626474238157,797295000
2023-03-23,27.166948318481445,27.47467644266125,26.66639202441552,27.091015330476242,564889000
2023-03-24,26.755311965942383,27.142969248408896,26.3316872285577,27.007089867354004,454920000
2023-03-27,26.507535934448242,26.97612101034624,26.341682380127203,26.81326506197413,361026000
2023-03-28,26.386638641357422,26.48954817207098,25.82713452804624,26.423606568217767,356104000
2023-03-29,26.96013069152832,27.054047407093574,26.573473879413093,26.80127284346235,393694000
2023-03-30,27.358781814575195,27.47468035198424,27.07803019459777,27.204918683423134,364516000
2023-03-31,27.752431869506836,27.809380660660256,27.08102536446216,27.115994254760153,433933000
2023-04-03,27.94026756286621,27.97523645598325,27.311824147854885,27.484671479925822,398716000
2023-04-04,27.428720474243164,27.975237607444253,27.282849683904686,27.941267279686127,368592000
2023-04-05,26.857223510742188,26.97411869458037,26.371653330557585,26.80526946048249,515015000
2023-04-06,27.01308822631836,27.056049463902667,26.403627120957175,26.56048785327074,397654000
2023-04-10,27.554609298706055,27.596571970496065,26.645414265265643,26.79927739516235,395279000
2023-04-11,27.144968032836914,27.76541901115848,27.1020048950003,27.699477407319026,314378000
2023-04-12,26.47156524658203,27.44370417314176,26.42460593521108,27.345791283837347,446259000
2023-04-13,26.439592361450195,26.863217112653786,26.305712014928602,26.71035256577281,353615000
2023-04-14,26.734333038330078,26.859222480822282,26.196808771126577,26.48055798084649,395660000
2023-04-17,26.978118896484375,26.982115069024893,26.409621904454085,26.541505126599592,321471000
2023-04-18,27.642528533935547,28.08513749604695,27.332803260522113,27.508648184223265,604812000
2023-04-19,27.906293869018555,27.97523308017652,27.207912752047683,27.336798357649375,358660000
2023-04-20,27.080026626586914,28.00520817494305,26.976118523026464,27.64652455149464,427713000
2023-04-21,27.095014572143555,27.158959050915872,26.6983663319222,26.928162455219432,345103000
2023-04-24,27.018081665039062,27.341794498427166,26.647409518060194,26.989107985798988,339282000
2023-04-25,26.21778678894043,27.222897413291882,26.201802100966088,27.054046283348306,378527000
2023-04-26,26.932157516479492,27.305827272348722,26.68138006807285,26.978118263771744,406337000
2023-04-27,27.201919555664062,27.47068264242289,26.601451283130864,27.338799421481617,377161000
2023-04-28,27.724456787109375,27.733447698531908,27.047055069952613,27.200920093090993,292216000
2023-05-01,28.884424209594727,29.032293995842597,27.755424718472614,27.815371105043905,570329000
2023-05-02,28.18505096435547,28.810498704607454,28.058164377201287,28.654636529358847,402730000
2023-05-03,27.77741050720215,28.341911325325526,27.44770245263645,27.815377004737694,383387000
2023-05-04,27.537620544433594,27.834356814204146,27.21590486366876,27.626540615871196,321850000
2023-05-05,28.654632568359375,28.72956508673925,27.7064725625765,27.801387848122303,361494000
2023-05-08,29.125215530395508,29.194154745050692,28.32492531170623,28.49677215933893,344979000
2023-05-09,28.545730590820312,28.947375483780448,28.424839220758987,28.87344152488721,314869000
2023-05-10,28.859453201293945,29.087252189450044,28.435828416964906,28.97934600141485,369350000
2023-05-11,28.552722930908203,28.92439555714759,28.221017746526314,28.870442464415532,322149000
2023-05-12,28.3149356842041,28.754547072904792,28.02119507868358,28.503767705541893,274222000
2023-05-15,28.92738914489746,28.943375739340738,28.12709896933045,28.48278306832434,293926000
2023-05-16,29.187158584594727,29.8435789202714,28.806496990692356,28.81548790146732,449405000
2023-05-17,30.151304244995117,30.17228557706734,29.40396672866753,29.557829830530487,432535000
2023-05-18,31.649980545043945,31.799847490043984,30.293181883981152,30.383102432113493,748725000
2023-05-19,31.23634910583496,31.55206961057156,30.888657314495276,31.508107900453748,473908000
2023-05-22,31.148427963256836,31.492123586083498,30.652866345174697,30.8736696538163,372000000
2023-05-23,30.660860061645508,31.26032981848292,30.603911263708845,30.972584411427434,356253000
2023-05-24,30.510986328125,30.579925534957418,29.779633501418378,30.183275454027516,721419000
2023-05-25,37.94640350341797,39.44507664562874,36.60259203294565,38.48892244912427,1543911000
2023-05-26,38.911556243896484,39.13535716800428,37.516790924073234,37.8564903887327,714397000
2023-05-30,40.07551956176758,41.900903139211444,39.913664110250345,40.55909259441889,923401000
2023-05-31,37.800540924072266,40.25936306137478,37.7885504996595,39.45307752910507,1002580000
2023-06-01,39.734825134277344,40.01457626339759,38.306089619716126,38.45495609590561,635873000
2023-06-02,39.29221725463867,40.46418014077918,39.0234541630698,40.061536692451796,482731000
2023-06-05,39.13636016845703,39.53000892549244,38.672769810202105,38.87459083409057,396094000
2023-06-06,38.619815826416016,39.12536886577813,38.114262787053896,38.79566268178252,388729000
2023-06-07,37.44572067260742,39.468141471393565,37.32681416120832,38.88459809447063,511998000
2023-06-08,38.479923248291016,38.83364687712899,37.47571086548645,37.694537790431326,417772000
2023-06-09,38.739715576171875,39.67997860030122,38.53687503234718,39.00650530356787,427717000
2023-06-12,39.4511604309082,39.499123275212575,38.58783685686491,39.16938300880245,388701000
2023-06-13,40.989959716796875,41.06890039349555,39.70896332197463,40.154614126267326,613208000
2023-06-14,42.963417053222656,42.966413063285984,40.52032331528582,40.79211402973289,740465000
2023-06-15,42.61968994140625,43.255194841743766,42.11408458461737,42.5687310811785,568622000
2023-06-16,42.658653259277344,43.6868488037051,42.62767543128522,43.416060581927226,655709000
2023-06-20,43.773780822753906,43.95564168389906,42.64066770306491,42.96441594228362,451153000
2023-06-21,43.011375427246094,43.58093370313804,42.04713285457767,43.467020523272616,551603000
2023-06-22,42.99139404296875,43.392077979853475,42.201011539171446,42.21999389255843,417737000
2023-06-23,42.176025390625,42.77555513779792,41.982176702107104,42.43082724844622,358140000
2023-06-26,40.600257873535156,42.7305923048299,40.06867198268561,42.42782760853359,594322000
2023-06-27,41.84328842163086,41.907237605323324,40.416406298926006,40.76713004512084,462175000
2023-06-28,41.08488845825195,41.81232053515092,40.48635724932419,40.62824464055819,582639000
2023-06-29,40.79011154174805,41.56750370507978,40.56828482936424,41.52553669526217,380514000
2023-06-30,42.268959045410156,42.516766447959405,41.46858596097829,41.64744701058792,501148000
2023-07-03,42.3798713684082,42.86449316721701,42.169037634447896,42.48379023030001,198209000
2023-07-05,42.28395080566406,43.143275924330226,42.05212974638505,42.102089932908285,323618000
2023-07-06,42.07011795043945,42.146058807449926,41.31370920237291,41.81132135922697,303582000
2023-07-07,42.46980285644531,43.18024990252509,42.14705707601412,42.28894446417988,355881000
2023-07-10,42.147056579589844,42.77756426984942,41.616469261927726,42.623685218893456,353908000
2023-07-11,42.37187957763672,42.72460451753315,42.03414612426581,42.44782043348418,298244000
2023-07-12,43.86770248413086,43.90067764855856,42.74358137770357,42.99938189898188,481277000
2023-07-13,45.94109344482422,46.11895201895111,44.45725261049975,44.48323328046501,478204000
2023-07-14,45.43348693847656,48.05044077711324,45.024806002911156,46.54661523204283,772075000
2023-07-17,46.42470932006836,46.459681830207685,45.2266483214971,46.25284659122238,510488000
2023-07-18,47.45690155029297,47.85858797189123,45.69827797708258,46.66452170058574,569164000
2023-07-19,47.04022979736328,47.78065216165784,46.70549236660369,47.42692856470666,427502000
2023-07-20,45.48445129394531,47.05022887602284,45.0268087892971,46.470680001468594,537865000
2023-07-21,44.27438735961914,45.83017417101583,44.06555098011311,45.7522321711593,963769000
2023-07-24,44.57715606689453,45.0737695401444,44.00560422049565,44.69606260557121,382516000
2023-07-25,45.6433219909668,46.14692613209552,44.88791196755602,44.90589946333249,348081000
2023-07-26,45.4164924621582,46.01702469777884,44.59513601307883,45.9850482020561,364237000
2023-07-27,45.86415100097656,47.357982253239214,45.71426663486367,46.4826670082,455976000
2023-07-28,46.71348571777344,46.99026979268205,46.344774445154044,46.63154903236518,331194000
2023-07-31,46.692501068115234,47.09318883138378,46.469675675562414,46.717483065836525,251055000
2023-08-01,46.470672607421875,46.86336718401233,45.991048000510794,46.42370843555568,237858000
2023-08-02,44.23442840576172,45.804200653759004,43.35311724859975,45.79520881072496,530142000
2023-08-03,44.480228424072266,45.082758057083076,43.765786762914985,43.765786762914985,324176000
2023-08-04,44.645103454589844,45.60635008188567,44.35832886320504,44.94986554244231,362666000
2023-08-07,45.381526947021484,45.504431975857,44.528193870776704,45.07576619174701,322154000
2023-08-08,44.629119873046875,45.20666758358326,44.02159299987499,44.817971444919216,353843000
2023-08-09,42.5207633972168,44.27738970488,42.10108946258739,44.23941737277786,586449000
2023-08-10,42.35489273071289,43.53996721168232,41.80232325660613,42.12707017302428,492705000
2023-08-11,40.823089599609375,41.985183246912044,40.607258703595875,41.71838968414298,533085000
2023-08-14,43.718814849853516,43.765779013840344,40.27950649816515,40.45436901118323,690286000
2023-08-15,43.90568542480469,45.232651303193144,43.67586549160289,44.52520400479387,676512000
2023-08-16,43.452030181884766,44.640100549597996,43.372090845714155,44.48522285041412,527451000
2023-08-17,43.31014633178711,44.027584017095954,42.96741192711898,43.93565682241001,452395000
2023-08-18,43.26517868041992,43.543960081000186,41.62745897404412,42.601695871064955,583768000
2023-08-21,46.93031692504883,47.02823995825299,44.1874618900852,44.4592488124891,692573000
2023-08-22,45.63232421875,48.14935742594029,45.29758682975093,48.097396095838995,755293000
2023-08-23,47.079200744628906,47.1631347697341,45.172690060210584,45.830177068585726,779046000
2023-08-24,47.12615966796875,50.22673658703904,47.12216498787686,50.17677640386691,1156044000
2023-08-25,45.9820556640625,47.767658540303835,44.98882881073535,46.975278705672146,925341000
2023-08-28,46.79841613769531,46.94330333520207,44.852938347469795,46.44569122659898,685192000
2023-08-29,48.74589538574219,49.04266428440614,46.35476299443785,46.62954971759292,701397000
2023-08-30,49.225521087646484,49.88800143615993,48.387175707748206,49.005691704274305,735206000
2023-08-31,49.31645202636719,49.70514814643913,48.9197627338808,49.34143402541549,528570000
2023-09-01,48.47111511230469,49.76110725432437,48.104401146535636,49.72313873006912,463830000
2023-09-05,48.51007843017578,48.81284315295678,47.82261611647607,48.185331532444785,382653000
2023-09-06,47.02811813354492,48.515077394105326,46.54745522657099,48.40715496062999,468670000
2023-09-07,46.20869445800781,46.31162313659779,45.120454595762936,45.49319509398626,433330000
2023-09-08,45.54015350341797,46.57343135473317,45.239365149462806,45.909897697113266,473069000
2023-09-11,45.146427154541016,46.130735550235435,44.28103126100682,46.115746643442655,473966000
2023-09-12,44.838645935058594,45.64108624011381,44.49988211053749,44.70673820080512,349256000
2023-09-13,45.453224182128906,45.89791299422977,44.47190796370626,44.56884032019725,398355000
2023-09-14,45.54915237426758,45.95486692026357,45.099466041293624,45.917894023696675,370097000
2023-09-15,43.869319915771484,45.567129987886304,43.777381347712456,45.30931088292171,506831000
2023-09-18,43.93527603149414,44.211084137750255,41.97065027461465,42.71812866784668,500271000
2023-09-19,43.489593505859375,43.9352810366056,42.97195387152737,43.80237454169073,373064000
2023-09-20,42.20948791503906,43.872326816521394,42.193500252380844,43.56953710623469,367108000
2023-09-21,40.98833465576172,42.07057801307491,40.951361762571175,41.55394101252563,450736000
2023-09-22,41.580928802490234,42.085577039704084,41.202191983473384,41.54295333933315,479236000
2023-09-25,42.19249725341797,42.50627702068914,41.14822547100166,41.561937649909076,419091000
2023-09-26,41.88172149658203,42.790086892150065,41.62589981227778,41.97165877768874,402282000
2023-09-27,42.43832015991211,42.84204096958368,41.59990959746065,42.3004199239516,444935000
2023-09-28,43.05888366699219,43.41563258671688,42.085565419671916,42.430321689918024,424663000
2023-09-29,43.468605041503906,44.113154796580034,43.276737862234015,43.79637496273023,397830000
2023-10-02,44.750701904296875,45.14342496714759,43.83034418769884,43.99922478728352,433298000
2023-10-03,43.48659133911133,45.09846705093091,43.215780788420936,44.77668963515232,470850000
2023-10-04,44.01022720336914,44.11215712134903,43.26175000991843,43.71143633979229,361821000
2023-10-05,44.65677261352539,44.868626271295504,43.85733240049327,44.01921794767318,393483000
2023-10-06,45.73003005981445,45.75701162359217,43.995242830782374,44.16212597560587,434436000
2023-10-09,45.241363525390625,45.573132266606365,44.33699712951298,44.810664938003,409675000
2023-10-10,45.76599884033203,46.22667525132618,45.05649586993077,45.27834086872442,368582000
2023-10-11,46.77329635620117,46.82626072787499,46.01782405573412,46.16372195389678,378137000
2023-10-12,46.912193298339844,47.575730741552675,46.297625211200135,46.74431143305413,481325000
2023-10-13,45.429229736328125,47.08307579073531,45.24835646569822,46.92718276252737,474115000
2023-10-16,46.06278991699219,46.192696327999904,44.880614130194836,45.0315095868921,375099000
2023-10-17,43.90730285644531,44.722734656513275,42.450321291409665,43.96925981519668,812333000
2023-10-18,42.16651153564453,43.18879926057118,41.79577241593963,42.5612359572998,627294000
2023-10-19,42.07158660888672,43.26675013363428,41.85273785103801,42.781089631153165,501233000
2023-10-20,41.35807800292969,42.44032133844881,41.0492920242925,41.860724837875836,477266000
2023-10-23,42.944969177246094,43.217781037891605,40.91638888400306,41.20019083203981,478530000
2023-10-24,43.63248825073242,43.66646488934986,42.66117113532344,43.04689918780669,401463000
2023-10-25,41.74980926513672,43.61950423451798,41.52596674486631,43.36767758718175,398379000
2023-10-26,40.29781723022461,42.22646869925816,39.852129784028584,41.823750469367184,541001000
2023-10-27,40.47169876098633,41.177206691835266,39.987037067133414,41.1012595868594,416784000
2023-10-30,41.13223648071289,41.73681325645553,40.45271135167305,41.05829069172662,388028000
2023-10-31,40.75150680541992,40.850440472726774,39.20259051438913,40.421739350493176,517969000
2023-11-01,42.29542541503906,42.35138604007193,40.84044154012121,40.85543044867906,437593000
2023-11-02,43.4755973815918,43.853331578454224,42.864025551225126,43.29772036984495,409172000
2023-11-03,44.973548889160156,45.27733347769254,43.6924433329055,43.98923665598296,424610000
2023-11-06,45.719032287597656,45.90290564428218,44.86762640814462,45.25335828782106,400733000
2023-11-07,45.92288589477539,46.18569877151303,45.126441998746536,45.68705076383751,343165000
2023-11-08,46.54145431518555,46.834248828049994,45.93587499644732,46.06778272127609,346719000
2023-11-09,46.91719436645508,48.19629874432979,46.71733335440422,47.43383140399592,540496000
2023-11-10,48.30122756958008,48.438132884975005,47.249964459009426,47.46681189639429,421245000
2023-11-13,48.58601760864258,49.08167314175015,48.065381835668106,48.28622804602199,384136000
2023-11-14,49.621299743652344,49.799176764113575,49.00573287416369,49.645285046741414,416954000
2023-11-15,48.85383987426758,49.92508940872805,48.1663208904743,49.90010916476034,475497000
2023-11-16,49.44542694091797,49.490397480832705,48.296232754650504,48.64498792594149,339756000
2023-11-17,49.263553619384766,49.68225956451404,48.972756588136555,49.48939362933796,325205000
2023-11-20,50.373775482177734,50.51267829045294,49.14663294635536,49.27754192431734,414120000
2023-11-21,49.90910339355469,50.48170107547834,49.18760774710226,50.09097543368955,565747000
2023-11-22,48.68195724487305,50.29982538193606,47.6566732297451,49.81716500278888,899420000
2023-11-24,47.742618560791016,48.8868189750065,47.711638178100976,48.43613388773008,294645000
2023-11-27,48.20829391479492,48.49609089003982,47.61870599505968,47.76660139816942,395662000
2023-11-28,47.78758239746094,48.289234319970646,47.439826002688484,48.202293315261734,401491000
2023-11-29,48.10635757446289,48.72792454719917,47.82655446752382,48.34519277962711,382005000
2023-11-30,46.73732376098633,48.076387698516726,46.389567324354005,47.990445435742124,526247000
2023-12-01,46.73232650756836,47.16702396235708,46.1547312180282,46.49249632095064,369317000
2023-12-04,45.47819900512695,46.044804165615915,44.97854837139348,46.044804165615915,437543000
2023-12-05,46.53755569458008,46.571531508809755,45.243344800588865,45.43822537417424,371718000
2023-12-06,45.475196838378906,47.35804843216662,45.38425283422849,47.18615263660435,380590000
2023-12-07,46.567535400390625,46.60051618631754,45.57614082890342,45.67208285394523,350823000
2023-12-08,47.47697830200195,47.71183534651791,46.52156105756746,46.566535548739374,359224000
2023-12-11,46.59851837158203,47.50196552269277,45.80200812005124,47.46199285274284,509728000
2023-12-12,47.62788772583008,47.63688109924922,46.017871828359986,46.017871828359986,372387000
2023-12-13,48.058624267578125,48.56431567041087,47.5789179572985,47.59990503689136,447792000
2023-12-14,48.32045364379883,48.64025779907837,47.393023118434655,48.360430116300336,391232000
2023-12-15,48.86013412475586,49.37382007835511,48.09060403450958,48.16456014183968,479948000
2023-12-18,50.04641342163086,50.40219497597293,49.119981479065736,49.369828783003264,412587000
2023-12-19,49.573692321777344,49.66963433728467,48.86512588284418,49.39380199579273,464444000
2023-12-20,48.08161163330078,49.96845884341608,48.06861908632006,49.62466720561467,397894000
2023-12-21,48.9600715637207,49.06500695718709,48.389417453965386,48.781180068606574,300425000
2023-12-22,48.8001708984375,49.352830653569725,48.43738988482299,49.16494577989552,252507000
2023-12-26,49.24889373779297,49.56969677808233,48.930088377699356,48.93808291084912,244200000
2023-12-27,49.38681411743164,49.64965395545636,49.05501618312312,49.480758467753716,233648000
2023-12-28,49.49174499511719,49.85352335128604,49.38181158719183,49.61267326878179,246587000
2023-12-29,49.49174499511719,49.96645709185245,48.721216111915,49.782567581126976,389293000
2024-01-02,48.138572692871094,49.26488309320295,47.565924699352884,49.21391556134482,411254000
2024-01-03,47.539939880371094,48.15456203597886,47.2910914479061,47.45599156277329,320896000
2024-01-04,47.96868133544922,48.47037358886087,47.4789789763883,47.737819636783634,306535000
2024-01-05,49.0670051574707,49.516731000212985,48.27648803927744,48.43239477719924,415039000
2024-01-08,52.22107696533203,52.24306669740862,49.44877334196531,49.48175412771333,642510000
2024-01-09,53.1075325012207,54.29180987549374,51.65841764369207,52.36898559320254,773100000
2024-01-10,54.31679916381836,54.56664645309511,53.45632503855136,53.58325017590931,533796000
2024-01-11,54.78850555419922,55.312187494704844,53.527279337957886,54.965399369459846,596759000
2024-01-12,54.676578521728516,54.93642183109273,54.29681339629927,54.58663334731275,352994000
2024-01-16,56.34755325317383,56.80027560728274,54.86646024002656,54.98438817814625,449580000
2024-01-17,56.018760681152344,56.43650460830921,54.706563019184806,56.312579806380306,474394000
2024-01-18,57.072113037109375,57.5648119047759,56.07272391506558,57.225019450786334,491650000
2024-01-19,59.45466232299805,59.46365569707979,57.190043807244585,57.95357707318065,543501000
2024-01-22,59.617557525634766,60.29414590763177,59.03391464914335,60.01231668308295,452955000
2024-01-23,59.83642578125,59.8734019281728,58.549210583878605,59.53360947543731,294654000
2024-01-24,61.32451629638672,62.81060746868792,59.90138636580081,60.2671639217423,560271000
2024-01-25,61.57936096191406,62.68068897905718,60.8128273903059,62.311911094050835,482777000
2024-01-26,60.99371337890625,61.74525668401416,60.535996808090815,60.92275760795634,390309000
2024-01-29,62.42683792114258,62.45082152019551,60.86979110422985,61.19458949954275,348733000
2024-01-30,62.735652923583984,63.45421549320403,62.22196696017239,62.861579220191196,410735000
2024-01-31,61.489418029785156,62.230965375095856,60.662923519798866,61.402469372359604,453795000
2024-02-01,62.98849105834961,63.15239231863236,61.61233350050668,62.06205550152998,369146000
2024-02-02,66.11959075927734,66.55931680667902,63.65109449153059,63.934921410632114,476578000
2024-02-05,69.28964233398438,69.45454244217241,67.16394292298222,68.18331639891433,680078000
2024-02-06,68.18132019042969,69.71138308978904,66.25949848302591,69.58745829595591,683111000
2024-02-07,70.05615997314453,70.17708822328842,67.5586866183916,68.2772489905108,495575000
2024-02-08,69.59845733642578,70.7507528828607,69.41257394689296,70.03119148834118,414422000
2024-02-09,72.08895111083984,72.14091368127717,70.1691190330097,70.48992214211897,436637000
2024-02-12,72.20386505126953,74.56542046599529,71.2064736279646,72.55564739281085,613710000
2024-02-13,72.08394622802734,73.40513741451034,69.57748237910234,70.35700477469595,602580000
2024-02-14,73.85486602783203,74.19065934700839,71.89406636072601,73.15729429339046,504917000
2024-02-15,72.61360931396484,73.92980608164119,72.35577132172895,73.82387565740021,420122000
2024-02-16,72.5686264038086,74.35653464053262,72.45669533307102,74.05471723562285,495327000
2024-02-20,69.4095687866211,71.91203666406658,67.69261615478561,71.90303947909813,704833000
2024-02-21,67.4307861328125,68.84592156210476,66.2075347659216,67.96445653317794,673755000
2024-02-22,78.49002838134766,78.52700071768926,74.17466516688725,74.97917375100998,865100000
2024-02-23,78.76885986328125,82.34367088132632,77.52261988480991,80.74065432651751,829388000
2024-02-26,79.04369354248047,80.59674521460998,78.45704646976243,79.6513162598183,503973000
2024-02-27,78.65290832519531,79.43143929248194,77.11485484949267,79.33249313493509,391705000
2024-02-28,77.61556243896484,78.88478331880187,77.07788905731108,77.57258943700786,393110000
2024-02-29,79.06365966796875,79.94112153625711,78.30212423623774,79.04567292343845,507289000
2024-03-01,82.2287368774414,82.24972776986829,79.38647244624788,79.95112973995113,479135000
2024-03-04,85.1849365234375,87.641435353428,83.66786597883684,84.07861042508992,615616000
2024-03-05,85.91551971435547,86.04844794548417,83.36995895717057,85.22191083370436,520639000
2024-03-06,88.64996337890625,89.67338783876231,86.98090721641023,87.97235204473671,582520000
2024-03-07,92.61673736572266,92.7146816709082,89.55146568055456,90.10715187632745,608119000
2024-03-08,87.47863006591797,97.34506345152579,86.45720334881955,95.08433828640496,1142269000
2024-03-11,85.72563171386719,88.7469219574668,84.11853680206842,86.38026112101332,678364000
2024-03-12,91.86116027832031,91.90813084085208,86.10141029804566,87.9993412781643,668075000
2024-03-13,90.83672332763672,91.45237310893827,88.38510433229271,91.00362892663239,635713000
2024-03-14,87.8943862915039,90.59486542464842,86.55114274535384,89.52646826118793,602318000
2024-03-15,87.78746032714844,89.49549613199862,86.20835719890029,86.88097416830968,642086000
2024-03-18,88.40511322021484,92.3528823706334,87.03588315502401,90.33702166642148,668976000
2024-03-19,89.34757995605469,90.49292967987033,84.9620544077868,86.65109602123033,672171000
2024-03-20,90.32102966308594,90.35901024319512,88.17323967680368,89.74634940187569,479063000
2024-03-21,91.38343048095703,92.59575144201277,90.35401259550207,92.24794813241263,480372000
2024-03-22,94.2358169555664,94.72453954495887,90.78276394753543,91.0895899885777,586719000
2024-03-25,94.94841003417969,96.71141493346599,93.45725487677139,93.88801151365493,552136000
2024-03-26,92.50879669189453,96.32064875325118,92.44983185631351,95.79694219210086,513648000
2024-03-27,90.1990966796875,93.18740810778951,89.07273343467564,93.0594819501001,586067000
2024-03-28,90.3050308227539,91.24849853375163,89.14268488587938,89.9492288448454,435212000
2024-04-01,90.31202697753906,92.17297617207028,89.15368416261286,90.24806771473163,452441000
2024-04-02,89.40155029296875,90.04318648075638,87.57058285516493,88.39811114522563,433064000
2024-04-03,88.91382598876953,90.32303448482294,88.35014869042175,88.43410095294554,370067000
2024-04-04,85.8565444946289,90.58288102989088,85.83155707073556,90.35500517909665,434965000
2024-04-05,87.95836639404297,88.4310991932804,85.87753991776991,86.81700456921507,399678000
2024-04-08,87.08385467529297,88.77989605626742,86.68307988880372,88.64996450448324,283220000
2024-04-09,85.30584716796875,87.58556628736338,82.97516956737525,87.39267436773328,501700000
2024-04-10,86.98991394042969,87.35071040768491,83.66179013581636,83.87867062101493,431929000
2024-04-11,90.56489562988281,90.68782736368458,86.87698174129012,87.37069882551852,431637000
2024-04-12,88.13626861572266,90.1241530507074,87.48064030544892,89.64841591771264,426805000
2024-04-15,85.95248413085938,90.56188189803133,85.88052615088108,89.04773715751944,443077000
2024-04-16,87.36569213867188,88.06829089560239,86.01545628049773,86.38424380509475,370453000
2024-04-17,83.98760223388672,88.72492641813315,83.90264346955806,88.29016660250515,495400000
2024-04-18,84.62324523925781,86.14139337931326,82.35552770602675,84.9220802095837,447260000
2024-04-19,76.15702819824219,84.27644766930946,75.56336900757456,83.10311370735981,875198000
2024-04-22,79.47315216064453,80.02783946358336,76.35691439393003,78.05994814693265,596341000
2024-04-23,82.37651062011719,82.72231614993429,80.21873169463018,80.7234441336971,438559000
2024-04-24,79.63206481933594,84.03457921776213,79.13834013698539,83.90264988256477,512208000
2024-04-25,82.58539581298828,83.27600032547527,78.17887846781115,78.82351130528671,424641000
2024-04-26,87.68553161621094,88.28119623524096,83.33998364388893,83.77074038243197,551011000
2024-04-29,87.70751190185547,87.94237235498613,85.21791179771557,87.54560070216142,388971000
2024-04-30,86.353271484375,88.76890816331654,86.25133163329888,87.19079630766022,363709000
2024-05-01,82.99415588378906,85.95148630832341,81.20916027802339,85.02901046138126,559863000
2024-05-02,85.76859283447266,86.18835408667036,83.15306466582874,84.4013606664833,377898000
2024-05-03,88.7389144897461,89.23063371341577,86.9909005732954,87.73947860212795,398341000
2024-05-06,92.08802795410156,92.16798466023728,89.00476895897276,89.3395790876885,376203000
2024-05-07,90.50292205810547,91.72922732116892,88.96079315014337,91.04661392300342,437342000
2024-05-08,90.36101531982422,91.14257199813075,89.36957035953105,89.43253836914545,325721000
2024-05-09,88.69694519042969,91.0206307579062,88.18123739175036,90.47793776117966,378013000
2024-05-10,89.82731628417969,91.34946008980582,89.17668240608715,90.25407745154659,335325000
2024-05-13,90.34801483154297,90.94667600491073,88.47906681215352,90.42696502755186,289680000
2024-05-14,91.30447387695312,91.59930565354625,88.88383529778994,89.54846112262796,296507000
2024-05-15,94.57662200927734,94.80849340867992,91.54733338803841,92.41984207783547,417735000
2024-05-16,94.3057861328125,95.7649618311796,94.04992617640089,94.85647788998737,323952000
2024-05-17,92.42684173583984,94.68656820618962,91.75422475858959,94.31578286476113,359691000
2024-05-20,94.72654724121094,95.14630855060346,93.38730659931326,93.69712933361367,318764000
2024-05-21,95.33219909667969,95.3461911389766,93.12744211033531,93.54620449229954,328946000
2024-05-22,94.89644622802734,95.96584245517248,93.19640917175742,95.4051618418388,548648000
2024-05-23,103.74047088623047,106.26004537919088,101.46274907027386,101.97046583987779,835065000
2024-05-24,106.40895080566406,106.41494412748668,102.94190563238328,104.39008586204577,429494000
2024-05-28,113.83676147460938,114.87417806167193,109.82102986026253,110.18182631936331,652728000
2024-05-29,114.76022338867188,115.42684694644582,110.83844096973402,112.98623077828327,557442000
2024-05-30,110.43767547607422,115.75367568258609,109.60114957621623,114.58533630630252,484553000
2024-05-31,109.57117462158203,112.65343500336584,106.87969257247853,112.45653988138353,613263000
2024-06-03,114.93513488769531,114.93513488769531,111.93982368190672,113.55691490102478,438392000
2024-06-04,116.37133026123047,116.53424034822847,113.98068096958718,115.65074383289046,403324000
2024-06-05,122.3709487915039,122.37993877462908,117.40175277551737,118.30424338003813,528402000
2024-06-06,120.92976379394531,125.51617269807858,118.25327265969561,123.97803915924119,664696000
2024-06-07,120.81982421875,121.62337164710611,117.95544321860926,119.70245088550641,412386000
2024-06-10,121.72129821777344,123.0305567964374,116.94399587339676,120.3021010809677,313434100
2024-06-11,120.85173034667969,122.81078479761143,118.68277039590036,121.71130884876212,222551200
2024-06-12,125.13966369628906,126.8188544177255,122.51093382538542,123.00069556163665,299595000
2024-06-13,129.5475311279297,129.7374419918796,127.09871503024357,129.32763594350715,260704500
2024-06-14,131.8164520263672,132.7759808624214,128.2581700274141,129.89737910282292,309320400
2024-06-17,130.91688537597656,133.66556033801308,129.5175660413327,132.92592665460285,288504400
2024-06-18,135.5146484375,136.26428691629846,130.62700616579136,131.07678620278367,294335100
2024-06-20,130.71697998046875,140.69216665961412,129.45759262565218,139.73263779444994,517768400
2024-06-21,126.50898742675781,130.56703551491614,124.24008502122028,127.05872535302213,649445800
2024-06-24,118.05307006835938,124.40000776140424,117.98310411428992,123.18059459700767,476060900
2024-06-25,126.02923583984375,126.43904192857353,119.2625015362155,121.14159285282038,414192600
2024-06-26,126.3390884399414,128.0582531537486,122.54091663746888,126.06921428451571,362975900
2024-06-27,123.93025207519531,126.34909177016176,122.86076797014964,124.04019968068097,252571700
2024-06-28,123.48046875,127.648457456266,122.69084852465333,124.5199685039101,315516700
2024-07-01,124.24009704589844,124.77983008392047,118.77273207553426,123.41049523168472,284885500
2024-07-02,122.61087036132812,123.35051916660527,120.97166146299664,121.07161173714522,218374000
2024-07-03,128.21817016601562,128.21817016601562,121.30150730962696,121.60136576540062,215749000
2024-07-05,125.76936340332031,128.78791231292527,125.61943416430904,127.31861187118912,214176700
2024-07-08,128.13819885253906,130.70696731901708,126.9787619894619,127.42854201917729,237677300
2024-07-09,131.3166961669922,133.7555228326683,128.58800070420872,130.28719371816868,285366600
2024-07-10,134.84498596191406,135.03489683470838,132.35618048673416,133.96540518326054,248978600
2024-07-11,127.33859252929688,136.0843672527662,126.98876276047282,135.68456616023417,374782700
2024-07-12,129.17771911621094,131.85642018701742,127.15868837162228,128.19818043978003,252680500
2024-07-15,128.3780975341797,131.3266726567918,127.11870268784229,130.49707086610906,208326200
2024-07-16,126.29910278320312,128.97780386568002,124.51996185494663,128.3781021800115,214769500
2024-07-17,117.93314361572266,121.79128425966914,116.66375892880059,121.29152518792185,390086200
2024-07-18,121.03163146972656,122.3410052407324,116.50381613075947,121.79126728812875,320979500
2024-07-19,117.87316131591797,121.54139064753637,117.31343366061544,120.29199311286656,217223800
2024-07-22,123.48046875,124.01021213043963,119.8022417845173,120.29200352530061,258068900
2024-07-23,122.53091430664062,124.62990831594026,122.04115259647224,122.72082517670732,173911000
2024-07-24,114.1949462890625,119.8921965766103,113.38533904444206,119.11257365575831,327776900
2024-07-25,112.22589111328125,116.57379332567128,106.24877714220031,112.98552700492492,460067000
2024-07-26,113.00550079345703,116.14398665212225,111.52621844802754,116.13399696280182,293399100
2024-07-29,111.53621673583984,116.22395888086476,111.24636320886141,113.63521076393421,248152100
2024-07-30,103.68000030517578,111.93601308136988,102.49057150448816,111.46623842477169,486833300
2024-07-31,116.9636001586914,118.28296369436077,110.82655987338046,112.84559062727486,473174200
2024-08-01,109.15736389160156,120.10209097077005,106.75851907796755,117.47335365334001,523462300
2024-08-02,107.21829223632812,108.66759790813096,101.32114215166182,103.7099895556254,482027500
2024-08-05,100.4015884399414,103.36016867781126,90.6462974352404,92.0156323292122,552842400
2024-08-06,104.19976806640625,107.65809998114993,100.50155392872522,103.78996196090817,409012100
2024-08-07,98.86233520507812,108.74756823143176,98.64244001125142,107.75803985921162,411440400
2024-08-08,104.91941833496094,105.44916171874115,97.47300376138202,101.95084829679239,391910000
2024-08-09,104.69951629638672,106.54862317361375,103.38015276837264,105.58908675557784,290844200
2024-08-12,108.96745300292969,111.01646802839923,106.20878871222484,106.26875735419573,325559900
2024-08-13,116.08402252197266,116.1739831093698,111.52622277964618,112.38580888904526,312646700
2024-08-14,118.02310180664062,118.54284787534027,114.0150319977807,118.4728819117515,339246400
2024-08-15,122.80079650878906,123.180610648127,117.41339446628129,118.70277375276062,318086700
2024-08-16,124.51995849609375,124.93975424016854,121.12159565561768,121.88123149659879,302589900
2024-08-19,129.9373779296875,129.9373779296875,123.36054573968913,124.22013208066615,318333600
2024-08-20,127.18867492675781,129.81741234204915,125.82932973595075,128.3381146113763,300087400
2024-08-21,128.4380645751953,129.28766098618868,126.59895509298427,127.25863301570179,257883600
2024-08-22,123.68036651611328,130.68699047324503,123.04067554756361,129.95734653679833,376189100
2024-08-23,129.30764770507812,129.53754784197983,125.15965381933411,125.79934477343178,323230300
2024-08-26,126.3990478515625,131.196729770517,124.31005885081005,129.50755712849073,331964700
2024-08-27,128.23817443847656,129.1377346219971,123.82029866993177,124.98974063480068,303134600
2024-08-28,125.5494613647461,128.26815164825356,122.58089157173563,128.05824614963967,448101100
2024-08-29,117.5333251953125,124.37003270157089,116.65375204642187,121.30151255769351,453023300
2024-08-30,119.31246948242188,121.69131963851615,117.16350420185492,119.47238840117339,333751600
2024-09-03,107.94795227050781,116.15399476413343,107.238295351223,115.95409419910477,477155100
2024-09-04,106.15882110595703,113.2154167588311,104.06983184638861,105.35921116658868,372470300
2024-09-05,107.15834045410156,109.59716719188593,104.70952402528704,104.93940893047393,306850700
2024-09-06,102.78045654296875,108.09789296916705,100.90135747929331,107.9879453590278,413638100
2024-09-09,106.41869354248047,106.4986568208146,103.64003443897201,104.82945579489092,273912000
2024-09-10,108.04789733886719,109.34727382600163,104.89941402443941,107.75803619556127,268283700
2024-09-11,116.8536605834961,117.13352442144715,107.36822866067497,109.33728046789619,441422400
2024-09-12,119.0927734375,120.7421209186122,115.33426173002456,116.79368208487448,366052700
2024-09-13,119.05278015136719,119.91243980632909,117.55337484057826,119.03279143615939,238358300
2024-09-16,116.73370361328125,118.13315013570288,114.31466480568342,116.74370178435876,248772300
2024-09-17,115.54417419433594,118.75290839853001,114.78448096424103,118.12315326201993,231925900
2024-09-18,113.32505798339844,117.65333558843457,113.17511592459984,115.84405559100924,310318900
2024-09-19,117.82328033447266,119.61257171272585,117.20352335036759,117.30348218615993,293506400
2024-09-20,115.95402526855469,118.57298961925171,115.344266422119,117.01360271419077,382462400
2024-09-23,116.21391296386719,116.94361929782039,114.81446644323901,116.50379891378353,206228500
2024-09-24,120.82209014892578,121.75172180406905,115.33426088161053,116.47380837806097,354966800
2024-09-25,123.4610366821289,124.89047006468225,121.5617884105282,121.97162190060216,284692900
2024-09-26,123.9908218383789,127.61937987933592,121.75171208350119,126.7497296956914,302582900
2024-09-27,121.35187530517578,123.98082995705606,119.21272426875333,123.92085618310571,271009200
2024-09-30,121.3918685913086,121.451842369324,118.10317169758383,118.26310431441512,226553700
2024-10-01,116.95361328125,122.39145893750027,115.74409392230913,121.72171877480598,302094500
2024-10-02,118.80288696289062,119.33267565347262,115.09435850244638,116.39384623986545,221845900
2024-10-03,122.80130004882812,124.31070361178112,120.29229289145833,120.87206480654892,277118000
2024-10-04,124.87046813964844,124.99042330586191,121.7816969667545,124.89046448053544,243678100
2024-10-07,127.66937255859375,130.58821322989388,124.9004663256647,124.94045138468705,346250200
2024-10-08,132.83731079101562,133.42707320550807,129.36868536610157,130.20834865989482,285722500
2024-10-09,132.59742736816406,134.46669669658758,131.32794162563073,134.05685551069462,246191600
2024-10-10,134.75656127929688,134.94648840712318,130.94807393580103,131.8577168886846,242311300
2024-10-11,134.74656677246094,135.72617401836632,133.60701929174726,133.9568713960576,170209500
2024-10-14,138.01527404785156,139.54466630986312,136.24597143489578,136.4159022137037,232347700
2024-10-15,131.54783630371094,138.5150744275185,128.68896947491228,137.8153397242487,377831000
2024-10-16,135.6662139892578,136.56585120891066,131.52785532391937,133.92689807815486,264879700
2024-10-17,136.87570190429688,140.83413853249198,136.81572813387166,139.28475003463748,306435900
2024-10-18,137.94529724121094,138.8449343829922,137.22558142668973,138.61502982502418,176090200
2024-10-21,143.6530303955078,143.6530303955078,137.94528751258602,138.07524085271365,264554500
2024-10-22,143.5330810546875,144.3627538949317,141.72380093133486,142.85335791004843,226311600
2024-10-23,139.50466918945312,142.37352650102258,137.40551088320953,141.97369118156848,285930000
2024-10-24,140.35433959960938,141.293969386979,138.40511570705533,140.76418072009866,172354900
2024-10-25,141.48388671875,144.0728716327459,140.74418981710016,140.8741279131319,205122100
2024-10-28,140.4643096923828,143.08326638426843,139.99449475491215,142.9433224828564,173586700
2024-10-29,141.19400024414062,142.20359433012132,138.8449258203989,140.23437413304583,157593600
2024-10-30,139.28475952148438,140.27437255912164,136.75576367804047,139.48467718743143,179418100
2024-10-31,132.70736694335938,137.55545044959692,132.05763071180766,137.54545990469654,270039600
2024-11-01,135.34632873535156,137.25557537634637,134.5166711244238,134.64660922766117,207127800
2024-11-04,135.99607849121094,138.90492874894582,135.51627301400697,137.15562237613318,187528200
2024-11-05,139.85455322265625,140.31436236962443,137.27557392202525,137.3955214816271,160537400
2024-11-06,145.5522918701172,146.4319479858603,141.90374455387283,142.90334822985668,242043900
2024-11-07,148.8209991455078,148.8709671267726,146.1120664908763,146.33198051831096,207323300
2024-11-08,147.5714569091797,149.71060760531262,146.20198985995728,148.71100419118065,175665800
2024-11-11,145.20240783691406,148.7909962143961,143.51309063046196,148.62105018654825,182325600
2024-11-12,148.231201171875,149.5906625866308,145.95210633724608,146.72180532829077,198634700
2024-11-13,146.21202087402344,149.27080540839845,145.84215717514013,149.01091396688446,191903300
2024-11-14,146.7018280029297,148.94094569769402,145.49231611296014,147.5814841067195,194463300
2024-11-15,141.9237060546875,145.18242335032573,140.02446543358045,144.81255966940228,250132900
2024-11-18,140.09442138671875,141.49387540802257,137.09561095173166,139.44468522690033,221205300
2024-11-19,146.95172119140625,147.07168399645053,140.9341184421503,141.26398946372595,227834900
2024-11-20,145.83216857910156,147.5015047606034,142.67341754276418,147.3515703217148,309871700
2024-11-21,146.6118621826172,152.8293979645091,140.64422730754492,149.290807835149,400946600
2024-11-22,141.8937225341797,147.1016638018941,141.04406865837018,145.87214043901812,236406200
2024-11-25,135.96607971191406,141.99368792347047,135.7661620516237,141.93371415065735,344941900
2024-11-26,136.86570739746094,139.24476857370792,135.61620304064866,137.6453968958927,190287700
2024-11-27,135.2863311767578,137.1655905980091,131.74774157257602,134.95646019838466,226370900
2024-11-29,138.19520568847656,139.29477581313424,135.99608069190262,136.7257870913165,141863200
2024-12-02,138.57504272460938,140.39431322408433,137.76536630294407,138.77496038075373,171682800
2024-12-03,140.20440673828125,140.48429454860658,137.8953246767264,138.2051993772479,164414000
2024-12-04,145.08245849609375,145.73219470186731,140.23437518220274,141.94370396224937,231224300
2024-12-05,145.0124969482422,146.49200804389403,143.9028598130552,145.06248362625453,172621200
2024-12-06,142.3933563232422,145.65228325014007,141.26372149336697,144.5526526293818,188505600
2024-12-09,138.7645263671875,139.90415231737651,137.08508402113657,138.92447761551347,189308600
2024-12-10,135.0257568359375,141.77354545828368,133.74616214517607,138.96445323342698,210020900
2024-12-11,139.2643585205078,140.12407738797447,135.16571086465208,137.31500040642362,184905200
2024-12-12,137.29501342773438,138.39465924672223,135.75552453494274,137.03510407678786,159211400
2024-12-13,134.20602416992188,139.55427778956917,132.4965775973186,138.89449032268433,231514900
2024-12-16,131.9567413330078,134.3559487102744,130.3772572956884,134.13601958774962,237951100
2024-12-17,130.3472900390625,131.54689392732612,126.81844751374322,129.04771280436398,259410300
2024-12-18,128.8677978515625,136.65524065308236,128.23799923564917,133.81617414487124,277444500
2024-12-19,130.63717651367188,133.98608501684748,129.50755712091288,131.7168244915274,209719200
2024-12-20,134.65586853027344,135.2356803497186,128.1779956829599,129.76747112979962,306528600
2024-12-23,139.62425231933594,139.74420813475027,135.07573952144836,136.23536324975828,176053500
2024-12-24,140.174072265625,141.85351466107915,138.60457919611483,139.9541431061549,105157000
2024-12-26,139.8841552734375,140.8038673288582,137.68487898660138,139.65423488647767,116205600
2024-12-27,136.96511840820312,138.97446981750295,134.66588395063462,138.50462254046806,170582600
2024-12-30,137.4449462890625,140.22403398735426,133.97608228188028,134.78581438230358,167734700
