Price,Close,High,Low,Open,Volume
Ticker,PFE,PFE,PFE,PFE,PFE
Date,,,,,
2019-01-02,29.294361114501953,29.463691674167006,28.88118997374247,29.206308025215545,26430315
2019-01-03,28.47480010986328,29.35532573104971,28.413841314136846,29.287594038389233,28503533
2019-01-04,29.125032424926758,29.36209742450177,28.62381083915098,28.74573114892667,27145348
2019-01-07,29.280803680419922,29.54496286781036,29.030195726716997,29.17243193738118,20995469
2019-01-08,29.416282653808594,29.59916175266382,29.226630658450556,29.504335754984805,19677231
2019-01-09,29.355304718017578,29.578821050124354,29.26047878217892,29.436584869684456,20107580
2019-01-10,28.657669067382812,29.280808044386593,28.468017127140243,29.274035149852086,39731162
2019-01-11,29.043743133544922,29.043743133544922,28.54929464545129,28.671212182339584,21064506
2019-01-14,28.69831085205078,28.874414290301136,28.562844783406423,28.82022840750724,17605173
2019-01-15,28.94215202331543,29.287588768029927,28.73895425857979,28.854098932378108,25865371
2019-01-16,28.522197723388672,28.98277897629063,28.468011853830713,28.84731566405501,30169380
2019-01-17,28.766042709350586,28.894735883886643,28.33255564421704,28.413833107269955,24177284
2019-01-18,28.806686401367188,29.043751371803246,28.623807320842285,29.030205580155354,38618455
2019-01-22,28.63057518005371,28.915053094532404,28.400285869273052,28.725401151546606,29444122
2019-01-23,28.556072235107422,28.58316653849288,28.142903852543895,28.440927573187583,24462813
2019-01-24,27.73650550842285,28.30545858772847,27.512986379300617,28.29868569340946,34394023
2019-01-25,27.526538848876953,27.939707248291555,27.438485763432055,27.8381083722611,35862455
2019-01-28,26.774707794189453,27.4520327562829,26.740840592922957,27.4317140695147,39329694
2019-01-29,27.61458969116211,27.668775577765906,26.734066991360848,26.754385677592488,51376808
2019-01-30,28.16322135925293,28.278368739674303,27.587495350422664,27.61458692935535,36067880
2019-01-31,29.003616333007812,29.119766648139606,28.252049814587416,28.27254595945623,40927452
2019-02-01,29.297405242919922,29.46138261156487,29.071933957317363,29.290570448843955,27239681
2019-02-04,28.996776580810547,29.27007217530644,28.668819120311948,29.27007217530644,19426485
2019-02-05,28.77130126953125,29.194912815365743,28.737141041958168,28.989940461514685,21127641
2019-02-06,28.92162322998047,28.948954167380414,28.552673431256988,28.641495543926855,16450410
2019-02-07,28.491180419921875,28.798639023561794,28.156390880643308,28.771308087923142,24248008
2019-02-08,28.853290557861328,28.86012260319787,28.347691731926563,28.375022660375798,27500125
2019-02-11,28.477519989013672,28.907960990640138,28.36136693148717,28.887464846602363,27102134
2019-02-12,28.607324600219727,28.70297873385202,28.279369925283188,28.49800637524088,30540177
2019-02-13,28.491180419921875,28.73714785225457,28.27937597036155,28.64149369817498,24757195
2019-02-14,28.675655364990234,28.77814157131843,28.436522714960397,28.49118184186184,19864949
2019-02-15,28.969451904296875,29.044609925954713,28.750815381481573,28.955787808396952,19168993
2019-02-19,29.10610008239746,29.28374431127409,28.82596964366247,28.8601326293166,24432985
2019-02-20,28.832801818847656,29.07876650247716,28.64832555902175,29.058270361209292,27354884
2019-02-21,28.79180908203125,28.91479143363965,28.600500759881303,28.709819016222987,19611883
2019-02-22,29.352066040039062,29.468216339399795,28.846467064216732,28.90112619021613,24779329
2019-02-25,29.434051513671875,29.632191863185156,29.338400109486162,29.406723325934163,25274815
2019-02-26,29.393056869506836,29.536535337804732,29.242743607720165,29.352061844091654,16548959
2019-02-27,29.331562042236328,29.529702369638436,29.24957474106872,29.365725020199818,16475074
2019-02-28,29.6185245513916,29.912319020274808,29.290567104444197,29.345228968188277,39002427
2019-03-01,29.62535858154297,29.919153070101085,29.57753150789156,29.796170736199528,26667781
2019-03-04,29.427215576171875,29.78250119951592,29.297401207373035,29.680015014841743,22805820
2019-03-05,29.304237365722656,29.550204792878425,29.276906430659245,29.44088654683225,26529812
2019-03-06,28.600496292114258,29.290568707636922,28.436518933217112,29.25640847480641,22410359
2019-03-07,28.279380798339844,28.620999695970994,28.18372662792976,28.60050355107066,29046132
2019-03-08,27.937755584716797,28.313537422948794,27.561973746484796,28.23838215414396,31306119
2019-03-11,28.354537963867188,28.368202061376817,27.87626982709013,28.08124227815236,29161545
2019-03-12,28.511674880981445,28.641492010182603,28.265707463144892,28.491178740788246,24170539
2019-03-13,28.702985763549805,28.78497582591587,28.38869510298635,28.607331606490686,23715316
2019-03-14,28.142723083496094,28.7508081636334,28.101728058983934,28.696149046651666,32119596
2019-03-15,28.545839309692383,28.61416252757229,27.91725526620292,28.17005474359347,74768652
2019-03-18,28.566333770751953,28.74397797273657,28.457015529732317,28.539005584048848,18994345
2019-03-19,28.901124954223633,28.98994706033802,28.525343135660574,28.675653665402784,26403227
2019-03-20,28.812305450439453,28.969450788548574,28.54584185513304,28.832804340603957,23499035
2019-03-21,28.935293197631836,29.1334308399911,28.607335648928515,28.64833068590446,24262553
2019-03-22,28.593666076660156,29.119761166976318,28.580001982652917,28.832801457305568,19620105
2019-03-25,28.620990753173828,28.7986349418878,28.47067749622485,28.566331636747236,19823316
2019-03-26,28.983112335205078,29.174420642029087,28.78497472839881,28.832801805104815,20849279
2019-03-27,28.709815979003906,29.13342486429024,28.641492762794282,28.928452468557666,19455048
2019-03-28,28.894290924072266,28.948950043982716,28.737145610941777,28.81913291725566,16915541
2019-03-29,29.017269134521484,29.092427130660163,28.82596086846288,28.969442068006835,21681834
2019-04-01,29.270076751708984,29.33840272134343,29.071936384556217,29.092435274288135,20345046
2019-04-02,29.317901611328125,29.502377869424954,29.201751317691322,29.345232546532884,18625129
2019-04-03,29.270076751708984,29.427222086501878,29.071936384556217,29.372562959056697,16200402
2019-04-04,29.20175552368164,29.3247378820571,29.037778130146307,29.235915763728077,12990972
2019-04-05,29.3725643157959,29.570704692100907,29.304241090109514,29.365732267937666,15559043
2019-04-08,29.475046157836914,29.57070030787839,29.31790083908411,29.427219082816176,15410323
2019-04-09,29.270076751708984,29.37939500659935,29.092435274288135,29.365730911514042,18825072
2019-04-10,29.194915771484375,29.32473014361267,29.140256654729814,29.32473014361267,13202615
2019-04-11,28.880624771118164,29.263241366701067,28.689319220430356,29.235910432543584,20214877
2019-04-12,28.498014450073242,28.928455426279594,28.40919233694673,28.928455426279594,21338546
2019-04-15,28.75764274597168,28.77813888648357,28.33403386522979,28.600497427402797,18362788
2019-04-16,27.9582462310791,28.901120785682153,27.896755069216667,28.846461669904055,27506976
2019-04-17,27.2476749420166,28.01290530897858,26.91288820171638,27.94458210112419,42412117
2019-04-18,26.90605926513672,27.281841072419496,26.250147053780264,27.281841072419496,50579774
2019-04-22,26.63276481628418,26.988050535111096,26.516614508332328,26.666927802724643,31018904
2019-04-23,26.933385848999023,27.083699112383318,26.564436110547945,26.70791732747434,26672102
2019-04-24,26.899219512939453,27.08369573269656,26.75574106102079,26.988041600015332,21196994
2019-04-25,27.063203811645508,27.213517079687715,26.762577275561092,26.817236396021567,18130065
2019-04-26,27.309173583984375,27.322840426981397,26.95389060814416,27.10420115717434,20053193
2019-04-29,27.049537658691406,27.343332155573272,27.049537658691406,27.309169174253338,23229001
2019-04-30,27.746444702148438,28.135893346320106,27.193018693574253,27.602963478132367,34360400
2019-05-01,27.855762481689453,27.958248676124075,27.44581770395097,27.732780147209354,20703406
2019-05-02,28.019737243652344,28.02657203680364,27.725945528074167,27.883090828486843,20471210
2019-05-03,28.279380798339844,28.354536076745333,28.03341332401452,28.16322773592516,18664759
2019-05-06,28.457015991210938,28.539006046857075,27.903589983358632,27.95141705796827,25973406
2019-05-07,27.896760940551758,28.49801408775786,27.671292383901445,28.279377578629802,27603838
2019-05-08,27.978742599487305,28.033401710348308,27.63028905080898,27.87625642323504,23811968
2019-05-09,28.013216018676758,28.151074402430417,27.730601066191692,27.77885233194601,19732461
2019-05-10,28.068355560302734,28.137284741457297,27.48244782035089,28.006316248648808,17391527
2019-05-13,27.9649600982666,28.020103996883275,27.67545255192807,27.730596450544745,28010788
2019-05-14,28.026996612548828,28.171750385587796,27.95806466073904,27.978745354869172,26772759
2019-05-15,28.364755630493164,28.461258156010263,28.054570129103176,28.164857937846065,33520678
2019-05-16,28.702510833740234,28.93687447623067,28.364752037218004,28.364752037218004,25508486
2019-05-17,28.585336685180664,28.81969760774763,28.433690241150284,28.468153452428638,29187684
2019-05-20,28.66804313659668,28.750760363440786,28.454360200628457,28.537077427472564,24251591
2019-05-21,28.723194122314453,28.81969665363609,28.59912102288289,28.750767461892828,28785056
2019-05-22,28.943771362304688,29.09541779522529,28.640478496463484,28.73698102391008,25274604
2019-05-23,28.8955135345459,28.936872147123278,28.709401163681544,28.840369641598627,25495944
2019-05-24,28.916196823120117,29.164345773183204,28.8610529199359,28.99202142216605,15383341
2019-05-28,28.88173484802246,29.28152747029793,28.87483943479555,29.05405920639174,49440610
2019-05-29,28.757661819458008,28.84037907165918,28.454368923345207,28.743876534580686,26895761
2019-05-30,28.88173484802246,28.916198056815315,28.661156454406505,28.73008841492889,17344308
2019-05-31,28.619794845581055,28.936875733662628,28.571546358306346,28.73697805765235,22639288
2019-06-03,28.8955135345459,29.08162313394255,28.654257270734274,28.695615883311653,22643082
2019-06-04,29.109193801879883,29.46763045896445,28.978225335949915,29.281518105134356,18453537
2019-06-05,29.28152084350586,29.529669747996746,29.233269590647417,29.364238068825394,21418861
2019-06-06,29.440067291259766,29.702001517407123,29.28152545584633,29.502103834287375,24494222
2019-06-07,29.58481788635254,29.812288902888547,29.543462039226092,29.626176504947097,20023470
2019-06-10,29.688215255737305,29.805398479050993,29.412495730375163,29.805398479050993,15275727
2019-06-11,29.41249656677246,29.8467551780003,29.32977932107745,29.777825987566718,18813162
2019-06-12,29.695106506347656,29.757145821682634,29.267740569189545,29.274633210567167,16296843
2019-06-13,29.29531478881836,29.73646602202334,29.205704905273,29.688214759458013,14464042
2019-06-14,29.47453498840332,29.550356825551866,29.28152991716183,29.309103257968573,13197872
2019-06-17,29.557247161865234,29.571032444166217,29.191917780612535,29.433171306752108,14094931
2019-06-18,29.688215255737305,29.867435025823934,29.515890898819507,29.515890898819507,22833434
2019-06-19,29.984607696533203,30.046644227207395,29.701995602809614,29.757139493571962,21753611
2019-06-20,30.05354118347168,30.405085269738397,29.991504643887666,30.21208023861659,23500300
2019-06-21,30.101791381835938,30.329262380928917,29.853645232233262,30.01907692245768,38141203
2019-06-24,30.163833618164062,30.26033336822621,29.963935933775304,30.11558235739891,24624075
2019-06-25,30.163833618164062,30.529163008832715,30.163833618164066,30.2258701615855,28429015
2019-06-26,29.63306999206543,30.191404430360357,29.295313935415585,30.108687190809928,41009348
2019-06-27,29.936368942260742,30.025978841456485,29.64686408777498,29.653756730564076,21994977
2019-06-28,29.86054039001465,30.13625989696404,29.626176730506568,29.95014749760562,39726209
2019-07-01,30.170724868774414,30.246546691357132,29.874324676517894,29.991505116631203,21341392
2019-07-02,30.480911254882812,30.480911254882816,30.094901175007266,30.108686457440502,16541898
2019-07-03,30.604984283447266,30.71527208564661,30.315476724072898,30.58430635983543,10297580
2019-07-05,30.274124145507812,30.570524378088077,30.1776216152971,30.542951038827127,18295227
2019-07-08,29.846750259399414,30.239652954499668,29.626174669187034,30.191401697707217,23955312
2019-07-09,29.895000457763672,30.19140062878502,29.84674920267955,29.92946643181457,14223308
2019-07-10,30.37062644958496,30.405089659069027,29.943257708766996,30.088011503005255,15298599
2019-07-11,29.626178741455078,30.02597413226987,29.212598067224135,29.86054241687116,38383518
2019-07-12,29.22638702392578,29.63307510756278,28.957560106182125,29.577931195499175,33580967
2019-07-15,29.467636108398438,29.481421390149475,29.11609202347113,29.136769946097683,20363912
2019-07-16,29.536561965942383,29.619279190079393,29.28152042489888,29.495203353873876,19553386
2019-07-17,29.460742950439453,29.770928413201414,29.453850309684913,29.70199923418807,16341532
2019-07-18,29.681316375732422,29.681316375732422,29.32977232261416,29.543458027760042,13728877
2019-07-19,29.481414794921875,29.784707554403564,29.481414794921875,29.770922275736407,23552579
2019-07-22,29.51589012145996,29.653751266244345,29.32977771457446,29.522782762978945,12552086
2019-07-23,29.70199966430664,29.798499407735576,29.467636017918718,29.536565197930237,19586904
2019-07-24,29.564130783081055,29.63995258407153,29.20569415233687,29.63995258407153,18117838
2019-07-25,29.41249656677246,29.63996483523116,29.315994037284412,29.52278438005355,17514634
2019-07-26,29.70199966430664,29.757143562609453,29.247060424707474,29.405599478761552,21062187
2019-07-29,28.571544647216797,29.639959373675513,28.49572005738999,29.06783971553275,64559186
2019-07-30,26.73800277709961,27.737488337390126,26.607034289277916,27.454876211096032,95739668
2019-07-31,26.77246856689453,27.344588286924537,26.54500031574421,26.60703685956083,56309423
2019-08-01,26.61245346069336,26.869881166278585,26.215877609719758,26.654199023268866,51624920
2019-08-02,26.438507080078125,26.81421140919727,26.264570564118404,26.612443596037846,29153640
2019-08-05,25.71493148803711,26.32023503500369,25.332269966015062,26.271532354303037,46030183
2019-08-06,25.707969665527344,25.958440149460994,25.374008087817007,25.8749490556843,31985843
2019-08-07,25.450546264648438,25.5896971781512,24.94960521395601,25.49924894450456,32017253
2019-08-08,25.652311325073242,25.707971124951996,25.464457752109574,25.534031802608872,23356429
2019-08-09,25.290517807006836,25.624476561116552,25.12353563255577,25.582731017503782,25391703
2019-08-12,24.62260627746582,25.26965264319948,24.19819636309529,25.262695516350366,44212665
2019-08-13,24.490407943725586,24.914814982171652,24.455622315916358,24.65043022383809,45549453
2019-08-14,23.822484970092773,24.337340180448734,23.794656470828336,24.302551758971802,38633421
2019-08-15,23.98946762084961,24.05904447326713,23.63463742258669,23.864233762332905,30713665
2019-08-16,24.107746124267578,24.358216628030384,23.996426522016698,24.15644879992692,30012334
2019-08-19,24.476490020751953,24.573895358798865,24.232976675634674,24.26776509562179,21997296
2019-08-20,24.079912185668945,24.462576423534724,24.052083686854758,24.420830877917105,19932510
2019-08-21,24.26080894470215,24.434745456825354,24.226020523318955,24.309511615680066,19208728
2019-08-22,24.406919479370117,24.511284766264584,24.21211155039929,24.32343116621033,16933142
2019-08-23,23.892065048217773,24.594771115949708,23.773785518138787,24.49736576054196,27765311
2019-08-26,24.239940643310547,24.253857693672064,23.989470102964965,24.086875468510307,17468680
2019-08-27,23.892065048217773,24.413877454047295,23.871190873546535,24.358217650585267,24715351
2019-08-28,24.406919479370117,24.455624958359063,23.850321400314908,23.905981208220428,26047924
2019-08-29,24.58085823059082,24.90090281763416,24.51128417174568,24.90090281763416,19610302
2019-08-30,24.733922958374023,24.85219969552772,24.546069366214848,24.78262563791911,18873346
2019-09-03,25.13050079345703,25.241820401367868,24.706090941876386,24.77566779486825,26624989
2019-09-04,24.928733825683594,25.325309593041,24.83828559207351,25.255735535016182,20649441
2019-09-05,25.28356170654297,25.380969854625615,24.97047427822219,25.123539429672125,22096794
2019-09-06,25.394886016845703,25.44358869585438,25.123541320627286,25.29748065882835,20873416
2019-09-09,25.624483108520508,25.631440234667576,25.137459101653533,25.457503688800138,24675616
2019-09-10,26.007152557373047,26.007152557373047,25.060930064127014,25.45750871193592,32250397
2019-09-11,26.02801513671875,26.27152850453817,25.67318217143803,26.257614254204643,16963181
2019-09-12,25.93757438659668,26.17413069739413,25.784509196644763,26.13934226414227,16692303
2019-09-13,25.68014144897461,26.16020830228675,25.47141648689135,26.014103066745882,24099605
2019-09-16,25.624483108520508,25.756676897505546,25.290524269079768,25.367055454094427,19877070
2019-09-17,25.394886016845703,25.603610984769503,25.290523532883803,25.596653858824958,22091945
2019-09-18,25.311391830444336,25.547948070755428,25.22790353187304,25.44358559949393,19679550
2019-09-19,25.401845932006836,25.5827396186184,25.283566385771465,25.339228994233494,17746409
2019-09-20,25.52707290649414,25.916694276014116,25.380967690320546,25.666223795236473,45990658
2019-09-23,25.2139892578125,25.4575026500079,25.20703213194932,25.31139461469066,17295191
2019-09-24,25.053972244262695,25.450550881112502,25.03310086228003,25.23486874436871,24186560
2019-09-25,24.97743797302246,25.290525448624333,24.83828705140039,24.984395099494005,20269685
2019-09-26,24.893945693969727,25.213990281044957,24.747837652723142,25.095713541777357,17059728
2019-09-27,25.2000732421875,25.28356154409866,24.852197391600605,24.9496027416608,17583671
2019-09-30,24.998306274414062,25.26269103476456,24.99134914879914,25.2418196579198,17205391
2019-10-01,24.650436401367188,25.060929291561244,24.650436401367188,24.998312348415812,22013001
2019-10-02,24.142534255981445,24.539112827860652,24.11470575123031,24.53215570167287,22458000
2019-10-03,24.664348602294922,24.67826285416889,24.072959328889272,24.14949330898977,22076135
2019-10-04,24.998306274414062,25.03309469988537,24.664347460517657,24.692175962977334,18065349
2019-10-07,24.928733825683594,25.227907030765014,24.907859650098327,24.9217766996208,11759373
2019-10-08,24.650436401367188,24.963523914491734,24.64347927406185,24.803501594276792,14761270
2019-10-09,24.831321716308594,24.9704697945347,24.720002134769253,24.803490422225693,13634333
2019-10-10,24.900896072387695,25.0539611983017,24.768705116650608,24.817407783868525,12198680
2019-10-11,25.123544692993164,25.450549238059047,25.095716185479514,25.144418871025618,18446054
2019-10-14,25.255735397338867,25.290523824860074,25.033096174955624,25.15833003819698,8700981
2019-10-15,25.394886016845703,25.561865431705375,25.33226908594793,25.360097589726124,15178232
2019-10-16,25.28356170654297,25.568820633180103,25.269647455701147,25.485332330732543,14435795
2019-10-17,25.367055892944336,25.610569299289068,25.30443895914054,25.387930069143582,15312090
2019-10-18,25.367055892944336,25.53403531555345,25.29052470660569,25.346184514142063,14219198
2019-10-21,25.367055892944336,25.5201210630186,25.297481832873117,25.499249684216327,13237081
2019-10-22,25.3461856842041,25.534036494287292,25.22094901341821,25.332271431026925,14549416
2019-10-23,25.582733154296875,25.589693076643833,25.20007170024324,25.26268862219435,14000598
2019-10-24,25.318349838256836,25.631437262957,25.227904411434295,25.568820337496287,19998385
2019-10-25,25.582733154296875,25.659267123545465,25.26268862219435,25.325305544145465,17497665
2019-10-28,25.93757438659668,26.076725322206787,25.617529752351032,25.645361058431988,25800339
2019-10-29,26.58462142944336,26.967282974674124,26.382853568217122,26.438513378479833,32212032
2019-10-30,26.772470474243164,27.009026750305136,26.647236608761308,26.723767793800903,22019430
2019-10-31,26.69594383239746,26.842051898589343,26.56375002087222,26.7098580870641,24539860
2019-11-01,26.70984649658203,27.092510713040255,26.70984649658203,26.918571415596993,19263220
2019-11-04,26.459379196166992,26.95336305547786,26.459379196166992,26.932488882644197,17709730
2019-11-05,26.07672119140625,26.50808538684886,26.06976406533742,26.459382706970157,21688474
2019-11-06,26.167171478271484,26.250659795045152,25.986274996700498,26.167171478271484,18757722
2019-11-07,25.928325653076172,26.398983359064125,25.907252565638878,26.272539185576274,22727297
2019-11-08,26.026676177978516,26.103949825398896,25.87213170757021,25.907256349527877,26626886
2019-11-11,25.942380905151367,25.99857863743714,25.815933889184038,25.92832935375559,12542916
2019-11-12,25.970476150512695,26.05477415398876,25.780807054907648,25.872129421268017,13338370
2019-11-13,25.710559844970703,25.956426660846535,25.499817666914883,25.956426660846535,25855252
2019-11-14,25.675434112548828,25.82295419578521,25.513865304556216,25.682461299358938,25190600
2019-11-15,26.188243865966797,26.321715240019632,25.654364018620097,25.731637662659196,36378810
2019-11-18,26.14609146118164,26.300638729155835,25.963449568503705,26.26551409330425,18084532
2019-11-19,26.455184936523438,26.469236487960277,26.21634527971896,26.29361610267557,26475110
2019-11-20,26.026676177978516,26.476260862193346,25.998578723958342,26.391962851267927,19947582
2019-11-21,26.51137924194336,26.651872127723543,26.019645668417365,26.139065468660057,20942664
2019-11-22,26.925832748413086,26.982030460069765,26.476251055159675,26.54649748862267,25544006
2019-11-25,27.17169952392578,27.31219521539561,27.010130749729612,27.031203832455954,31592385
2019-11-26,26.89773941040039,27.108481567387905,26.729146249696747,27.073356933079374,34620633
2019-11-27,27.136585235595703,27.192782968712017,26.925843030301408,26.960967672661283,19201034
2019-11-29,27.059307098388672,27.312198241279294,27.052282736701674,27.073355821762675,9793873
2019-12-02,26.89773941040039,27.256001642165533,26.8696391380672,27.248977280190193,15645998
2019-12-03,26.729150772094727,26.834521868416587,26.58163067235766,26.665925854755763,20869832
2019-12-04,26.792367935180664,26.876663102068374,26.616750415102125,26.855590016454396,14501248
2019-12-05,26.71509552001953,26.95393795665975,26.546502354149215,26.95393795665975,13098058
2019-12-06,26.89773941040039,27.059308209128698,26.848566052141184,26.890715048425054,12868708
2019-12-09,26.9188175201416,26.96096652429167,26.76427305454625,26.76427305454625,15641571
2019-12-10,27.03121566772461,27.10146495643297,26.827500638881762,26.883698375188864,19171311
2019-12-11,26.84857177734375,27.094438621068562,26.834523050397316,26.953942878306894,15569372
2019-12-12,27.07335662841797,27.12955434802011,26.813441116096122,26.813441116096122,13414469
2019-12-13,26.925832748413086,27.171699502180672,26.74319089163674,27.05930407886732,16678496
2019-12-16,27.494840621948242,27.6774853268819,27.157654308207018,27.185754579901342,24187824
2019-12-17,27.32624626159668,27.705581553957114,27.28409726812738,27.705581553957114,29038016
2019-12-18,27.31922721862793,27.45269858652647,27.14360967348667,27.403525221977763,27339390
2019-12-19,27.375423431396484,27.501870429425058,27.26302798277023,27.396499343283935,22022276
2019-12-20,27.558063507080078,27.775830005129112,27.375418815534715,27.642358667120458,58199772
2019-12-23,27.621294021606445,27.76178693940528,27.487822642821886,27.69154048050586,17454345
2019-12-24,27.6002197265625,27.70559083331158,27.536997627399572,27.628320006430798,5187683
2019-12-26,27.663440704345703,27.79690924749302,27.536993699623192,27.60724297705754,9384078
2019-12-27,27.621294021606445,27.832036222737123,27.572120653047126,27.69856484395256,10117662
2019-12-30,27.333276748657227,27.6915390367876,27.31922802249627,27.607243855389573,11554264
2019-12-31,27.522939682006836,27.53698840501965,27.19277492018424,27.248975461098784,15175703
2020-01-02,27.494840621948242,27.64236069337194,27.312198741446355,27.607238884293754,16514072
2020-01-03,27.34733009338379,27.56509666089442,27.164685343579738,27.19980998571878,14922848
2020-01-06,27.312204360961914,27.396502368957513,27.185760173400872,27.270055356964118,15771951
2020-01-07,27.220884323120117,27.48782427207886,27.171710951646194,27.480799908215815,20108107
2020-01-08,27.43864631652832,27.55104176842475,27.220879775424972,27.227904138114486,16403507
2020-01-09,27.31922721862793,27.586167129992813,27.248980765457866,27.586167129992813,21971895
2020-01-10,27.74070167541504,27.839048369375497,27.375415165460996,27.382439525825145,21557357
2020-01-13,27.684513092041016,27.93740427065152,27.544017365161377,27.832033181599822,15392405
2020-01-14,28.148141860961914,28.155166222496195,27.607237778505645,27.698557302882964,20919160
2020-01-15,28.56962776184082,28.710123473755427,28.218389894270214,28.232441442563946,23925800
2020-01-16,28.527477264404297,28.660948607363267,28.32375948140105,28.653924245802006,16216422
2020-01-17,28.457239151000977,28.667981357229046,28.394017054019052,28.499388157133087,23083970
2020-01-21,28.337814331054688,28.56260522493576,28.232443246493933,28.36591178057382,23115696
2020-01-22,28.232444763183594,28.386986392705044,28.077897484797845,28.323764303458606,18097812
2020-01-23,28.597726821899414,28.682024818687246,28.190294035910156,28.232443034304072,27148510
2020-01-24,27.972522735595703,28.780369537910158,27.84607857364251,28.75929645239522,34143698
2020-01-27,28.21137046813965,28.401039571186875,27.57211952739873,27.684514986822155,31964026
2020-01-28,26.792367935180664,27.740707627582008,26.658896586330084,27.621287826905874,70202408
2020-01-29,26.39898109436035,26.960961113229782,26.377908008730866,26.7783192311455,34165726
2020-01-30,26.30672836303711,26.37769523651706,26.03706166235104,26.328019566394595,32316589
2020-01-31,26.427371978759766,26.57639614188911,26.18608973505021,26.214477056250573,33894005
2020-02-03,26.618974685668945,26.995091697543028,26.469947674917968,26.5834941021214,20875735
2020-02-04,26.746713638305664,27.137020034576278,26.704134084299973,27.023476459416965,31150865
2020-02-05,27.08734130859375,27.37120306775897,26.838965835928523,26.86025418388835,29443490
2020-02-06,27.151214599609375,27.321532830257265,26.98799533964184,27.27895327259529,21047748
2020-02-07,27.00218963623047,27.250565150957527,26.91703052340271,27.22218068220424,21903596
2020-02-10,26.831876754760742,27.12283473713661,26.76800883406113,27.115738618534934,19998385
2020-02-11,27.03057098388672,27.0589583026462,26.796387730576377,26.888642949940166,16027335
2020-02-12,26.782194137573242,27.101536477659042,26.767999052272657,27.03056961100655,22944315
2020-02-13,26.20738410949707,26.66865459520953,26.17899678486278,26.66865459520953,22099745
2020-02-14,25.90932846069336,26.285442656136343,25.84546055076607,26.235766981018664,21006747
2020-02-18,25.774484634399414,26.02286292291394,25.739004059813798,25.93770383734238,17988513
2020-02-19,25.71062660217285,25.90223319151334,25.696434366898487,25.831266308573237,17750941
2020-02-20,25.440954208374023,25.58998120546896,25.128707982065627,25.341602876977397,42953135
2020-02-21,25.348697662353516,25.419664525787688,25.213865757738613,25.377084978383856,32425256
2020-02-24,24.603572845458984,25.12161797663004,24.55389716767748,24.866143469937178,37969296
2020-02-25,24.07842445373535,24.653241209956178,23.92230134891879,24.610661662591053,41878898
2020-02-26,24.63905143737793,24.98677826011292,24.142294757351323,24.298417877747738,47920005
2020-02-27,24.199068069458008,25.341605652365306,24.199068069458008,24.440350308315306,55444827
2020-02-28,23.71650505065918,24.08552162860428,23.084916487937797,23.766180715889146,66057447
2020-03-02,24.752595901489258,24.802271571288742,23.7377955822061,24.064235494225304,42034469
2020-03-03,24.34099769592285,25.391279998585276,24.02875145171058,24.96549018434739,46174475
2020-03-04,25.831260681152344,25.87384023098349,24.80226963553112,24.90871708346723,38712155
2020-03-05,25.164194107055664,25.675143050805325,24.951299189373938,25.299026033169394,35096303
2020-03-06,24.851947784423828,24.958395242995156,24.213263032995865,24.62485778039688,40931036
2020-03-09,23.95778465270996,24.617757646854567,23.531994887898392,23.744889770304177,43183856
2020-03-10,24.546796798706055,24.596472467884382,23.42555046384107,24.532604565593303,40548329
2020-03-11,22.82944679260254,24.042949931774405,22.467524828755526,23.957790815592496,65350213
2020-03-12,21.303699493408203,22.708806410339566,21.289505831363083,21.630138027383122,62731445
2020-03-13,23.2126522064209,23.333291877048723,21.452718542601477,22.190755930642673,60553038
2020-03-16,21.417236328125,22.907501894007638,21.041122235583057,21.246920997154106,50995050
2020-03-17,22.822345733642578,23.170073960621846,21.708194186824237,22.45332630558577,54220606
2020-03-18,22.964277267456055,23.141690168316764,21.509494904338673,21.83593338647755,43884976
2020-03-19,21.587556838989258,22.886216100014856,21.29660036134654,22.86492632328161,59820929
2020-03-20,20.58695411682129,21.764973913140157,20.51598865632724,21.488209615862875,52488989
2020-03-23,20.217927932739258,20.991445864716308,19.78504065119345,20.409533030267227,52853041
2020-03-24,21.07660675048828,21.32498366107145,20.508887486308844,20.941773407412644,44466784
2020-03-25,21.11208724975586,21.800449001836768,20.579850031802007,20.934675794865704,44601275
2020-03-26,22.531389236450195,22.70170457826817,21.204342801557818,21.21144034411486,43269967
2020-03-27,21.928186416625977,22.524291535437076,21.75786964936444,21.85722097804686,38290344
2020-03-30,23.18427085876465,23.3120081044474,22.034638500903878,22.034638500903878,29943508
2020-03-31,23.162981033325195,23.41845408179846,22.879120663935208,22.992664241034436,29466151
2020-04-01,22.531389236450195,22.907503352946183,22.375266126462858,22.6520289135775,26709625
2020-04-02,23.32619857788086,23.418452370873545,22.531390742970167,22.637838195384244,27186876
2020-04-03,23.872629165649414,24.050042059406707,23.155881474329668,23.155881474329668,32837370
2020-04-06,24.53260612487793,24.76678939925773,23.971981495170464,24.07133283984186,40503217
2020-04-07,23.851337432861328,24.958391402302183,23.837143774803106,24.837751728694855,24226295
2020-04-08,24.55389404296875,24.695824940465926,23.730700258724394,24.12100808687876,25523980
2020-04-09,25.114513397216797,25.384180048623737,24.73130033964825,24.859038976598843,30648107
2020-04-13,24.937105178833008,25.533213256699145,24.63905399318386,25.519018169166195,18270141
2020-04-14,25.85964584350586,25.99448059785265,25.07903033927431,25.497723980031083,21845309
2020-04-15,25.526107788085938,25.710615325580704,25.249342201919468,25.58997567209248,21312196
2020-04-16,25.46224594116211,25.731915506961215,25.24935101795094,25.63256416235815,20657451
2020-04-17,26.19318389892578,26.257051800259436,25.625463196805594,25.902228858057516,24404843
2020-04-20,25.604175567626953,26.19318463566426,25.604175567626953,25.817070480249683,22530620
2020-04-21,25.277734756469727,25.497725765502686,25.100323296700704,25.39127831898458,23975233
2020-04-22,25.724817276000977,26.257054599325304,25.632564899032996,26.22867013049945,20182624
2020-04-23,26.037057876586914,26.5409106212431,25.7461028681317,25.7461028681317,20185365
2020-04-24,26.52672576904297,26.562206357210226,26.100935884762844,26.14351259056355,17353794
2020-04-27,27.200881958007812,27.34990893761775,26.661548667947883,26.675743751684422,23394057
2020-04-28,26.90283203125,27.832471672506983,26.526717934767916,27.7118320017992,35666728
2020-04-29,27.051862716674805,27.35700999294135,26.760904820140777,27.2931420910848,26518535
2020-04-30,27.22217559814453,27.32862304265695,26.512524065872785,26.96670116065804,29450973
2020-05-01,26.711231231689453,26.924126156648263,26.53381974531841,26.860258249817402,22679867
2020-05-04,26.69703483581543,26.90992972758644,26.54800784091903,26.68283975062283,19893512
2020-05-05,27.328632354736328,27.57700790770895,27.158316956139114,27.54152731630394,24123952
2020-05-06,27.328632354736328,27.683458241777146,27.328632354736325,27.65507091536875,24047432
2020-05-07,26.490062713623047,27.586649210644016,26.43989197656773,27.529308755392623,33546080
2020-05-08,26.67640495300293,26.791082963928016,26.54739615307595,26.697908340803483,19893618
2020-05-11,27.307125091552734,27.385966055638445,26.633407887210545,26.697912296731893,25620421
2020-05-12,26.776750564575195,27.407466754751667,26.762416891631055,27.321461835367305,19335314
2020-05-13,26.5545654296875,26.8197527710006,26.2248736824808,26.74091469306828,24596882
2020-05-14,27.178112030029297,27.206779371244053,26.361049579622822,26.375383250230204,22362507
2020-05-15,27.063434600830078,27.357289231893454,26.79824730854419,27.20677705815517,25460002
2020-05-18,27.28561782836914,27.56513878825244,26.970259813524823,27.479133890752315,22635177
2020-05-19,27.0060977935791,27.249781706848772,26.740910493908704,27.127939750213937,19476234
2020-05-20,26.970264434814453,27.37879713352723,26.912926866083453,27.199614709738466,17504200
2020-05-21,26.705076217651367,26.98459721620709,26.55456402405392,26.927259649367944,17652181
2020-05-22,26.877090454101562,26.898593843969582,26.490061135390164,26.597569439572183,15781226
2020-05-26,26.869916915893555,27.14227102644014,26.84124669712719,26.984592027521735,23260094
2020-05-27,26.812585830688477,26.905760462016445,26.497227756747147,26.812585830688477,25904158
2020-05-28,27.364465713500977,27.55081500812446,27.034773911019244,27.120781721110056,22521767
2020-05-29,27.371631622314453,27.543644336832102,26.93442867721788,27.428969193820336,48333067
2020-06-01,25.414976119995117,25.60848932346406,25.02077711412594,25.443643461967195,76884979
2020-06-02,25.91668128967285,25.916681289672848,25.264464660311692,25.46514758679796,42690900
2020-06-03,25.91668128967285,26.095863709058115,25.472314422498297,26.00985591721565,38751996
2020-06-04,25.809179306030273,26.009862281622073,25.586995818076463,25.594162655530468,27013388
2020-06-05,25.794836044311523,26.153197955863746,25.71599509817936,25.974015559228206,36705655
2020-06-08,26.224870681762695,26.23203751696201,25.572654097996985,25.658659002107758,30194149
2020-06-09,25.9525203704834,26.27504529242469,25.923850143730657,26.1603701488526,21675088
2020-06-10,25.74466896057129,26.12453143022521,25.723165571439626,26.060027026268745,29557217
2020-06-11,23.866853713989258,25.572654150817197,23.852520043561025,25.515316587385243,63166642
2020-06-12,24.18938446044922,24.440235265766496,23.68767708637556,24.425901592712837,37902472
2020-06-15,23.909852981567383,24.167873407955938,23.479819898159278,23.866849096882877,36247482
2020-06-16,23.938526153564453,24.339891975364598,23.451155428320703,24.074703225592575,55616945
2020-06-17,24.053205490112305,24.20371769963638,23.88119277139315,24.074707440167135,27509822
2020-06-18,23.8238525390625,23.988698402981775,23.637504727488626,23.8453544867171,32278855
2020-06-19,23.952863693237305,24.18221540882519,23.737845649390113,24.14637834775417,43986266
2020-06-22,23.73067855834961,23.90985953919909,23.5873346381858,23.88835759095961,23332503
2020-06-23,23.48699378967285,23.83102064794897,23.465491840869408,23.79518358632334,37690408
2020-06-24,23.071292877197266,23.458323610067616,22.935115797352026,23.443989938957372,30817695
2020-06-25,23.164470672607422,23.207474573541845,22.813276951175574,23.013958460196726,27418651
2020-06-26,22.963783264160156,23.135797393640413,22.65559350349976,23.114295447347946,42153992
2020-06-29,23.393817901611328,23.415318407075713,23.07845986448634,23.264807664527517,23956261
2020-06-30,23.43682098388672,23.56583122444111,23.099962432235326,23.314979019539464,25451676
2020-07-01,24.182214736938477,24.75559040782822,24.167879624736432,24.75559040782822,73503009
2020-07-02,24.73409080505371,24.977774753660746,24.39723222587607,24.81292888203854,45270881
2020-07-06,24.73409080505371,25.078116220164578,24.640916174483106,25.04944887643166,27150935
2020-07-07,24.390064239501953,24.61941450542444,24.33989350861651,24.404397910692314,25148018
2020-07-08,24.18938446044922,24.63375137886913,24.06037419866739,24.37573085530547,24256545
2020-07-09,23.981529235839844,24.28255359201872,23.723508770789227,24.175045305057534,20363702
2020-07-10,24.246721267700195,24.397233475163087,24.003035865755326,24.124877846297895,24459019
2020-07-13,25.235794067382812,25.60132285479823,24.741256475806267,24.8917686684737,56569129
2020-07-14,25.25012969970703,25.38630533449908,24.999276054407108,25.350471157827002,32854129
2020-07-15,25.601318359375,25.802001247692974,25.422138855787473,25.794834413355716,26294454
2020-07-16,25.515317916870117,25.543985259220303,25.271631098297657,25.515317916870117,18421812
2020-07-17,25.98118782043457,26.038528274171615,25.608492161460536,25.70166679663391,23347365
2020-07-20,26.16036605834961,26.963094819556904,26.031354380714028,26.869920199328817,36815693
2020-07-21,26.29654312133789,26.576066997243153,26.174701153924307,26.475725536413442,23588520
2020-07-22,27.636821746826172,27.75866663272283,26.89143028294555,27.400304576163293,90705554
2020-07-23,27.5293025970459,28.253193263314564,27.36445674980312,28.117017637283915,59639536
2020-07-24,26.99176788330078,27.342963051546615,26.75525074673085,27.256955248219583,33870501
2020-07-27,26.905757904052734,27.056270090722535,26.683574482562626,26.776746223313307,27640307
2020-07-28,27.96650505065918,28.195855290125408,27.278451450541645,27.62247680974099,56393954
2020-07-29,28.138517379760742,28.27469588382183,27.55797207183923,28.16718760019632,37033660
2020-07-30,28.037195205688477,28.18194155147999,27.64638327292348,27.70428122926334,32273796
2020-07-31,27.849029541015625,28.044436996552175,27.40031957335004,27.704286079765957,28472124
2020-08-03,27.75495147705078,27.979306495746425,27.660866175699482,27.94311916986869,31036400
2020-08-04,27.783891677856445,27.993772874768585,27.566773599655463,27.72599371766178,29448549
2020-08-05,27.827316284179688,27.885214245224716,27.595724439999575,27.841790046969958,24292697
2020-08-06,27.697052001953125,28.29774528364545,27.610203588502745,28.058913601599162,20922111
2020-08-07,27.827316284179688,27.95034908766488,27.617435084184976,27.718757243484767,23097251
2020-08-10,27.783891677856445,27.979299112190894,27.689806401333644,27.89968759824578,19964552
2020-08-11,27.349655151367188,27.92140077417224,27.262809667192307,27.906924101906537,21326847
2020-08-12,27.74047088623047,27.89969102378592,27.364132643816145,27.3786093180552,19957595
2020-08-13,27.62467384338379,27.631910725270853,27.414792629122275,27.55230211462898,15340021
2020-08-14,27.545068740844727,27.783897513071413,27.45098344456199,27.508881416916477,12901276
2020-08-17,27.75495147705078,27.79837277624244,27.46545868979828,27.530596458355134,17494187
2020-08-18,27.762184143066406,27.834555873943646,27.624674653526988,27.827318991844347,10846398
2020-08-19,27.68981170654297,27.94311714960396,27.588492439203044,27.849031855054953,15690055
2020-08-20,28.022724151611328,28.073385232039012,27.595724863671137,27.63190927120234,21957455
2020-08-21,28.138517379760742,28.225365769283403,27.914162435024878,28.160228022199547,25467170
2020-08-24,28.109567642211914,28.2543139917036,27.892449572916274,28.23984022971957,25011947
2020-08-25,27.798362731933594,27.906921760456765,27.465448765780355,27.870737357538125,26221201
2020-08-26,27.53782844543457,27.69704857714932,27.25557259156468,27.63915061196979,24083689
2020-08-27,27.40032386779785,27.501646052483363,27.27005415027915,27.472695609765495,22156556
2020-08-28,27.43651008605957,27.545069149570644,27.06740868814501,27.40755964451049,32830519
2020-08-31,27.349655151367188,27.5161121484099,27.1397739572951,27.385842467205645,30032465
2020-09-01,26.691072463989258,27.37137733902552,26.42329322603597,27.349663778719435,36145560
2020-09-02,26.92266082763672,26.995032562724216,26.343678217283536,26.611457419957,29068688
2020-09-03,26.343677520751953,27.132541342874017,26.1265594113457,27.045692935157785,35956788
2020-09-04,26.31473159790039,26.510139072249,25.960103972941482,26.408816893689313,26872257
2020-09-08,26.00352668762207,26.495660876760617,25.82259589907953,26.437762908031633,26736818
2020-09-09,26.184457778930664,26.52460867508106,26.15550734250652,26.26406638679997,27490533
2020-09-10,25.80087661743164,26.28577381662565,25.75021554229891,26.19892833774361,21650741
2020-09-11,26.10484504699707,26.133792572190767,25.656135127423482,25.866013414729515,24109301
2020-09-14,26.78515625,27.168731421551556,26.256834687526958,26.314732661918626,29565543
2020-09-15,26.74896812438965,27.03122110483877,26.640409061918096,26.91542515952039,22003726
2020-09-16,26.618694305419922,27.00226940629814,26.57527010515588,26.98055585122407,22208412
2020-09-17,26.64763641357422,26.75619543721693,26.452229007063934,26.618688892540693,17894390
2020-09-18,26.510135650634766,26.828573000870723,26.466711449730365,26.6186946979537,31694623
2020-09-21,26.068655014038086,26.40157188826012,25.60547138013545,26.321960382505846,26608968
2020-09-22,26.235118865966797,26.29301974524979,25.86601749237287,25.916678579332206,22727297
2020-09-23,26.054182052612305,26.32919807115377,26.03247141031312,26.300247638204493,23102521
2020-09-24,25.8804931640625,26.083134594161525,25.72127302691624,26.017999744848115,20859925
2020-09-25,26.09037208557129,26.162743810661798,25.70679699578878,25.72127075883008,14365598
2020-09-28,26.33643913269043,26.473948618731914,26.169982118988102,26.169982118988102,15044269
2020-09-29,26.177227020263672,26.44500628258111,26.075904822642475,26.36539764724163,13512491
2020-09-30,26.560794830322266,26.7489654047462,26.235117676020135,26.249594350126454,22629275
2020-10-01,26.321964263916016,26.843048838778692,26.169981020424064,26.712776240121002,22520396
2020-10-02,26.329198837280273,26.53184314417064,26.075893453667312,26.09760700648202,21461759
2020-10-05,26.596981048583984,26.691066331897062,26.300251435022467,26.437760919086514,19400029
2020-10-06,26.177227020263672,26.799633974255304,26.119329037320853,26.777920411973586,25233392
2020-10-07,26.39434051513672,26.48118892913172,26.075900210334435,26.242360155472277,22160034
2020-10-08,26.69830322265625,26.908184434786172,26.423287164320104,26.488422010526328,17857395
2020-10-09,26.625930786132812,26.86475951916188,26.481184424060746,26.6548783126168,23667465
2020-10-12,26.64763641357422,26.908178652293426,26.39433105511339,26.560788030706647,19413837
2020-10-13,26.705543518066406,26.87200055070793,26.510138954470438,26.539086485424882,21543233
2020-10-14,26.676597595214844,26.99503500433203,26.466716343605224,26.785156662607083,22120298
2020-10-15,26.452238082885742,26.589747584625293,26.35091881462204,26.51013896458571,16089205
2020-10-16,27.465450286865234,27.588485993253425,26.792385436699515,26.82856984162211,42993503
2020-10-19,27.35689926147461,28.116815635582903,27.24110331205372,27.805612202836357,31931352
2020-10-20,27.132532119750977,27.422024773808705,27.031209981819103,27.407548104187477,22384852
2020-10-21,26.83580780029297,27.103584017973073,26.82133112942853,27.031212303185228,18984859
2020-10-22,27.089115142822266,27.19043730773001,26.799625321574513,26.835812640437027,19243616
2020-10-23,27.631914138793945,27.704288786373745,27.24833898220524,27.450983339613465,30557884
2020-10-26,27.443744659423828,27.516116392379182,27.125304378605357,27.40755733800399,33783124
2020-10-27,27.089115142822266,27.588489085565303,26.683829393075413,26.806862203370194,36851529
2020-10-28,25.65613555908203,26.87199565511991,25.56205028085173,26.63316692871803,33857537
2020-10-29,25.53310203552246,25.793644338418233,25.040967867778985,25.677848405994382,27545341
2020-10-30,25.6778507232666,25.714038046621326,25.21466404188716,25.50415680895599,25631067
2020-11-02,26.220643997192383,26.23511776146159,25.721272940946303,26.003525893617194,21430666
2020-11-03,26.191688537597656,26.50289186903087,26.112079939494393,26.36538531506604,21636617
2020-11-04,27.016742706298828,27.58848836188518,26.74896353746229,26.8213352634048,40870536
2020-11-05,26.607282638549805,27.27264675220845,26.607282638549805,27.23609022276085,33926995
2020-11-06,26.614604949951172,26.84858153421521,26.387942614410562,26.607293641038325,23870676
2020-11-09,28.66187858581543,30.701845159858685,28.062319012695458,30.606792279534638,230153864
2020-11-10,28.281667709350586,29.641644335084393,28.120810132551536,29.57583963089612,80091668
2020-11-11,28.150060653686523,29.393047649426002,27.71135866935256,28.427905047777358,58980997
2020-11-12,27.45545196533203,28.0330776958644,27.228789634303673,27.989206903450082,46767877
2020-11-13,28.237796783447266,28.267044951721466,27.572432558165215,27.689419351642293,40175634
2020-11-16,27.294584274291992,27.747908768955273,26.94362100438378,27.682104074537932,75530167
2020-11-17,27.774354934692383,28.12885486580289,27.60481021120039,28.121149623739626,46984500
2020-11-18,27.99013328552246,28.83785091116188,27.974719863625975,28.460232364031636,63442700
2020-11-19,27.88994598388672,28.229035367397827,27.635631886062857,28.205913765916044,43261800
2020-11-20,28.28299331665039,28.753092576243542,28.082621694621785,28.28299331665039,60633800
2020-11-23,28.144264221191406,28.58353645054651,27.905360594425986,28.537296185421386,43673100
2020-11-24,28.205913543701172,28.31380749021071,27.75893609597087,27.843708441180784,42485300
2020-11-25,28.151975631713867,28.175097239248384,27.928488317488636,28.151975631713867,26955800
2020-11-27,28.691431045532227,28.71454971107693,28.321517697767156,28.34463636331186,25277000
2020-11-30,29.523738861083984,29.9013574581563,28.976572600726723,29.24630310987411,65425900
2020-12-01,30.3714599609375,31.21147254961841,30.06319732773318,30.36375471802205,72499700
2020-12-02,31.442663192749023,31.912762312781197,31.057336430730505,31.188349058517947,84347500
2020-12-03,30.895492553710938,31.61990563581244,30.45622038459067,31.581373556729982,68570100
2020-12-04,31.088167190551758,31.17293955923636,30.741372473119412,30.741372473119412,35368100
2020-12-07,31.78945541381836,31.905054609428838,31.11127954184353,31.3347697521253,48253700
2020-12-08,32.799015045166016,32.960851579678256,31.86652204671713,31.90505707477138,87039300
2020-12-09,32.251853942871094,33.19976051547454,31.696985316242433,33.192052332712684,86118500
2020-12-10,32.15937805175781,32.53699965244488,31.943595959828357,32.2287370012795,57749200
2020-12-11,31.689273834228516,32.421395310432416,31.357892565418435,32.3443311296994,60737000
2020-12-14,30.217321395874023,32.10542295676376,30.109430382076262,32.07459611287593,94809700
2020-12-15,29.832000732421875,30.194208872227257,29.446673924904744,30.101731261570013,65712800
2020-12-16,29.161535263061523,29.647047902848136,29.084471071265128,29.42355763090393,56515300
2020-12-17,29.307952880859375,29.377311816330916,28.753084336896965,29.153824526309215,52036400
2020-12-18,29.03822135925293,29.35418914667297,28.899503507233447,29.27712497991082,60259200
2020-12-21,28.80703353881836,28.82244696420965,28.444825391648735,28.729966411861895,40891800
2020-12-22,28.313810348510742,28.768496022511588,28.205916391109227,28.676015487596008,33634400
2020-12-23,28.853273391723633,29.015112902542462,28.421709202368223,28.521892066433985,36182000
2020-12-24,28.72225570678711,28.953451164068063,28.652896775621848,28.822441482872424,14790100
2020-12-28,28.375463485717773,28.961161830215765,28.267572459049717,28.7916171084174,26993700
2020-12-29,28.552715301513672,28.668314517476105,28.352346658963654,28.437119025361415,23152100
2020-12-30,28.313810348510742,28.699137091229773,28.28298350353888,28.537297625032377,24889800
2020-12-31,28.367761611938477,28.452531043092648,27.967021365440086,28.252162389748623,30796500
2021-01-04,28.367761611938477,28.467944468705316,27.951607939827415,28.413998948966142,33565700
2021-01-05,28.660606384277344,28.799324267745824,28.205920641755135,28.29840119060758,29909400
2021-01-06,28.41399383544922,28.884092942698192,28.336929661065046,28.383169929581438,34962500
2021-01-07,28.56041717529297,28.629776101588174,28.25985986814074,28.5450037539152,27809500
2021-01-08,28.61436653137207,28.92262618098706,28.43711657138622,28.637485196645464,33462400
2021-01-11,29.107582092285156,29.15382235909879,28.62977776111641,28.6837232691608,47286900
2021-01-12,28.652894973754883,29.12299403988901,28.375459266540673,29.05363511308546,47831100
2021-01-13,28.406288146972656,28.64518884769047,28.23674343822342,28.5141791653368,31027900
2021-01-14,28.32151985168457,28.483356402425464,28.213628817857305,28.3446385189875,30272000
2021-01-15,28.28299331665039,28.344644088174817,28.051797778764957,28.26757988881659,34287800
2021-01-19,28.306110382080078,28.514187236311514,28.221338003710535,28.32922905261337,33451300
2021-01-20,28.12885284423828,28.36775648837019,28.098025998580653,28.352343065541376,35400100
2021-01-21,28.113439559936523,28.19821191600781,27.859125431532494,28.044080626770004,33829700
2021-01-22,28.16738510131836,28.383170082413624,27.93618963711113,27.99013514743249,26271200
2021-01-25,28.729955673217773,28.737663852937416,27.99012916982889,28.167379085861068,31728500
2021-01-26,28.753080368041992,28.97656762721523,28.637481178275877,28.722253525463096,27718700
2021-01-27,27.92848014831543,28.545002272380028,27.87453170638848,28.506470190840247,50561200
2021-01-28,27.936277389526367,28.3024258627974,27.920696287281707,28.006390863731642,39466700
2021-01-29,27.967443466186523,28.73089975112918,27.749310976351623,28.73089975112918,60251900
2021-02-01,27.889537811279297,28.19336191618922,27.82721636576044,27.990813503513202,40395800
2021-02-02,27.258512496948242,27.873949616483504,26.69760477100114,27.858368516119302,84062400
2021-02-03,27.141660690307617,27.492228083091483,27.094917380672577,27.258517478499428,38524200
2021-02-04,27.180606842041016,27.328625808771736,27.032590847101307,27.118285412726248,34284900
2021-02-05,27.2039794921875,27.32862830578822,27.094914752078157,27.2039794921875,31749600
2021-02-08,27.126075744628906,27.27409174648572,27.063754312401723,27.235140479869838,31633900
2021-02-09,27.242931365966797,27.313044831631387,27.079331298222073,27.11049349891545,30170200
2021-02-10,27.063756942749023,27.32862974198783,27.03259473771118,27.26630533191214,29039900
2021-02-11,26.82225227355957,27.11828725534482,26.705395499441618,27.110495218781644,30885200
2021-02-12,27.048171997070312,27.227350192892093,26.767718135161083,26.830039564590347,25578600
2021-02-16,27.02480125427246,27.157239132699917,26.923528551006427,27.149447095961744,28730300
2021-02-17,27.180606842041016,27.266301407665956,26.845620615574983,26.931315181199924,26389400
2021-02-18,26.923526763916016,27.172818430747462,26.892364562614315,27.09491292749321,24052500
2021-02-19,26.830041885375977,27.01701213341864,26.798882653861597,27.00143103176581,28145300
2021-02-22,26.689817428588867,26.775512009766683,26.51843123802478,26.744352775349654,34322500
2021-02-23,26.417152404785156,26.635281878660805,26.237974198131415,26.48726587450107,37624200
2021-02-24,26.292505264282227,26.526215827828747,26.23018086238126,26.385988895342624,30686100
2021-02-25,26.34703826904297,26.572959773726655,26.128908800681412,26.34703826904297,37506100
2021-02-26,26.0899600982666,26.409365267665418,25.98868441866461,26.362621960512634,41462800
2021-03-01,26.245765686035156,26.43273594647028,26.105538733656683,26.16786314439888,30407800
2021-03-02,26.105539321899414,26.40157433601254,26.09775025627686,26.237977211815103,27670400
2021-03-03,26.791088104248047,26.837831404822204,26.051002190007676,26.10553455478203,46020200
2021-03-04,26.6430721282959,27.336414742435203,26.362618268241572,26.689812457110953,45449600
2021-03-05,26.791088104248047,26.91573393398814,26.45610187961073,26.71318557508211,30589900
2021-03-08,26.75992774963379,27.165027467178636,26.744349620158896,26.8612034219678,24352300
2021-03-09,26.837831497192383,27.14944458671963,26.830039461174373,26.907944962399437,25167100
2021-03-10,27.211774826049805,27.375371956036084,26.89236963197542,26.985853281711627,33501800
2021-03-11,27.040382385253906,27.3597875406657,27.001431116894672,27.320836272306465,24557900
2021-03-12,27.219558715820312,27.250720917070396,26.884572481859625,26.923526719317767,16342400
2021-03-15,27.585702896118164,27.601283994339926,27.23513561560513,27.274086875264217,21896100
2021-03-16,27.912900924682617,27.93627108688142,27.507801273089335,27.632447091134136,25022400
2021-03-17,27.881746292114258,28.014181209560736,27.359789744328,27.912908498028084,42540100
2021-03-18,27.866161346435547,28.02196938272735,27.671402044018574,27.679191108527164,24729800
2021-03-19,27.679197311401367,27.90511886606367,27.632456970293156,27.850586486909567,48348900
2021-03-22,28.04534149169922,28.05313055674762,27.546758118444508,27.640241757981936,25427500
2021-03-23,27.546754837036133,27.99080578668209,27.51559263697197,27.90511122240112,27970500
2021-03-24,27.74151039123535,27.990802014571567,27.554540187837908,27.640234740570463,22883400
2021-03-25,27.788257598876953,27.88174420963595,27.461063376594378,27.77267946887509,24875300
2021-03-26,28.240097045898438,28.27125924552373,27.764883902880907,27.796046102506203,27944500
2021-03-29,28.528345108032227,28.62183172376839,27.967440272572528,28.06871298193285,27004800
2021-03-30,28.131027221679688,28.536126828032014,28.06091377112274,28.504964634053284,26303300
2021-03-31,28.224517822265625,28.38032585895827,28.076501821892727,28.16219639066324,26582700
2021-04-01,28.279056549072266,28.395913345819686,28.060927031721654,28.279056549072266,21319900
2021-04-05,28.26346778869629,28.489389282921277,28.123240859300846,28.388113617959906,22096900
2021-04-06,28.084287643432617,28.356952419106992,28.04533638170507,28.247884725762777,20722900
2021-04-07,27.97522735595703,28.232311073330045,27.8583705804618,28.06871099327847,21933800
2021-04-08,28.014177322387695,28.162196294043888,27.944063854706105,28.014177322387695,18129400
2021-04-09,28.51275634765625,28.676356395360276,27.967432761278378,27.967432761278378,31686700
2021-04-12,28.801008224487305,28.847748557769744,28.30242485753277,28.419278662530143,29944900
2021-04-13,28.94902229309082,29.330751829469573,28.73868189204021,29.143781593494225,33967400
2021-04-14,28.956815719604492,29.12041581514947,28.793218595851048,28.956815719604492,23842900
2021-04-15,29.291793823242188,29.400861513739837,29.02692108990072,29.02692108990072,24945800
2021-04-16,30.047473907470703,30.14874960705698,29.455406758995853,29.50214710358029,52829500
2021-04-19,30.32792091369629,30.35129108063415,29.86049974419109,30.070837190214505,30905100
2021-04-20,30.405818939208984,30.569418998870187,30.187689488715222,30.187689488715222,26459400
2021-04-21,30.795337677001953,30.90440240282875,30.48372459918122,30.491513663115608,29365000
2021-04-22,30.102001190185547,30.77197375243404,30.00851754506458,30.756392649615297,33373600
2021-04-23,30.11757469177246,30.250012546410673,29.938396512266085,30.09420452933838,24375000
2021-04-26,30.133161544799805,30.179904850384684,29.98514553480133,30.17211281355821,19773400
2021-04-27,29.953981399536133,30.07862723460021,29.87607589525163,30.000721730315707,19061500
2021-04-28,30.234432220458984,30.33570490812285,30.00851073851808,30.02409183780271,21963300
2021-04-29,30.07083511352539,30.382451186202893,29.84491658121487,30.374662121691955,23569400
2021-04-30,30.109790802001953,30.304550113860202,29.985144961284323,29.9929340261705,28413200
2021-05-03,31.029050827026367,31.0368398908671,30.351286373038853,30.413610770928177,46638600
2021-05-04,31.122535705566406,31.293921863083106,30.71743601834252,31.161486969920613,52802200
2021-05-05,31.138118743896484,32.01063960126391,30.32791931901686,31.301715847442033,76627500
2021-05-06,30.831295013427734,30.862764267590713,29.863637955965523,30.272729256864494,54944900
2021-05-07,31.13812255859375,31.366267198551775,30.72116235231065,30.72116235231065,33807800
2021-05-10,31.3583984375,31.688816644302214,31.295459921305124,31.334797994463738,30831900
2021-05-11,30.95717430114746,31.523608968254358,30.862769523654237,31.216791190596044,30568600
2021-05-12,31.224658966064453,31.405602718071727,30.925709985047543,31.02798058330777,26208600
2021-05-13,31.54720687866211,31.68881553406561,31.075180028032797,31.075180028032797,25415000
2021-05-14,31.484270095825195,31.72028351162023,31.405596956511246,31.657348001242475,18041100
2021-05-17,31.55508041381836,31.783228059549998,31.47640725956229,31.523611152115933,18095000
2021-05-18,31.507875442504883,31.743888895044563,31.33480051121518,31.61014903899916,15805500
2021-05-19,31.33479881286621,31.389868515438227,31.0201122258201,31.389868515438227,20209500
2021-05-20,31.562944412231445,31.665218006341412,31.248260816539418,31.256126630975352,18621100
2021-05-21,31.4292049407959,31.940566915405103,31.397735680522576,31.63374913042481,21144800
2021-05-24,31.31906509399414,31.578678984942687,31.29546164858151,31.531478096265023,16922300
2021-05-25,30.94144058227539,31.358397739021424,30.87063625367007,31.326928481624932,25916300
2021-05-26,30.618885040283203,30.91783698188656,30.508745641027637,30.909971168114108,28036500
2021-05-27,30.406471252441406,30.823428354906955,30.367133185280135,30.658219276693043,38471200
2021-05-28,30.469406127929688,30.697553708025524,30.43007106265495,30.485140754254207,16154100
2021-06-01,30.288461685180664,30.68181833044275,30.272727059241415,30.634614452625005,23642400
2021-06-02,30.51660919189453,30.626748572151545,30.31993086970043,30.398600998148858,19629000
2021-06-03,30.658222198486328,30.71329189647256,30.390739522093156,30.49301010345418,17376300
2021-06-04,30.79983139038086,31.075179885136205,30.69755780615451,30.721158248255396,19375300
2021-06-07,30.673961639404297,31.153854368426494,30.658227008786103,30.744765976649198,24110700
2021-06-08,30.563817977905273,30.768365166521203,30.27273482603132,30.736895906568936,18880300
2021-06-09,31.31906509399414,31.342665538332973,30.666091457264343,30.681826087181495,29824000
2021-06-10,32.00350570678711,32.03497496732675,31.382001315961684,31.389870131633526,42613700
2021-06-11,31.586545944213867,31.995634293724073,31.42920265536261,31.98776847976464,21386900
2021-06-14,31.177459716796875,31.523612608291554,30.980781323682464,31.49214334513546,23408300
2021-06-15,31.14598274230957,31.342661086729034,30.988639466559324,31.240387507330368,20206900
2021-06-16,30.917837142944336,31.34266311463471,30.902102514243925,31.169585200003766,19177500
2021-06-17,31.059446334838867,31.145985293644042,30.736893943611886,30.894237232250962,19580100
2021-06-18,30.532346725463867,31.02797398382014,30.445807775285477,30.917834593074303,37775900
2021-06-21,31.01224708557129,31.05945097954408,30.587424044112414,30.587424044112414,19488100
2021-06-22,31.161718368530273,31.22465388020304,30.886366876875705,31.004375087738158,15975900
2021-06-23,30.721162796020508,31.201058530269254,30.66609308891727,31.17745808467471,22025400
2021-06-24,30.831295013427734,30.957169029006398,30.744759066089422,30.791959946260636,13436500
2021-06-25,30.66609001159668,31.004377036183392,30.59528568084426,30.77622941475074,22774300
2021-06-28,30.776226043701172,30.847030366698096,30.60315114387683,30.68968709325234,19225700
2021-06-29,30.760499954223633,30.902108639522805,30.666095164382238,30.7841034024896,14516600
2021-06-30,30.807697296142578,30.894236252202504,30.540214614263505,30.791962667670454,21248100
2021-07-01,31.12238121032715,31.17745090474826,30.768359602567667,30.815560482886756,20035900
2021-07-02,31.25613021850586,31.3348033772642,30.980781665537023,31.04371719146955,16592700
2021-07-06,30.90996551513672,31.193182776325365,30.71328719498605,31.05943995806495,18931900
2021-07-07,30.95717430114746,30.965043116564928,30.658225338906615,30.854903709310538,17665200
2021-07-08,30.878498077392578,30.933567770183604,30.62675005289842,30.68181974568944,23021200
2021-07-09,31.161718368530273,31.547206255343816,31.04371015766782,31.09877985578404,21578700
2021-07-12,31.279727935791016,31.665218877379452,31.153853893836935,31.201057784972424,24513000
2021-07-13,31.193193435668945,31.311198667440316,31.098785648963016,31.287598221300847,12222000
2021-07-14,31.4292049407959,31.4921404602687,31.20105730542507,31.248261195835052,15888600
2021-07-15,31.539348602294922,31.618018762509408,31.358404832942217,31.42920917756495,20250800
2021-07-16,31.74388313293457,31.74388313293457,31.413464959570884,31.578674046252726,24270400
2021-07-19,31.586545944213867,31.743886231991507,31.216789665574453,31.523607428243917,29818400
2021-07-20,32.294586181640625,32.81381693312081,31.625880956623615,31.66521602849398,48804100
2021-07-21,32.27097702026367,32.44405489102213,31.877620405683775,32.44405489102213,27530200
2021-07-22,32.625003814697266,32.68793932258257,32.176577442123815,32.349652339613364,18913300
2021-07-23,32.790225982666016,32.908234233512964,32.5856787480079,32.61714801504368,21609200
2021-07-26,32.892494201660156,32.99476480113002,32.56207295416231,32.74301670830975,23720000
2021-07-27,33.12063217163086,33.199305310450804,32.71154385406068,32.90035338508178,32544100
2021-07-28,34.182701110839844,34.41084873899354,33.23864434002095,33.31731448714179,53822400
2021-07-29,33.96836471557617,34.37322119184433,33.833410537983546,34.3176527152635,29015000
2021-07-30,33.9842414855957,34.28589806139008,33.88897864541923,34.03980996157124,24763300
2021-08-02,34.897159576416016,35.04005082992702,34.33353464770888,34.373225989627436,43066900
2021-08-03,36.2625617980957,36.4054530447355,34.9844806632926,35.06386334331243,45643300
2021-08-04,35.87357711791992,36.35781930872387,35.730685880362856,36.00059121483121,43391200
2021-08-05,35.77037811279297,35.833883643333735,35.48459565472264,35.72274669369633,23505400
2021-08-06,35.77831268310547,35.968835318002256,35.429024718758335,35.794189821701416,20413000
2021-08-09,36.500709533691406,36.54040087007728,35.81007059016168,35.81007059016168,32374300
2021-08-10,38.25509262084961,38.55675222805103,36.429263893955465,36.675355024600684,81189400
2021-08-11,36.76267623901367,38.16777129066704,36.722981876063486,37.92961722598481,50878200
2021-08-12,37.50094985961914,37.62796395873343,36.78649365944186,36.91350775855616,29676400
2021-08-13,38.485313415527344,38.50119055852976,37.564460319175204,37.63590594855836,35379200
2021-08-16,38.826656341552734,38.87428776065025,37.71528078864878,38.28684570479993,38045800
2021-08-17,40.02534484863281,40.080916342305294,38.66788143069441,38.72344989611264,68817000
2021-08-18,39.144195556640625,41.168484058462674,39.03305557171187,39.87452585949989,88598000
2021-08-19,38.73934555053711,39.66019873967693,38.31067173104382,38.501194438014956,57741600
2021-08-20,38.67583465576172,39.47761066371502,38.62820322853721,38.88223145055738,35157500
2021-08-23,39.636375427246094,40.7715652652311,39.374407143901095,39.922157907893364,88652400
2021-08-24,38.40592575073242,39.7316352229185,38.2947887923761,39.48554710891665,52624100
2021-08-25,37.71528244018555,38.32653871822391,37.254857481766784,38.13601909000059,51036800
2021-08-26,37.61208724975586,38.23128061151709,37.54857868534187,37.86611545090175,29029300
2021-08-27,36.992881774902344,37.70733780782602,36.93731330881431,37.604137930124985,32924500
2021-08-30,37.11990737915039,37.437444165401864,36.643605228028406,36.6753595123046,25774400
2021-08-31,36.57216262817383,37.42157011917505,36.46102565226794,37.0881591914574,34547800
2021-09-01,36.548343658447266,36.72298615711753,36.056161360431304,36.667417676414935,32900100
2021-09-02,37.183414459228516,37.20722865735475,36.61978956303685,36.897631968693275,26106300
2021-09-03,37.183414459228516,37.33424276111984,36.78649500643071,37.23104588373609,20817200
2021-09-07,37.111961364746094,37.70734042407357,36.94525595491548,37.30248399616286,26236900
2021-09-08,36.921443939208984,37.14372087857842,36.715047168639074,36.921443939208984,15839600
2021-09-09,36.54039764404297,37.088148333875374,36.397506423065344,36.88968864121252,21695300
2021-09-10,36.19110870361328,36.79442482068091,36.12760015010379,36.73091929542592,20801500
2021-09-13,35.38933181762695,36.38163022397691,35.08767225418533,36.310184617589535,37086200
2021-09-14,35.4925422668457,35.92915312723115,35.36552814331075,35.46078797889807,24100200
2021-09-15,35.5401611328125,36.01646317059833,35.302010113919586,35.37345572241291,28674600
2021-09-16,35.30200958251953,35.71480608890554,34.95271860036359,35.627483343366556,22424200
2021-09-17,34.841583251953125,35.29407111016644,34.381158338444216,35.06385713928469,56370500
2021-09-20,35.087677001953125,35.44490508222707,34.444666457460016,34.444666457460016,41873000
2021-09-21,34.86540222167969,35.5084128058621,34.80983374223547,35.12737050613531,23645600
2021-09-22,34.889217376708984,35.238505373665014,34.79395756449458,34.9209716568654,22616700
2021-09-23,35.079742431640625,35.50047913820794,35.04799117482381,35.15118805892524,19719200
2021-09-24,34.88127899169922,35.254384231074894,34.778082118546145,34.98447889310727,16150700
2021-09-27,34.58756637573242,35.03211732374414,34.539934943649016,34.865408825580005,19955900
2021-09-28,34.166831970214844,34.35735163820272,33.68258968600775,34.19064617164945,28512200
2021-09-29,34.55580520629883,34.68281930497231,34.198580135704944,34.30971709351237,18037200
2021-09-30,34.14300537109375,34.96859844783226,34.11125412064588,34.76220169277497,21103300
2021-10-01,34.079498291015625,34.21444942697798,33.10307697725805,33.7540245197631,38483000
2021-10-04,33.674652099609375,34.41292268143726,33.507946620681984,34.07951172358247,28906500
2021-10-05,33.59526062011719,33.96836585677025,33.56350633864566,33.76196605546027,19342600
2021-10-06,33.35710906982422,33.500000306067435,33.09514079396003,33.388863350823804,30483800
2021-10-07,33.928672790527344,34.10331527321349,33.50793615310185,33.75402727958639,19778300
2021-10-08,33.698455810546875,34.063620911663364,33.611133062833254,33.920729693269166,12778600
2021-10-11,33.38886260986328,33.83341042097246,33.34916824536724,33.69845927210142,11984200
2021-10-12,33.22214889526367,33.50793131618493,33.07132063011272,33.46823998622462,16222300
2021-10-13,32.88080596923828,33.26978836485672,32.49976365848731,33.14277426127307,28205700
2021-10-14,33.07925796508789,33.309471920364466,32.96018397419801,32.99193824973707,17590300
2021-10-15,32.936378479003906,33.36504919896039,32.84905571233984,33.2618523185894,23550300
2021-10-18,32.801422119140625,33.10308173997875,32.57914820286779,32.90462202094801,21733000
2021-10-19,33.41267776489258,33.50000052408226,32.976066997199084,33.0236953907535,17159800
2021-10-20,33.97630310058594,34.22239424096645,33.42061528478621,33.43649242560963,22788300
2021-10-21,34.0239372253418,34.20651981692991,33.6825862411646,34.18270561793087,22142300
2021-10-22,34.2620849609375,34.285899157615624,33.8413513355978,33.99217962831743,17183000
2021-10-25,34.254146575927734,34.325592191445324,33.79371860297996,34.293837911603106,22846200
2021-10-26,34.579620361328125,34.73838570397294,34.07156096879841,34.39703779468275,29729100
2021-10-27,34.11125183105469,34.57961681158882,33.8810378682954,34.50023112016088,22317500
2021-10-28,34.27796173095703,34.666941071018066,34.087439074826705,34.09537915913686,18023400
2021-10-29,34.72251892089844,34.79396455146995,34.02393975844988,34.20652236363141,30307500
2021-11-01,34.643123626708984,35.15912004131741,34.4843552661945,35.040043013867894,32681500
2021-11-02,36.07997512817383,36.548340155096945,34.174760740765095,35.78625561143537,69248000
2021-11-03,35.57986068725586,36.50865381231746,35.309955329266316,36.13554854526436,44593100
2021-11-04,35.115379333496094,35.61188178256428,34.682945953918505,35.467736304426516,38172500
2021-11-05,38.92722702026367,39.08738902407801,37.27756357419744,38.51080703228085,173959100
2021-11-08,38.702999114990234,39.07136955746354,38.118407387141666,38.927224070437305,57423300
2021-11-09,37.878173828125,38.743046930687974,37.75805460043784,38.70300718812558,29920400
2021-11-10,39.255558013916016,39.40771023838948,37.95825157859932,37.95825157859932,42696200
2021-11-11,40.18450164794922,40.44075968274004,39.02333070945765,39.4237342706729,42370400
2021-11-12,39.824134826660156,40.432749904488304,39.69600581893368,40.37669059969874,27780600
2021-11-15,39.76006317138672,40.12042382675779,39.5358351656825,39.82412613384803,27763200
2021-11-16,39.720027923583984,40.16848096529063,39.15145565889557,39.61592520796707,31297200
2021-11-17,40.73705291748047,40.91323144230596,39.79210037405788,39.99230213232815,36889800
2021-11-18,41.16948318481445,41.409724647220195,40.52883826678716,40.92123194258816,32872600
2021-11-19,40.680992126464844,42.31463902467198,40.58489614858091,41.60992805890567,47966200
2021-11-22,41.00131607055664,41.2175343116309,40.34465462203604,40.80111433491412,27287900
2021-11-23,40.90522384643555,41.2015215870219,40.28059229662356,40.504820338407804,24946200
2021-11-24,40.753074645996094,41.10543174079096,40.6089291171867,40.9853094485042,18556800
2021-11-26,43.24357986450195,43.996337377216996,42.642974588606094,43.275612879043805,66561300
2021-11-29,41.9622802734375,44.60494227449251,41.73004555315983,44.164499116789294,72660800
2021-11-30,43.027347564697266,43.6119361426514,41.569879481614805,41.89020341288288,64598400
2021-12-01,43.788124084472656,44.18051777759844,41.52984873944766,42.0183414656474,59810400
2021-12-02,42.47480773925781,44.108454895730006,42.25858946370974,43.099436276505664,46361700
2021-12-03,43.45979690551758,43.57190939841783,42.52285111301234,43.011343879080265,37574800
2021-12-06,41.22554397583008,43.15548872281318,41.041358732489016,43.06739946407696,53724000
2021-12-07,41.41773986816406,42.04236836344476,40.360674850841505,41.04135959288655,41575400
2021-12-08,41.1614875793457,42.50684379806047,40.865186742660086,42.24257597963872,37429200
2021-12-09,41.706031799316406,42.32265052727401,41.24956897946201,41.24956897946201,38325700
2021-12-10,42.2665901184082,42.322646360885976,40.92924396952972,41.00131671769201,26079400
2021-12-13,44.20455551147461,44.62898232554401,42.795133209735305,42.795133209735305,54923200
2021-12-14,44.47682571411133,44.80515649292956,43.499840104284914,43.86020389928946,48685700
2021-12-15,47.08745574951172,47.183551743872734,44.75710726611005,44.93328580146907,75202900
2021-12-16,49.04943084716797,49.19357635771799,46.2466062273298,46.73509900698971,75183600
2021-12-17,47.63200759887695,49.00138705436664,47.0073790166894,47.992371417383914,104192100
2021-12-20,48.86524200439453,49.41779771766714,47.91228280343089,48.52890148621925,55712200
2021-12-21,47.20757293701172,48.08045268321515,45.77412768368784,48.05642639609136,63877900
2021-12-22,47.688053131103516,48.520893089986316,46.62298147903131,47.44781165772781,62594900
2021-12-23,47.015380859375,48.11248871005421,46.69505987440914,47.90427716773178,39203200
2021-12-27,47.40777587890625,47.55192138593216,46.63099209713732,47.127491590873056,27362600
2021-12-28,46.454811096191406,47.60797509083249,45.71006342276726,47.28765108013526,36901700
2021-12-29,46.1104736328125,46.47083437885153,45.70206030687457,45.89425535228712,26170200
2021-12-30,46.76712417602539,47.03939864418442,46.07041997363157,46.2465984691568,24559000
2021-12-31,47.28765869140625,47.88826401700794,46.799165871143,46.87123863240867,28579600
2022-01-03,45.365718841552734,46.88725034452515,45.11746756595849,46.84721060454836,57219200
2022-01-04,43.668006896972656,45.18954149432605,43.195530621359666,45.02137274915103,66993100
2022-01-05,44.54889678955078,45.197548541208995,44.34068524704494,44.71706553591873,52956400
2022-01-06,43.916255950927734,44.54889421334993,43.635974723189435,44.17251394624169,37000400
2022-01-07,44.620975494384766,44.66101524102403,43.74809557636659,44.33268443084308,27703400
2022-01-10,45.03738021850586,45.053393667830136,43.83616990002138,44.61295049535299,34044700
2022-01-11,45.39774703979492,45.99034555490992,44.69303908999509,45.445796558805185,33576600
2022-01-12,45.365718841552734,45.77412907705414,44.76511357739186,45.11746756595849,27608500
2022-01-13,44.47682571411133,45.445801542472886,44.220567694294,45.26962300828476,28117900
2022-01-14,44.00434875488281,44.348696036610654,43.65199169181068,44.02837198924263,27072500
2022-01-18,43.331668853759766,43.68402284698843,42.787119829328674,43.64398310648187,35598000
2022-01-19,42.87520980834961,43.63597711004214,42.80313705229797,42.963299071838996,27300400
2022-01-20,43.28361511230469,43.65999535701112,42.49882466651117,43.21154236448508,35105300
2022-01-21,42.274600982666016,43.94027790369792,42.01033321434926,43.57991415364606,41059000
2022-01-24,41.27359390258789,41.690013913097275,39.89620487204425,41.441762641013895,59036400
2022-01-25,42.07440185546875,42.314643352165966,41.033353333223225,41.12944932093484,43983200
2022-01-26,42.45078659057617,42.939279451358566,42.01034325956869,42.098432536737576,39644800
2022-01-27,43.06401824951172,44.04036428613652,42.76546773285683,42.78160601457635,36957200
2022-01-28,43.83864212036133,44.11298368628598,42.84615776265543,43.38677944848151,28590400
2022-01-31,42.51533126831055,43.685330592326935,42.27326318563263,43.57236569228142,38644600
2022-02-01,42.82194900512695,42.89456973184137,42.27325975396519,42.55567505921569,27883300
2022-02-02,43.45940399169922,43.67726620556707,42.32168114909791,42.63636998755273,32039300
2022-02-03,43.072086334228516,43.483601720062985,42.83808588048817,43.03174217139178,22635800
2022-02-04,42.765472412109375,43.112437811886615,42.4669218627881,42.78161069559469,24932200
2022-02-07,42.93491744995117,43.233471061191324,42.15223075064466,43.00753818267679,32358500
2022-02-08,41.71650695800781,41.797195294176134,40.09464492968505,40.861196435535035,67922000
2022-02-09,41.53091812133789,41.73264202427338,41.070987868889986,41.66808889786403,38522200
2022-02-10,40.828914642333984,41.45022460108171,40.65946731123797,41.1839506633683,34200600
2022-02-11,40.97416305541992,41.34533742032043,40.409338522433416,40.611062449375126,34997800
2022-02-14,40.18339920043945,40.748226721096835,39.11829728288547,40.19953748137965,42973100
2022-02-15,40.175331115722656,40.37705500795497,39.707330208273774,40.18339871706453,29150000
2022-02-16,40.086578369140625,40.97416240231134,39.8848544454143,40.013957633476636,27672600
2022-02-17,39.45719909667969,40.31250652830202,39.33616351617408,40.191474025859094,21231700
2022-02-18,39.15864562988281,39.957473692425616,38.892371661077,39.36036954609373,26955300
2022-02-22,38.351749420166016,38.98113012288493,38.20650795631263,38.35982010041489,34814800
2022-02-23,37.8192024230957,38.86009866508641,37.74658168346698,38.40016834012549,25793000
2022-02-24,37.084930419921875,37.73044644762789,36.63307073955927,37.004242070732325,44227300
2022-02-25,38.50506591796875,38.755201628838826,36.907412713000234,36.96389516887819,31199200
2022-02-28,37.87568664550781,38.061272304758276,37.39155041077298,37.77886001417347,35296100
2022-03-01,36.915470123291016,38.037054406131666,36.66533140342427,37.67395080569998,29854500
2022-03-02,38.488922119140625,38.67450774444422,37.117198934219985,37.20595794590052,36516200
2022-03-03,38.59381866455078,39.20705797635803,38.31140335303676,38.47278309132156,30553300
2022-03-04,39.25547790527344,39.352304529559426,38.25492586077531,38.32754659850552,33217300
2022-03-07,38.7148551940918,39.40878598638541,38.34368391200171,38.93271740176976,33171300
2022-03-08,38.27912902832031,39.069886406290365,37.496442330670845,38.39209700636975,32913300
2022-03-09,39.336158752441406,39.71540065257308,38.73098707932692,38.83588436452421,24718900
2022-03-10,39.69926834106445,39.77188907587986,38.77133707154118,38.98113167348026,24542300
2022-03-11,40.562644958496094,41.07099008315752,39.489472259551164,39.650852006212546,33701900
2022-03-14,42.16029739379883,42.69284839565063,40.65947100365396,40.925748043611165,42314500
2022-03-15,42.12802505493164,42.70092028082982,41.2969234433311,42.45885217899172,30172100
2022-03-16,42.70091247558594,42.98332777449382,42.103811472066134,42.394294372400026,29891400
2022-03-17,43.766021728515625,43.77408933072672,42.59602241189749,42.70091663095496,30598600
2022-03-18,43.98387908935547,44.37925929927837,43.33836320606938,43.87898487448947,51815000
2022-03-21,43.72567367553711,44.621328329493075,43.49167627898619,43.7660209200352,34592500
2022-03-22,42.79774856567383,43.83057407425484,42.36202414996766,43.73374745234108,32253600
2022-03-23,42.111881256103516,43.16891562531179,42.08767537250858,42.78160609748023,29183700
2022-03-24,42.43464279174805,42.644434308551695,42.1925747098784,42.39429862444688,25177500
2022-03-25,42.587955474853516,42.96719745142368,42.370093259253395,42.55568198510984,17429600
2022-03-28,42.99139404296875,43.217326890702466,42.36201649713411,42.38622237872398,21863700
2022-03-29,42.55568313598633,43.6369235622449,42.45885342994788,43.57237042488594,39970000
2022-03-30,42.31360626220703,43.34643477470218,41.93436740441153,42.92684867244831,27599600
2022-03-31,41.772987365722656,42.668642012471004,41.748781481668665,41.95857299228255,26055200
2022-04-01,41.611610412597656,42.08767899196832,41.23236845399616,42.05540242569101,19073100
2022-04-04,41.1032600402832,41.853673181463385,40.64332980253566,41.78105245560523,20462800
2022-04-05,41.3453369140625,42.07961187601689,40.94995666775038,40.99837151772619,21176700
2022-04-06,42.66057586669922,42.838093910129935,41.28078492384112,41.28078492384112,31717500
2022-04-07,44.508358001708984,44.71008188733639,42.362015981755846,42.362015981755846,36305700
2022-04-08,44.51643371582031,44.84726390348215,43.94353851496437,44.2582273414046,24612200
2022-04-11,43.5158805847168,45.44436060416724,43.39484501173822,44.750429885623355,22054300
2022-04-12,42.85423278808594,43.51588704160345,42.48306149036889,43.00754186895265,22810700
2022-04-13,42.846160888671875,43.427126783752286,42.52340445212053,42.87036985300879,15777800
2022-04-14,42.862300872802734,43.49974924652244,42.79775081415654,43.08823377322187,17240100
2022-04-18,41.82947540283203,42.85423336489309,41.66002803568869,42.628303542035304,17065000
2022-04-19,40.49002456665039,41.86174780770512,39.83643797230773,41.6842297770796,33441500
2022-04-20,40.14305114746094,40.47387817952356,39.707326838482246,40.344775022573806,24751800
2022-04-21,39.626644134521484,40.35284834098939,39.47333199775257,40.28829829239918,19105600
2022-04-22,38.83588409423828,39.61857069293672,38.650298485142265,39.49753820599355,22156800
2022-04-25,39.49753952026367,39.69119273704141,38.020919121537105,38.6099525295015,27390600
2022-04-26,39.56208801269531,40.54650157318337,39.47332900929888,39.52981452987482,25366500
2022-04-27,40.134986877441406,40.27215764643161,38.900434566218024,39.62664180811413,25819200
2022-04-28,40.75630569458008,40.966100327278276,39.9332746834201,40.69982323456053,28225400
2022-04-29,39.59436798095703,40.619125791705144,39.53788553358263,40.239883863852,28343300
2022-05-02,39.00533676147461,39.34423146497488,38.29526771091722,38.472785743072244,36228400
2022-05-03,39.771888732910156,40.37706049179901,38.48892448094329,39.43299094733978,33716900
2022-05-04,40.070438385009766,40.239885735012294,38.65837097886334,39.44912835693782,28613700
2022-05-05,39.094093322753906,39.9816772716704,38.367886035049494,39.90905654289996,28333000
2022-05-06,39.570159912109375,39.71540136249807,38.76326433353322,38.803608496849556,19891400
2022-05-09,39.247406005859375,39.67505973806935,38.54540761497098,39.03761448007602,25012300
2022-05-10,39.933265686035156,40.26409276792361,39.287746726002794,39.57016204053258,27335900
2022-05-11,39.900997161865234,40.53844557039896,39.562099331759235,39.594375901876596,29699500
2022-05-12,40.99103927612305,41.02357904828663,39.63253637150992,39.86030857032806,33468400
2022-05-13,40.60871505737305,41.31644131800941,40.41348258097729,40.98291632626608,22423700
2022-05-16,41.21882629394531,41.52794803430794,40.56804613252235,40.56804613252235,19435600
2022-05-17,41.76384735107422,41.91027324211756,40.82021555499705,41.4465922882016,19918200
2022-05-18,40.99917984008789,41.82892239047041,40.80394429089191,41.666229719831506,22276000
2022-05-19,41.20256042480469,41.3977929260068,40.3402747521955,40.67379978631671,19865500
2022-05-20,42.68308639526367,42.87018550149108,41.59302843925189,41.70691458189773,31250400
2022-05-23,43.016605377197266,43.68365535013958,42.69121378412893,42.77256323397812,24035800
2022-05-24,43.44774627685547,43.61044207217837,42.8783125448074,42.8783125448074,26729800
2022-05-25,43.69178771972656,43.96836963640433,43.154893775959614,43.27691639629198,24003900
2022-05-26,43.91956329345703,44.67609299259491,43.83008045184821,43.97650635572371,23516300
2022-05-27,43.85448455810547,44.26122249802601,43.53722946147373,43.86261795151162,21407500
2022-05-31,43.146759033203125,43.520957172544136,42.251933752803794,43.37453127399087,66058200
2022-06-01,42.60173416137695,43.34199714356199,42.17059290565864,43.31759385834456,17430600
2022-06-02,42.853912353515625,42.90272202658336,41.51981232130837,42.601733697412286,21903400
2022-06-03,43.276912689208984,43.54535808651546,42.67493923865247,42.67493923865247,18125000
2022-06-06,43.325721740722656,43.699922984384806,43.11421938836062,43.26877868034965,16544400
2022-06-07,43.89515686035156,43.903293356760464,43.12235416920622,43.34199302478421,15091200
2022-06-08,43.49656295776367,44.38325192687957,43.447753280349744,43.9765139245909,12789800
2022-06-09,42.12178039550781,43.64298253701922,42.05670393825554,43.33386083136928,17572700
2022-06-10,40.64939498901367,41.788259478814,40.63312509732394,41.73945290690934,23826000
2022-06-13,38.9736213684082,40.08808222869737,38.81092560483023,39.713884144682545,26989000
2022-06-14,38.98176193237305,39.429176140322575,38.41233130982665,38.843472524944396,23290300
2022-06-15,39.46171188354492,39.84404652378481,38.37979062312126,38.94922433536933,25748000
2022-06-16,38.62384033203125,39.04684822686876,38.2821818995652,38.794669548264274,20424500
2022-06-17,37.85103225708008,39.07124609492961,37.64766328410516,38.54248862709337,45047700
2022-06-21,39.136322021484375,39.40476742723722,38.19269019863578,38.49367538180229,19622100
2022-06-22,39.917259216308594,40.33213363243642,38.85974124505369,39.07124359803905,20382900
2022-06-23,40.74700927734375,40.812085737810015,39.844050502536966,40.04741948413617,20061700
2022-06-24,41.96721649169922,42.007889660916774,40.917831968801316,41.20255035965198,24343200
2022-06-27,42.203128814697266,42.487844126651225,41.698771543287165,41.877737226894894,16154300
2022-06-28,41.21068572998047,42.27634019234022,41.00731677096889,42.16245407179998,16417900
2022-06-29,41.43845748901367,41.84519540230532,41.210685250582834,41.267628310190545,13925700
2022-06-30,42.650535583496094,43.02473369920237,41.560477909317555,42.04856213822455,33495700
2022-07-01,42.55292510986328,42.60173167745244,41.690639545538374,42.333286246219274,16143300
2022-07-05,42.00788879394531,42.211257738999784,40.999180564246885,42.09737162627549,18406800
2022-07-06,42.91084671020508,43.081675876519576,41.95908155231251,42.00788811230878,21305500
2022-07-07,43.455875396728516,43.55349472622085,42.943387881131265,43.07354388395716,17847600
2022-07-08,43.25251007080078,43.862616966987346,42.91898509167869,43.15489383629689,11322700
2022-07-11,43.02474594116211,43.716202415880346,42.91085979555703,43.11422879932744,12921400
2022-07-12,42.33328628540039,42.935256709428444,42.06483775075449,42.862043754812674,14633500
2022-07-13,42.12990951538086,42.55291727452867,41.90213419696977,42.18685256919271,12927300
2022-07-14,41.80451965332031,41.96721542923553,41.18627942863907,41.28389565292267,14023800
2022-07-15,42.097373962402344,42.22752997033345,41.02358612117969,41.519806871155794,19885700
2022-07-18,41.28390884399414,42.27635060133541,41.0968097280169,42.26821410319977,15742900
2022-07-19,41.78824996948242,41.902136082230086,41.170009741782046,41.519804575600624,13402100
2022-07-20,41.34083938598633,41.86146339490933,41.08866077403005,41.80452033788112,12774400
2022-07-21,41.58488845825195,41.601158349147774,40.820222205134684,41.13747731969223,15103800
2022-07-22,41.67436981201172,41.918411960368076,41.446597553967685,41.69877309589807,10932100
2022-07-25,42.113651275634766,42.20313412870586,41.76385636081024,41.76385636081024,12995800
2022-07-26,42.54478454589844,42.992195623957656,42.06483369044772,42.17058641538811,16632500
2022-07-27,42.260074615478516,42.50411677056179,41.641831179225576,42.25193811851593,19203500
2022-07-28,41.579647064208984,42.899506203412905,40.251588294004634,41.686217249270996,38984900
2022-07-29,41.40748596191406,41.57144416937765,40.39914720779063,41.448477859211984,25037900
2022-08-01,41.489471435546875,42.055124033218526,41.11236970376578,41.25173216354629,19709900
2022-08-02,40.735267639160156,42.194492514762715,40.686082356919094,41.727213570012985,17802000
2022-08-03,40.874629974365234,41.04678470295931,40.44833984124442,40.81724506483388,16500100
2022-08-04,40.874629974365234,41.030388567772775,40.341766526153464,40.90742224473831,17026300
2022-08-05,40.390953063964844,40.96480525998552,40.21879834333151,40.69427373278209,16376600
2022-08-08,40.63688659667969,40.83363707178381,40.12041933586873,40.48932452216227,16071800
2022-08-09,40.809043884277344,41.079575413719716,40.59590038943058,40.78445124605273,12095600
2022-08-10,40.94841003417969,41.03038758089758,40.481131137953184,40.93201389938752,17355100
2022-08-11,39.58757019042969,40.27619235589029,39.19407225691557,39.53018527057827,44048800
2022-08-12,41.07958221435547,41.309121881766075,39.80071165183192,39.80071165183192,25835500
2022-08-15,40.784454345703125,41.04678626417945,40.489330155606474,40.964808712371784,15797800
2022-08-16,40.874629974365234,41.13696188286373,40.46473597643096,40.48113211161749,12874800
2022-08-17,40.390953063964844,40.874628084251036,40.374556929536496,40.702473363617706,13607200
2022-08-18,39.825294494628906,40.59589393312669,39.66133630230701,40.48932063903109,18916300
2022-08-19,40.292579650878906,40.53851541444344,39.94826708009423,40.038444256424576,15350200
2022-08-22,40.08762741088867,40.497521338904946,39.956461479013164,40.34175964482357,13601200
2022-08-23,39.35801696777344,39.77611056146466,39.15306998618752,39.69412989248464,16248900
2022-08-24,38.88254165649414,39.35801702833892,38.841552885562436,39.26784298318627,15551500
2022-08-25,39.26784896850586,39.308837745685196,38.751381619765155,38.95632863290507,14460000
2022-08-26,38.382476806640625,39.31703469681512,38.28410311484417,39.03830663068911,16546700
2022-08-29,37.898799896240234,38.27590163596566,37.808622713426956,38.02176935048437,13400500
2022-08-30,37.58727264404297,37.99716657964755,37.546283875931024,37.98897007692218,16303000
2022-08-31,37.07901382446289,37.947990299634085,36.99703626881647,37.718447514786185,26416800
2022-09-01,38.22671127319336,38.24310740672865,37.00522590637722,37.00522590637722,19947600
2022-09-02,37.46430969238281,38.366075180514734,37.32494411563932,38.31688990527583,14667700
2022-09-06,37.51350021362305,38.07095634406769,37.32494933527313,37.6774584509144,17153500
2022-09-07,37.81681823730469,37.88239964579992,37.2019772873533,37.4643091758198,15378900
2022-09-08,38.595619201660156,38.62840834381753,37.60367337937978,37.72664282600948,18271000
2022-09-09,39.218658447265625,39.341627899423855,38.61201394505772,38.69399462224423,17501700
2022-09-12,39.153072357177734,39.6367473881001,39.095687449038046,39.415407386557256,13744800
2022-09-13,37.866004943847656,38.79236621910135,37.726642490998266,38.6366076316974,16603200
2022-09-14,37.833221435546875,38.046364962008525,37.52989759198538,37.874210214415264,17162500
2022-09-15,37.66106414794922,37.94799185898867,37.46431675541577,37.80042975096688,15802000
2022-09-16,37.73483657836914,38.21851157140717,37.41511979313501,37.784024978883124,30629500
2022-09-19,37.25117111206055,37.61187988692645,36.710111077005195,37.44792163719136,16256200
2022-09-20,36.7019157409668,37.1118098147405,36.43138415119922,36.890466639633466,15369000
2022-09-21,36.00508499145508,36.874061337710664,35.98869198455239,36.73469888833799,17505200
2022-09-22,36.53794860839844,36.89045767637433,35.67717188806494,35.800138203973816,18508100
2022-09-23,36.13625717163086,36.52975504322798,35.72636316447848,36.431378229896374,18871700
2022-09-26,35.931304931640625,36.341198879057515,35.800135866314285,35.91490879847483,18680200
2022-09-27,36.14445495605469,36.54615247327946,35.85753039178214,36.251028277317296,21562700
2022-09-28,36.42317581176758,36.73469608225041,36.2510211072544,36.61992315199904,16532600
2022-09-29,36.20184326171875,36.578945046459566,36.02968850702101,36.40679029176182,13559900
2022-09-30,35.873924255371094,36.57074598515981,35.84933161420273,36.21003723605963,22962300
2022-10-03,36.18544387817383,36.30021370434401,35.652583524206065,36.128058965088734,22834300
2022-10-04,36.44777297973633,36.75929328895645,36.14445230160364,36.27561825381586,28198800
2022-10-05,36.169044494628906,36.37399148788739,35.80833891230144,36.169044494628906,15673400
2022-10-06,35.32465744018555,35.89030991260099,35.28366867445846,35.873913780861685,22068200
2022-10-07,34.69343185424805,35.29187678701835,34.36551536606876,35.29187678701835,20095000
2022-10-10,34.22614669799805,34.93936133440019,34.22614669799805,34.71801821401825,17888000
2022-10-11,34.36551284790039,34.898376320334755,33.98021459885277,34.152369335272546,20981200
2022-10-12,34.4556884765625,35.365653652624005,34.365511296629485,34.5048768821377,18803600
2022-10-13,35.23448944091797,35.38205153769849,34.185161754694896,34.23434703545961,23135200
2022-10-14,35.1361198425293,35.56241004649494,34.72622577647505,35.16071248577462,16980500
2022-10-17,35.783748626708984,35.91491458592922,35.406643757613054,35.406643757613054,16678400
2022-10-18,36.14445495605469,36.365798103026314,35.75915357496595,36.111662683782626,18442800
2022-10-19,35.341064453125,36.128060255466565,35.03774374066398,35.99689428840964,23054700
2022-10-20,35.177101135253906,35.58699511405073,35.10332009398076,35.47222530034648,17715000
2022-10-21,36.8494758605957,37.02163061171203,35.24269192902316,35.505023871841395,36575700
2022-10-24,37.33314895629883,37.60367738959436,36.88226614931076,36.956047199708316,24972000
2022-10-25,37.37413787841797,37.56268875744282,36.800285609465696,37.111805948710064,23127000
2022-10-26,37.75943374633789,38.24310875736145,37.39872505030775,37.64466080753741,21407900
2022-10-27,37.497108459472656,37.80042917590594,37.447920048465896,37.55449337535887,20377700
2022-10-28,38.88254165649414,38.95632269506832,37.65285976508634,37.693848536018045,27854000
2022-10-31,38.161136627197266,38.849758777898664,38.15294012192713,38.59562646035879,29961700
2022-11-01,39.35801696777344,39.69412989248464,38.85794895958771,39.349820464496815,30614500
2022-11-02,38.58742141723633,39.489186978197125,38.489047731570786,39.16127365023096,25813100
2022-11-03,38.504737854003906,38.69490474553032,38.16574415101405,38.33110762531187,20124600
2022-11-04,39.04216766357422,39.30674795613343,38.537810495243896,39.248871214263964,24528500
2022-11-07,38.93467712402344,39.39769416771519,38.653560196433006,38.99255386022921,20304400
2022-11-08,39.1496467590332,39.48037366390929,38.65355955576459,38.893336404097475,18054500
2022-11-09,38.62876510620117,39.273679250921504,38.61222844171523,38.992562262753054,15348100
2022-11-10,39.17445755004883,39.480377919907944,38.7362438807416,39.29847778721265,20480600
2022-11-11,39.35636520385742,39.43904853843981,38.28977699714166,38.918154569734256,20909800
2022-11-14,40.71233367919922,41.191884287856965,39.629205912918984,39.67881590169569,26143000
2022-11-15,40.15837097167969,40.95211195601068,39.83591389392311,40.795018371834644,25440500
2022-11-16,39.728416442871094,40.5635004410703,39.728416442871094,40.348527011138735,15822200
2022-11-17,39.959938049316406,40.10049497135623,39.298484062634266,39.52172431003253,13231100
2022-11-18,39.87725067138672,40.373341110982565,39.579597038438415,40.21624438578983,20666500
2022-11-21,39.83591079711914,39.91859096045878,39.455576999283096,39.76976414321058,14736000
2022-11-22,40.580039978027344,40.72059686952337,39.88551596617212,39.96819611951735,16358600
2022-11-23,40.38987350463867,40.69579703785504,40.11702645133694,40.48082357375457,10710800
2022-11-25,40.68752670288086,40.69579661128432,40.38160632691709,40.456019732318644,6760200
2022-11-28,40.98518371582031,41.125743783896574,40.56350981968388,40.66272665041372,20704000
2022-11-29,40.919036865234375,41.06786052212885,40.59657667216623,40.92730361959954,17160900
2022-11-30,41.44819259643555,41.44819259643555,40.54696508213289,41.043052291050905,35572700
2022-12-01,42.23367691040039,42.29982041578801,41.57222293224621,41.59702950655711,23592600
2022-12-02,42.09311294555664,42.44037656739543,41.73758256907584,41.803729222396,16881600
2022-12-05,41.94428634643555,42.192329989576194,41.63009604963283,42.093113163129146,17959800
2022-12-06,41.100929260253906,42.04349685497568,40.6627187847541,41.89467006064639,21787100
2022-12-07,41.53915023803711,42.29155109622506,41.13400985868385,41.13400985868385,15929900
2022-12-08,42.81243896484375,42.88685237021904,41.35724733689426,41.48953748488967,26116800
2022-12-09,42.76283264160156,43.68886368863466,42.6884192353371,42.78763605900773,19933500
2022-12-12,43.12663269042969,43.482163082920835,42.78763896201326,43.09355936228024,18532200
2022-12-13,43.879032135009766,44.68104296936035,43.72193856246572,43.90383555329407,29461800
2022-12-14,45.044837951660156,45.41690497836812,43.738473135052764,43.93690677993306,36260300
2022-12-15,44.32551574707031,45.00350323022109,44.15188549861504,44.705849573414156,21627100
2022-12-16,42.49825668334961,43.93691181268315,42.49825668334961,43.82942506953414,65689500
2022-12-19,42.465179443359375,42.83724647842131,41.9194821766172,42.59746959426517,16081900
2022-12-20,42.432106018066406,42.589199586260946,42.035235566275475,42.34115594814736,12433800
2022-12-21,42.71322250366211,43.126629613900434,42.33288871921388,42.671882423447464,12925000
2022-12-22,42.69668197631836,42.74629196051333,42.126181351281645,42.50651510130612,14822300
2022-12-23,42.853782653808594,42.952999477347234,42.36596213651187,42.6305424353122,10666500
2022-12-27,42.27500915527344,42.936459856709796,42.20886250810693,42.87858311746197,12033800
2022-12-28,42.00215530395508,42.489975745107266,41.96081523010397,42.20885882725608,10053900
2022-12-29,42.44038009643555,42.72149393428358,42.159263104541225,42.18406652457575,8971300
2022-12-30,42.365966796875,42.49825696082742,41.96082639561968,42.40730688172645,11396200
2023-01-03,42.38249588012695,42.44037577772817,42.018698755773144,42.17579232341652,15603800
2023-01-04,41.44819259643555,41.86159965521575,40.943835480076416,41.580482729083386,21808400
2023-01-05,41.05959701538086,41.33244724170138,40.44775306044908,41.11747376265258,20057400
2023-01-06,42.10137939453125,42.663613327486544,40.97691468266667,41.32417514793823,29635900
2023-01-09,40.009544372558594,41.555686265213495,39.94340086717443,41.38205601527795,30839100
2023-01-10,39.37289047241211,40.075684419694966,39.17445683495388,39.976464446920055,29212000
2023-01-11,39.23233413696289,39.472111010199114,38.744513636330446,39.43903768546739,23022200
2023-01-12,39.44730758666992,39.455577495535536,38.513009743805824,39.083510447735364,23345300
2023-01-13,39.56306076049805,39.81937431448872,39.265410278695875,39.273677033448955,18737500
2023-01-17,38.09960174560547,38.64529901859506,37.793678205471075,38.47993553955815,29391400
2023-01-18,37.20664596557617,37.90943690552958,37.18184254422732,37.6613932299017,33835000
2023-01-19,37.17356872558594,37.42988228407619,36.90898841219748,36.975135067567656,26614900
2023-01-20,37.29759216308594,37.562172476727675,36.98340185786908,37.43814907481293,25197600
2023-01-23,37.19010543823242,37.47122241583233,37.05781528136459,37.23971542982516,19398600
2023-01-24,36.96685791015625,37.165294683311146,36.50384402953734,37.140488115388344,18853100
2023-01-25,37.26451873779297,37.29759206542312,36.86764826836956,37.23144541016282,20828000
2023-01-26,36.92240905761719,36.9641286572402,36.388390543239225,36.88068945799418,38465500
2023-01-27,36.53858947753906,36.99751151261007,36.53024364648214,36.89738382094048,23798600
2023-01-30,36.33833312988281,36.83063215323562,36.21317430340458,36.53859170845096,24402200
2023-01-31,36.84731674194336,36.94744442915194,35.62908646806658,35.87940727758894,49722500
2023-02-01,36.688777923583984,36.86400215739059,36.22151011709818,36.63871249263858,24482300
2023-02-02,36.99750900268555,37.09763668756243,36.29660884254394,36.40508235791156,35279200
2023-02-03,36.76387023925781,37.03922212020285,36.613677146741914,37.014190999117254,23742000
2023-02-06,36.513553619384766,36.96413298729855,36.48852249327904,36.872347947575165,18071200
2023-02-07,36.371707916259766,36.63037456832471,36.08801013699568,36.56362065179108,22999500
2023-02-08,36.69712448120117,36.797252170760544,36.321641666601195,36.3383301453614,19362300
2023-02-09,36.16310501098633,36.98916718296142,36.07966580222196,36.81393975175339,20809200
2023-02-10,36.613677978515625,36.69711717269726,36.09634478898558,36.296603311223215,18619600
2023-02-13,36.705467224121094,36.72215251847573,36.304950133574614,36.44680059960182,17878000
2023-02-14,36.48017501831055,36.88068889801278,36.36335886793923,36.78890387043493,17506900
2023-02-15,36.14641571044922,36.388393866564364,35.97119146622862,36.229854917315684,18994700
2023-02-16,35.837684631347656,36.02959734179241,35.687491521781936,36.00456621786529,17832000
2023-02-17,36.054630279541016,36.188134918871114,35.52895755261718,35.78762100088081,18293400
2023-02-21,35.62907791137695,35.82099059202101,35.562324013935005,35.72086292885912,17356600
2023-02-22,35.36207580566406,35.7876208470111,35.30366772514587,35.645773560895975,17394200
2023-02-23,35.295326232910156,35.670809070250044,35.228575496828654,35.286983584525736,21104300
2023-02-24,34.83639907836914,35.08671987227207,34.63614053344584,35.070031394945,16806100
2023-02-27,34.02702713012695,34.819712336154794,33.98530752623112,34.57773417735651,26370300
2023-02-28,33.851802825927734,33.9686189898365,33.451288899811225,33.79339474397335,31086900
2023-03-01,33.526390075683594,34.01034327607759,33.49301311482823,33.84346483780515,21104400
2023-03-02,33.893524169921875,34.02702881881514,33.217658277463045,33.426259490296395,19110600
2023-03-03,34.335758209228516,34.36078933424225,33.99365237436702,34.1354996601137,20922000
2023-03-06,34.30238342285156,34.4275422388358,34.060405255746105,34.28569494411996,19434800
2023-03-07,33.65989685058594,34.3190775453786,33.4596382558759,34.26066945171367,23205800
2023-03-08,33.476322174072266,33.85180499859366,33.30109791696293,33.64320378308199,16756100
2023-03-09,32.92560958862305,33.85179933995404,32.80045079003866,33.71829471166318,18585100
2023-03-10,32.86720275878906,33.31778208997923,32.73369812543659,32.78376355656934,26328100
2023-03-13,33.25937271118164,33.80173387040327,32.75872796843697,32.75872796843697,35299400
2023-03-14,33.292747497558594,33.50134866437788,32.97567283275294,33.41790628784944,24583600
2023-03-15,33.60982894897461,33.818430177670834,32.925617173491176,33.17593801132621,25498400
2023-03-16,33.68492126464844,33.78505213353892,33.14256004833287,33.4262578108524,21095900
2023-03-17,33.45962905883789,34.03537037099892,33.36784721045132,33.9018657388894,57457800
2023-03-20,34.052059173583984,34.09377877470446,33.326124745481245,33.49300633296469,20825400
2023-03-21,33.926902770996094,34.135503993932126,33.63486233208648,34.093784385945334,19982000
2023-03-22,33.38453674316406,34.085436946482524,33.367851447158166,33.960278128426815,15444200
2023-03-23,33.526390075683594,33.79339939652211,33.376196934836656,33.51804424396866,16958100
2023-03-24,33.701602935791016,33.760011006012405,33.26771214057421,33.45128218012777,17218100
2023-03-27,33.55976486206055,33.89352489998189,33.35116364473397,33.82677416559841,20262800
2023-03-28,33.36784744262695,33.6265108787006,33.259373933595235,33.54307167667714,13537500
2023-03-29,33.58479309082031,33.601481568726264,33.36784924404632,33.509696531744375,14429500
2023-03-30,33.69326400756836,33.78504903747257,33.58479050104507,33.72663777780507,12634500
2023-03-31,34.04371643066406,34.0687507400077,33.609825537062235,33.83511522314406,23393600
2023-04-03,34.50263595581055,34.60276681994125,33.918555163389385,33.951928935098024,20817200
2023-04-04,34.127159118652344,34.65283187438819,34.0103397677092,34.57773531171137,19514500
2023-04-05,34.669517517089844,35.22857036750873,34.35244281361348,34.45257367765965,29697600
2023-04-06,34.627803802490234,35.128445475831406,34.5193302728322,34.98659816881886,25931800
2023-04-10,34.81970977783203,34.82805560779905,34.31072237189535,34.335756678794894,15137300
2023-04-11,34.86977767944336,35.03665927759204,34.79468111942654,34.87812032700001,15304100
2023-04-12,34.51932144165039,34.869773069733824,34.43588224510741,34.73626844546426,17035100
2023-04-13,34.6027717590332,34.7946845015077,34.4609212727682,34.652834015242696,22880900
2023-04-14,34.36913299560547,34.803023878987695,34.152189145415235,34.636142280301954,20627500
2023-04-17,34.36078643798828,34.44422563633544,34.17721638202287,34.310721009179154,17608600
2023-04-18,33.835113525390625,34.48595142463701,33.81842504766619,34.44422863882508,18541500
2023-04-19,33.57645034790039,33.84345962763306,33.54307339218339,33.73498611305364,17214300
2023-04-20,33.25102996826172,33.534727727252985,33.20096771744083,33.442945873080795,20131600
2023-04-21,33.55141830444336,33.62651486837505,33.30109748567172,33.451290613535086,19227100
2023-04-24,33.30109786987305,33.54307604344488,33.134216261099304,33.53473021235512,17633700
2023-04-25,32.817142486572266,33.3094382655118,32.77541969994875,33.167590976597374,24492400
2023-04-26,32.233062744140625,32.70032745922282,32.04114999573156,32.67529633034403,22401400
2023-04-27,32.32484436035156,32.39994092201301,31.966050030524862,32.224713489468435,22434000
2023-04-28,32.45000076293945,32.466689240179775,32.22471109469746,32.29146500365875,21015300
2023-05-01,32.717010498046875,32.975677124447984,32.42497009969209,32.541786259034,23917800
2023-05-02,32.591854095458984,33.47632118600173,32.23305976072876,32.78376682610509,38834100
2023-05-03,32.08286666870117,32.867206070809445,32.00777010593535,32.70867029741575,27721900
2023-05-04,31.899295806884766,32.06617740706788,31.724071559043292,31.8492303719293,23675100
2023-05-05,32.116241455078125,32.124584102376204,31.78247826912551,32.02445641979107,19225100
2023-05-08,32.26642990112305,32.3164953316102,31.999420637861217,32.14961374632119,20101700
2023-05-09,32.1078987121582,32.26643449007903,32.032802147247935,32.1078987121582,15987900
2023-05-10,31.957706451416016,32.308158158195006,31.774139541200384,32.26643536755315,15858200
2023-05-11,31.696243286132812,31.755283393876233,31.38417046812379,31.713109130535592,28566400
2023-05-12,31.502243041992188,31.81431578430054,31.401031912903854,31.72153757536799,16541300
2023-05-15,31.341999053955078,31.510686453001856,31.21548270030886,31.460079268054464,16650400
2023-05-16,31.215486526489258,31.40947915051028,31.063671387927673,31.223922667070127,25451700
2023-05-17,30.996187210083008,31.249216666268335,30.79376171466829,31.19017656707323,23206400
2023-05-18,30.768461227416992,31.02149069588135,30.506995620118744,30.962450593821142,27772400
2023-05-19,31.013059616088867,31.75528222277685,30.802201176940134,30.91184846618192,33068300
2023-05-22,32.68305969238281,32.784270847319895,30.9961920953566,31.088970327984182,85718600
2023-05-23,33.433712005615234,33.855428863844374,32.050481225414735,32.514369125977936,75379500
2023-05-24,32.581851959228516,33.85543571306088,32.55654675475321,33.82169758539043,39326400
2023-05-25,31.90709686279297,32.480628790836555,31.75527854678482,32.480628790836555,30266600
2023-05-26,31.71310806274414,32.421592549254854,31.679373157629882,32.084220976001085,20234600
2023-05-30,31.215486526489258,31.510690315366308,31.139577348486004,31.510690315366308,24371100
2023-05-31,32.067352294921875,32.236039692271,31.09740217324779,31.29139155409371,46166300
2023-06-01,32.067352294921875,32.22760355280907,31.797453746141077,32.15169438487419,20256100
2023-06-02,32.3541145324707,32.60714397775417,32.18542716313374,32.26133631846317,22736400
2023-06-05,32.59870529174805,32.91077477849042,32.44688700793967,32.4553199270653,18392200
2023-06-06,32.362552642822266,32.775836603100814,32.29507961473372,32.73366555836491,19508200
2023-06-07,32.80113983154297,32.94452525002112,32.16013156186981,32.345684809240026,25295100
2023-06-08,32.96982955932617,33.054171657947194,32.66619285637879,32.92765851001567,17347600
2023-06-09,32.86861038208008,33.39153834438663,32.78426508658287,33.13007275451134,19775100
2023-06-12,33.65300369262695,33.79638586777664,32.88547920505552,32.90234504658982,28334600
2023-06-13,33.973514556884766,34.04942373232492,33.273466132221024,33.459019391950974,26533800
2023-06-14,33.19755554199219,34.024120296311864,33.16381741713555,34.00725123388354,22056400
2023-06-15,33.5264892578125,33.59396549754735,33.13007439298075,33.23972167382778,19905900
2023-06-16,33.787960052490234,34.040989555488146,33.61083650469148,33.619272644676734,60338600
2023-06-20,33.18067932128906,33.62769811814505,33.17224640061652,33.4927488652766,26881200
2023-06-21,32.809574127197266,33.09634173059105,32.69149069966913,33.062603608440156,17982900
2023-06-22,32.66618347167969,32.88547801300471,32.39628497269804,32.84330375836566,18039800
2023-06-23,32.30350875854492,32.784265690683576,32.28663969913464,32.64931643284543,23492200
2023-06-26,31.114267349243164,31.249216606781385,30.498561160634775,31.223914626444248,56135500
2023-06-27,30.717853546142578,31.207046632319727,30.599773343946495,31.1733085124225,32414900
2023-06-28,30.60821533203125,30.819073795518744,30.38892072823516,30.78533566917399,30062000
2023-06-29,30.464820861816406,30.549166152644574,30.161184249722723,30.35517680990558,26284900
2023-06-30,30.937152862548828,30.996192972720337,30.481697826273148,30.54073793644466,30867900
2023-07-03,30.911846160888672,30.987755322018966,30.658813478824896,30.785329819856784,14115800
2023-07-05,30.751590728759766,31.223914740592303,30.692550629461213,30.85280508536652,26829400
2023-07-06,30.05154800415039,30.59134513589559,30.04311186415423,30.532305025701252,30177300
2023-07-07,29.967199325561523,30.16962483595233,29.815380997129505,29.958766403957227,22903300
2023-07-10,30.093713760375977,30.37204519986062,29.97563356074951,30.000935541399716,17777500
2023-07-11,30.380477905273438,30.39734696294869,30.04310318665595,30.059972244331203,17731300
2023-07-12,30.355182647705078,30.574474011143916,30.29613932404843,30.53230296634158,17229700
2023-07-13,30.41421890258789,30.667248356805466,30.296135487671886,30.37204464568157,16664400
2023-07-14,30.633512496948242,30.776897902624967,30.37204688509322,30.616643436430724,17915100
2023-07-17,30.24553108215332,30.464822414596025,30.17805484605155,30.464822414596025,20557300
2023-07-18,30.566036224365234,30.768458494177338,30.262399602203107,30.296134502209146,22808300
2023-07-19,30.73472785949707,30.954022458868273,30.540738463096236,30.650385762781838,18589700
2023-07-20,31.013059616088867,31.266089099578455,30.667251904582724,30.700990027033185,22358400
2023-07-21,31.54442596435547,31.56972794922027,31.038363744946782,31.038363744946782,24149700
2023-07-24,31.637195587158203,31.881792123962807,31.519115387995736,31.55285350702619,19414700
2023-07-25,31.257658004760742,31.814324187953872,31.249221864932796,31.54442562746294,21771000
2023-07-26,31.384164810180664,31.50224500437999,31.004619030651416,31.097397245363453,20983700
2023-07-27,30.872468948364258,31.563259665184837,30.85541194565021,31.426806896763065,25346300
2023-07-28,30.76160430908203,31.085680898859955,30.71896342304861,31.000395873502047,24054100
2023-07-31,30.753070831298828,30.86393646052751,30.633671821429648,30.855409586467754,40265200
2023-08-01,30.369300842285156,31.486506943877522,30.16462004893822,30.59956551481639,40931600
2023-08-02,30.14756202697754,30.60809135648807,30.087864142036256,30.386356820033406,34301600
2023-08-03,29.849069595336914,30.087861111046678,29.780841588968176,30.002579356376163,25676500
2023-08-04,29.866130828857422,30.139036386421335,29.559111263275298,29.806432941470995,25746500
2023-08-07,30.42899513244629,30.5739747684081,29.763788325957115,29.857596956308043,31069100
2023-08-08,30.394887924194336,31.017453991842217,30.181680233083778,31.017453991842217,25225500
2023-08-09,30.565454483032227,30.75307829076057,30.284018771439715,30.360773669756657,17210500
2023-08-10,30.463111877441406,30.77865830721047,30.36076985701029,30.548393641176585,18955200
2023-08-11,30.73602294921875,30.940700520284118,30.352248436857014,30.377832319917353,16609400
2023-08-14,30.76160430908203,31.136848660783635,30.54839662562386,30.54839662562386,20295500
2023-08-15,30.18167495727539,30.62514726766057,30.15609107986741,30.599563390252587,20484300
2023-08-16,30.2584285736084,30.403411463850468,29.840543411449897,29.968466046414743,22215600
2023-08-17,31.136842727661133,31.315939620140313,30.35224016362071,30.360767037886173,31113600
2023-08-18,31.264766693115234,31.42680332052368,30.974804186554167,31.085673064933758,24145100
2023-08-21,31.563261032104492,31.716770809888406,31.24771460145567,31.307412486894883,28496500
2023-08-22,31.41828155517578,31.68266023020855,30.46311212961377,31.56326120538387,18524100
2023-08-23,31.264766693115234,31.665598078055897,31.179484942540316,31.631484076509828,19370900
2023-08-24,30.83835220336914,31.247710472268558,30.753070450665636,31.11125771596875,19380800
2023-08-25,31.02597999572754,31.29035541544361,30.667789430579884,30.821299208030197,16421300
2023-08-28,30.88099479675293,31.14537345009819,30.72748503071897,31.07714544150954,15101900
2023-08-29,30.829830169677734,31.50356392970797,30.701904267247865,30.923638811063352,21076500
2023-08-30,30.616621017456055,30.915110437606327,30.5483930052556,30.855412553576272,16833000
2023-08-31,30.173152923583984,30.693380202949573,30.17315292358398,30.65073606270691,27919500
2023-09-01,30.514280319213867,30.753075118955113,30.360770538412645,30.394884545988656,17522500
2023-09-05,30.173152923583984,30.949228777949873,30.147565788780156,30.667793068145745,25856100
2023-09-06,29.311786651611328,30.087862363257557,29.217974765595212,30.07080536095549,35370200
2023-09-07,29.235034942626953,29.542054510823416,29.030357399356575,29.397074855447805,26777700
2023-09-08,29.209449768066406,29.32884553856264,29.03888298737575,29.192392764668266,19467700
2023-09-11,28.945068359375,29.252087884939815,28.60393808352888,29.20092013287264,27574400
2023-09-12,29.124168395996094,29.17533615358781,28.783034830027596,28.970658616639348,17987200
2023-09-13,29.064470291137695,29.52499637245013,28.99624227714132,29.175335933945647,23853300
2023-09-14,29.124168395996094,29.3203190577762,28.979185491807705,29.200923285674463,23759900
2023-09-15,29.055940628051758,29.354430060839046,28.83420608559417,29.047413752811043,58063800
2023-09-18,28.689224243164062,29.098582588993036,28.51865745241259,29.098582588993036,25421900
2023-09-19,28.987716674804688,29.004770425761794,28.586885208203565,28.612469087930133,30323300
2023-09-20,28.672164916992188,29.072996354806637,28.61246703305693,29.064469479940463,24651400
2023-09-21,28.01548194885254,28.646577980151875,27.998428200941227,28.54423922623237,26980600
2023-09-22,27.879030227661133,28.220163757779343,27.716993590164734,28.21163688350709,28570800
2023-09-25,28.126354217529297,28.126354217529297,27.640241011251717,27.879032550253836,19443700
2023-09-26,27.6317138671875,28.109296940540958,27.59759986100777,27.90461941004396,26015500
2023-09-27,27.3758602142334,27.716993746272948,27.20529507485886,27.657295866159597,26430100
2023-09-28,27.36733055114746,27.56348117343054,27.094425054641427,27.34174667750319,28197600
2023-09-29,28.288389205932617,28.33956021269305,27.54642750100424,27.589068379992668,42421400
2023-10-02,28.945068359375,28.962125361160872,27.93872802704163,28.100767917362194,44620600
2023-10-03,28.91095733642578,29.090050973552692,28.748917447633463,28.859786331550776,31059900
2023-10-04,28.40778923034668,29.06446920061411,28.151937440750828,28.94507018060041,23722300
2023-10-05,28.54424476623535,28.80862020294618,28.186054178062246,28.527187761723205,21279400
2023-10-06,28.254281997680664,28.620999458888896,28.203110984503606,28.58688545010419,23760400
2023-10-09,28.313976287841797,28.544240937936646,27.947258873241537,28.19458052556088,17468100
2023-10-10,28.288389205932617,28.484543105202352,28.151936441195325,28.211637575727764,19212100
2023-10-11,28.23722267150879,28.424846451106536,27.98990100809188,28.34809156429752,24221200
2023-10-12,28.075185775756836,28.33103759470803,27.94726311957226,28.237225694864726,21809900
2023-10-13,27.38439178466797,28.134883642722468,27.307636898579545,28.092239509002844,32388100
2023-10-16,28.37367820739746,28.928016218784805,27.76816918205349,27.99843386492183,63317400
2023-10-17,27.930204391479492,28.30544871440933,27.461148174494486,28.14341205859002,40015800
2023-10-18,26.78740882873535,27.87050407356387,26.770351826459642,27.75110831092444,30307600
2023-10-19,26.599790573120117,26.864167640470356,26.360997386279113,26.76182723849692,26880300
2023-10-20,26.13926124572754,26.53156422282908,25.994279958244764,26.488921710836788,39407900
2023-10-23,26.301294326782227,26.770350479242108,26.036917311394575,26.241596448466805,29412100
2023-10-24,25.951635360717773,26.46333404491218,25.857823474399304,26.335408153879623,26923800
2023-10-25,26.207483291625977,26.437747938257267,25.772539501315283,25.977218644994686,28857900
2023-10-26,26.574203491210938,26.753298777390107,26.01133538032569,26.105147274355033,27162700
2023-10-27,25.678730010986328,26.548615990952083,25.60197512648269,26.488918108925983,33877100
2023-10-30,26.053974151611328,26.16484304041468,25.678729859195318,25.789597121353395,33063500
2023-10-31,26.0625057220459,26.284241899120047,25.329072426572683,25.832242669424506,42648200
2023-11-01,26.01986312866211,26.505976335199076,25.98574912213197,26.062504010179424,23568300
2023-11-02,26.011333465576172,26.139257731061424,25.7640118092121,26.019861966827893,29640900
2023-11-03,26.659486770629883,26.770354041304056,26.301297826431576,26.352467210846935,28071000
2023-11-06,26.59126091003418,26.78741157638871,26.403637119046863,26.71065668492034,27381200
2023-11-07,26.650957107543945,26.770352874859235,26.34393756113853,26.505975835813093,18086400
2023-11-08,26.284242630004883,26.693600986765336,26.05397794433506,26.369526027658022,29398300
2023-11-09,25.653282165527344,26.370675090772178,25.61006473112913,26.35338811701289,28737700
2023-11-10,25.48041343688965,25.77428537010094,25.091466453693343,25.713782615953278,33844100
2023-11-13,25.048250198364258,25.376696091398994,25.005034414395915,25.359409118381063,35519900
2023-11-14,25.290260314941406,25.679207277015728,25.056891148551024,25.1433243563152,40084300
2023-11-15,26.094087600708008,26.23238008035741,25.247044102134947,25.247044102134947,43614600
2023-11-16,25.731067657470703,26.31881147979287,25.471768039552888,26.16323203875744,32407200
2023-11-17,25.8607177734375,25.938507497358184,25.705138325596135,25.8607177734375,27009200
2023-11-20,25.91257667541504,26.0508691496454,25.722424935492374,25.84343043829986,26335700
2023-11-21,26.189163208007812,26.241024125413414,25.722426491392415,25.947152187754064,25988700
2023-11-22,26.206449508666992,26.431175199267734,26.05087005759137,26.266952262179426,19226800
2023-11-24,26.362030029296875,26.53489645941137,26.258309841512887,26.258309841512887,11129700
2023-11-27,26.05086898803711,26.578110073129796,25.955793942953747,26.578110073129796,26066700
2023-11-28,25.661922454833984,26.024940615662782,25.618705025820823,26.024940615662782,29497700
2023-11-29,25.99901008605957,26.120015589807704,25.696494678112888,25.731068621227408,26185200
2023-11-30,26.33609962463379,26.370673570158726,25.895291710649648,26.197807139686976,45356600
2023-12-01,24.987747192382812,25.41126813564294,24.46050606062513,25.039606462343357,103624000
2023-12-04,25.30754852294922,25.618705778099176,25.082822831210898,25.082822831210898,47410400
2023-12-05,25.143327713012695,25.584135647740283,25.126040739436743,25.24704625731534,39853000
2023-12-06,24.8840274810791,25.41126693944122,24.82352307896742,25.143325467252183,33410500
2023-12-07,24.74573516845703,24.979104362275866,24.633373139160838,24.90995811765286,35782900
2023-12-08,24.875383377075195,25.039604661569356,24.711160444004683,24.763019710235664,31890700
2023-12-11,24.754377365112305,24.90131333335116,24.58151258685134,24.87538452332905,37833900
2023-12-12,24.7025203704834,24.94453306061895,24.50372511532379,24.737094318464152,48587500
2023-12-13,23.04300880432129,23.103511564762634,22.265113108433205,22.71456454110688,158100700
2023-12-14,22.58491325378418,23.613465098286404,22.481194709803763,23.129441379699223,101889800
2023-12-15,23.01707649230957,23.32823540507243,22.541696285434263,22.584912068395127,138388400
2023-12-18,23.388734817504883,23.59617351350373,23.094862919362463,23.267729323649608,63329400
2023-12-19,24.33949851989746,24.40864475694243,23.570246426700148,23.57888991240281,70094700
2023-12-20,23.881406784057617,24.425934914315917,23.86412145897403,24.365432155082004,56184300
2023-12-21,24.469148635864258,24.5123660663691,24.01105541254776,24.080201652779103,51056600
2023-12-22,24.546937942504883,24.884027300373646,24.35678619726391,24.581511886317628,35162300
2023-12-26,24.55558204650879,24.65930223198123,24.417289564929813,24.572869018850266,30119100
2023-12-27,24.72844886779785,24.832167406350734,24.469149224262747,24.607441708050892,35000700
2023-12-28,24.8840274810791,25.091466199732846,24.70251757189683,24.728448029944698,30472900
2023-12-29,24.8840274810791,24.95317372063035,24.6679452764094,24.875383995063146,30363100
2024-01-02,25.69649314880371,26.171874946878287,24.918597609362692,24.961813387107544,57948700
2024-01-03,25.69649314880371,25.964436246265766,25.41990821465368,25.92986230520889,43426500
2024-01-04,25.143327713012695,25.886651091013317,25.091468440861373,25.748358599558767,45558200
2024-01-05,25.47176742553711,25.48905439603017,24.849451324973057,25.08282048090067,33612800
2024-01-08,25.56684684753418,25.653280060662166,25.212472157428213,25.376695097513746,32972100
2024-01-09,25.411266326904297,25.808858431172332,25.34212008901981,25.584132745903677,39856900
2024-01-10,25.05689239501953,25.402623594698508,24.961815696891662,25.376694785082837,37413300
2024-01-11,24.546937942504883,24.996389320612316,24.434575922266212,24.918599595610015,46884700
2024-01-12,24.806241989135742,25.013680743192577,24.58151626009667,24.598801586502237,30373500
2024-01-16,24.477794647216797,24.823525884040876,24.391361425866634,24.719807337281942,38826000
2024-01-17,24.33085823059082,24.659304136135297,24.1407064658806,24.339501717428995,33312600
2024-01-18,24.27899932861328,24.31357162791698,23.855478358539433,24.23578354233952,50321100
2024-01-19,24.443220138549805,24.529651703511373,24.140704715455037,24.22713792899303,35549300
2024-01-22,24.469148635864258,24.737091759265066,24.140704406909478,24.477792121965226,41663900
2024-01-23,24.5728702545166,24.76302201410552,24.330857575295383,24.581513741121984,33466700
2024-01-24,24.486438751220703,24.875387432808914,24.486438751220703,24.667948685487406,42720700
2024-01-25,24.10041046142578,24.495212185702606,24.08286501964626,24.40747828326498,47605500
2024-01-26,24.10041046142578,24.486438628120343,24.003904674790892,24.240784035971984,47073800
2024-01-29,24.10918426513672,24.240784283444153,23.96003713148562,24.144278495824047,67082700
2024-01-30,23.705608367919922,24.890011765310263,23.644195143520808,24.468889404573016,86072400
2024-01-31,23.758249282836914,24.13550387924919,23.495049257769487,23.83720962503413,81192100
2024-02-01,23.942489624023438,23.97758217829833,23.451180477095914,23.775795389409282,53883000
2024-02-02,23.626646041870117,23.863527036093465,23.416085715910935,23.845979923917355,51718500
2024-02-05,23.310808181762695,23.635423111741076,23.266942068185738,23.635423111741076,42633400
2024-02-06,24.126728057861328,24.328514836369273,23.31080571398118,23.3897660487686,56958700
2024-02-07,24.179367065429688,24.2583273980689,23.951259623736938,24.170593509204803,36843000
2024-02-08,24.188140869140625,24.293421871531695,24.04776731487571,24.179367312825974,29048400
2024-02-09,24.179367065429688,24.20568773410434,24.021446400151266,24.179367065429688,29062700
2024-02-12,24.26710319519043,24.582944554913006,24.144276743469383,24.161823857539503,30323700
2024-02-13,23.661739349365234,24.416248463214473,23.565233576080516,24.161822022065053,37927500
2024-02-14,23.78456687927246,23.83720654280247,23.60909910299279,23.696832991132624,25270200
2024-02-15,24.135501861572266,24.398701864636728,23.88107374167645,23.907394411336817,36111600
2024-02-16,24.23200798034668,24.46888730075009,23.87229887493616,24.170593087843127,35935300
2024-02-20,24.2056884765625,24.68822237003861,24.144275254489337,24.22323558955049,34232000
2024-02-21,24.275876998901367,24.28465055602558,24.003903421590472,24.214463772416803,27348300
2024-02-22,24.17059326171875,24.30219493035978,23.854753607780577,24.205687486258952,31957500
2024-02-23,24.35483741760254,24.64435811008871,24.293424190921368,24.34606386045024,33182600
2024-02-26,23.845979690551758,24.275873894351076,23.74947224791232,24.275873894351076,45685500
2024-02-27,23.591554641723633,23.863529892858065,23.521367858001668,23.7933431091361,38598400
2024-02-28,23.723154067993164,23.89862017390882,23.530139176085754,23.65296561756519,31010200
2024-02-29,23.302034378051758,23.85475677423459,23.293260820752113,23.74947576002383,54643200
2024-03-01,23.328353881835938,23.600327450966596,23.25816710033819,23.538914226329176,46392100
2024-03-04,22.714218139648438,23.214299163711612,22.468565242710657,23.073925601637207,86777700
2024-03-05,22.880910873413086,23.1792050916289,22.53875054744161,22.6966712127776,73646100
2024-03-06,23.85475730895996,23.95126309464939,23.503823376032514,23.600329161721945,84919500
2024-03-07,23.503822326660156,23.968809139509442,23.477501655346362,23.863529801024097,46423800
2024-03-08,23.881072998046875,23.951259774904184,23.556459782601113,23.58277877805713,45906600
2024-03-11,24.890012741088867,24.907558182044415,23.96003576166281,23.96003576166281,52600100
2024-03-12,24.574169158935547,24.863689825887434,24.354835269627,24.83736915675189,48758200
2024-03-13,24.75840950012207,25.170758294270286,24.73209050365121,24.819824396451992,39273000
2024-03-14,24.6794490814209,24.81105075687445,24.363609411132895,24.784730087106777,36428000
2024-03-15,24.512758255004883,24.811052506534786,24.442571470726374,24.530303696035812,75727900
2024-03-18,24.31974220275879,24.59171744329592,24.22323642476693,24.574170329702905,36226500
2024-03-19,24.240779876708984,24.372381544477552,23.968806331864396,24.275874101016527,29026600
2024-03-20,24.302196502685547,24.33728905611147,23.87230059117792,24.10918160199604,34468000
2024-03-21,24.26710319519043,24.60049166898313,24.240782524085247,24.346063535121072,29633700
2024-03-22,24.0039005279541,24.425021178841263,23.986353415820957,24.10040629791696,28830100
2024-03-25,24.0653133392334,24.1091794454382,23.7757926874815,23.8986191235627,31110600
2024-03-26,24.2056884765625,24.24078102915368,23.960033914885052,24.082862032416173,38220300
2024-03-27,24.37238121032715,24.512754758863334,24.16182088752287,24.31096631863096,34247600
2024-03-28,24.346065521240234,24.67068046447952,24.31974484798785,24.407478752110766,40466700
2024-04-01,24.31974220275879,24.451343881321527,24.19691575437741,24.354836429944815,26596600
2024-04-02,24.17059326171875,24.3460610376503,24.047766822597502,24.18814037398885,32451500
2024-04-03,23.881072998046875,24.34606144059201,23.863527558871116,24.135501110020087,36828600
2024-04-04,23.38099479675293,24.03899653591137,23.372221239424622,23.960036193341562,41922700
2024-04-05,23.389766693115234,23.424860919936336,23.117793128791057,23.30203279944732,39880500
2024-04-08,23.319578170776367,23.530138495818615,23.266938507861983,23.337125282876066,24431400
2024-04-09,23.49504852294922,24.05654278467067,23.38099395517149,23.48627496593671,45127800
2024-04-10,23.091472625732422,23.32835363833407,22.95109906420215,23.266940414337682,44541600
2024-04-11,23.109018325805664,23.20552577097416,22.92477699170078,23.117791882037775,32814500
2024-04-12,22.68790054321289,23.09147414074432,22.661579871179768,23.030060912718668,43034100
2024-04-15,22.73176383972168,22.959871282254365,22.591390286376143,22.73176383972168,35660200
2024-04-16,22.538753509521484,22.801953537415148,22.529979952140366,22.65280640870608,28885300
2024-04-17,22.30187225341797,22.538753280142483,22.161498683518612,22.538753280142483,43828900
2024-04-18,22.275550842285156,22.336964067904887,22.13517727704437,22.24045828766741,35788400
2024-04-19,22.810726165771484,22.810726165771484,22.240458346304177,22.275550901014448,38372800
2024-04-22,23.03883171081543,23.249392041707743,22.749311046665404,22.8107242673359,35678700
2024-04-23,23.091472625732422,23.22307263049394,22.977419734508395,23.10024618250117,24297800
2024-04-24,23.047607421875,23.109020648287142,22.845820628410852,23.030060307647272,24547800
2024-04-25,22.161497116088867,23.187979819242816,22.15272355941757,23.04760625927175,47661400
2024-04-26,22.284324645996094,22.407152771980286,22.10885852419497,22.222911419696455,46526500
2024-04-29,22.49488639831543,22.67912776208319,22.407154168638893,22.442246725832504,39995300
2024-04-30,22.477340698242188,22.661580386508806,22.45102002561053,22.50365969748885,38017700
2024-05-01,23.845979690551758,24.082860682456904,22.828270621683025,23.100244164212246,97388900
2024-05-02,24.302196502685547,24.512756843395596,23.793341927623384,23.87230059117792,69649000
2024-05-03,24.39870262145996,24.486436516331135,24.1442761670569,24.44257040558798,60568900
2024-05-06,24.705772399902344,24.854919531139643,24.530304596075528,24.547851711135205,59899700
2024-05-07,24.363609313964844,24.99529032540637,24.038994414997443,24.819824214476128,65606400
2024-05-08,24.802278518676758,24.863691744681,24.14427679997148,24.30219748020233,39087800
2024-05-09,25.09616470336914,25.158504087736414,24.330276955723633,24.722126698544688,47831100
2024-05-10,24.94477081298828,25.18522420403724,24.86461968263863,25.14960072449473,25849800
2024-05-13,25.32771110534668,25.514729250354847,25.087257748661248,25.105069485887004,39609800
2024-05-14,25.274276733398438,25.541447704799165,25.1050703199942,25.425673107605938,23530900
2024-05-15,25.666128158569336,25.817524542723724,25.36333539026056,25.372241259754457,38376300
2024-05-16,25.755186080932617,25.85314895026687,25.532544431442748,25.710658430483036,40077800
2024-05-17,25.50582504272461,25.746278415068776,25.39005214045938,25.73737254587593,26106400
2024-05-20,25.40786361694336,25.568164164899574,25.345522533236064,25.523636518015213,22423300
2024-05-21,25.434581756591797,25.53254462667512,25.220845975281733,25.354430626272897,28119900
2024-05-22,26.360769271850586,26.387485180272574,25.309900508858107,25.354428155308636,46987500
2024-05-23,25.550352096557617,26.209371070119385,25.53254035976983,26.209371070119385,42031300
2024-05-24,25.719560623168945,25.817523484967293,25.425673736394753,25.53254246732212,22589100
2024-05-28,25.203031539916992,25.71956004749272,25.051635165354064,25.648314794676097,32371200
2024-05-29,24.77556037902832,25.087259001562792,24.65978747852052,25.078353132505143,24241700
2024-05-30,25.11397361755371,25.11397361755371,24.748841522782964,24.855708541504793,23298600
2024-05-31,25.523635864257812,25.603786985493368,25.149597864698816,25.2386548548073,78290100
2024-06-03,26.102502822875977,26.298428533864552,25.50582321859583,25.523634955707653,38177200
2024-06-04,26.262807846069336,26.476543618225904,25.977826816527244,26.093599722795872,46309500
2024-06-05,26.316240310668945,26.378581394678253,25.977825776294114,26.32514617981313,27346700
2024-06-06,25.6483154296875,26.307336157833593,25.63941125915818,26.14703391037216,35360400
2024-06-07,25.452388763427734,25.870954378332446,25.4256711587493,25.60378512603083,27526200
2024-06-10,24.998201370239258,25.247560601613255,24.60635163482892,25.247560601613255,36977900
2024-06-11,24.962581634521484,25.229750926778618,24.837901159330013,24.891336376678186,29573500
2024-06-12,24.633071899414062,25.140694587147472,24.544014900126225,25.08726106702316,32507900
2024-06-13,24.624162673950195,24.686502055370052,24.223408779699373,24.490578042533254,33945200
2024-06-14,24.517297744750977,25.131787441538368,24.428240749984127,24.713221774341335,29461900
2024-06-17,24.027484893798828,24.47276816476747,23.929523729247922,24.44605225562671,32194600
2024-06-18,24.410429000854492,24.454956648908404,24.00076920317164,24.02748511255563,29817800
2024-06-20,24.704315185546875,24.9002392094314,24.178880800207494,24.223410145604554,29693400
2024-06-21,24.704315185546875,24.83789982449636,24.544012939359153,24.731032792785108,52487000
2024-06-24,25.256467819213867,25.300995467120334,24.69540994331541,24.891335670793996,35414100
2024-06-25,24.926956176757812,25.336617650789915,24.873522662273906,25.29208830653599,24721600
2024-06-26,24.41933250427246,24.873521604625076,24.107633902231953,24.855709867680883,30745800
2024-06-27,24.757747650146484,24.784465256250243,24.107634522541936,24.374805487717218,28399600
2024-06-28,24.91805076599121,25.042731233573477,24.615258013981297,24.739938481563563,33189200
2024-07-01,25.131786346435547,25.496918480310413,24.882428810299047,24.891334679249752,26209000
2024-07-02,24.78446388244629,25.18521945868493,24.659785124781234,25.131784249439328,21989800
2024-07-03,24.66869354248047,24.980390468856758,24.597448288077196,24.86461756743426,15180100
2024-07-05,24.980390548706055,25.016014025331987,24.641976013863985,24.722127137651476,17268700
2024-07-08,24.873525619506836,25.042733750547434,24.74884683801429,24.98039266118016,25694400
2024-07-09,24.686504364013672,24.882430093793886,24.312466341894332,24.828994877333333,36867800
2024-07-10,25.247562408447266,25.300995926629646,24.757749779475855,24.784467387877502,29873600
2024-07-11,25.523635864257812,26.031258499669136,25.30990010716993,25.630504592112157,47322600
2024-07-12,25.755186080932617,25.951110120980143,25.63941317059112,25.737374341304392,28397000
2024-07-15,25.91548728942871,26.066883672887286,25.6750339100614,25.85314790187887,30534400
2024-07-16,26.271711349487305,26.32514486305889,25.93329683203959,26.004542083008623,26912100
2024-07-17,26.74371337890625,26.984165049899087,26.10250439326976,26.200467254657745,45395000
2024-07-18,26.45873260498047,27.33148915516876,26.387487345640707,26.636846602640357,47279700
2024-07-19,26.690279006958008,26.716996615076607,26.316240986402097,26.663563097460305,30021200
2024-07-22,26.360769271850586,26.921825430783084,26.16484355077826,26.81495839985348,46483200
2024-07-23,26.271711349487305,26.39639011402792,26.120314978850516,26.37858007525124,25528300
2024-07-24,26.699182510375977,26.708088378959648,26.10250290423601,26.28061687866793,29579400
2024-07-25,26.87729835510254,27.545223257769617,26.690278499072907,26.690278499072907,42296200
2024-07-26,27.789464950561523,27.888808631297017,27.103082129348348,27.229520480789894,35657100
2024-07-29,27.744308471679688,27.933967730360585,27.49143175689639,27.717215522292005,41713700
2024-07-30,28.349407196044922,28.48487882458441,26.89536101241913,28.006216652808394,89857500
2024-07-31,27.581743240356445,28.231999808753592,27.51852234449316,28.177812192035482,40978700
2024-08-01,27.681087493896484,27.82558895655057,27.01276779847303,27.744306668483482,39753100
2024-08-02,27.482397079467773,28.28618664179131,27.10308032776358,27.888806777483765,42364700
2024-08-05,26.859233856201172,27.1030807120239,26.05544428248172,26.27219646901528,37838000
2024-08-06,26.479915618896484,27.13920369807281,26.41669645001563,26.850200798849936,29031800
2024-08-07,26.055442810058594,26.922451507197184,25.95609741753903,26.75988694583541,32866100
2024-08-08,25.974163055419922,26.199946807581856,25.775473973651017,26.12769607579377,32094400
2024-08-09,25.78450584411621,25.965133549147666,25.694193714193943,25.87481969663194,25795600
2024-08-12,25.694189071655273,25.8386905205339,25.576780567820673,25.811595852896726,21141600
2024-08-13,26.055442810058594,26.14575664665882,25.56774912597327,25.78450130025792,34620700
2024-08-14,26.082536697387695,26.353478216975432,25.892879184010173,26.010285970016273,23677700
2024-08-15,25.92900276184082,26.199944271767514,25.757408367073054,26.12769354697236,28676800
2024-08-16,25.558719635009766,25.874817227352327,25.15230992136358,25.874817227352327,50332900
2024-08-19,26.010286331176758,26.091568615922387,25.5406574580382,25.60387663004186,26382500
2024-08-20,26.100601196289062,26.36251117354334,26.010287351629195,26.010287351629195,21301300
2024-08-21,26.21800994873047,26.344448298844164,26.127696103252116,26.172852164694632,16729700
2024-08-22,25.992225646972656,26.308321515576054,25.775473455961773,26.208977837983536,20241500
2024-08-23,26.100601196289062,26.136727423190333,25.865785889210738,26.028350465079832,21885300
2024-08-26,26.118663787841797,26.236070577738307,25.983193884855588,26.118663787841797,16506000
2024-08-27,26.028350830078125,26.22704163563475,25.79353551970696,26.172852294522944,16184600
2024-08-28,25.965131759643555,26.26316624658964,25.865786356463744,25.99222643030896,19874100
2024-08-29,25.938034057617188,26.091567061591167,25.766439664570438,26.073505672518394,19229800
2024-08-30,26.199947357177734,26.2360718625329,25.89288130998872,25.938037372331014,37137600
2024-09-03,25.558719635009766,26.118664089096015,25.414218173812014,25.874817227352327,44499600
2024-09-04,25.64000129699707,25.775472920835462,25.468406892630075,25.54968917789581,23510500
2024-09-05,25.748380661010742,26.01028893158089,25.60387918981478,25.676129925412763,25927200
2024-09-06,25.793533325195312,25.98319255776378,25.54065664522827,25.793533325195312,31214500
2024-09-09,26.561199188232422,26.72376375758033,25.694190448501242,25.775472733175196,36558400
2024-09-10,26.859233856201172,26.877296969060616,26.362510310719248,26.570230940823087,32378800
2024-09-11,26.78697967529297,26.823105896356235,26.317349137028692,26.8050427858246,31943100
2024-09-12,26.335416793823242,26.832140361040945,25.97416313379279,26.714733567503547,32511800
2024-09-13,26.43476104736328,26.47991710693196,26.18188263503622,26.335415649200282,19987700
2024-09-16,27.157268524169922,27.220487697041364,26.588294245733692,26.705701034981615,29224600
2024-09-17,26.940519332885742,27.220490724999895,26.73279867817503,27.13920843009684,27055300
2024-09-18,26.86826515197754,27.22048723635346,26.85020203929333,27.094048892750457,25812800
2024-09-19,26.78697967529297,27.410143207890066,26.660541346757597,26.994700278627658,22653200
2024-09-20,26.57023048400879,26.687637270390123,26.398634359980782,26.6786074367089,56877400
2024-09-23,26.47088623046875,26.6153876919123,26.353479439018354,26.579263187848063,23126200
2024-09-24,26.64248275756836,26.723765046161628,26.326385159993798,26.416699005385578,21446200
2024-09-25,26.127695083618164,26.832139261153035,26.109631970708744,26.732795585337733,30712700
2024-09-26,26.163822174072266,26.199948403463477,25.567753169864694,25.721286199590487,32310400
2024-09-27,26.27219581604004,26.39863415772711,26.11866280573722,26.208976645196504,25013000
2024-09-30,26.136728286743164,26.362512044556027,25.9922268195504,26.290261310959647,27464700
2024-10-01,25.892879486083984,26.263164683506517,25.766441142357237,26.236070014453684,30725100
2024-10-02,25.838693618774414,25.983195084979776,25.630971253835018,25.829662061812407,24957200
2024-10-03,25.594844818115234,25.75740938598334,25.52259409046199,25.739346273421724,25678900
2024-10-04,25.81159782409668,25.820629380665466,25.50453179113106,25.549689573974995,28769000
2024-10-07,26.371540069580078,26.949545860937516,26.290257789846297,26.52507307323354,51426600
2024-10-08,26.353479385375977,26.63345075102881,26.19091481093456,26.380572332720686,29126600
2024-10-09,27.265647888183594,27.48240009543084,26.281230536981468,26.38960577930838,44244800
2024-10-10,26.49798011779785,27.166299787882604,26.443792502005373,26.994703661514293,34347700
2024-10-11,26.335416793823242,26.588295217141223,26.14575926827975,26.516044485135133,29617600
2024-10-14,26.263166427612305,26.34444871757543,26.055445785525816,26.335417160624708,23594200
2024-10-15,26.58829689025879,26.859236721682684,26.25413615708211,26.272199271868622,29009900
2024-10-16,26.7960147857666,26.93148468754149,26.57926259840812,26.642481771063522,28414800
2024-10-17,26.43476104736328,26.669576346825572,26.389603265201348,26.62441856466364,23779200
2024-10-18,26.389604568481445,26.525076199064408,26.26316621737024,26.461855300915467,24244900
2024-10-21,26.127695083618164,26.38960333043175,26.08253730134461,26.38960333043175,23395700
2024-10-22,26.04641342163086,26.181883326507954,25.82966122930885,26.100601039063037,29036400
2024-10-23,26.064477920532227,26.290261681527568,25.892881779849617,26.07350947768325,22217600
2024-10-24,25.865785598754883,26.172851633594288,25.739347251206876,26.06447639929408,31473600
2024-10-25,25.694189071655273,25.947065745896293,25.685157515776215,25.901909689094154,26091100
2024-10-28,26.064477920532227,26.136728655147,25.79353637378178,25.829662602385863,37922500
2024-10-29,25.703222274780273,26.344449045516665,25.31487565662523,26.199947577693074,102267000
2024-10-30,25.757410049438477,25.829660778952743,25.45937557486797,25.567750807842735,47104000
2024-10-31,25.558719635009766,25.865785670703307,25.549689800954038,25.69419126215179,37909600
2024-11-01,25.369062423706055,25.775473864920468,25.33293619666774,25.721284524363,46894600
2024-11-04,25.071027755737305,25.414218297098483,25.043933085658804,25.37809379292045,41347800
2024-11-05,25.27874755859375,25.287779114988865,24.9084623593603,25.052963816495634,44175800
2024-11-06,24.709775924682617,25.27875025757759,24.456897486399612,25.2245626360146,65749500
2024-11-07,24.800085067749023,24.917493576694643,24.691709837668846,24.863305961654554,48484800
2024-11-08,24.506595611572266,24.90097599565142,24.497423771320463,24.864290383993875,55951300
2024-11-11,24.066356658935547,24.607482963236635,24.04801297928307,24.50659447449758,54329300
2024-11-12,24.020498275756836,24.24978901445423,23.80037937652928,24.057183884286676,53035200
2024-11-13,24.506595611572266,24.534111132327666,23.827895177085907,24.057185935331958,47983100
2024-11-14,23.864582061767578,24.6258272939764,23.699492439229584,24.52493880256993,45262200
2024-11-15,22.745641708374023,23.57108980814815,22.45214982816526,23.57108980814815,131074400
2024-11-18,22.800670623779297,23.158363600791787,22.653924697345996,22.901557354858795,64221700
2024-11-19,23.020790100097656,23.029961939402153,22.57138047027411,22.653925274665117,52381200
2024-11-20,22.87404441833496,23.020790350101624,22.608066323664445,22.993274831889316,46170800
2024-11-21,23.04830551147461,23.130850321749158,22.72729985968426,22.809844669958807,45048400
2024-11-22,23.525230407714844,23.6169470568346,23.020791461580536,23.09416443100643,41897000
2024-11-25,24.002153396606445,24.258959640871932,23.607773065871715,23.61694490488292,57707600
2024-11-26,23.635290145874023,24.06635611180994,23.488544210689472,23.992983144217668,33001000
2024-11-27,23.690319061279297,23.800379385609823,23.571088646824947,23.626117934315456,28242100
2024-11-29,24.03883934020996,24.05718301848946,23.635288914157623,23.69031819964668,22023000
2024-12-02,23.681148529052734,24.048013381490307,23.59860371858558,23.910439280494916,43866400
2024-12-03,23.442686080932617,23.754521644748163,23.40600047013941,23.690320513847833,49064300
2024-12-04,23.140024185180664,23.38765863765864,23.09416673072908,23.341801183207053,42541500
2024-12-05,23.571088790893555,23.65363359730859,23.057476273344545,23.14002107975958,43647900
2024-12-06,23.598602294921875,23.93795335629766,23.470200041652415,23.607774134348194,31830700
2024-12-09,23.937955856323242,24.249791431987468,23.4610306524427,23.626120280659016,37464800
2024-12-10,23.451858520507812,23.94712739899964,23.396829228236385,23.93795555872946,43280500
2024-12-11,23.140024185180664,23.396830478418906,23.08499488996881,23.277598297885177,39569400
2024-12-12,23.2684268951416,23.36931363911939,22.98410509564601,23.09416542921683,38705100
2024-12-13,23.461027145385742,23.534400108141583,23.16753529436237,23.240908257118214,29043600
2024-12-16,23.15836524963379,23.616946739725545,23.130849730462444,23.47020080284415,40194000
2024-12-17,24.240617752075195,24.26813152179021,23.717835135295292,23.754520744698496,71440300
2024-12-18,23.745349884033203,24.323163562765547,23.717836113183793,24.02049983797467,47575100
2024-12-19,23.635290145874023,23.92878201624312,23.461028691836294,23.571089017899475,50324700
2024-12-20,24.176416397094727,24.29564681322499,23.571088978142086,23.571088978142086,116340100
2024-12-23,24.497421264648438,24.534108621901645,24.020497865803055,24.176415635430242,35350400
2024-12-24,24.52493667602539,24.55245219384574,24.19475745957907,24.38736258562258,19716400
2024-12-26,24.359848022460938,24.50659395788815,24.286475054747335,24.433220990174544,31406000
2024-12-27,24.41487693786621,24.625823983036447,24.231443659853333,24.240615498688918,35218300
2024-12-30,24.2314453125,24.378191245178993,24.066355700898754,24.286474599917245,32859100
