Price,Close,High,Low,Open,Volume
Ticker,TGT,TGT,TGT,TGT,TGT
Date,,,,,
2019-01-02,54.3791618347168,54.71473136806012,53.00413165529897,53.249668967504135,4549300
2019-01-03,53.63434982299805,54.534665770881354,53.53613739796868,54.12543068144059,4562200
2019-01-04,54.370975494384766,54.73928458565415,53.56887195292054,54.21546415857092,4825900
2019-01-07,57.031002044677734,57.194693581907565,54.681990394395164,54.681990394395164,7630600
2019-01-08,56.97372055053711,57.68579199037837,55.90970661667311,57.4402483919688,6756000
2019-01-09,57.5302848815918,58.09503145302521,56.29439283524583,56.78547382393709,6025100
2019-01-10,55.89332580566406,55.92606536012475,54.45281663155118,55.615042714963934,13913700
2019-01-11,56.97372055053711,57.32566304455983,55.70508903280951,55.9015264093104,5025900
2019-01-14,56.343475341796875,57.170131842162505,56.1715973803323,56.59720530394728,4568000
2019-01-15,55.82783889770508,56.27799990311361,55.49226943911652,56.27799990311361,3770000
2019-01-16,55.533199310302734,56.1716050383295,55.32858176955406,55.7050772951998,4888700
2019-01-17,56.777278900146484,57.01463600278845,54.97664074906563,55.25492385867178,4133200
2019-01-18,57.849449157714844,58.013140629688245,57.15375103518381,57.26833631445107,4484100
2019-01-22,57.52207946777344,58.14411851209972,57.01463198598724,57.603925231503645,5763900
2019-01-23,57.55481719970703,58.47968616499272,56.74453354890164,57.98041890428655,4446600
2019-01-24,57.79217529296875,58.02953237554071,57.14558315308611,57.743069084309525,4057000
2019-01-25,59.249053955078125,59.28997996055535,58.06227472941916,58.152306945923684,5544200
2019-01-28,59.02806091308594,59.10990666734051,58.28325018717857,58.946208914400586,3511100
2019-01-29,58.684322357177734,59.08537732986323,58.35693920848475,59.02808465439863,3320600
2019-01-30,59.199951171875,59.46186138657204,58.365108069481145,59.17539806493967,3789300
2019-01-31,59.748321533203125,59.805614194485095,58.98714403649601,59.1835751259725,6699400
2019-02-01,58.25050354003906,59.83015075798677,57.66939063786752,59.83015075798677,5916200
2019-02-04,59.28997802734375,59.38819044619603,57.955867723239514,58.2832570230873,3622300
2019-02-05,59.560062408447266,59.78923926629743,59.13446073273014,59.51095620398053,3526200
2019-02-06,59.34728240966797,59.535527079274146,58.82346192421107,59.44549484792067,3399300
2019-02-07,58.81526184082031,59.371821758174256,58.50424545105214,58.96258670848552,3711600
2019-02-08,58.01315689086914,59.07717049022912,57.89857157948344,58.68430210517018,4146200
2019-02-11,57.41568374633789,57.93950415623978,56.53173446296651,57.931317706088606,6661000
2019-02-12,57.62848663330078,58.25870590534604,57.505714861116665,57.86583748324322,4505500
2019-02-13,59.3963737487793,59.55188506296428,57.26835277916964,57.79217313339875,7186900
2019-02-14,59.077186584472656,59.74014553015971,58.20142361205374,58.708877446742704,4624800
2019-02-15,59.61735916137695,60.05933376526253,59.10991169517713,59.388188532198804,3835800
2019-02-19,60.52565002441406,60.864194026519684,59.468716645205895,60.220129481230956,6868000
2019-02-20,60.038482666015625,60.79814839032431,59.85682210155404,60.63300585887764,5005600
2019-02-21,59.476993560791016,60.25317737450943,59.187990959869545,60.079775813956545,3985000
2019-02-22,59.65864944458008,59.98068178881034,59.287075601170926,59.62561967853291,3144800
2019-02-25,60.36051559448242,60.76511921027859,59.95591197868625,60.137572544900316,7782000
2019-02-26,59.69167709350586,60.45960180246088,59.21275495248369,60.211881715785005,5370900
2019-02-27,60.2944450378418,60.67428413399899,59.699928247722546,59.708180963017035,5164400
2019-02-28,59.98067092895508,60.37702174997574,59.67515037317285,60.37702174997574,5375600
2019-03-01,60.2284049987793,61.48350467455638,59.4191914382372,60.765121400395046,6833800
2019-03-04,60.00544357299805,61.07888875990482,59.82378303677233,60.649508165229,7383800
2019-03-05,62.75511932373047,63.217523450185055,61.20275811364454,63.15972293437823,17015100
2019-03-06,63.49827575683594,63.94416816727445,62.86246375870207,63.432216222004165,7874200
2019-03-07,62.895484924316406,63.5725793142804,62.35876230183422,63.0276039759109,5617900
2019-03-08,62.59823226928711,62.71383330599731,61.755995244715066,62.65603278764221,4581900
2019-03-11,62.978057861328125,63.00283490900025,62.29271073719826,62.606484043429006,3435900
2019-03-12,62.90376663208008,63.16799853080576,62.56521616507681,63.11845701847763,3646200
2019-03-13,63.6799430847168,63.886374428132235,62.903759217543666,62.96981875938492,3796600
2019-03-14,63.159732818603516,63.41571197133657,62.79641793372502,63.300110921631855,3779500
2019-03-15,63.30010223388672,63.48175650150211,62.81292104860837,63.357902750806126,5274100
2019-03-18,64.30747985839844,64.4148281721863,63.514784378608894,63.514784378608894,3923500
2019-03-19,64.78639221191406,65.04236498339176,64.41481842752496,64.67905021414855,4192300
2019-03-20,64.0267105102539,64.77811690520076,63.91110952641593,64.7616051788444,4325300
2019-03-21,65.63692474365234,66.00024601563301,64.57173798698867,64.57173798698867,5322000
2019-03-22,64.6707992553711,65.71946751735744,64.61299874171489,65.35615270285426,3174500
2019-03-25,64.84420776367188,65.46350174786554,64.44786314166707,64.6625471870096,2911400
2019-03-26,65.75249481201172,66.0827861489742,65.27357898818856,65.36440926334782,3493600
2019-03-27,65.90939331054688,66.58648780575272,65.68645025105768,65.7937922723252,3609400
2019-03-28,66.32223510742188,67.34613239534633,65.9506613585133,66.1323155758979,5394100
2019-03-29,66.27272033691406,66.69383574216327,65.93416990939272,66.66906498888798,3886600
2019-04-01,66.03324890136719,66.56171255459066,65.48001449874006,66.56171255459066,4733900
2019-04-02,65.61212921142578,66.27271194747223,65.52955794436595,65.72773024526633,2909200
2019-04-03,65.48828125,65.94243275234072,65.38919823115114,65.84334343370683,3251700
2019-04-04,67.19751739501953,67.34614818939635,65.36441266408363,65.38092439688835,4396200
2019-04-05,66.83419799804688,67.36266160857564,66.55344816132543,66.93328098765654,4234600
2019-04-08,67.65168762207031,67.8994077815673,66.7681616262162,66.80945041939414,4609000
2019-04-09,66.60299682617188,67.19751367094753,66.36353576518103,67.03237115291817,4863800
2019-04-10,66.67732238769531,67.22230414565848,66.256200692886,66.82595320352304,2265400
2019-04-11,66.42959594726562,66.94980690310896,66.17362312758647,66.63602726630596,2627800
2019-04-12,66.66079711914062,67.29660274123293,66.42133605893403,66.88374014772843,3517200
2019-04-15,67.6929702758789,67.81682404460922,66.62778376630476,66.75163753503507,3306200
2019-04-16,67.6846694946289,68.08927292232703,67.42043778473491,68.03147243265586,2663600
2019-04-17,68.27095794677734,68.86548108270885,67.95718464716155,68.03975590497801,3045000
2019-04-18,68.74989318847656,68.93155377022777,68.07279866544847,68.33703052078177,3162700
2019-04-22,67.7259750366211,69.07191108296524,67.6516627959136,68.66730751739733,3331200
2019-04-23,67.84160614013672,67.92417742535523,66.29749727743106,67.41222537734407,6238500
2019-04-24,68.43609619140625,68.81592899348361,67.43696954468005,67.43696954468005,2660000
2019-04-25,67.49478912353516,68.36180327094895,67.4204768650746,68.36180327094895,3797000
2019-04-26,63.6799430847168,64.70384078411767,61.706459945647985,63.6799430847168,12352800
2019-04-29,64.2414321899414,64.8029256575577,63.55607866480395,64.75337785467869,9097000
2019-04-30,63.92763900756836,64.52216211801426,63.58909497509842,64.45610259467963,5339800
2019-05-01,62.48263931274414,64.43961077261226,62.44135682274277,64.24143844116512,5463200
2019-05-02,63.10194778442383,63.58087013636071,62.54045413382556,62.821204109017835,4456300
2019-05-03,62.7055778503418,63.58084460428822,62.19362592456694,62.73034860001444,5774300
2019-05-06,62.738609313964844,62.878981099096855,61.72296445142115,61.929395770656676,4008600
2019-05-07,61.962425231933594,62.606489936804635,61.49176207839061,62.300969317921556,4437200
2019-05-08,62.26792907714844,62.573443313948545,61.35137376718376,62.02846805654862,3997700
2019-05-09,62.02022171020508,62.39179553888442,61.293585785323565,61.888102651253824,4549300
2019-05-10,61.63212203979492,62.003695821391766,60.5504241557743,61.648640069962546,5200300
2019-05-13,59.18800735473633,60.715598353987815,58.93203445155719,60.51742598700352,6055200
2019-05-14,59.37129592895508,59.7962051891262,58.34650093724986,59.12967749421906,8063100
2019-05-15,58.99634552001953,59.337945838452846,58.5381090973262,59.10466091685808,5578900
2019-05-16,58.971370697021484,59.93784437811687,58.82973428544215,59.562916612917,4476200
2019-05-17,59.063011169433594,59.6462235820244,58.39647724943962,58.4381380031412,3891200
2019-05-20,60.05446243286133,60.254420012322775,59.23795891887709,59.5045711436713,5750100
2019-05-21,59.954498291015625,60.77932911350916,58.9130429850505,59.37128586229065,7705900
2019-05-22,64.62022399902344,65.97828593768288,63.98702367906902,64.16198742720428,20777800
2019-05-23,66.15324401855469,66.31154090671248,64.003678685833,64.82850952967685,11619600
2019-05-24,67.96119689941406,68.03618497548712,66.30320208324348,66.31986256873873,7851700
2019-05-28,67.29467010498047,68.52775592643023,67.22802179948629,68.13616773266162,6522700
2019-05-29,66.35319519042969,66.81143803483334,65.9282796762134,66.67812871408381,5772200
2019-05-30,66.97807312011719,67.31134008929104,66.56982442006205,66.66147299549833,3996900
2019-05-31,67.02806854248047,67.14471104143915,66.16158322351299,66.47818338403806,4137000
2019-06-03,69.11099243164062,69.78585999615154,67.11972979382905,67.1530571364689,7071800
2019-06-04,71.52714538574219,71.6187939563768,69.36091973441353,69.44423488320724,7952700
2019-06-05,71.22721862792969,72.82689901373541,70.92727895287484,71.96873439222098,6744500
2019-06-06,71.40216827392578,71.68544740286856,70.56900408703498,71.21887749230197,4558400
2019-06-07,72.36029815673828,72.84353484256364,71.69377071513468,71.86873440692578,5214100
2019-06-10,72.94355010986328,73.30181107747632,72.61028305869344,72.76857998168039,3019500
2019-06-11,73.1934814453125,73.85168199575945,73.01018428486664,73.31845735984733,4285000
2019-06-12,73.53507232666016,73.64338138173589,72.97684749493904,73.24346613488838,3650900
2019-06-13,73.56839752197266,74.27658578330892,73.2934518249065,73.70170048154112,3200300
2019-06-14,73.14350128173828,73.9266778287347,72.7102522468527,73.59341080725495,4300800
2019-06-17,72.60192108154297,72.98517581487307,71.88539942810995,72.86853334631773,4194500
2019-06-18,72.04370880126953,72.99351547297098,71.88540557047317,72.91020032496071,4389100
2019-06-19,71.78543090820312,72.2769947377015,71.34384854034218,72.10203101754757,4088200
2019-06-20,71.82707214355469,72.22699368529877,71.21886594539596,72.2019997807905,3814800
2019-06-21,72.98518371582031,73.81834792800214,71.70211006627568,71.95206187254563,7847600
2019-06-24,72.25201416015625,73.31013009819291,72.02705622378005,72.86855400539321,3059000
2019-06-25,71.40216827392578,72.69357530622183,71.28552579628413,72.60192673714079,5061300
2019-06-26,71.3105239868164,72.1520216459361,71.2605361666936,71.70211219521484,2978100
2019-06-27,71.5438232421875,71.81043557329016,71.06058640564538,71.32719873674803,2941600
2019-06-28,72.16036224365234,72.59360489305455,71.4438404201285,71.48550117873263,5284100
2019-07-01,72.43531036376953,74.01831753787063,71.66046726678194,72.94354112397319,4780700
2019-07-02,72.51860809326172,72.52694151455955,71.85207423327081,72.41029904254184,2323600
2019-07-03,73.2351303100586,73.30178496785867,72.83520871979619,72.90186337759626,1532900
2019-07-05,73.85166931152344,73.96831178331185,72.85187488004053,73.11015373092371,2032000
2019-07-08,74.07665252685547,74.4932347418803,73.27680908025246,73.77671282351437,4734400
2019-07-09,73.15180969238281,74.48487096594579,73.15180969238281,73.71002810747831,3986900
2019-07-10,71.52714538574219,73.31844968922992,71.38550899713903,73.19347378777015,5638400
2019-07-11,72.04370880126953,72.66858194615408,71.70210843092757,71.9853875620085,5307700
2019-07-12,72.92688751220703,74.05165831349677,72.26035972755491,72.5269721127239,4732000
2019-07-15,72.31866455078125,73.49342292085912,72.02705195745243,72.94353778241862,3174200
2019-07-16,73.57673645019531,74.00165201812484,72.56860842160883,72.83522074027186,5276900
2019-07-17,73.20179748535156,73.41842192866916,72.66023955532634,73.36010069660722,3671100
2019-07-18,73.73503112792969,73.75169161492353,72.51027874638574,72.91020035615985,3847300
2019-07-19,73.32678985595703,74.26826320134941,73.3184564333496,74.01831137543832,3420400
2019-07-22,72.66859436035156,73.8516861912083,72.38531518087719,73.526752608882,2850200
2019-07-23,73.76837158203125,73.78503207198904,72.22701882108699,73.11017098925775,4304000
2019-07-24,74.22659301757812,74.57652680071755,73.08516217034959,73.33510760797697,3204700
2019-07-25,73.29346466064453,74.17661678663173,72.83522175194976,74.0016530460044,3603500
2019-07-26,72.53529357910156,73.18516082047796,71.96041444217484,73.18516082047796,5315900
2019-07-29,72.67691040039062,72.86853459206274,72.20200709699992,72.6185891651159,3328800
2019-07-30,72.38530731201172,72.7269077035756,71.83542221575162,72.71024085901512,2733400
2019-07-31,71.98538208007812,72.91019477260272,71.51047878039289,72.34364291012403,4470600
2019-08-01,68.83602905273438,72.51861332114436,67.51129465855001,71.8104250166868,7100500
2019-08-02,67.91954040527344,68.92767464567326,67.86121916758023,68.76103799759396,5134500
2019-08-05,67.31132507324219,67.96119202206027,66.6781186087237,67.73624052306067,7255600
2019-08-06,68.96100616455078,69.3276004898482,67.29467756816494,67.61961749247618,5546300
2019-08-07,69.16097259521484,69.36093025395378,67.59461959156499,68.26948701918536,4762100
2019-08-08,69.81916809082031,70.50236253524047,69.13597364640015,69.76084684641391,4464100
2019-08-09,68.66107940673828,70.29408082399203,68.36113972228966,69.56922552715123,4966300
2019-08-12,68.34444427490234,68.45275966684511,67.52794708622581,67.7528985771567,5194200
2019-08-13,70.1857681274414,72.18536398300218,67.66128098186867,67.98621459328655,8412100
2019-08-14,68.22782135009766,69.33593135132905,67.61128157204139,68.20282743912144,7011500
2019-08-15,68.7860336303711,70.0274528526704,68.32779713887433,69.45256752632424,5389000
2019-08-16,70.16077423095703,70.3690653335391,69.29428248143086,69.40259792295913,4861100
2019-08-19,72.1353759765625,72.38532148506053,71.41052065318426,72.06872129834703,7353800
2019-08-20,71.80793762207031,73.14284826548416,71.80793762207031,72.39563650858389,8797200
2019-08-21,86.4751205444336,86.794152663811,82.38644020887628,83.84728666294752,41449400
2019-08-22,89.26248931884766,89.43039964152929,86.79416786214446,88.48169414817836,17105700
2019-08-23,86.8864974975586,88.94343363629596,86.68500388252075,87.96113865158253,8989600
2019-08-26,87.96114349365234,88.77552183952521,87.12157924518415,88.07868838137543,5583100
2019-08-27,87.90238189697266,88.23820890663877,87.53297795117064,88.1626511922818,5319900
2019-08-28,89.32965087890625,89.59831122298577,87.73447728358566,87.87720169020369,6641000
2019-08-29,90.61416625976562,91.13469838059804,89.77460204218431,90.66453806310318,5196600
2019-08-30,89.86695098876953,91.7895537380197,89.69064327884263,91.09271392828498,5309000
2019-09-03,89.58990478515625,90.23637287667343,89.00221234320173,89.64027659293315,3992100
2019-09-04,90.1356201171875,90.60577405646656,89.67385720870485,89.83337646897468,3963700
2019-09-05,91.1263198852539,91.8483457748741,90.8576595360023,91.7140123975643,4144400
2019-09-06,92.22613525390625,93.1412636536378,91.34459659952319,91.47052611774423,5274400
2019-09-09,90.63095092773438,92.57873957468344,90.26993807308851,92.01623310976461,5005500
2019-09-10,91.3697738647461,91.3697738647461,89.69903648680993,90.17759423227398,3949200
2019-09-11,91.48731231689453,91.94067775561008,90.58058143946342,91.26062639485347,3704700
2019-09-12,91.46212768554688,92.11698674877292,91.13469815393385,91.87351235763589,3185700
2019-09-13,90.66453552246094,91.6552215276601,90.53020858220275,91.57126638932793,2508300
2019-09-16,89.79978942871094,90.62256519390671,89.24568036673563,90.04326382447941,4642500
2019-09-17,90.06843566894531,90.2195574632368,89.14491643954881,89.52271772259463,4325800
2019-09-18,89.80818176269531,90.41266899986806,89.00220091492044,89.93411767133404,2950900
2019-09-19,90.56379699707031,91.29421378742224,89.73262378648342,91.13470093725618,2938700
2019-09-20,89.55632019042969,91.13470513591423,89.49755094705742,90.93320509689464,4199800
2019-09-23,91.32780456542969,92.69629848939293,90.00968885568784,90.1859965920443,4945300
2019-09-24,90.211181640625,92.51998346991883,89.90054694848234,92.51998346991883,5397700
2019-09-25,89.66545867919922,90.7820741916046,89.5143368677311,89.89213819371815,3934100
2019-09-26,89.23728942871094,90.16920630592227,87.88559040520143,89.7494241596241,5166600
2019-09-27,89.09456634521484,89.67386135996749,88.59922007451452,88.9518355452974,3188600
2019-09-30,89.7578125,90.1607997326019,89.34642142645374,89.55631247833249,3639000
2019-10-01,88.94343566894531,90.79047439396403,88.8762689939422,90.11042942431592,3557400
2019-10-02,88.28857421875,88.96022173455766,87.32307410907457,88.07028573356342,5637600
2019-10-03,89.51433563232422,89.581495898987,87.64210468305085,88.34734192862442,3512600
2019-10-04,91.5964584350586,91.73918282033463,89.44717600381085,89.6402721943921,4116400
2019-10-07,90.63095092773438,91.386559972966,89.95090598970911,91.22704713395949,3755600
2019-10-08,91.10950469970703,92.37724844264095,89.86695326342866,90.61416489337935,4339800
2019-10-09,92.6543197631836,93.40153150277641,91.95747983356007,92.28490940909546,5832000
2019-10-10,92.83061981201172,92.84740827882132,91.58806189099153,91.98265811737025,3647000
2019-10-11,93.88848876953125,94.8204057697349,93.36795653349063,93.90527723923731,4563100
2019-10-14,93.31755828857422,94.22428912472043,93.14964161223256,93.9052506423544,2356300
2019-10-15,93.93883514404297,94.28305953079285,93.4770722850776,93.66177742866374,2706100
2019-10-16,94.19072723388672,94.20751570266,93.34276544006278,93.85490021011181,2315700
2019-10-17,95.06387329101562,95.46686058828844,94.3166551334774,94.3754307865876,4100800
2019-10-18,94.71123504638672,95.49203000607959,94.36701705628906,94.75321581839773,3887700
2019-10-21,95.44166564941406,95.55080669764376,94.65247319268038,95.13942200238273,2886500
2019-10-22,95.03028106689453,96.40716594706319,94.92113361316834,95.66834529550255,3509100
2019-10-23,93.49388122558594,95.03028543623145,92.95656058449143,95.03028543623145,5157800
2019-10-24,92.56195831298828,94.03119574652777,92.36885571764738,93.88847136170055,3840100
2019-10-25,91.52930450439453,92.34368296553181,91.11791975792183,92.2849137160357,5659700
2019-10-28,92.11698150634766,92.75505206731222,91.52928274572866,91.6552186519589,4448200
2019-10-29,90.79888153076172,91.99945875190527,90.61417635745235,91.73079842855546,3004700
2019-10-30,90.61416625976562,91.31939712795794,90.0180764339269,90.68972396477196,3567800
2019-10-31,89.7578125,90.61416517330397,88.91824829248505,90.37908822005843,6467400
2019-11-01,90.5218276977539,90.98359065105922,90.19439811463474,90.72332134766548,3104000
2019-11-04,91.31941986083984,91.64685588014517,90.8492658316724,91.09274028402504,3195600
2019-11-05,92.40242767333984,92.70467127772172,91.36976736284022,91.48730583061472,3292400
2019-11-06,92.78025817871094,92.85581589568879,91.79796302042526,92.25972597540432,3234400
2019-11-07,92.847412109375,93.91366234873274,92.63752103607735,93.71216871186981,3494300
2019-11-08,92.47802734375,93.17486738881895,91.86514246432789,92.82224544451257,2805400
2019-11-11,92.72985076904297,93.07407511899908,92.15055590514864,92.88097256079054,3082700
2019-11-12,90.96678161621094,92.58714081097436,90.59737771643981,92.53676900767981,5429600
2019-11-13,91.15989685058594,91.70561494832589,89.85017213493653,91.20187122403206,3653900
2019-11-14,93.28398895263672,93.401527441032,91.98266173850242,92.94816195492136,5968400
2019-11-15,95.04705047607422,95.44164662578935,93.46867228257942,94.07315945615444,5340300
2019-11-18,93.99762725830078,95.92862789531372,93.91367210133672,95.56761495553714,6898000
2019-11-19,93.61758422851562,93.82871996490982,92.35076981015045,93.24598971394074,7377500
2019-11-20,106.7755355834961,107.42583063817025,99.96007613958568,103.30446451365906,32365500
2019-11-21,107.80587005615234,108.07612344515238,106.1674552609558,106.9022096826195,10804300
2019-11-22,107.27381134033203,108.05923631215141,106.64885154401483,108.05923631215141,7537100
2019-11-25,105.72833251953125,107.67077741182878,105.63543228083971,107.47653614427466,8365300
2019-11-26,107.16404724121094,107.96636041269905,105.5678616879571,105.78744464440632,7581400
2019-11-27,106.32794189453125,107.38362041524074,106.2097064156798,107.38362041524074,3430400
2019-11-29,105.57630920410156,107.07114729453659,105.52563224887685,106.41240486677367,2660000
2019-12-02,104.70641326904297,106.5812927668034,104.64729553411381,106.15902139063802,4194400
2019-12-03,104.75709533691406,105.21314924672049,103.31292784420233,103.54095157743026,4237200
2019-12-04,105.16246795654297,106.01545799951444,104.97667395059747,105.57629857301099,3935200
2019-12-05,105.29759216308594,105.84654624882425,104.42771414635982,105.61851609407375,2614100
2019-12-06,105.59317779541016,106.7502036692998,105.44960707595408,105.71141326359161,4305300
2019-12-09,106.7924575805664,107.40897679298608,105.48341982344762,105.55098480846516,3508700
2019-12-10,106.21814727783203,106.89378410889185,105.83810558745485,106.48840072158589,3573800
2019-12-11,106.24347686767578,106.31948261974976,105.33981641403727,105.90565849064231,2816200
2019-12-12,107.69610595703125,107.98325388873208,105.6776489755331,106.1252621174006,3677400
2019-12-13,107.4427261352539,107.6200793336909,106.55595369971932,107.0204547742088,2970000
2019-12-16,106.37859344482422,108.10146125680647,106.37859344482422,107.92410807013393,4488100
2019-12-17,108.42241668701172,108.8700233726867,106.41240055282503,106.8093367286804,5617300
2019-12-18,108.16905212402344,109.01359499236837,107.89035143106543,108.53219937179504,3940200
2019-12-19,108.69264221191406,108.92911313545362,107.56940532510121,107.86499397952565,3292700
2019-12-20,109.07271575927734,109.99327735956865,108.52376800188658,109.32608121911254,6224900
2019-12-23,108.38861846923828,109.40206723890192,108.10991780240822,109.34295594474419,4051800
2019-12-24,108.56597137451172,108.86155360032176,108.05924057783814,108.86155360032176,1643400
2019-12-26,108.85311889648438,109.28383107704185,108.04235859717903,109.05581380382328,2197900
2019-12-27,109.12338256835938,109.14026414619963,108.29572133296372,108.94602290743155,2233600
2019-12-30,108.85311889648438,109.7483321855059,108.44774196850675,108.94601911817719,2546500
2019-12-31,108.27883911132812,108.92068700635893,107.56941980188581,108.4392914200604,4059800
2020-01-02,106.47152709960938,108.86157869842894,105.7874493870751,108.72646162330419,5149800
2020-01-03,105.36515808105469,106.0154531806811,104.66418603360995,105.28070509249086,5018500
2020-01-06,104.36859893798828,105.27225946038857,104.06456301985827,104.69797010873744,4226900
2020-01-07,104.55440521240234,105.08646487712646,103.87876836924592,103.87876836924592,3641600
2020-01-08,104.2165756225586,105.7789784061552,104.1658986765748,104.76552969337627,5731600
2020-01-09,104.30104064941406,105.49184914558809,103.59162775723844,104.30104064941406,5369700
2020-01-10,105.33982849121094,106.15902961199998,104.76553911741685,105.32293402658003,4678000
2020-01-13,104.61354064941406,105.29761839739983,103.81966819091592,105.22160617909499,3632800
2020-01-14,105.78742980957031,106.12524820826884,104.25036221667453,104.38548571014393,3291900
2020-01-15,98.81151580810547,100.83841998514701,97.5953720132104,99.22534001034309,26743400
2020-01-16,98.23722076416016,99.0817635858752,97.82339658565789,98.92974562023247,9361600
2020-01-17,98.74393463134766,99.4786891274387,98.11052758265356,98.38078099902906,7303800
2020-01-21,96.31166076660156,98.52436520110334,96.12586032143766,98.52436520110334,8188000
2020-01-22,96.19342041015625,97.18998111181784,96.0836257290305,96.39610886580019,5070600
2020-01-23,97.57002258300781,97.60380506610815,95.51778344894832,95.88093708808971,4641500
2020-01-24,96.54813385009766,97.96696602964025,95.97384448115541,97.96696602964025,4338900
2020-01-27,97.78117370605469,98.14432740252518,95.07019183194517,95.39111580703619,6779200
2020-01-28,97.4940185546875,98.35544933727354,97.4855713229254,98.09364314279787,3865100
2020-01-29,96.50589752197266,98.03452428593287,96.48900950199155,97.78115888276714,5250600
2020-01-30,96.84370422363281,96.87748670286767,95.34041933610119,96.08361454922101,4466400
2020-01-31,93.52468872070312,96.10054741237255,93.21221193877551,95.77962339642343,6961900
2020-02-03,95.01952362060547,95.7796135203753,93.74426203562224,93.86249752632521,5186000
2020-02-04,95.64447021484375,96.95351410638253,95.602240498336,95.97384138488381,3626000
2020-02-05,97.57002258300781,97.8825057191736,96.15119050954262,96.28632044194397,3636700
2020-02-06,97.24065399169922,98.28788522203132,96.91973005880631,97.95851405730308,4024800
2020-02-07,97.63758087158203,97.67136335237191,96.66635548975817,97.13929733411787,2970800
2020-02-10,98.79462432861328,99.01420082795724,97.62915108483917,97.62915108483917,3862000
2020-02-11,98.5497055053711,98.92974720388636,97.22377351178714,98.87062946315397,3065100
2020-02-12,99.74893951416016,100.28944633049444,98.36388999188486,98.52435516788549,3764800
2020-02-13,99.89251708984375,100.07831752885018,99.16620979737313,99.5209162118309,2654900
2020-02-14,98.49900817871094,100.04452279389567,98.22031399767941,99.90939931875145,3289100
2020-02-18,100.0788345336914,100.11280928497756,98.8217946561886,99.33140296543846,3122500
2020-02-19,99.7051010131836,100.33361760011857,99.41632539865296,99.95990836249186,2866700
2020-02-20,100.44406127929688,100.46954072434652,99.00865872796575,99.3483997820113,2659300
2020-02-21,99.3823471069336,100.97062589021424,99.20398456079073,100.07881315949993,3856500
2020-02-24,96.63895416259766,98.51601517960476,96.07838704151035,97.23350251044094,5304900
2020-02-25,94.8893051147461,97.80257348160306,94.81286030790808,96.98719892878286,5095900
2020-02-26,93.98900604248047,95.73016839349468,93.67474443726293,95.28001425630575,4318300
2020-02-27,89.70826721191406,92.90181562285163,89.64031771891021,92.05246640036434,6713400
2020-02-28,87.48297119140625,88.50218768123972,85.56344010619881,86.81198451825806,9174100
2020-03-02,92.63004302978516,92.9527999473941,87.44051770318862,87.80573820257341,9691100
2020-03-03,89.8951187133789,95.29698029375423,88.29834450585437,95.1271130410462,10927400
2020-03-04,91.57684326171875,91.78918059134433,88.90139161243225,90.88037707974769,6834800
2020-03-05,90.00555419921875,92.10344818979368,89.3940216131378,89.72526735059473,5294900
2020-03-06,89.98853302001953,90.39622343228298,87.27061853832751,88.4682038593357,5370800
2020-03-09,88.35779571533203,91.45792157295571,84.73107750404336,84.73107750404336,7346600
2020-03-10,92.01000213623047,93.08017748291249,89.01180044017097,90.23485890495333,7461000
2020-03-11,89.67428588867188,91.71272516914564,87.83968859223954,90.05649041875202,6102500
2020-03-12,78.66673278808594,86.23443151690454,78.48837021656719,84.2894208845991,10208800
2020-03-13,85.80127716064453,89.3005991692477,78.59030226449195,82.08962427309513,9267200
2020-03-16,79.66046905517578,84.88396837769741,77.42668280103346,78.641246040038,6963700
2020-03-17,88.01805877685547,90.44719810422782,80.73913610148318,80.79010146193141,10586400
2020-03-18,87.33008575439453,92.02698586187434,82.25946991987524,84.03461314329256,8845700
2020-03-19,85.35958099365234,90.98227413420031,84.77352806546294,87.24513695389727,7414200
2020-03-20,82.72660827636719,87.04130350159498,81.86026851696096,84.34037295289157,8057200
2020-03-23,82.12358093261719,84.25544288129673,79.67745094908231,82.00467255619763,7104300
2020-03-24,85.4105453491211,86.33633925861562,81.53751543935785,85.05382027427859,6498600
2020-03-25,77.32478332519531,84.36589182818845,76.88311793314938,84.18752920140855,12563200
2020-03-26,81.59699249267578,81.93673353158367,77.46915409799512,77.6220372415026,7014000
2020-03-27,80.46733856201172,83.09183086726836,78.93001863771525,80.2550012694837,4902800
2020-03-30,81.54602813720703,83.04087824013827,81.11285817964287,81.69041596305478,4485600
2020-03-31,78.96400451660156,82.20002323742354,78.27603366540843,80.92599930260911,6388400
2020-04-01,80.91751861572266,81.65645496423573,77.53711146004468,77.83438246920902,8581000
2020-04-02,80.14459991455078,81.25724541628276,78.24205931005694,80.06815510846629,5929200
2020-04-03,78.62425994873047,79.9492427074062,76.58582044921512,79.4396344525325,6815300
2020-04-06,82.8200454711914,83.08334165964625,78.25054245336501,79.17633648635267,7107800
2020-04-07,83.4570541381836,86.344842711827,82.41235177182872,83.87323343143775,6599300
2020-04-08,88.86739349365234,89.76770794093376,84.93490951587432,85.23218040317602,7542900
2020-04-09,88.5021743774414,89.03726846218505,86.20893438002967,86.63360893362588,7069200
2020-04-13,88.90987396240234,89.495926980365,87.40652873895829,88.50218349772831,3235500
2020-04-14,92.05245971679688,93.35196937606719,89.92908681474843,92.1458886428886,5032300
2020-04-15,90.23487091064453,92.57907687340455,89.39401688922779,92.37523484882314,4225600
2020-04-16,92.83386993408203,93.33498285049602,90.58309326336168,90.8803641866598,5950300
2020-04-17,96.33318328857422,96.88526155643906,92.09493265746354,94.19282618733794,7617500
2020-04-20,92.56208038330078,95.55178677152078,92.34124777280093,95.55178677152078,5329600
2020-04-21,90.79544067382812,91.95055623015159,89.9545866885703,91.95055623015159,4519700
2020-04-22,90.74446868896484,92.17987096231812,90.3877435673096,91.89109533431731,2954600
2020-04-23,88.21342468261719,89.60635710884588,85.35961032643613,85.52947760572398,16508000
2020-04-24,91.57684326171875,92.11193099956763,88.21342073805211,88.75700378349191,6088600
2020-04-27,93.32648468017578,94.44762532793838,92.16288046182805,92.3072682658534,4340700
2020-04-28,95.12712097167969,96.72389531232537,93.52185132368426,94.71094163183443,4904700
2020-04-29,95.21204376220703,96.85978327928296,93.52184067325994,96.40113393494161,4929800
2020-04-30,93.20758819580078,94.44763736730438,92.48564260362673,94.34571960089251,4769600
2020-05-01,91.92505645751953,92.98674283844801,90.11593871720498,92.45164875524763,4590500
2020-05-04,94.88080596923828,95.15259747585063,91.41545939991542,91.58533314156105,4578300
2020-05-05,94.92328643798828,96.29922825614864,93.82762498425453,94.87232106989322,4201100
2020-05-06,96.46908569335938,98.20175887492232,95.60274586256776,95.88303265958977,4913900
2020-05-07,96.28224182128906,97.92148630874127,96.06140917820677,97.47133219478133,3689800
2020-05-08,98.38011932373047,99.22946852314794,96.92773297032902,97.42884588757566,4266900
2020-05-11,102.07478332519531,102.55041678592873,98.46504935922363,99.22096960075493,5996300
2020-05-12,101.40380096435547,104.4274820575018,101.40380096435547,102.77125370142899,4897000
2020-05-13,101.19145202636719,102.45698038060121,100.34210291989775,101.4547481757665,4677900
2020-05-14,101.87094116210938,102.62686140232682,99.47577677040489,100.172242828134,5635600
2020-05-15,102.72029113769531,104.17267744707482,101.75203359810897,102.2191717556175,8354200
2020-05-18,106.3385009765625,106.63577833509059,104.27458247717303,104.69076818710471,6320900
2020-05-19,105.16873168945312,107.55951494883139,104.82719029320475,106.8252032269235,7914900
2020-05-20,102.14610290527344,106.65443769040432,101.85579694761282,105.95427423269486,12897000
2020-05-21,101.33494567871094,102.77795465373974,100.44694065672091,102.14610079244129,7620700
2020-05-22,100.31886291503906,101.91556520966869,100.05417142512499,101.46302562457932,4902900
2020-05-26,98.29524230957031,102.42787435838702,98.03054430450155,101.43741146407275,7274600
2020-05-27,100.25057220458984,100.2847204857763,97.53532784498572,98.73071311734634,8260300
2020-05-28,101.12149047851562,102.66695742452454,100.29325465186088,100.72017979843667,6137300
2020-05-29,104.45149993896484,104.83572993576291,100.89094605218723,101.3861742334389,8705900
2020-06-01,102.02657318115234,103.09388608395983,101.45449502869415,102.84626870878517,6020100
2020-06-02,101.48011779785156,103.12804931517316,100.91657992653556,102.17174104521594,5144600
2020-06-03,103.93920135498047,104.42589577228772,101.0104945239952,101.7277256592434,5815800
2020-06-04,102.4278793334961,104.80158208179783,102.07780410436446,104.06727031607505,3963600
2020-06-05,103.76841735839844,104.60519344970406,102.18879573654995,103.66595950003958,4578800
2020-06-08,104.48568725585938,104.56253067339598,102.95729409046234,103.1536760559641,3578400
2020-06-09,103.07682037353516,104.79306148562618,102.70966444436864,104.63082782653633,2923500
2020-06-10,102.46204376220703,104.32343781779491,102.27419563967851,103.10243153572083,3653700
2020-06-11,100.76287078857422,103.2646523055349,100.56648236288058,101.24102484854416,5005100
2020-06-12,99.8150863647461,102.24855805097884,98.0305361186022,102.10340508525054,4953400
2020-06-15,100.88240814208984,101.34348805790685,98.38916698043676,98.58554888950893,4593800
2020-06-16,101.7874984741211,103.59766354408256,100.0883381177955,102.83773726095579,5138000
2020-06-17,100.98487091064453,102.00949516704448,100.56648609265393,102.00949516704448,3808600
2020-06-18,100.1566390991211,100.97633457514414,99.7894832230978,100.9592539217325,3261100
2020-06-19,102.940185546875,104.96381301386451,101.80456964883533,102.63279893127253,12611200
2020-06-22,104.53691101074219,105.11752957818683,101.69358744453407,102.88897937919798,4671200
2020-06-23,103.74281311035156,106.24459478996575,103.53789085909291,105.04920304796195,4307000
2020-06-24,102.22296905517578,104.16120656130272,101.29226874878002,103.46104950672047,4181600
2020-06-25,102.29981994628906,102.41935848769185,101.00197013347514,101.94120432208071,2759500
2020-06-26,99.91756439208984,103.01704531011043,99.6870276655206,102.4620412836186,6670800
2020-06-29,101.24104309082031,101.84727610162024,99.70410974346723,100.31888308240846,3258900
2020-06-30,102.40225982666016,102.83772527428403,100.98486529745165,101.50571446643931,3633900
2020-07-01,101.57402038574219,102.76941198480161,101.46302220340873,102.38518199534256,2836400
2020-07-02,101.71065521240234,102.96580974466094,101.51426676717593,102.44496702859672,2216100
2020-07-06,101.81310272216797,102.67549330492464,100.73725608972826,102.47057106746382,3766400
2020-07-07,100.80557250976562,102.0778142502972,100.59210991745162,101.01050128872723,3908300
2020-07-08,100.49817657470703,101.18125941277385,99.66994726507899,100.88241311400489,2845100
2020-07-09,100.66895294189453,101.87287849260346,100.01148455456449,100.29325672056308,2861000
2020-07-10,101.48865509033203,101.59111947948917,99.9517218247816,100.60064992738748,2033500
2020-07-13,101.37767028808594,103.96483619843646,101.07881740879853,101.93266788822046,3469700
2020-07-14,102.53034973144531,102.60719313465792,100.25910471475456,101.38618689573373,2578200
2020-07-15,103.88797760009766,104.78452313443375,102.47058930998303,103.58059093200309,3533900
2020-07-16,104.12703704833984,105.01504210427588,103.43542041936566,103.53788479617538,3109900
2020-07-17,103.88797760009766,105.20290801042185,103.70012946799969,104.71621353833238,2715500
2020-07-20,102.30834197998047,104.05873768865531,101.64233979287047,103.77696552815162,3825900
2020-07-21,102.63280487060547,103.30734739863756,102.47911155391004,102.76088372024513,3195400
2020-07-22,105.14315032958984,105.17730513140452,102.46206027358015,102.71821803000904,3876600
2020-07-23,104.46858978271484,105.535902728011,104.11851452412554,105.4078238717032,3267500
2020-07-24,105.62981414794922,107.18382134976268,104.22095992587933,104.63081091414638,3832900
2020-07-27,104.75890350341797,106.29583025381072,104.30636385167409,106.09090798996395,2423400
2020-07-28,105.27119445800781,106.27019765245943,104.27219126355618,104.69057604754393,2337000
2020-07-29,105.60421752929688,106.28730045372664,104.93821526087672,105.42490972736542,2095800
2020-07-30,106.37266540527344,107.08989648633626,104.01603689796916,104.45150234824895,3606300
2020-07-31,107.4826889038086,107.52538403070398,105.69814464660335,106.11652952985884,3267100
2020-08-03,109.15621948242188,109.49776742045998,107.79860062911473,108.01206320461793,3319200
2020-08-04,111.38477325439453,111.65801161454561,108.93422696962931,109.23307328309323,3924500
2020-08-05,110.46260833740234,112.64846300488914,109.85638192490109,111.64092591201256,3688800
2020-08-06,110.15523529052734,110.94077609420249,109.40385579889897,110.5736266764,1979900
2020-08-07,112.4947738647461,112.60577856981861,110.14668560570964,110.35161436229247,2303100
2020-08-10,113.51087951660156,114.50988296741262,112.06787018918878,112.76803380339625,3002900
2020-08-11,112.46916961669922,114.91971596230101,112.15324915506342,114.16833651067624,3915900
2020-08-12,114.92827606201172,115.36373510223399,113.36572817125091,115.36373510223399,4860900
2020-08-13,115.10757446289062,115.21857918805854,114.08295655193048,114.40742388474524,2324800
2020-08-14,116.57617950439453,116.97749018455166,115.45763770474352,116.05533030432174,3180900
2020-08-17,118.0362777709961,118.42050782501936,117.31903357093387,117.81426834030346,4632300
2020-08-18,117.46993255615234,118.3880749507065,115.5564376007574,117.56432090425487,5756800
2020-08-19,132.33172607421875,132.73502053862242,125.74173321855179,127.42355833533361,40211800
2020-08-20,130.6327362060547,133.94489085196284,130.18653561160278,132.9409362411649,12046000
2020-08-21,131.8254852294922,133.52446257271532,130.53837840426576,130.70999002900373,7061400
2020-08-24,131.49082946777344,132.67495876701088,130.96740553566877,132.57199441745811,4355300
2020-08-25,131.15621948242188,132.38325530678426,130.73575978047398,132.2717018343402,2984400
2020-08-26,131.03604125976562,131.77398291720132,130.50402828329987,131.07035834221873,3061600
2020-08-27,128.97666931152344,131.0703649612881,128.42750431266109,130.99314170202456,3773100
2020-08-28,129.44004821777344,130.1436598067221,128.36745919738462,128.97668242881397,2835600
2020-08-31,129.74893188476562,130.34957901342347,128.98524915837376,129.68886062533713,3025600
2020-09-01,129.18258666992188,130.22943429686418,128.81360934577472,129.23406883302988,3603500
2020-09-02,128.5734100341797,129.45722249161335,127.35495026852485,129.13974027674786,4128200
2020-09-03,125.30413818359375,128.69351685622772,124.77213822134881,128.25590525113535,4135300
2020-09-04,126.33383178710938,127.4664921694693,123.29626519527562,125.87047905358952,4742100
2020-09-08,123.56222534179688,125.95623769681939,123.03022550581954,125.86184936206942,3503200
2020-09-09,126.6083984375,127.50937574680518,124.21437264154262,124.21437264154262,3279300
2020-09-10,125.31269073486328,127.28625677406096,124.68630253266963,126.65129257486814,2828100
2020-09-11,126.69420623779297,126.96021930549004,125.4328405383393,126.0163357572161,2356400
2020-09-14,127.37211608886719,129.0453526395233,126.8572680302976,127.46650446316727,2706900
2020-09-15,127.91267395019531,128.5733793155397,126.44536650740562,127.08891987662224,2206200
2020-09-16,126.98594665527344,128.47898198794152,126.91729939617792,128.14433478305463,2072500
2020-09-17,126.65989685058594,127.65526263597685,125.75034342684629,126.47112012945566,2391200
2020-09-18,127.69815063476562,128.2987978014182,126.35954868649185,126.75426716350711,3614800
2020-09-21,128.590576171875,128.70212963989803,125.6645496546393,127.58663423905799,3360000
2020-09-22,132.2115936279297,132.52049974057238,129.50866186902488,129.69743855414683,4334500
2020-09-23,129.57733154296875,133.17265208641376,129.02816648028133,132.04000487286442,2801300
2020-09-24,130.42681884765625,131.76540778829764,128.79648884931137,130.10074761073645,3223100
2020-09-25,132.4433135986328,133.13834927355862,130.21232292737014,130.3067112963804,2743300
2020-09-28,134.2538299560547,135.32641898995374,132.70071003674144,132.9581340235028,3627600
2020-09-29,134.66566467285156,135.94418208171348,133.7475224192567,134.50262908814784,2784200
2020-09-30,135.0775604248047,136.56201986540586,134.28813652884548,135.1033015121524,2806000
2020-10-01,136.09011840820312,138.0550959962897,135.66108274246872,135.92708276032334,3866000
2020-10-02,136.5191192626953,137.28280202924458,133.99638809655184,134.69142360291255,1978700
2020-10-05,138.56991577148438,139.2735273113619,137.2828090367829,137.2828090367829,2268600
2020-10-06,135.92706298828125,138.9903703876068,135.2406034043332,138.55275878573957,2932600
2020-10-07,137.87486267089844,138.67287562899247,136.9567333716412,137.34286276091999,2927000
2020-10-08,138.88742065429688,140.14021050887692,138.48412609726194,139.52239812759484,2189200
2020-10-09,140.47483825683594,141.41870869639334,139.09334313706702,139.17914239895745,2582700
2020-10-12,141.2128143310547,142.00223843529162,140.39763603954836,140.98113139067235,2436300
2020-10-13,142.1309356689453,143.0233240980213,140.85240466390044,141.21280614722198,2015200
2020-10-14,140.69793701171875,142.5771150519857,139.52238364665558,142.42265542613197,2284700
2020-10-15,141.97645568847656,141.97645568847656,138.25241701362603,138.8702292779733,1859000
2020-10-16,141.5131072998047,143.51241485975876,141.03258950040643,142.3626025407518,5047900
2020-10-19,140.76654052734375,143.26353010867157,140.56918787693553,142.61997690274936,2322500
2020-10-20,141.47021484375,143.6582993361889,140.56925042903632,141.53886212077063,2698500
2020-10-21,140.11441040039062,142.61140019856498,139.82266939738648,142.22527086010365,3033500
2020-10-22,136.9481658935547,140.19167391428013,136.72505900661847,139.9256739427428,3647400
2020-10-23,137.48873901367188,137.62603354233426,136.27027953132878,137.62603354233426,1816800
2020-10-26,135.54949951171875,136.76795896364453,134.11652227403576,136.29601721635336,2310600
2020-10-27,134.742919921875,136.33035688423107,134.44258976365816,135.63532130489628,2406100
2020-10-28,133.1812286376953,134.9488531076172,132.23734513767556,132.92380467467842,2655700
2020-10-29,132.35745239257812,133.93629989789338,131.60234571911238,133.20694740022708,2157700
2020-10-30,130.61561584472656,132.2631111886133,129.39715615580397,131.55949952289927,3694100
2020-11-02,132.4776153564453,133.10400368203042,131.1132852566853,132.14296810380364,2674300
2020-11-03,134.4855194091797,136.18451011415698,133.37002403232088,134.13372010543873,2545400
2020-11-04,134.39112854003906,136.85380217925427,133.21557499877244,134.9059765792185,3156600
2020-11-05,136.11585998535156,137.17986006055852,134.32248094541788,137.06831969039845,3114900
2020-11-06,138.57852172851562,138.92174502805267,136.03004879540774,136.1330131666429,3498000
2020-11-09,132.92381286621094,140.0029002732334,132.78651833172415,139.9943111816233,5092800
2020-11-10,135.63531494140625,136.48479701268212,134.3396191064269,134.75148959835238,3577900
2020-11-11,137.025390625,139.4966398455897,136.21880161032826,136.8194488255751,3336500
2020-11-12,136.88812255859375,138.140912501009,136.12443957445598,137.00825202486948,2708500
2020-11-13,139.7626190185547,140.25171271634505,137.80621804114247,138.14086523219655,2765800
2020-11-16,141.7362060546875,142.43125478142315,140.16594715297498,141.58175951083192,5035600
2020-11-17,140.47824096679688,141.9171550883605,138.29834773323896,141.3054003144037,6299900
2020-11-18,143.7610321044922,148.3017515055737,141.77930719907596,142.97695622257373,13092300
2020-11-19,147.65548706054688,149.43904280767407,144.6656712529824,145.36359294571605,6834900
2020-11-20,148.46542358398438,150.2748269854404,147.7244314378095,148.38788110464336,6652900
2020-11-23,152.98892211914062,154.24689044822634,149.56829688869357,150.1369680435097,5755700
2020-11-24,153.24742126464844,154.95342170498984,152.5925961328131,154.88449066786228,4688400
2020-11-25,154.93617248535156,155.5048304373602,152.80797473436445,153.1353806710364,3780700
2020-11-27,154.89312744140625,156.04769282274393,154.1865941157431,155.78920470000736,2371900
2020-11-30,154.6863250732422,155.15160629582385,151.85160678433297,153.58345475288377,8010000
2020-12-01,154.2727508544922,156.09937734403246,152.5925978903159,154.92757599386954,5034900
2020-12-02,151.9980926513672,153.54900827380473,151.1881693181358,153.38529868765127,3109300
2020-12-03,150.7142791748047,152.04979023763238,149.7320347884045,152.04979023763238,4214600
2020-12-04,150.8090362548828,150.9210508307962,149.2581208267582,150.2489896698173,2935700
2020-12-07,148.982421875,150.74011740411882,147.6899944383018,150.1542232768298,3430800
2020-12-08,148.81869506835938,149.73200824767088,147.97431292202896,148.62913801447394,2682200
2020-12-09,149.98187255859375,150.71424007273018,148.55158332310495,149.3615064600022,2853800
2020-12-10,148.54296875,150.12835619072894,148.25864632060708,149.56829648622005,2643700
2020-12-11,147.94847106933594,148.844548237757,147.3970359317113,147.76752545745487,2676500
2020-12-14,147.32809448242188,149.02548331598058,146.6215612778036,149.02548331598058,4016400
2020-12-15,147.68997192382812,148.8703845956116,147.03513370815284,147.03513370815284,3487900
2020-12-16,147.93124389648438,149.05135028463235,147.08686166731195,148.2069549082084,2193700
2020-12-17,147.54348754882812,148.4395645842235,146.72493983951412,148.19831256903058,3495300
2020-12-18,146.8369598388672,148.35340301157922,145.58761618235306,147.49178488332822,6715800
2020-12-21,147.99151611328125,149.11162224238265,145.5617599736829,146.15627855013472,4077400
2020-12-22,148.49989318847656,149.1547182484837,147.73305356201772,148.54296357811222,3103200
2020-12-23,150.70562744140625,151.92912358534298,148.10353705647793,148.20692702301514,4753000
2020-12-24,150.94688415527344,152.08421326429573,150.49883904093159,151.62755670155767,1941200
2020-12-28,151.98081970214844,152.90275740147817,150.68839252179774,152.6011858004967,2442000
2020-12-29,150.81764221191406,153.16986933693218,150.31791523123096,152.60119817612008,2359700
2020-12-30,149.8181610107422,151.69648217781685,148.9048479186968,151.38629913266473,1935200
2020-12-31,152.10150146484375,152.22212752000115,150.0077749759143,150.2748745875304,2571300
2021-01-04,153.04928588867188,153.4456230039078,150.02499678590695,152.08426430718734,3463100
2021-01-05,155.41004943847656,156.78864363030806,152.01527208757162,152.3340797184412,4843300
2021-01-06,162.7769012451172,163.25079386267075,155.18604735741758,155.375604404439,5610100
2021-01-07,164.65524291992188,165.73226566757378,162.9923129609772,163.02678505136222,4226700
2021-01-08,166.80929565429688,167.05054770846056,164.40537341475397,165.06882313732953,3321500
2021-01-11,168.25677490234375,171.89280419319778,165.59437823333758,166.3267457012002,7219100
2021-01-12,171.5481719970703,171.71186839527084,168.57557898179897,169.02362408293754,3866700
2021-01-13,169.5836944580078,172.289174984768,168.25679511431179,171.0484427169353,4098200
2021-01-14,170.6090087890625,171.80665751722876,169.65261209626425,169.7301677233289,3321200
2021-01-15,167.8432159423828,171.3327720313675,167.16253025077933,170.29881974777987,4289900
2021-01-19,162.1220703125,167.80013062742847,161.29491112384724,167.51579506718065,5347800
2021-01-20,162.2427215576172,162.58736360392786,159.0030284743912,162.41504258077254,3443200
2021-01-21,164.80174255371094,167.23149942091126,162.84586525277757,163.7936506798164,4585100
2021-01-22,165.35317993164062,165.75814160602965,163.259440514347,164.48293698796297,3257100
2021-01-25,163.8367156982422,166.38711166990208,163.04402843404773,165.05160066557096,3423900
2021-01-26,161.72573852539062,164.1899671796922,160.83827280365185,163.80224160711956,3463600
2021-01-27,153.6093292236328,161.72577307559214,152.35137370634328,161.64823057396202,6985900
2021-01-28,158.17584228515625,159.76121633268073,153.16121895237472,153.3076924423609,3965200
2021-01-29,156.09939575195312,158.10696809618537,155.31531989379215,156.9179305595128,3612300
2021-02-01,158.16725158691406,159.399359242269,154.81554433067635,156.96958972584213,2637300
2021-02-02,159.90773010253906,162.88031047723604,159.55446345974937,159.83018761429292,2920500
2021-02-03,159.49417114257812,161.06230968185025,158.2792861301281,159.56310218731846,2135400
2021-02-04,162.49258422851562,162.621834855652,159.01165224868038,160.1489815134231,2309500
2021-02-05,162.72520446777344,163.9917842010877,161.88943380981098,163.2680281098366,2218900
2021-02-08,167.11082458496094,167.56748111721632,164.12963337994472,165.72361894530354,3076400
2021-02-09,167.40379333496094,169.09257078208424,167.05915131583387,167.26594441566027,2868600
2021-02-10,165.80984497070312,167.54169320050093,163.81088399648087,167.0591890059654,2713500
2021-02-11,164.06072998046875,166.43879155719722,164.00041039381674,165.46515875224912,1862300
2021-02-12,164.9395751953125,165.31868932866234,163.87978842963076,164.6121692006249,1821500
2021-02-16,164.8012237548828,166.52196118525117,164.42075813658073,165.27680577776042,2500300
2021-02-17,167.4039306640625,167.94003405423604,163.51282702646503,163.5992880797188,3459300
2021-02-18,165.5102996826172,165.63999789212934,162.56170390791124,162.79517387915413,2983500
2021-02-19,163.27073669433594,166.40955174103507,162.87297357525887,165.97720683487802,3120100
2021-02-22,163.41773986816406,164.6455978746255,162.23310579900362,162.665450724974,2152600
2021-02-23,161.1435546875,163.1928648212455,159.19800308383287,162.63946400396705,2828100
2021-02-24,161.76614379882812,162.32818680234493,159.36230759030371,160.84957486675845,3738400
2021-02-25,160.0367889404297,164.55047072863832,159.6044440426635,163.01132394812018,4355600
2021-02-26,158.61868286132812,161.5499804568921,157.52916538010325,160.96198459186124,4340400
2021-03-01,160.9101104736328,162.19850293550385,159.83790364077748,160.78905443785501,3683500
2021-03-02,150.01504516601562,167.38666089365765,148.873648243471,162.5703321492872,22090500
2021-03-03,150.11878967285156,152.93767353890678,149.23680242381838,151.32070791077814,8285300
2021-03-04,146.8415985107422,150.98345601077511,144.25617178105264,149.04654650010085,7111700
2021-03-05,149.2541046142578,151.30341518667646,144.4464315111294,147.23937582789574,6008100
2021-03-08,152.93765258789062,154.3211612911947,150.11012696146759,151.5541570787034,4558600
2021-03-09,154.93508911132812,156.28401608284202,153.2230072549492,154.19146865968614,3752400
2021-03-10,154.41629028320312,157.05359654244737,153.99258757463014,155.61820845458095,3314800
2021-03-11,155.0561981201172,155.7219998387082,153.395981912866,154.90918922731586,3045200
2021-03-12,155.65277099609375,155.94677548922755,154.39897370807037,155.5576546118097,2441900
2021-03-15,156.5953369140625,157.19196182674509,154.40767265186636,156.02463844719742,3453100
2021-03-16,155.82574462890625,156.2407920118256,154.01853303575226,155.60957219282682,3437300
2021-03-17,154.26063537597656,155.35015282931252,153.80235089593185,155.2204414593776,2929300
2021-03-18,155.30691528320312,156.63853159640047,152.77336763815512,153.25760494616262,2859300
2021-03-19,162.1725616455078,162.8210789435884,155.32422056107106,155.54903514118976,7745200
2021-03-22,162.59628295898438,164.6196673521229,161.4721966444995,161.7834855362038,3952200
2021-03-23,163.35719299316406,164.97415867289848,162.06880046052171,162.36280501566173,2920200
2021-03-24,162.80380249023438,163.82414336532588,162.02558690963298,163.34856131312728,2489700
2021-03-25,166.6256866455078,167.2050271059113,162.27629892521884,162.6394669812576,3444700
2021-03-26,173.7593994140625,174.0015114840608,167.7757480378843,168.00921796042493,6046100
2021-03-29,171.39016723632812,174.63275391392227,170.7848738345487,173.01577505202775,3231800
2021-03-30,172.6352996826172,174.11392492946197,170.87133843509187,171.27774366458237,2810800
2021-03-31,171.2690887451172,174.08797231079478,171.23449376971755,172.9725152512081,3556600
2021-04-01,173.56053161621094,174.20904894343548,169.7904836928475,171.32963042726425,2730200
2021-04-05,177.5640411376953,177.95314887694337,174.66732526773657,174.66732526773657,2833000
2021-04-06,177.63319396972656,179.31934939476034,175.48876726564103,176.7425646581626,2494900
2021-04-07,176.7858123779297,178.12608409611732,176.4658814004574,177.90991166396182,2100400
2021-04-08,175.92977905273438,177.097102276949,175.03049434083334,176.69935238808827,3032600
2021-04-09,177.57269287109375,177.84074459051013,175.99895114609325,176.39671424834006,2900500
2021-04-12,177.34786987304688,178.42873204147324,175.94706353076586,177.5035076921235,3191300
2021-04-13,177.2095184326172,178.1260874511613,175.97300523645637,177.7456218523426,2393400
2021-04-14,177.87535095214844,178.12610519774228,175.5579753439734,176.63883763279466,2171300
2021-04-15,177.91859436035156,178.30771538220958,175.99033952041398,178.14342218526886,3370300
2021-04-16,180.33106994628906,181.14388051224645,177.97911251062854,178.12610820109234,4342300
2021-04-19,180.4175262451172,182.32849655887063,180.07165559365356,181.14387572378214,2924500
2021-04-20,179.2242431640625,181.1438554109016,178.49789376684797,180.64233378663462,2089800
2021-04-21,178.7919158935547,180.21000665566123,178.38551062690348,179.1983211602059,2836900
2021-04-22,177.7542724609375,179.552815471633,176.08541443675935,179.23288449665358,2499300
2021-04-23,178.13473510742188,178.8178474157307,176.32753665126506,178.07421368434828,2444600
2021-04-26,176.07681274414062,178.14342112649527,175.4023556616397,178.00506757261786,2675700
2021-04-27,176.70797729492188,177.5467273104441,175.80005052414745,176.58692127175976,2260000
2021-04-28,176.7944793701172,177.4775784953324,175.91249209444723,176.33618164515727,1598800
2021-04-29,179.31939697265625,180.21002652052638,177.92724569588782,178.22987924658997,1884900
2021-04-30,179.21559143066406,179.98516477436843,178.10878961486716,178.30767775557388,1802000
2021-05-03,182.691650390625,184.0232800021025,180.56452098191784,180.87579662738062,2249700
2021-05-04,182.9770050048828,183.17587996007222,180.806638405408,181.24762544364168,2203300
2021-05-05,183.6687469482422,184.74960910033985,183.03751395165213,183.87626403720938,2509000
2021-05-06,184.17893981933594,184.97445290568373,183.26237068059,184.7496382924072,2226000
2021-05-07,185.65756225585938,186.24554501674498,184.0146436353874,184.42969106625486,2298500
2021-05-10,185.0695343017578,187.97489220372466,184.80148260745872,186.34927135556535,3092700
2021-05-11,180.9276885986328,183.9713870282672,178.94754167631126,183.76386993186216,3297100
2021-05-12,175.49740600585938,180.44341835065134,175.3244575315672,179.82085398084084,3857300
2021-05-13,180.3829345703125,181.69726672324722,176.3015977749775,176.586946984148,3132300
2021-05-14,182.58790588378906,183.53905677101557,181.0919829927521,181.76645319214634,2650300
2021-05-17,181.6021270751953,184.73229943930127,181.03142872990347,184.04054506871574,2583700
2021-05-18,179.07769775390625,183.63206459285982,178.88686027391068,183.2243525014855,4794900
2021-05-19,189.99090576171875,190.69359090263984,182.00124929627663,182.4436689150956,13378700
2021-05-20,192.40249633789062,193.27867833939865,188.30791538634844,189.35758121236344,7086300
2021-05-21,195.2652587890625,196.9915857868693,192.4632419873975,192.76687179544163,5084800
2021-05-24,195.54283142089844,198.22339849057064,195.47342995552808,196.34959863649888,3821000
2021-05-25,195.4474334716797,197.1564067397983,193.67772894897854,195.66430811751223,4103000
2021-05-26,197.017578125,197.74627366319876,196.04598407406831,196.20212744497826,3186800
2021-05-27,197.24310302734375,198.51832670879753,196.0980120454724,197.72890000371189,6623100
2021-05-28,196.85272216796875,198.09325168019083,196.2107686296114,197.78962196571695,2632400
2021-06-01,197.15638732910156,198.47497551531995,196.09803810267852,197.40795606922927,3426400
2021-06-02,198.11932373046875,198.77861786530542,196.18479242704075,196.41035052244132,3331400
2021-06-03,198.8132781982422,199.7241541713183,196.9308082469383,198.08458271457138,3155400
2021-06-04,200.6871337890625,200.92136213007038,198.40562134895106,199.69818586111464,3085100
2021-06-07,200.2967529296875,201.8322291711132,199.8630036259949,200.8259276096716,2221700
2021-06-08,203.9488983154297,205.04194163691534,201.7367745399926,203.22887298727696,3441700
2021-06-09,201.20762634277344,205.4236700460596,201.16424876560615,203.5151757835014,3372900
2021-06-10,200.96469116210938,202.73438214993487,200.7391330967466,200.96469116210938,2579400
2021-06-11,202.07510375976562,202.1097978756765,201.07747253738674,201.07747253738674,2510200
2021-06-14,202.18789672851562,202.5609147574031,200.86929520446915,202.26596842242543,2904200
2021-06-15,201.75413513183594,202.13582335775698,200.17528148748158,202.13582335775698,2518000
2021-06-16,200.6177215576172,202.12717388758338,199.1429765843738,201.86692166007498,2767600
2021-06-17,200.58302307128906,202.06643823293092,199.37720057249578,200.00180061012748,2826600
2021-06-18,199.98443603515625,200.7131316270279,197.79833602256411,199.403213605665,4481400
2021-06-21,202.79513549804688,203.02935057102417,200.60903549141923,200.7478384333905,3049700
2021-06-22,205.7793426513672,206.34321142991874,202.89057081026667,203.41974547011353,2901400
2021-06-23,205.86607360839844,206.43862581388262,204.5908497129914,205.48437213807563,2246400
2021-06-24,208.0608673095703,208.08689120939533,206.74227892850624,207.71387315391735,2141900
2021-06-25,208.67677307128906,209.70909843511865,208.01746571988085,208.20831645455408,5987500
2021-06-28,209.29269409179688,210.14285219607538,208.0087999522228,208.9803940862813,2062900
2021-06-29,209.8045196533203,211.20119278200235,209.07581084580775,209.29268547301317,2089600
2021-06-30,209.7091064453125,210.75877228913194,208.89365568182978,209.75247078368614,2773200
2021-07-01,211.2099151611328,211.2619629665993,209.17997132605956,209.89999685463275,2125300
2021-07-02,213.90777587890625,214.2547699746429,211.85180872586523,212.10337745972785,2178900
2021-07-06,212.92750549316406,214.56707713881497,210.7587592297646,213.83838157118717,2305000
2021-07-07,214.74929809570312,215.4866640219505,212.9969470784801,213.06634856041737,2035800
2021-07-08,215.6427764892578,215.97243015168257,212.58050787487173,212.81473617380388,2292700
2021-07-09,215.6427764892578,217.52524662636083,214.60178094741428,215.72951839617514,2702500
2021-07-12,218.81781005859375,219.01733099233513,216.11120593964569,216.4408595808515,3056900
2021-07-13,218.3927459716797,219.85882054517543,217.3083728536475,217.3083728536475,2392900
2021-07-14,220.02365112304688,220.3879989084717,218.2713004281188,219.1301287175338,2578700
2021-07-15,219.41639709472656,220.80440003913415,218.635653711608,220.0843746699582,2646200
2021-07-16,217.87225341796875,220.38800713067872,217.6206846651864,220.25787440725838,3415900
2021-07-19,217.84620666503906,218.4534661700013,215.60805907419575,216.6837619181829,3187300
2021-07-20,220.9605712890625,222.40929234334118,216.60572466867603,217.82890085526907,2805200
2021-07-21,222.1230010986328,222.4526547952801,220.60489181870233,221.4290128233427,2262500
2021-07-22,222.95579528808594,223.63244305102896,221.19476117614545,223.29410593258098,2472200
2021-07-23,226.44313049316406,226.51251872404154,223.40688576867865,223.6237603918562,2016900
2021-07-26,226.29563903808594,227.61425366083466,224.7601762709641,226.31300595088152,2338000
2021-07-27,224.1268768310547,225.77514499164894,221.81067089834679,225.54958693305173,3036100
2021-07-28,223.31150817871094,224.56068184537045,222.40930219405294,223.19872912138405,2810500
2021-07-29,226.98968505859375,227.14582845160996,223.27679213890124,223.97946388143032,3055000
2021-07-30,226.46046447753906,228.55113896225382,224.44788815202082,226.1915420703803,2806600
2021-08-02,223.15530395507812,227.55352767005988,221.03861875038916,227.35399348596863,3174900
2021-08-03,227.45811462402344,228.41234178367836,223.7799030248398,223.9100225035243,2545000
2021-08-04,226.0093994140625,228.05670978788234,225.75781741824687,226.5906350994389,2397200
2021-08-05,226.76412963867188,227.90055069123295,225.53229644723393,227.08509988610354,2202900
2021-08-06,225.62770080566406,228.14344137403327,224.9770768755364,227.22389500403594,2441900
2021-08-09,227.6403045654297,227.96995826023002,225.6190180573983,225.63638497225446,2508800
2021-08-10,229.08033752441406,230.53772866514288,227.29329271457794,228.12608387014393,3369800
2021-08-11,228.16079711914062,231.67415558025007,227.67500005967744,229.49672579568727,2939000
2021-08-12,227.1805419921875,229.54013928872516,226.46050331486327,228.9762704826244,2266400
2021-08-13,226.88555908203125,228.75935896918213,226.0874488346706,227.88317703576763,3070400
2021-08-16,228.28224182128906,228.57718815617378,222.73025630649275,225.62769833337154,3397400
2021-08-17,221.66665649414062,226.71543205793012,219.4034273903528,226.71543205793012,6620500
2021-08-18,215.51239013671875,222.65898868425938,214.35465578266377,216.73976414542432,8908000
2021-08-19,213.62342834472656,217.20978370336516,212.74423945440105,212.85740553709343,5067600
2021-08-20,220.5785369873047,221.0834144870108,214.67671280603045,214.72023924749575,4146100
2021-08-23,219.8212127685547,222.16279437026012,219.65582027142244,221.32713190984617,2952900
2021-08-24,218.18472290039062,220.66558389022487,217.8626511506048,220.66558389022487,2466600
2021-08-25,218.61996459960938,219.58619314843676,217.10534539719157,218.05416071311618,2438100
2021-08-26,216.71360778808594,218.0628343207949,215.26861512719395,217.99319468000937,2919900
2021-08-27,216.90509033203125,218.0280112253208,215.59937701209634,216.0085015816015,2661100
2021-08-30,217.0618133544922,218.82017792495645,216.87900761974302,216.9312473171032,2092700
2021-08-31,214.9900665283203,217.27072170193802,213.63212667607385,216.87899704406357,3966000
2021-09-01,214.4590606689453,215.48622874235247,212.62235669575387,215.00746452518825,2862700
2021-09-02,213.9716339111328,214.97268895531573,213.39711675002664,214.42428500313207,2523300
2021-09-03,212.66587829589844,213.42318776975839,211.5255574570142,213.34484815847688,3351700
2021-09-07,211.28184509277344,212.909630263698,210.29820338461698,212.32641318792506,2725200
2021-09-08,214.2327880859375,214.30242774006095,210.99461722242972,211.29057579064994,2843300
2021-09-09,213.64955139160156,215.28604990786442,212.93575496390235,214.1109024358834,2474600
2021-09-10,212.86611938476562,215.6168257528966,212.56146086271372,215.19030116554293,1945600
2021-09-13,211.61264038085938,214.3546334243923,210.3069268777666,213.7017766728459,2872000
2021-09-14,210.8640594482422,212.75299031235568,210.46363474191836,211.8651012904421,1905800
2021-09-15,212.51791381835938,213.14465731697916,210.4810040890469,210.9423550974193,1953000
2021-09-16,214.9639434814453,215.44270771061625,213.04889984716496,213.4667244097126,2171400
2021-09-17,214.72024536132812,216.33933074014007,213.6582639148813,213.6582639148813,3735900
2021-09-20,210.7769775390625,214.2849934155283,208.53114872364293,211.94341174541393,3329100
2021-09-21,210.0544891357422,213.31877301220183,209.9935627435656,211.3863158947453,1960300
2021-09-22,210.45489501953125,211.85636130337627,208.6704173365131,210.9771724237096,2285900
2021-09-23,211.23834228515625,213.41453159449654,211.03813658777045,211.9608387297459,2038600
2021-09-24,210.1676483154297,211.3601957353743,209.2449462285466,210.0718954602397,1901400
2021-09-27,207.67811584472656,210.951100037757,207.06007218875635,209.1318088220462,2588400
2021-09-28,203.20384216308594,206.6161051894363,202.69896468150898,206.21568053770125,3173900
2021-09-29,205.3016815185547,206.84241381184415,203.52590380498168,204.1874737808792,2655500
2021-09-30,199.1387176513672,205.32780003805792,198.58161376811307,205.32780003805792,5425400
2021-10-01,198.83401489257812,199.76543006613716,194.85594870887851,199.5565111615551,3476400
2021-10-04,196.63174438476562,199.33892419220928,194.01161745543317,198.40750886955624,3816400
2021-10-05,198.08544921875,199.78287418628318,196.431550692929,197.65021136643867,2407300
2021-10-06,197.45001220703125,198.06804253961695,195.66553429702572,196.85808180145028,2789100
2021-10-07,200.05271911621094,201.51511182430627,198.81663201175343,198.94721132795038,2352000
2021-10-08,199.25186157226562,201.70660916501618,198.74699740759857,200.25291649198314,2004900
2021-10-11,199.09523010253906,201.2975328589001,198.76444504141693,198.9646640428366,1998600
2021-10-12,200.41831970214844,201.42806136789181,198.90368727992671,200.20940076316475,2167400
2021-10-13,206.08511352539062,206.1025267577501,200.66205385581264,201.51511628776316,3984700
2021-10-14,210.73345947265625,212.22197876707494,205.63247132852953,207.8696002578339,4281700
2021-10-15,213.8845672607422,215.31214672506297,210.7856629423059,211.7867178598941,3626900
2021-10-18,220.79612731933594,220.87448021678887,212.86609419083803,213.22299236926827,4365800
2021-10-19,219.5252685546875,223.66874138075462,219.18578356353038,221.56217850163029,3204800
2021-10-20,219.21189880371094,221.74498629788766,218.75924771717092,221.37067483717038,2209300
2021-10-21,221.28359985351562,221.3097130579478,218.8375523516764,219.02905803911437,1758400
2021-10-22,222.7808380126953,224.06915160327895,221.61440377039298,222.3891266068362,2205700
2021-10-25,226.6283416748047,227.19414553655082,222.92882014786852,223.55556368090654,2488400
2021-10-26,225.21817016601562,227.6380913639863,224.15618883080214,227.5423252306235,2439700
2021-10-27,223.31182861328125,225.79268950568138,222.5980322113625,225.40096484089932,2269700
2021-10-28,224.77418518066406,226.45419652390854,224.1735549591221,224.80901163888794,1735200
2021-10-29,225.99290466308594,226.132183967596,223.28573789520271,223.28573789520271,2417800
2021-11-01,224.5131072998047,227.89053074750635,224.13878255443493,227.67291181953325,1718100
2021-11-02,226.55003356933594,227.3682829225409,225.05281417462177,225.47933880338155,2228000
2021-11-03,226.68060302734375,226.889508715619,223.4685452460472,225.19209686875672,2397300
2021-11-04,226.70669555664062,228.50858664807257,225.818819897656,226.8982012750268,3031000
2021-11-05,221.3358154296875,227.40301761827382,220.06491531910922,227.19411199304074,4060300
2021-11-08,220.51760864257812,222.92883002842953,219.38598758652626,220.44796899333133,2523100
2021-11-09,222.11058044433594,222.33689934227004,219.85605159302202,220.0388440499367,2346800
2021-11-10,221.14437866210938,222.84180380807237,219.92570457809006,221.12696542711305,2093100
2021-11-11,222.85047912597656,223.34663005603917,220.83966922205056,221.3358467169218,2199400
2021-11-12,226.34107971191406,227.95146505394766,223.4336940904484,224.04303770034542,2497600
2021-11-15,230.09283447265625,234.14056780655926,227.54234699865822,228.75232099580083,4852400
2021-11-16,232.67828369140625,233.67400251124963,229.49017088914295,229.71727634611165,4355800
2021-11-17,221.68153381347656,224.62506832935858,219.64639443804055,221.84749138689176,11855900
2021-11-18,220.15301513671875,224.16215967267033,218.05672771163714,223.68174631031687,5786300
2021-11-19,218.97381591796875,221.75139262542297,218.72052139372428,219.3232037608032,3960900
2021-11-22,213.61956787109375,219.8297815231591,210.68477678087476,219.61141913051716,5568900
2021-11-23,217.6461639404297,218.1178341858423,212.62382876328004,214.56288793268047,4053400
2021-11-24,217.27932739257812,218.03049461520507,214.9734208788044,216.52816016995118,3052000
2021-11-26,215.36648559570312,219.63765383121736,214.67645291185494,217.21819458019598,3180900
2021-11-29,217.62872314453125,219.7424697482353,215.7507983559053,217.08717528581826,3027600
2021-11-30,212.9819793701172,215.7333540215278,211.584467796127,215.18307642568863,7907900
2021-12-01,209.9685516357422,216.9648782278667,209.828796499194,214.58909421768098,3851600
2021-12-02,214.43186950683594,215.4101287606732,210.841991239822,211.2787160249683,3684000
2021-12-03,216.23995971679688,216.97365430375808,214.26595476377238,215.50625180205026,4838700
2021-12-06,212.22207641601562,217.35796495903486,211.65433943747254,217.01732010635206,3772600
2021-12-07,214.54544067382812,215.0695024644206,212.8334735045447,213.6719910283901,3565900
2021-12-08,209.2785186767578,216.0302800040849,208.05568130327737,215.51494796538236,4929400
2021-12-09,207.4967041015625,209.36588588593207,205.98563988509818,208.8505537727715,2762200
2021-12-10,208.03823852539062,209.40956092125214,206.7368070310948,207.14732944719447,2487200
2021-12-13,204.53570556640625,208.33521692378702,202.98969593428353,207.81114179594687,3783500
2021-12-14,205.50523376464844,206.2738737259486,201.68826303714343,201.68826303714343,3364800
2021-12-15,206.70184326171875,206.85034142270882,202.24725828216458,204.03783263424268,3433500
2021-12-16,196.33401489257812,206.70185816497238,196.0807203536176,206.0991890906627,7302100
2021-12-17,195.05003356933594,197.6529097192963,193.4428894584734,196.37768073072758,5832300
2021-12-20,191.45143127441406,193.46909783724647,187.44230057207562,193.05857543475508,5233200
2021-12-21,192.22007751464844,192.84021932401728,189.08438303368447,192.05411994296864,3975700
2021-12-22,190.18496704101562,193.27697351416566,189.53860938152712,191.98427152297506,4182600
2021-12-23,193.04110717773438,194.0281095718167,190.66532300407755,190.89242844854073,3345300
2021-12-27,195.74008178710938,196.25541390798162,192.91009998010455,193.99318239883632,4335600
2021-12-28,196.4475555419922,198.70978683965254,195.3382708023607,196.0457628560258,3202400
2021-12-29,199.07662963867188,200.5178294638022,196.84933051094907,196.84933051094907,3065800
2021-12-30,202.5616912841797,204.27364496351134,199.84526261107467,199.84526261107467,4007400
2021-12-31,202.15118408203125,204.05529787416148,200.21212484121435,203.3128736868654,2485100
2022-01-03,202.59664916992188,202.88488916160654,199.81034257808784,201.82802251988045,3018000
2022-01-04,204.53570556640625,205.8196776346089,202.26474444392858,202.64905109952267,3327600
2022-01-05,199.8976593017578,206.42232833530446,199.81905204298786,205.09468132235645,3885800
2022-01-06,202.07257080078125,203.2167876472219,194.55216919270197,194.55216919270197,4193200
2022-01-07,201.57469177246094,203.68843814379005,200.10730288437773,201.05061669655532,3052900
2022-01-10,198.63992309570312,199.70553276331512,194.79674986442936,199.60945276614407,4858100
2022-01-11,198.75347900390625,199.76668383980805,195.6527299485399,199.225135970807,3048900
2022-01-12,196.06324768066406,201.0157056897582,195.74007556899093,199.3124815058556,4233300
2022-01-13,197.25112915039062,198.09837634743968,195.4343523426866,196.77072919415914,3459000
2022-01-14,193.3817596435547,195.9147717884936,190.7526808255963,194.27268207575975,5282600
2022-01-18,192.16763305664062,192.98867777616536,189.78311948764627,191.0932938287306,4652500
2022-01-19,195.5129852294922,199.408576906752,192.71794874668382,193.68747848438449,4091200
2022-01-20,193.66127014160156,200.29075022040985,193.15466771210447,196.54365684084402,4307900
2022-01-21,189.75694274902344,192.93629904724207,187.11039128806766,192.1589293660997,7859300
2022-01-24,192.66552734375,193.05857702466605,185.101450099626,188.13232148198404,5617700
2022-01-25,187.51214599609375,191.00594425198028,185.96614986386749,190.72644732195633,4929100
2022-01-26,184.9180450439453,189.68707302472598,183.7563553235539,188.333223300794,4207500
2022-01-27,185.32855224609375,189.81809653019707,184.63853284248842,188.07992681702615,4004300
2022-01-28,190.12379455566406,190.2286042547487,183.87863453322333,187.17153030545623,2906200
2022-01-31,192.53448486328125,192.79652240330222,188.95334957560436,189.45995193223612,4151100
2022-02-01,191.4863739013672,194.36003087645815,188.9533751037755,193.8971036019175,4117400
2022-02-02,190.07138061523438,192.2375320353489,188.07991646116741,190.63911756183492,4588500
2022-02-03,186.23692321777344,190.69152147156234,185.66918631364368,187.13657523201275,6357800
2022-02-04,186.9531707763672,188.22841322205053,183.89609677972135,187.02304835276757,3754700
2022-02-07,184.55117797851562,187.93143732051084,183.6864713206205,187.55584702571826,4402800
2022-02-08,186.00108337402344,187.49468800381572,183.99214669629956,184.36773694206482,2926600
2022-02-09,189.22413635253906,189.6957933110533,186.96190490140194,187.78294972528258,2562700
2022-02-10,186.77847290039062,189.97530186843105,185.7914838432318,187.25014318238172,3038100
2022-02-11,184.7869873046875,187.5732935414268,184.11442740980291,187.0579614982346,2852400
2022-02-14,182.17538452148438,184.734585382641,179.6773182002201,184.4638181464403,4066700
2022-02-15,181.74549865722656,183.6227939712712,180.53492374060116,183.6227939712712,4739300
2022-02-16,182.2982177734375,183.21054974223486,179.65774503126678,181.4823955833166,3340600
2022-02-17,178.95594787597656,181.54378856276048,178.84190303758334,181.22798341343992,3865900
2022-02-18,179.29808044433594,181.26309187497554,178.49979329574373,179.4121252900049,3321700
2022-02-22,172.24510192871094,178.2366053498588,170.6222117837481,177.7541367961807,5621300
2022-02-23,166.5869140625,173.57847778606194,166.33252181295606,172.72755880139954,4471300
2022-02-24,168.0343475341797,168.21855936701516,161.41122137144927,161.84107129063585,3917700
2022-02-25,174.7627716064453,175.0083963550474,167.8326199120173,167.99928333135486,4098500
2022-02-28,175.24525451660156,176.48214579817915,171.79771371459648,173.13111477530046,6192200
2022-03-01,192.49163818359375,199.2200413138633,191.71968061185413,198.98318415459897,15776100
2022-03-02,197.29013061523438,198.36035830183027,191.81619321288713,194.746154669712,6357700
2022-03-03,196.36026000976562,201.0534721556163,195.07072361486587,198.36035454358105,4604600
2022-03-04,196.58834838867188,197.45680238151468,194.43034462368846,195.3865274616159,3996100
2022-03-07,185.1316375732422,197.0357209590266,184.71934950683945,196.58833600258433,5743400
2022-03-08,183.17544555664062,187.6493495903348,181.3244790969649,185.29835273553863,4463200
2022-03-09,189.4827880859375,191.60569549433853,187.23706829475447,187.4826930603185,3183200
2022-03-10,188.4125213623047,189.02658314977938,184.28951977721107,187.37739054706776,3155300
2022-03-11,181.56129455566406,189.94765742202154,181.41216624023784,189.1844674002694,4042600
2022-03-14,183.13157653808594,185.01763984780524,179.78931327945818,182.64910798925786,3168500
2022-03-15,188.91253662109375,189.65817823721156,184.6667096320536,184.6667096320536,2866700
2022-03-16,189.1230926513672,191.8512940687256,185.74574589315785,190.29858435259712,3029800
2022-03-17,193.5443572998047,193.78120110605346,188.14935415878796,188.60552009487657,3655400
2022-03-18,198.2989501953125,198.37789812313468,191.30738702882618,192.01794515031017,6544800
2022-03-21,195.6234130859375,200.4131222735556,194.14966465008231,198.28143417496116,3023500
2022-03-22,195.42161560058594,197.0532729930615,194.52683228586272,196.24621851949342,2464000
2022-03-23,190.11436462402344,195.38654199863225,189.43012241519045,194.98302140652225,2993500
2022-03-24,190.39505004882812,191.86004405910953,189.62309246639532,190.38628251893454,2240400
2022-03-25,191.77235412597656,192.93029742732742,189.77225929001594,191.28110464143109,2465700
2022-03-28,192.57064819335938,192.57064819335938,189.87753007711973,191.28987908902252,2212000
2022-03-29,195.5619659423828,197.00064399988938,193.1671184609661,194.7461439266691,3072200
2022-03-30,194.71107482910156,196.22868754026499,193.54435074270717,194.45666919843245,2464900
2022-03-31,186.16680908203125,193.16714049537055,186.02644827228193,191.52671536124885,4615500
2022-04-01,184.6930389404297,187.8423225576332,183.87721686880576,187.1317643957561,3217100
2022-04-04,188.0879364013672,188.2633807026542,180.877064518471,184.3860040863799,3167000
2022-04-05,188.42127990722656,191.56178248259067,187.00893117061787,187.28088523582008,2538500
2022-04-06,189.43011474609375,190.4389295710702,185.0965720085665,185.68431781104894,3678500
2022-04-07,200.17623901367188,201.59735530408594,191.61441760731472,192.11444793796716,7938100
2022-04-08,204.6940155029297,207.08887673516102,202.30793518761007,204.39575880990074,6631200
2022-04-11,201.15875244140625,206.99237312799198,200.80786380132238,204.62382795802313,3172200
2022-04-12,202.9394989013672,206.5098510236844,202.10612850417695,203.78165021345418,3366600
2022-04-13,205.1150665283203,206.31687403325182,201.33417294315524,202.02719599581857,2451300
2022-04-14,208.08013916015625,208.9486066282728,204.49225122549277,205.19404190205267,3909700
2022-04-18,210.0012969970703,211.6417222487049,206.22041609282803,206.62393671783437,3341800
2022-04-19,215.84365844726562,216.85247326836114,210.07145096834194,210.80832510125742,4715700
2022-04-20,218.7122039794922,220.15963615922703,216.18576327322145,218.0981288627156,3735500
2022-04-21,217.7034149169922,223.58088691734568,217.2121654438466,220.05441174846013,3967700
2022-04-22,212.0101318359375,216.85247240613668,211.79082310304585,216.28227505483557,3431300
2022-04-25,211.99256896972656,213.0978800197312,209.01874347718785,210.52758843242398,3265100
2022-04-26,207.466064453125,212.72947412212605,207.3871165206203,210.15040124262865,2915500
2022-04-27,202.61495971679688,208.36961891085681,202.1763422369381,207.42220354809672,2995300
2022-04-28,207.36959838867188,208.448593780601,202.44830909330184,205.65021175580597,2317800
2022-04-29,200.57977294921875,206.8783270700717,200.193800801632,205.70283540866117,3220700
2022-05-02,201.57106018066406,204.39575799286825,197.51823870469457,201.8956328520426,3049000
2022-05-03,203.99221801757812,205.7028369509166,201.32542954634204,202.67636553688308,3027600
2022-05-04,208.2818603515625,209.2994559722164,201.0095894624524,203.38690175382854,3256300
2022-05-05,202.4307403564453,206.90464413497256,200.27274978885913,206.68533538868286,3466500
2022-05-06,197.5620880126953,201.46578084399044,195.31635530782492,198.12351784252715,3683300
2022-05-09,196.6760711669922,200.16746248549654,195.02687857947845,195.7988362256715,4672300
2022-05-10,192.21096801757812,200.66751317394582,190.0880608505934,198.772682296035,3748000
2022-05-11,187.28089904785156,193.7987484667267,186.30716769321464,192.4653475609303,3193600
2022-05-12,190.5968475341797,193.71103438508646,186.9036823849096,187.1668555555787,3547400
2022-05-13,192.75482177734375,195.88655681081124,191.0705323673226,192.98291141921294,3146700
2022-05-16,192.33377075195312,194.43912936491782,189.71961424065415,193.08819337561513,3345600
2022-05-17,189.62953186035156,189.8937897504672,184.2123055961971,185.53358160606058,6641600
2022-05-18,142.3542938232422,147.98292971959083,136.7080371480502,143.6403418644823,50936800
2022-05-19,135.14892578125,142.19573186781943,133.25510202177085,142.05480596103217,23319000
2022-05-20,136.84901428222656,137.23659087949522,132.9116091683596,135.31632867686042,12300200
2022-05-23,135.56292724609375,137.5096133490631,135.01680407327052,136.52306479410092,7700100
2022-05-24,132.08358764648438,133.96860800459493,128.17260756275346,133.51937889146504,10936600
2022-05-25,137.78268432617188,138.2759586372725,131.70481901469813,132.3390326834609,8107700
2022-05-26,143.7548370361328,143.86935193253038,139.04229367577736,139.15679513145938,7369700
2022-05-27,147.22540283203125,147.27825172975267,143.75484851401353,143.79009007297222,6315500
2022-05-31,142.5921173095703,146.9170840829634,142.19572373729318,146.6704469592931,8942100
2022-06-01,137.8707733154297,143.71962218890164,137.8355317560313,142.59213422105526,4480900
2022-06-02,141.73770141601562,141.86982365596518,137.48319056033014,137.90599516888483,4366000
2022-06-03,141.85223388671875,143.45538909905102,140.05530382700564,140.22266766133913,4187700
2022-06-06,140.6454620361328,142.74189148581084,139.83508081844906,142.16933033456428,3772300
2022-06-07,137.39511108398438,139.13038832445108,129.61719650724132,130.36592510201956,33299700
2022-06-08,138.029296875,140.6101963193088,135.07845520403288,136.029762096869,6576000
2022-06-09,136.135498046875,139.42987153890644,136.0826491477519,138.07336717878474,5744300
2022-06-10,131.83692932128906,134.52352678025622,131.80170120542266,133.45769146545703,5099600
2022-06-13,127.55599975585938,129.8285963892442,126.727997869194,129.07106417811593,5886000
2022-06-14,125.6973876953125,128.98295692511698,124.45538502706958,127.61764914163847,5200800
2022-06-15,129.87266540527344,131.48462424656586,125.17772825828611,125.53888037129715,6353100
2022-06-16,125.86476135253906,129.55552809343638,125.08960840245592,127.65288727453174,5630300
2022-06-17,122.70250701904297,124.90463380172244,122.06829343037407,124.27042021305353,10928100
2022-06-21,127.45909881591797,128.33994955195155,124.06783154661798,124.68442437369838,6555500
2022-06-22,124.0325927734375,127.12438752834753,123.53051483180475,126.12902187326642,4639700
2022-06-23,129.31765747070312,129.7492790467369,124.05017533712756,124.9222221553833,5211100
2022-06-24,132.49757385253906,133.00846892221233,129.02701959902103,129.63480879295503,6993100
2022-06-27,131.7840576171875,133.82762400161843,130.39231206883167,133.14937872303832,3607200
2022-06-28,127.30058288574219,133.28155491426082,127.13321905495286,132.5152188898242,4131800
2022-06-29,124.99271392822266,127.27412754696266,124.48183232971961,127.0274904164041,4238900
2022-06-30,124.40254211425781,126.16424353573565,120.81748671072229,123.4776461798389,5899900
2022-07-01,125.41554260253906,125.52124039868755,122.8786879692415,123.98855515095083,3010200
2022-07-05,128.3487548828125,128.65704454770318,122.70249895722198,124.5610943773183,3715100
2022-07-06,127.55599975585938,128.6746840138466,125.98808643712907,128.12856082932956,2828500
2022-07-07,132.09239196777344,132.2421349909848,127.93477511381373,128.4104286322076,3959500
2022-07-08,130.3571319580078,132.15406191356584,129.89028204756858,132.03074332289734,2544900
2022-07-11,128.94775390625,130.9913343062183,128.41923802606036,130.3571206262776,2050800
2022-07-12,127.33578491210938,131.82812920662616,126.49017570136112,129.18557690178477,3132800
2022-07-13,128.11094665527344,129.77575418361008,125.2834095817026,125.66218242715325,2769000
2022-07-14,128.859619140625,129.08864888229536,125.89115713203653,126.43728016393499,2976000
2022-07-15,129.1944122314453,130.96491787091483,128.4721214136217,130.29547596162473,3831500
2022-07-18,131.5638885498047,134.5763969596933,130.17214254043193,130.85040148439919,4362700
2022-07-19,135.08726501464844,135.24581169042563,131.91619709195348,133.3167599315609,3155900
2022-07-20,137.85311889648438,137.95001300011043,134.07427573649468,135.4748249646877,3248100
2022-07-21,139.75579833984375,139.8350716901479,136.52307735050718,137.83553650793363,3105200
2022-07-22,138.94540405273438,141.63198812457478,137.96765916917175,140.3635743173483,2779800
2022-07-25,138.7251739501953,139.59720749316594,137.9500210758087,139.52673782815677,2328000
2022-07-26,133.7219696044922,134.43545666497502,131.68720622734702,131.8897981658343,4620000
2022-07-27,136.17953491210938,137.27178126881185,132.83229928582819,134.7701682987122,3609300
2022-07-28,140.42523193359375,140.9889759039926,136.24119066307702,136.61996349358057,3114000
2022-07-29,143.9134063720703,144.49475767852925,139.6412746642588,140.93612640082367,5523000
2022-08-01,145.82484436035156,148.9606708800458,145.648676898483,148.54666995226097,4534700
2022-08-02,144.00148010253906,146.51191017308736,143.83411630574037,144.91757243005318,3109400
2022-08-03,147.91246032714844,149.43632840245837,144.79425450173696,144.79425450173696,4057000
2022-08-04,146.71450805664062,148.423360770327,145.983400274975,147.65702487034633,3157600
2022-08-05,146.3357696533203,147.0140151937316,144.81188786344373,145.38444903374972,2205400
2022-08-08,147.07565307617188,150.6166769093075,146.59998613701845,146.80259148996558,2806400
2022-08-09,145.44610595703125,146.2917287910526,144.38028382411818,146.0186671444504,2608600
2022-08-10,149.4539337158203,152.32550210266888,147.76270201797868,148.89899348470917,4539900
2022-08-11,149.39230346679688,152.37838718934998,148.7580898053062,150.68715523894718,4278800
2022-08-12,151.92913818359375,151.93795529341807,149.78867724801324,150.68714880354003,2357300
2022-08-15,152.730712890625,153.40897173989984,149.92079681291668,151.3565878541733,3788600
2022-08-16,159.71531677246094,162.99488931610304,155.61141152523777,156.98529034790045,9057600
2022-08-17,155.41644287109375,157.76533647831593,151.41891054384377,154.37053054011332,13409000
2022-08-18,153.38665771484375,155.23917171225423,152.08368995925838,154.2109770775814,4241300
2022-08-19,148.05953979492188,152.38503851491117,147.83794684451192,152.30526829875407,5015800
2022-08-22,143.55677795410156,147.11998273485446,143.0249494816215,146.3133947023715,4630100
2022-08-23,143.5656280517578,144.31904942101968,141.95242503520524,143.5390379822506,3795100
2022-08-24,144.59384155273438,145.8436155592229,141.57131035396753,143.65428957304985,3407100
2022-08-25,148.46726989746094,148.51159119048197,143.23768192001188,144.1506437514144,3071400
2022-08-26,142.36904907226562,149.01683826727185,142.35133137238472,148.91933681807996,3607600
2022-08-29,140.65834045410156,142.21834992370432,140.18856449095526,141.1547064887497,2531100
2022-08-30,142.51084899902344,142.7856220777536,139.3199052864418,140.66719413452734,3249700
2022-08-31,142.12083435058594,142.98061597685532,140.27717960172788,142.9274358391411,4901300
2022-09-01,146.1095428466797,146.16272299744892,140.13540481092645,141.19017602609443,4021400
2022-09-02,145.89678955078125,147.4390676773408,144.73563124434517,146.70337753164304,3563200
2022-09-06,144.99270629882812,146.0652086445087,141.22562600250652,145.81702561286554,4530300
2022-09-07,151.3834228515625,152.20775559908182,144.28359011466705,144.67359584252915,5206400
2022-09-08,152.36729431152344,152.64208090758902,149.5486387144149,149.85887422854358,2817100
2022-09-09,153.91847229003906,154.73394632551535,152.04822707327295,152.23437111994858,3379500
2022-09-12,154.09571838378906,156.11664468505543,153.4663885546861,155.21254180555474,3024600
2022-09-13,147.35047912597656,152.23438374421335,146.86297184421943,150.72755412102447,3585400
2022-09-14,146.588134765625,149.69043526466803,144.83310931676888,148.78633247510186,3618800
2022-09-15,146.2602081298828,149.78797768686837,145.9854350315915,146.65021389195843,2909300
2022-09-16,145.44473266601562,146.81861154057054,143.33517716391674,144.23926658269093,4843500
2022-09-19,146.03860473632812,146.3311090369741,143.6188136445689,144.47859532450906,2607200
2022-09-20,141.84608459472656,145.14338892434833,140.24175372694583,144.7445243009988,3019600
2022-09-21,140.959716796875,145.20544560986357,140.959716796875,142.70587045524982,2809500
2022-09-22,135.5794219970703,140.42786278222073,135.29577655938692,140.25946351917497,3984700
2022-09-23,135.26919555664062,135.41987713364978,132.6987228489038,134.68418694592762,3796600
2022-09-26,131.81234741210938,135.18054920428818,130.6245990014886,134.33849875624347,3967800
2022-09-27,131.59959411621094,134.9589365696189,130.1725352820552,133.37233733752453,2941400
2022-09-28,138.15875244140625,139.11603549964187,132.34415625801262,132.54801796186243,4254000
2022-09-29,134.5423126220703,137.16597799051019,133.75344259498092,136.67847100186964,3170400
2022-09-30,131.52870178222656,134.93236601329798,128.96708799804048,134.36508864145276,4328300
2022-10-03,134.5423126220703,135.2780025276634,131.52865518767263,132.66320952944267,2847500
2022-10-04,139.12490844726562,140.30377091023595,136.80260538854372,137.12169974260695,3028600
2022-10-05,138.6374053955078,139.64786862569065,135.9782902081889,137.3876180114777,2491700
2022-10-06,138.05238342285156,140.9330912631358,137.81305929220895,139.56808488364413,2603400
2022-10-07,135.02987670898438,136.96217426514772,133.5939587215781,136.80262030823573,2771900
2022-10-10,135.7035369873047,136.39490595514653,133.38123352035993,135.59716316727895,2055800
2022-10-11,136.94442749023438,139.79854544290134,135.35782810006725,136.05805579126846,2408100
2022-10-12,136.64308166503906,139.16037436293863,136.53670785071844,137.15717893854708,2265100
2022-10-13,136.6076202392578,138.32718372988307,131.9541681955384,134.02828852828054,3393900
2022-10-14,129.13551330566406,137.55604564038757,128.6923273933102,136.92671569386238,4762800
2022-10-17,132.2909698486328,133.84212024886804,130.0129881974503,130.95255351512907,3177400
2022-10-18,139.36422729492188,142.8210852554707,137.3964809162143,137.85739801594607,5563400
2022-10-19,137.7333221435547,140.2151660449994,136.6164984741371,139.32879418912353,2611500
2022-10-20,136.8557891845703,141.07492725939187,135.9871486794432,138.25625813567032,3079800
2022-10-21,141.10150146484375,141.1635404457552,136.76714474985135,136.97986528435652,3508300
2022-10-24,143.43267822265625,144.38994777829407,141.49152199185906,142.08538942126512,2974100
2022-10-25,146.96044921875,147.41249397414308,143.58337477708977,144.30133378122724,4177900
2022-10-26,147.82020568847656,151.34796111218517,146.5349694850485,148.76861633274595,3453500
2022-10-27,147.93544006347656,150.94911213656957,147.8468110032136,149.10545726860857,2957400
2022-10-28,148.4849853515625,148.8572598284787,144.51403054787326,147.36814839585566,3066800
2022-10-31,145.58657836914062,148.34319540163392,145.3827166278199,147.13772912802037,3792500
2022-11-01,145.8878936767578,148.00632119120255,144.09743284067028,147.52768649367343,3051000
2022-11-02,141.9967498779297,147.04020723665994,141.89038959724036,145.8790624226033,3377900
2022-11-03,141.64219665527344,142.5196959593174,139.825132012872,140.02899371154425,3041600
2022-11-04,141.49151611328125,144.25699143680188,138.50443434400822,143.95562831051228,2653500
2022-11-07,141.7042236328125,143.0692434733779,140.0467130656547,142.91856192408693,2424100
2022-11-08,143.25538635253906,145.9499638291813,141.65105577843224,142.9894856689533,3284600
2022-11-09,135.60601806640625,143.2288069544884,135.17169104259546,142.7767622337576,4018400
2022-11-10,145.70181274414062,145.85249433948536,140.3924403583474,140.87994759326352,4962900
2022-11-11,153.62594604492188,154.964362412522,146.2070058875409,146.3576874501217,5828300
2022-11-14,153.57275390625,156.71051725804244,152.76616594854846,153.0232077872747,5753800
2022-11-15,159.6378936767578,160.9579620761087,157.7826745512705,157.8718731438571,8606000
2022-11-16,138.6685791015625,141.36221580352864,132.6747988640952,133.65592887104117,36731500
2022-11-17,144.5018310546875,144.65345779082386,136.215792625896,136.89365573035195,11300500
2022-11-18,145.27781677246094,146.90112513372395,142.70904952586088,144.47507020300066,7280900
2022-11-21,140.94305419921875,144.4304968808257,139.82813954926561,143.67236308473633,5964700
2022-11-22,140.80032348632812,142.62878599563672,138.9183472583718,141.62981334496004,6364100
2022-11-23,145.7505340576172,146.40164026142463,141.14816411307694,141.35330455349396,4833500
2022-11-25,145.72373962402344,146.24106140933426,144.13610300452774,145.83076702450447,1883000
2022-11-28,147.4987335205078,148.8544734476625,145.21539065990854,145.21539065990854,4624100
2022-11-29,148.390625,148.92578929234602,144.05583778333593,146.66027587918032,5231700
2022-11-30,149.0149688720703,149.15766753667504,145.1529047086417,147.95356844715914,11376700
2022-12-01,147.19544982910156,149.3360799193469,145.42942932415943,148.47983332716643,4989200
2022-12-02,146.4194793701172,147.04382870269427,144.8942705057266,145.66133214569126,3442900
2022-12-05,138.18692016601562,145.28669983612764,138.06205031901882,145.28669983612764,6233200
2022-12-06,138.29396057128906,139.74779943849026,136.71523824785245,138.98075153162134,4721800
2022-12-07,137.14340209960938,138.86483721721044,136.8133917526782,136.91150477606269,3685200
2022-12-08,137.54476928710938,138.48128651978246,136.61715286054815,137.39312894812136,3107100
2022-12-09,135.82333374023438,137.99964887408478,135.68062142756986,136.831220734959,2905900
2022-12-12,133.8164520263672,134.3962019282137,132.38935650057198,134.23566082670234,4433800
2022-12-13,134.5657196044922,137.44666854578463,133.52216123877625,136.64392191922096,4178900
2022-12-14,136.02850341796875,137.93723677823516,133.91462957028162,134.2357255378871,3749100
2022-12-15,131.64910888671875,133.78973927113853,129.61550593858112,133.66486939221065,5415500
2022-12-16,130.62338256835938,131.70262581308006,129.82064955709674,130.26661536553073,8367000
2022-12-19,129.01788330078125,131.11392772534222,128.0456812527059,130.75716057681004,4186700
2022-12-20,127.76921844482422,128.40249595212885,127.05567034935078,127.45703689999273,3175400
2022-12-21,126.92185974121094,128.60760979250702,126.62752070243923,126.88617485844128,3510200
2022-12-22,126.07450103759766,126.39559686613315,124.58496371509122,126.20828529540735,3846500
2022-12-23,127.67998504638672,127.78702607791607,124.76337892575086,125.63746795944087,2464800
2022-12-27,129.82066345214844,130.47176979140875,127.01107039241816,127.54623486373761,3112500
2022-12-28,130.04360961914062,131.31015065944956,129.1962774539093,129.6065583041167,2623200
2022-12-29,132.33587646484375,133.48647575754129,131.00690719828594,131.08717776946156,2829000
2022-12-30,132.93345642089844,132.96914130014173,130.93553869667485,131.31906268488072,2391100
2023-01-03,135.33274841308594,136.14440925884503,133.4151013342244,133.77186845268457,3685200
2023-01-04,136.21578979492188,137.64288574388087,131.72044708255802,132.23776902381076,4443300
2023-01-05,137.58935546875,137.8123383553834,134.0483861402279,135.76090668619233,3266000
2023-01-06,142.8428192138672,143.654480116425,139.92621311138316,140.61299054296828,4944200
2023-01-09,139.45350646972656,143.03906158352146,139.44457844375373,142.60202382431422,3853800
2023-01-10,139.11459350585938,140.51491924978637,138.10670629228133,140.4078917969456,2554900
2023-01-11,141.7903289794922,141.8170858314317,139.05209317948052,140.16700737626851,3146800
2023-01-12,142.48606872558594,142.9320345118945,139.56944867238514,142.70905161874023,3222600
2023-01-13,146.8119354248047,147.10626085337148,141.93306886217266,142.10253803060482,5161200
2023-01-17,144.5821075439453,147.78413849436868,144.55535068662775,146.71382337228061,3527900
2023-01-18,143.4493408203125,147.3381625974091,143.27095724719314,145.75052565999664,2798100
2023-01-19,141.90631103515625,143.2531227380359,140.50597200856248,142.2630782011471,2881300
2023-01-20,144.6802215576172,145.1618586024583,141.37114954525123,142.37903654383135,3122000
2023-01-23,146.83868408203125,147.60574570013458,143.91314991293822,144.68021153104152,2371400
2023-01-24,145.87539672851562,151.46781093620766,145.61672897702834,151.46781093620766,1902000
2023-01-25,146.46408081054688,146.46408081054688,143.2798787531185,144.93887192383855,2248200
2023-01-26,148.97935485839844,149.04179661181814,146.70492623890357,147.79308403160624,2079100
2023-01-27,150.2993621826172,151.91376952261604,148.7652390157298,149.8444820473563,3850300
2023-01-30,150.45098876953125,151.2626496462981,147.8287217681051,148.95255048300203,3453500
2023-01-31,153.53709411621094,153.60845027229126,149.95152552949745,149.95152552949745,3716000
2023-02-01,157.9432373046875,158.47838805795945,151.5480898540322,153.51033650228624,4022200
2023-02-02,161.4574432373047,162.06395012196086,157.7826762186546,158.50515216273436,4003800
2023-02-03,157.6577911376953,159.7181641270951,156.26638031561262,158.11268486707922,2941600
2023-02-06,155.05340576171875,156.42698822158124,153.16251488480444,155.8115531618842,2642700
2023-02-07,155.87391662597656,156.48043701639733,153.35867731544027,154.7946873222722,2256700
2023-02-08,153.2249298095703,155.169347853772,152.97519004019347,154.76798133940184,2037000
2023-02-09,152.85031127929688,155.2139381440788,152.12784887342553,154.03658191984704,1656100
2023-02-10,151.64622497558594,152.69869780398506,150.54913923233278,151.91380719613053,1841400
2023-02-13,154.58956909179688,154.75011022388125,151.92268909388824,152.5113671311193,2432600
2023-02-14,153.62921142578125,155.25372799167437,151.5379784541465,153.97027499479998,2418400
2023-02-15,157.9822235107422,158.22454519957327,152.53424469850327,152.58809396268796,2954400
2023-02-16,156.65386962890625,159.12206120705798,155.96278584751923,156.3487146842575,2318700
2023-02-17,155.46914672851562,155.73840673396563,153.37791364921083,155.58582925974162,2678100
2023-02-21,149.18650817871094,153.4677034390882,149.14162921928823,152.14834146384703,4133600
2023-02-22,148.7377471923828,151.9508862424274,148.27103066180996,148.63004864499513,2941000
2023-02-23,148.54025268554688,148.89925688165846,145.28223551006207,148.89925688165846,2718500
2023-02-24,149.8506317138672,150.27245544684158,146.29643020571126,147.2657578897538,2888800
2023-02-27,149.7160186767578,152.46244070384483,148.52230977505747,151.38541433765252,5245000
2023-02-28,151.23280334472656,154.97547701257213,149.976275145137,151.4392300428455,10669300
2023-03-01,145.7579345703125,151.14308013860187,144.32190396918205,150.92768308075568,5835700
2023-03-02,148.93516540527344,148.98004435353639,144.45651479322447,144.6898798461388,2829200
2023-03-03,148.989013671875,149.17749977526984,147.48117962524475,149.1236368206341,2318600
2023-03-06,148.27101135253906,149.6711470667828,147.66070140330828,149.5185695794751,2220900
2023-03-07,146.13491821289062,149.54549971611888,145.91950744310523,148.83646152016877,2410800
2023-03-08,146.754150390625,146.95160677441712,145.55147146762212,146.20666018013415,1752700
2023-03-09,144.1782684326172,147.82221402563752,144.02569098161882,147.47218018037523,1872200
2023-03-10,141.9703826904297,145.2822494434446,141.36904307194823,143.8462188261427,2754200
2023-03-13,141.73703002929688,144.25907101816875,140.22021183296607,140.30099942497154,2342500
2023-03-14,142.1409149169922,143.89109820771986,140.50742785948222,143.39745711790266,2574200
2023-03-15,142.82302856445312,143.4782173877239,140.1035313676519,140.30995809646527,2633900
2023-03-16,146.34130859375,146.51184036554378,141.1177117099093,141.40492599822113,2510100
2023-03-17,143.02944946289062,146.70930396549056,142.0690920462358,146.05410147379584,13175000
2023-03-20,146.51185607910156,146.62852491300143,142.9396998845432,143.03842809484772,2875800
2023-03-21,146.0361785888672,147.88507637601103,144.9322138869201,147.4004056056115,2497200
2023-03-22,141.33314514160156,146.3951813780687,141.2433872382952,146.20669525917867,2909900
2023-03-23,140.12147521972656,142.92176006635708,138.6226114331167,142.48196827340718,2791700
2023-03-24,140.2112274169922,140.52536635562933,137.03398417495106,138.86494115734507,2703700
2023-03-27,143.04742431640625,143.63977993368135,140.44459568391324,141.21646711353065,3078700
2023-03-28,143.3974609375,144.73476337674063,141.8985970031369,142.7512423472779,2910600
2023-03-29,141.90756225585938,144.50140683699135,139.94198192194852,144.4026786199185,4219400
2023-03-30,143.84620666503906,144.86938370022906,143.30768666962015,143.4243691974918,2237400
2023-03-31,148.65692138671875,148.8364234680805,144.45650146817275,144.9501424632658,3094100
2023-04-03,149.0428924560547,150.7481969505644,148.38770351041717,149.34804745044644,2744400
2023-04-04,149.03392028808594,149.90451999870777,148.0466380301226,148.7287652974917,2350500
2023-04-05,148.306884765625,149.8775519146925,147.24779922364297,148.8094960621057,2762100
2023-04-06,148.61207580566406,148.8454271943081,144.21419850176753,145.9105325825824,2552900
2023-04-10,151.68161010742188,152.29192007146776,147.72352456867407,148.16331641580192,2724400
2023-04-11,152.20216369628906,153.6920572355551,152.02266158562486,152.31884623103073,2155500
2023-04-12,146.754150390625,153.2701836655047,146.46694982019193,152.9919534051967,3900300
2023-04-13,146.5387725830078,148.03763627804844,145.12965308636458,147.2298563216815,2464600
2023-04-14,144.50140380859375,148.5133382894492,143.50515134633164,146.29645230311044,2370100
2023-04-17,146.02719116210938,146.36825475587605,144.71681344050708,144.95913512489943,2566500
2023-04-18,145.7579345703125,146.32337923742557,145.38996003144743,146.25157565309905,2195400
2023-04-19,145.85665893554688,146.16182758466005,143.79236414498337,144.27702120747344,2183700
2023-04-20,143.8551788330078,145.83871335675886,143.40641672941217,144.42959377780494,2809900
2023-04-21,145.56045532226562,147.66964248397474,144.4475341774755,144.78859772578537,2743600
2023-04-24,147.14010620117188,147.37345754177122,145.6771375053456,145.6771375053456,2313100
2023-04-25,141.4587860107422,147.29269315818897,141.20748033692428,147.14908600311244,2723300
2023-04-26,139.5201416015625,142.35632151185064,138.9277723110973,140.86642797345627,3077400
2023-04-27,141.9434356689453,142.34733248351486,139.23292265707866,140.22019098291287,3037900
2023-04-28,141.58445739746094,143.29873208606264,139.9689109290178,142.39222378411554,3432900
2023-05-01,141.0189971923828,142.48196601326055,140.3189294156133,141.52160855056275,1964500
2023-05-02,139.76246643066406,140.73179418865647,137.8327949213655,140.5074131436156,2277400
2023-05-03,138.73033142089844,142.36529371724242,138.5238909806336,139.4034746157967,2385700
2023-05-04,136.8993682861328,138.66749209650143,135.40947479295667,138.3802777722171,2653600
2023-05-05,140.2830352783203,141.60239694867667,138.37130434879734,138.65851866662325,2187200
2023-05-08,140.46253967285156,141.62033988455215,139.69963861191079,140.44458535391118,1495200
2023-05-09,141.28826904296875,141.68318191327796,139.49322050166035,139.74452620183283,1886000
2023-05-10,141.56651306152344,142.9756328763406,139.13422972218552,141.97039628333636,2804800
2023-05-11,142.5896759033203,142.98458877198698,140.498442717978,141.25237351049321,2832000
2023-05-12,141.79986572265625,142.9756203365368,140.04071211053807,141.62933391848117,3361600
2023-05-15,144.11549377441406,144.3129365350703,141.2703294873688,141.78192494877368,4055200
2023-05-16,141.7841796875,145.34437343604193,139.7872133901549,142.20887369026747,5805900
2023-05-17,145.4437713623047,147.14253359910083,140.16672566156348,140.78118213792294,8387700
2023-05-18,139.31732177734375,146.04012151396896,138.47697870420038,145.36242015000062,7881600
2023-05-19,137.6005096435547,140.30228455158246,136.38064144448222,139.96794244023553,4456000
2023-05-22,137.26614379882812,138.01613489848117,135.33243662439958,136.44386290534328,3717000
2023-05-23,132.97406005859375,136.74207835950884,132.77526653585159,135.83847645172477,4374100
2023-05-24,129.30543518066406,131.82647837163057,128.42894024971304,131.74515751111855,6738300
2023-05-25,127.18193817138672,128.4921578674438,125.28436910270565,128.4740819729977,7409500
2023-05-26,125.53740692138672,126.93799264150553,123.98322431875913,126.7843819711258,8100400
2023-05-30,120.9380874633789,125.5012802867107,120.70315590877588,124.89586860579844,10931900
2023-05-31,118.3085708618164,122.22116810551798,118.03750136630357,121.29950424503726,20234400
2023-06-01,118.51643371582031,119.3025629912118,114.53154585279945,116.20321495633206,13678400
2023-06-02,120.37784576416016,120.43205967189506,117.97426141019348,118.58871786955424,7594000
2023-06-05,118.01041412353516,119.73628328060337,117.21524003626043,118.97726099067978,7702900
2023-06-06,119.90796661376953,120.14291192660158,117.40498554775041,117.55861000054236,6065200
2023-06-07,119.04955291748047,119.55556778644036,118.3808825332857,119.30256035196042,5504400
2023-06-08,118.61580657958984,119.97120921597653,117.66702197654544,118.82363112323259,6162000
2023-06-09,114.74839782714844,118.01040797457796,114.71225292561607,117.01644041727543,9404100
2023-06-12,114.28756713867188,115.10984125255946,113.02252314644812,115.02852039364168,8248400
2023-06-13,116.3116455078125,116.92608822303411,114.52251059193357,115.20925001250623,6916300
2023-06-14,120.38687896728516,121.56156421135832,115.59779296638149,116.74536436216808,14968700
2023-06-15,124.55249786376953,124.76936731000292,121.62483617291751,122.0856682348069,10063100
2023-06-16,120.91097259521484,124.7512808151193,120.75736192096322,124.7512808151193,9903000
2023-06-20,119.92604064941406,120.44108654287281,118.751355467109,120.28747588033703,5355200
2023-06-21,120.37784576416016,121.06457824192032,118.67003873115661,119.60074758159463,3845500
2023-06-22,119.62786102294922,120.86579127626591,118.76039708853529,120.5766458233756,4620600
2023-06-23,119.1218490600586,119.64593985588515,117.75741505242395,118.38088882834357,6975500
2023-06-26,121.53445434570312,122.40191822777048,119.58267095195455,119.59171579510223,4831100
2023-06-27,119.73629760742188,121.84169194923969,119.64594567897485,120.35978520155805,6047600
2023-06-28,119.70014190673828,120.52242292497927,119.16702010769563,119.90796647811804,4601900
2023-06-29,120.09774017333984,121.13687691531166,119.06763448736133,119.70918415967974,6055200
2023-06-30,119.18508911132812,120.94712390600442,118.48932555214822,120.91097210757849,7316200
2023-07-03,121.8597412109375,122.27540411211983,118.90495941798707,118.90495941798707,4134600
2023-07-05,119.77244567871094,121.52543573288065,119.71823176575676,121.29953523699017,5186900
2023-07-06,118.2272720336914,120.15194853752617,117.85679193699504,119.1670257527324,4882300
2023-07-07,117.51342010498047,119.47423441078884,117.34173355216232,117.92003816867783,4256800
2023-07-10,119.0405044555664,119.1489322579544,117.72123977907995,117.72123977907995,3831300
2023-07-11,120.53145599365234,121.35373702562984,118.70617630861464,119.31158792257052,4089200
2023-07-12,120.09774017333984,122.35674508012357,120.03448141777146,121.8507301870635,3758300
2023-07-13,120.01640319824219,121.35373006296986,119.89893054673661,120.51337318073828,3077400
2023-07-14,118.29955291748047,119.88988721482161,118.06462139937885,119.35676543074288,4124300
2023-07-17,117.4772720336914,118.21823217188908,116.15802104852149,118.1911252193082,4731500
2023-07-18,118.20015716552734,119.24833863279248,116.60077801184435,117.78450803090611,3786400
2023-07-19,119.90796661376953,120.11579118538441,118.26341836329756,118.82364711629003,3229200
2023-07-20,121.66097259521484,122.24830837942254,119.70918896826352,120.29653854034352,4174700
2023-07-21,121.15492248535156,123.21513334155719,120.72119751243152,122.10370706625717,4034200
2023-07-24,122.35673522949219,122.52842179464518,120.92904258880017,121.37181247851734,2622600
2023-07-25,120.72123718261719,122.73626585658207,120.4862918296844,122.06759538820289,3849400
2023-07-26,121.50732421875,122.4741708880846,119.69108972776364,119.96215921308396,5180100
2023-07-27,121.53445434570312,124.95006839082781,121.53445434570312,122.28444556981589,5538800
2023-07-28,121.98624420166016,123.55851631278121,121.81455765190982,122.75431125437393,2957500
2023-07-31,123.31455993652344,123.69407110318546,122.22119550400276,122.22119550400276,6055300
2023-08-01,120.17000579833984,123.37778109004789,120.13385400589938,123.18803243727686,4060700
2023-08-02,120.66699981689453,121.16398365306674,119.11281712866688,119.45617649812716,3562700
2023-08-03,119.9350814819336,121.11879781575757,119.81762260563663,120.38688245135474,3723100
2023-08-04,119.75434112548828,121.64286551018685,119.24832634182442,120.90191923064158,3481500
2023-08-07,119.22125244140625,120.81158702919102,118.67908571554622,120.19714427523074,3036700
2023-08-08,118.35377502441406,118.56161339223361,116.88091327799062,118.02847778333893,4359100
2023-08-09,118.01041412353516,119.33871002483686,117.70317899753393,118.68811555122497,2761200
2023-08-10,118.29955291748047,119.73627655438554,117.93811769149796,118.59774318345758,4375600
2023-08-11,118.41702270507812,118.99532732537868,117.48631392221736,117.49534497689386,3804000
2023-08-14,116.94416046142578,119.11281337236775,116.44717664092629,118.12787678706103,4425100
2023-08-15,113.96405029296875,117.85550946755602,113.8820253717058,116.60695346932019,9416500
2023-08-16,117.33602905273438,123.25978974277533,116.2241836261185,123.03195279315837,23754400
2023-08-17,118.57546997070312,121.07256809959506,117.04439834314418,117.14464716343713,8659600
2023-08-18,119.57795715332031,120.6806802610688,117.61855093814357,118.11979503533132,5755800
2023-08-21,116.46114349365234,120.07008017341933,116.1330577088524,118.92178687965189,5928600
2023-08-22,113.8637924194336,114.89361289472976,111.76768977070638,114.39236884085057,8791100
2023-08-23,112.28717041015625,114.27390904809455,111.90440597286425,113.29876710373686,4797500
2023-08-24,113.09825134277344,113.40811318501653,111.29378673999966,111.74946060274495,4308100
2023-08-25,110.99305725097656,113.09826859298522,110.04525463753987,113.00713519714239,7279700
2023-08-28,112.48765563964844,112.76106275212952,110.67407552241696,111.12063398330646,5116600
2023-08-29,114.97565460205078,116.34267645443579,112.79752672046058,112.84309689675317,5267400
2023-08-30,115.69561767578125,116.06015824073047,114.25569322143288,114.62022683334915,3276700
2023-08-31,115.33106231689453,116.37910668308268,114.68399928577837,115.1487885922732,4234600
2023-09-01,114.39237976074219,116.37911836381383,114.05518550415462,116.24242174791743,2997100
2023-09-05,114.09163665771484,116.16950859025452,113.91847834565915,114.30124276417287,3427300
2023-09-06,112.74283599853516,114.34681008042494,112.21425260348721,114.09163380778992,3562100
2023-09-07,113.42634582519531,113.8091102306844,112.56967667221622,112.87042311354274,3267200
2023-09-08,112.72460174560547,113.67240420905371,111.66743505263312,113.33520304946123,2923200
2023-09-11,111.79505157470703,113.56306882610839,111.67657884406904,113.32611641179933,2613100
2023-09-12,111.5489730834961,112.53323038480809,111.41226952169744,112.00464698747032,2930600
2023-09-13,112.03199005126953,112.71550093006121,111.6309947774081,111.85883173700533,2541500
2023-09-14,113.7088623046875,113.88202061220292,111.92262144542721,112.64258704405792,3760900
2023-09-15,112.14136505126953,114.00962412734592,111.84061856702667,113.69976917002869,4919800
2023-09-18,108.76024627685547,112.0228731644472,108.04028761259006,112.0228731644472,5415200
2023-09-19,109.51666259765625,110.08170073231265,108.40481717789821,108.86960649909894,4056200
2023-09-20,109.73539733886719,110.76521790048444,109.42553545603288,109.89032480376821,3263500
2023-09-21,106.91932678222656,109.67159416034768,106.51833151338863,108.95163549570813,4133200
2023-09-22,102.61775970458984,106.96489255409661,102.56308106219136,106.60035204769913,6593700
2023-09-25,102.30791473388672,102.75447324726964,100.73127984556992,102.17121116157652,5353300
2023-09-26,99.77435302734375,102.42637131902818,99.44626728669785,101.48768426502572,6022200
2023-09-27,100.01129913330078,100.8315134906661,98.8721144572466,99.68321339035467,4498100
2023-09-28,99.84725189208984,100.68569706127573,98.56225524931396,99.82902799740438,4676500
2023-09-29,100.76773071289062,101.75198805196558,100.13889847630958,100.5854639255207,4738100
2023-10-02,97.2317123413086,100.60369688252914,96.37504306685491,100.56724213116591,6121300
2023-10-03,97.66002655029297,98.96324713550186,96.76690271129713,96.76690271129713,5370300
2023-10-04,97.16790771484375,98.79010573269925,96.37503260310254,98.79010573269925,5523100
2023-10-05,95.8282241821289,97.2408091242123,95.35431942441203,96.48439572171718,4749300
2023-10-06,95.70063781738281,96.84893107990618,93.80503265745702,95.46368543413405,7556900
2023-10-09,96.3841552734375,96.71224107171464,94.5432286327677,95.91025047457823,4819900
2023-10-10,99.91106414794922,101.30543222489246,96.79425611179184,97.01297765300488,6791800
2023-10-11,99.32779693603516,100.62191612449308,97.45042265216294,100.35762442237957,3977400
2023-10-12,100.97734069824219,102.98230311032779,99.80170118235336,102.97318768532746,6497300
2023-10-13,102.05274200439453,102.28057898185716,100.25738550950379,101.35100022011129,4651400
2023-10-16,101.51502990722656,102.79091820553431,100.05687483188849,102.58130515422079,3872700
2023-10-17,102.58130645751953,103.14634459834329,100.93176915943266,101.32364899275534,3387900
2023-10-18,100.43964385986328,102.04361799310045,100.1844675790594,102.01627867059035,2940800
2023-10-19,98.7536392211914,101.06846325792661,98.72629990215233,100.44874653192639,4249500
2023-10-20,99.1819839477539,100.46698074578957,98.15215647130144,98.65340054860414,4215700
2023-10-23,97.89698028564453,98.83566741941712,97.20436095478306,98.50758165089032,3189800
2023-10-24,99.0452880859375,99.54653220221032,97.79673898460592,98.12482477834222,2518100
2023-10-25,100.57633972167969,101.23251122379065,98.35264895408844,98.81743826025564,4123200
2023-10-26,101.0411376953125,101.98894028488436,100.23914714481127,100.43052935717209,3092400
2023-10-27,97.72383117675781,101.25074283997985,97.41396929800916,100.72215942819417,3448200
2023-10-30,99.03616333007812,99.42804316050902,97.14967367033681,98.20684045123203,3852700
2023-10-31,100.96821594238281,101.41477438368214,98.84477406062446,99.22753843888103,5549400
2023-11-01,99.82904052734375,101.23251699734014,98.98148678095086,101.23251699734014,3081500
2023-11-02,101.22339630126953,101.91602255171377,99.26399720970264,100.46697598519437,3817800
2023-11-03,102.84561157226562,104.08504530200854,102.14387673189772,102.25323403255966,4341100
2023-11-06,101.20518493652344,103.38330581523078,101.08670526208743,103.24660224251446,3696200
2023-11-07,101.47857666015625,102.68155548420836,100.97733953940318,101.00467886105837,2859100
2023-11-08,100.1115493774414,102.0162697987094,99.61031228460466,101.19605542957561,4514000
2023-11-09,97.32282257080078,100.53076344359795,96.90360345948834,100.53076344359795,5604600
2023-11-10,98.72630310058594,98.99970325286522,95.90112647551089,97.61445773676823,6235800
2023-11-13,97.78762817382812,99.18198928735134,97.63269375330036,99.08174046649377,4016000
2023-11-14,102.01403045654297,103.41362412526986,99.51869760289145,99.67522976500928,7656100
2023-11-15,120.12593841552734,121.11117369333029,114.98793566902945,116.09288483791691,32230800
2023-11-16,119.6471176147461,120.44819816080293,117.11495225182084,117.17940708914783,12033200
2023-11-17,119.60106658935547,120.70600858325908,118.68948206808261,120.05225744232682,5982500
2023-11-20,119.38008880615234,119.91414722002564,118.20148197901874,119.10386380768482,5810200
2023-11-21,120.43899536132812,120.50344317361358,118.5145530572649,119.90493698051665,4057900
2023-11-22,120.16275024414062,121.87541529238295,119.60106939363911,120.16275024414062,3587900
2023-11-24,121.04671478271484,121.05591759845025,119.48136500147268,120.1627527186028,1863100
2023-11-27,120.92700958251953,121.86621665409766,119.9325575155722,120.76126054631136,3736700
2023-11-28,121.2400894165039,121.35979628850177,119.9049503407596,120.92702503600431,3804900
2023-11-29,120.91780853271484,122.55680898640878,120.77968199217389,121.50711190876098,2918900
2023-11-30,123.21055603027344,123.34868256616832,120.06146490325393,121.7373046647633,5759500
2023-12-01,124.1037368774414,124.26026906485434,122.01354533944124,122.83304564419254,4594800
2023-12-04,123.11849212646484,125.44808317536368,122.63967873397348,123.58808865269035,7625100
2023-12-05,122.35424041748047,123.25660818124722,122.00433669169071,122.75938914205778,2997800
2023-12-06,122.81462860107422,123.3763094802478,121.81095965133397,122.6857189263508,3894200
2023-12-07,124.48123931884766,125.06133982312433,123.50520701330869,123.93797817521362,3939200
2023-12-08,124.48123931884766,125.595384101548,124.39837183255081,124.51806462939089,2880800
2023-12-11,125.92688751220703,126.10183937698511,124.7574975583459,125.32838128543092,3571700
2023-12-12,124.91402435302734,126.06500862419242,124.51807845769406,126.06500862419242,3352100
2023-12-13,127.4185562133789,127.45538152482175,124.03005150654775,125.22707785488647,3531700
2023-12-14,129.95994567871094,130.93597816935946,128.4038125737667,128.6340094460933,4636400
2023-12-15,127.40934753417969,130.38350094039876,127.26203222884335,129.92310724223364,5680200
2023-12-18,126.81085968017578,128.12757910324325,126.51620092670176,127.98946659386648,3117000
2023-12-19,128.5234832763672,128.63397324795898,126.97655342359172,127.06863776665028,2834600
2023-12-20,126.0558090209961,127.86976160477674,125.73354181099674,127.74085191075642,3711700
2023-12-21,128.33013916015625,128.57875569938778,126.41489962665275,127.02262270028486,3980200
2023-12-22,129.09439086914062,129.2969652214612,127.64876195496275,128.39459750209727,3223100
2023-12-26,129.858642578125,130.23616877449763,128.25646748504874,128.91023270437938,2237700
2023-12-27,131.10171508789062,131.42398224925557,129.4719174486539,129.76656211190473,2806400
2023-12-28,131.2490234375,131.77387897404935,130.75180444770064,130.80704944100057,2146700
2023-12-29,131.1385498046875,132.01329509125586,130.4940013856425,130.77024043669087,2517400
2024-01-02,131.76467895507812,132.77753663730684,130.36507821134174,130.9267590719787,3601500
2024-01-03,127.68561553955078,131.6450050523185,127.37255112577711,131.08332405108746,4662100
2024-01-04,129.14041137695312,129.76653996079418,126.79240108735249,127.86051766577371,3903000
2024-01-05,129.600830078125,130.7057721781847,128.2841108043283,128.2841108043283,2745300
2024-01-08,130.50318908691406,130.74260279347365,128.50508219425222,129.09438554485249,3563300
2024-01-09,132.38162231445312,132.56577700374467,129.3982657675621,129.83103701495344,3664400
2024-01-10,132.67625427246094,132.97091298712655,131.59893469090383,132.02250308071044,2777400
2024-01-11,130.77023315429688,133.05378201893262,129.82182323692433,133.05378201893262,3215300
2024-01-12,129.74813842773438,131.8106929338245,129.5271444234681,131.39634146966168,2236400
2024-01-16,129.89549255371094,131.17538654955356,128.83657855420856,130.92677000356932,3482400
2024-01-17,127.75003814697266,129.60081560665893,127.42775696414542,128.9838897867635,3566300
2024-01-18,126.51618194580078,128.0999373828601,124.92322369286457,127.64876055318312,4160700
2024-01-19,127.19756317138672,127.6211315317813,125.04292415788777,126.35044050069739,3592600
2024-01-22,129.24171447753906,129.6100238016869,126.98578825440818,127.43696506897429,2778700
2024-01-23,129.7205352783203,130.48479051735129,128.77212536665436,129.68369591373278,2806800
2024-01-24,128.17359924316406,130.56765202799065,127.95261926617101,130.38349736379635,2845900
2024-01-25,130.9175567626953,131.00964113045498,127.99866214601815,129.16806617607682,2566500
2024-01-26,131.23983764648438,131.67260888360647,130.42033735599608,131.57132169938424,3014800
2024-01-29,130.30984497070312,131.6541867911252,125.54937549956715,131.42398992665963,4879000
2024-01-30,129.3890380859375,130.01516671922607,126.92132076332501,129.48110838783904,2879500
2024-01-31,128.0631103515625,130.24537194366206,127.9526203621196,129.39824924103226,5804400
2024-02-01,132.98011779785156,133.0261599789713,127.5290579456801,129.77578150335302,3613900
2024-02-02,133.96534729003906,135.3925563431732,131.27665010109425,132.12377271815092,3775800
2024-02-05,131.05564880371094,133.41286187657846,130.29139371288153,132.79593611532783,4697400
2024-02-06,132.9893035888672,133.02614294908724,130.25457822174548,131.35952017666017,2873200
2024-02-07,135.1071319580078,137.1973233007113,133.7535733490867,137.1973233007113,3979600
2024-02-08,135.72406005859375,137.28019304607324,135.21763821778413,135.3649535268755,2946900
2024-02-09,134.9229736328125,135.8806003758233,134.7111964694949,135.4294095017028,2792400
2024-02-12,137.5656280517578,138.48641542573236,135.8161376612463,135.83455734275387,3492600
2024-02-13,134.5362548828125,136.15683573679175,133.13665402477048,135.55832951432652,3061800
2024-02-14,133.54177856445312,134.51781083667288,132.3539691511156,133.22871426017488,2986400
2024-02-15,134.73883056640625,136.51594361829243,133.910113423215,134.24159747047116,2807600
2024-02-16,137.75901794433594,138.38514669804763,133.63389389311726,134.18635796108015,4319900
2024-02-20,139.0391082763672,141.0983983648047,138.40834187660687,139.14114568270128,3474400
2024-02-21,138.01870727539062,139.00198306914092,137.15603913452935,138.50106711611406,2306900
2024-02-22,139.45652770996094,140.0501960270485,137.27665827176295,138.01873305249552,2503800
2024-02-23,140.5139923095703,141.7198849948703,139.52145955875406,140.05018851939096,3503600
2024-02-26,139.2802734375,140.02236233746012,138.30629679510636,139.70697915508185,3856900
2024-02-27,140.98707580566406,141.28390285978227,139.5585522605811,139.87393542875918,2851700
2024-02-28,140.47691345214844,141.22827343036192,139.7440954370775,140.374876038183,2298300
2024-02-29,141.84976196289062,142.52691159292752,140.99636461242108,141.35813103440458,4447800
2024-03-01,144.0481719970703,144.28007388744462,140.99634934757842,142.14658781933548,4285500
2024-03-04,139.59567260742188,143.56583199705676,139.22462107548438,142.10021029278315,9096100
2024-03-05,156.37608337402344,158.1292610874079,153.25005044193526,154.0385083714548,22986800
2024-03-06,160.97702026367188,162.822964524311,159.1774733690692,159.75258556455208,8955200
2024-03-07,159.12179565429688,162.58178206670607,158.91773501159815,162.33132406070249,3644700
2024-03-08,157.43357849121094,159.81752289755389,157.18312045140593,158.93629842170083,3362600
2024-03-11,155.90301513671875,158.23130510244386,154.61362699289862,157.8695387069062,3142400
2024-03-12,155.43922424316406,156.8213506144605,155.40211200998428,156.43175709109153,2292100
2024-03-13,154.60435485839844,155.41136892991952,152.30389200533529,155.13309797709744,5546300
2024-03-14,152.4152069091797,155.06816528824402,151.2371412598655,154.68784276421965,3365900
2024-03-15,152.33172607421875,153.28716080042952,150.93104364894114,151.07945011251732,5074900
2024-03-18,155.45773315429688,156.014303300305,151.60816779926878,152.10906960734266,3189600
2024-03-19,156.03289794921875,156.40393536875007,154.26116383949068,154.97542573396723,2290500
2024-03-20,158.12001037597656,158.22204778630794,155.26297704086772,155.76387895711372,2969700
2024-03-21,157.85098266601562,158.50959028598007,156.73785638338975,158.31478646329046,2624300
2024-03-22,156.4224853515625,157.8509949303235,156.2926208444024,157.6933033254984,2443600
2024-03-25,160.16073608398438,161.01413340130725,157.4428383799449,157.6932964021038,4262600
2024-03-26,160.1421661376953,161.5892316444489,159.6969184788868,160.13289515773792,3512900
2024-03-27,162.02523803710938,162.77659802231813,160.977036788812,161.49650899921713,4747100
2024-03-28,164.38136291503906,164.55759648443015,162.04378760233277,162.33134371796598,3716200
2024-04-01,164.9471893310547,168.69471778688768,164.7987687188595,165.82841371543972,3917400
2024-04-02,163.48158264160156,165.012129652148,162.41482531695019,164.78949871341564,3022100
2024-04-03,162.78587341308594,164.3628036048738,162.4241069917101,163.7505791520317,3033900
2024-04-04,159.75257873535156,164.39988762075396,159.52994782040648,164.03812123032347,3614400
2024-04-05,159.3351593017578,160.0494069532826,157.72111700366563,159.19600967110227,2334000
2024-04-08,157.41500854492188,159.66910239679908,157.34079823764105,158.52813484579644,2122900
2024-04-09,159.20530700683594,159.30734441546923,157.00686723067696,157.6933019936799,1846600
2024-04-10,159.19601440429688,159.41864532746388,156.53378507778942,157.600528173689,2148700
2024-04-11,158.927001953125,160.52248805853935,158.0550485985186,160.28130103882484,2247900
2024-04-12,154.0941619873047,158.6765455582092,153.77877881666922,158.4539288044279,3551700
2024-04-15,153.06454467773438,157.50779357985195,153.0181756151023,156.9326671690066,5075400
2024-04-16,151.49688720703125,153.98286889886708,150.4672421560588,153.11091544886904,3450600
2024-04-17,152.5636444091797,155.78244436300454,152.00707410978958,154.68785988198286,3700200
2024-04-18,154.52088928222656,155.4021137488145,153.13874874129525,153.7231461099726,3169500
2024-04-19,156.11636352539062,156.27405512052124,154.69712501504634,155.2165830117516,3377100
2024-04-22,155.0124969482422,156.84915591869085,154.01067910413352,156.54304373125476,2155500
2024-04-23,154.45596313476562,155.8473747757806,154.07565471005827,155.504164433665,1890300
2024-04-24,153.37063598632812,154.4837622667802,152.8604489794884,153.08307989724625,2631400
2024-04-25,152.53578186035156,153.19437526892986,151.36698733409403,152.02559489683975,3141700
2024-04-26,152.81407165527344,154.2425810429674,152.257501468076,153.1943799905516,2085500
2024-04-29,151.87718200683594,153.72312614881727,150.3280790783899,152.77696247338366,2698500
2024-04-30,149.32626342773438,150.85682441865123,148.8068054505147,150.68984769502015,3534400
2024-05-01,145.10565185546875,149.92922275802295,145.01289958683125,149.18713383807855,4378000
2024-05-02,146.67330932617188,147.15566924181104,144.52126705223404,145.90339331891835,3880000
2024-05-03,146.59909057617188,148.7047636721223,146.3857448034181,147.48960004958818,3802200
2024-05-06,146.88665771484375,146.93302676790788,145.1705781264424,146.59908749167397,3314500
2024-05-07,148.79754638671875,150.60637847160052,148.268803232739,149.4097708321155,3492500
2024-05-08,148.03689575195312,149.57672778851293,147.4803396759391,147.4896106565802,2678300
2024-05-09,152.42446899414062,152.4986651374027,147.52668844299384,147.89773993013895,2538000
2024-05-10,151.3206329345703,153.65819390510373,149.99414670099185,152.69348822500294,2414100
2024-05-13,149.2520751953125,152.4987021872294,148.9645190692671,152.32246861145708,2629000
2024-05-14,148.467529296875,150.93327017616352,148.11260740653137,149.71907646063167,2707900
2024-05-15,147.11322021484375,150.44758179171248,146.6742424007753,150.00860397764404,2563700
2024-05-16,150.0459747314453,152.84795382448146,149.17736805337336,149.67238321968154,5232900
2024-05-17,149.56028747558594,149.87784164085798,148.59827592975554,149.60697571925488,4005500
2024-05-20,146.36602783203125,150.18605522133282,145.66553318477838,149.34545309366933,4429200
2024-05-21,145.49740600585938,146.48743615322405,144.4419895177895,146.36602677300007,6291000
2024-05-22,133.81317138671875,136.0547487233579,130.74032665888464,131.26336042066038,18724000
2024-05-23,134.87789916992188,135.9706689992838,132.40280978151185,133.0939695610359,6661100
2024-05-24,135.643798828125,136.11079532615767,134.08403223488807,135.33557942923116,3550300
2024-05-28,137.39036560058594,137.7079197761635,134.98999693151788,135.42897474841672,4344300
2024-05-29,137.98812866210938,138.35238535600428,135.8959792462299,136.40967823803086,3038500
2024-05-30,139.97750854492188,140.43517018728596,138.15622527690206,138.7166267062622,4238000
2024-05-31,145.8523406982422,146.57150499974267,138.94078440230098,139.05287324601113,7501000
2024-06-03,142.92893981933594,144.29257579533243,141.3878571544069,142.05098416717945,4162500
2024-06-04,140.61260986328125,144.01234286696146,140.2016507774081,142.31246923932224,4683700
2024-06-05,137.62387084960938,141.01425566473497,137.06346936281744,140.56594302626252,5746100
2024-06-06,135.5504150390625,137.4744384294862,135.4756938853486,137.01677670733963,4682900
2024-06-07,136.3629608154297,136.92336224544832,134.63506828253924,135.08339512719428,3110800
2024-06-10,138.71664428710938,139.08090098687896,135.9613677886879,136.4096804380346,3051600
2024-06-11,136.54042053222656,138.57651815680694,136.28823846579496,138.46444357243743,3592400
2024-06-12,137.0914764404297,138.25896756303288,135.5223752124193,136.68051728501726,3064300
2024-06-13,135.1300811767578,137.38100740694443,135.00867179511798,137.38100740694443,3470600
2024-06-14,131.84243774414062,134.30817836573655,130.17993156564944,134.2801597195957,5019700
2024-06-17,135.4009552001953,135.485011142889,131.50620642111048,132.01990537912906,5006300
2024-06-18,133.13134765625,135.28888332319818,133.01927306374407,134.8218868522884,2969500
2024-06-20,133.9158935546875,134.28015018024166,132.37479686842045,132.76707213812497,2628700
2024-06-21,136.48439025878906,136.61514869781118,134.48564597567915,134.48564597567915,5651600
2024-06-24,139.8094024658203,140.83678612679188,137.03544235347547,137.29695923093013,3933000
2024-06-25,137.08212280273438,139.2769972606249,136.68049850092206,138.67924245806594,3336500
2024-06-26,137.45571899414062,137.586477416389,135.35423518912094,136.3722839231689,2447000
2024-06-27,137.03541564941406,137.296932475907,135.70914767174335,136.12944155349282,2273600
2024-06-28,138.268310546875,138.89409836704527,136.47504578658788,137.8013140701877,12772300
2024-07-01,136.12013244628906,139.1089069214134,135.49435890396623,138.5485054722522,2638900
2024-07-02,135.79322814941406,137.28762250093246,134.92462158685953,135.89596793922595,3296400
2024-07-03,135.24217224121094,136.57777522246604,134.8405478908892,135.7278525305766,1633300
2024-07-05,136.0360565185547,136.76456982079517,134.96197041313866,134.9993238574278,3562200
2024-07-08,138.90342712402344,141.9389040904547,138.0348063043353,141.8361642999884,5183800
2024-07-09,137.85733032226562,139.74398534387728,137.51174332691082,138.23092170732195,2848400
2024-07-10,136.4656982421875,137.7172452624348,133.94392035392198,137.7172452624348,4105700
2024-07-11,141.40652465820312,141.86418632692906,136.82996497734865,137.29696144484814,4727800
2024-07-12,142.76080322265625,143.49865125383295,140.8554499558929,142.40588140301233,2675700
2024-07-15,141.31314086914062,143.3212200775578,140.9488841766314,142.7608328399446,3645900
2024-07-16,144.7782440185547,144.7782440185547,141.39719405406976,141.45323135157588,3391800
2024-07-17,145.63751220703125,146.39405845932748,143.87226612154254,143.87226612154254,3353700
2024-07-18,142.0509796142578,145.0024006583482,141.81748138453423,144.60079054399208,2927400
2024-07-19,139.84677124023438,141.46258942998688,139.50119838249196,141.46258942998688,3187000
2024-07-22,141.05162048339844,141.72409655317114,138.90343383004685,139.51052355200204,3692800
2024-07-23,140.35113525390625,140.99559271864248,139.76271509017272,140.2857489016681,1622400
2024-07-24,136.78326416015625,140.95821377100359,135.7091779723567,140.36979365421527,3029500
2024-07-25,136.6337890625,139.5571908435522,136.3536026471131,136.90465493283793,3019700
2024-07-26,139.1649627685547,140.08962100745967,137.5304749508032,137.5304749508032,2427000
2024-07-29,137.12884521484375,138.137545011291,135.5597297229022,137.65187896162402,2487000
2024-07-30,138.1842498779297,138.50180405083782,137.07279602115028,137.64253227329766,2379200
2024-07-31,140.4818878173828,142.3405247301986,138.1655749612919,138.89410259859278,5743700
2024-08-01,137.3156280517578,141.35981866268074,136.43767252284437,141.2290602382638,3782400
2024-08-02,129.98377990722656,135.8212350707594,128.928363453148,135.7278443391026,6476500
2024-08-05,125.03363037109375,127.34994312444344,123.67934345783121,127.02303989466226,6887700
2024-08-06,125.01496124267578,126.93898442686927,124.45455977569067,125.6313857544378,5005500
2024-08-07,124.66004180908203,128.657530547302,124.5386181634795,127.19115475583078,3209700
2024-08-08,125.12703704833984,127.01370680376986,124.28644909131535,125.89290385893527,3894000
2024-08-09,126.55602264404297,126.64942762338663,123.98754247968047,124.79077684659961,3778100
2024-08-12,126.10772705078125,127.52738601679282,125.26712487847354,125.70610268752736,3695600
2024-08-13,127.63948059082031,127.8729788294608,124.84683652610356,126.72415723419654,3319800
2024-08-14,126.79885864257812,127.87295892408517,126.56536044028519,127.67681416345543,4838000
2024-08-15,132.30943298339844,134.38289828863932,131.28203512887362,133.8318316657941,4640600
2024-08-16,134.53231811523438,134.71912807856037,131.59024646364065,131.8050608195464,3473900
2024-08-19,135.08340454101562,138.8287111294588,134.88725975135986,134.96198089734293,4427000
2024-08-20,134.80320739746094,136.0827732089539,133.44892043799442,134.96198449255408,6815100
2024-08-21,149.90159606933594,157.57316337255952,149.63803397254432,157.50728002989013,25572100
2024-08-22,147.6142578125,150.7205275873909,147.23773025341237,150.51344102065715,7452400
2024-08-23,149.19561767578125,150.24986602469386,147.53893964705335,148.32962590873782,3188300
2024-08-26,149.5721435546875,152.33956006889844,148.69674391120245,149.95807891631452,3655200
2024-08-27,149.36505126953125,150.39107626031318,148.49905946202492,149.57213782818027,3252300
2024-08-28,147.6519012451172,149.0262016805011,146.55058508149426,148.48965530273074,2666500
2024-08-29,144.413818359375,147.0870990279733,143.51958886932943,147.0870990279733,3879500
2024-08-30,144.6020965576172,145.10098301182416,143.2560482204703,144.6679942674088,3933200
2024-09-03,142.88894653320312,145.86344972979344,142.465365580734,144.0090927242839,4071000
2024-09-04,143.52902221679688,144.71506612229987,140.13093805937308,143.6890410497654,3841000
2024-09-05,142.98306274414062,144.53621200060238,141.8252710170021,144.07497112509716,3358900
2024-09-06,142.3994598388672,144.3291222502493,141.87233562880442,142.71008968330935,4045100
2024-09-09,141.7499542236328,143.94317861386332,141.14752453778394,142.4841649544156,3735200
2024-09-10,139.32142639160156,141.92882427466995,138.70018100841727,141.74997546623098,4103200
2024-09-11,138.6436767578125,139.28376640796384,136.1774823610979,138.60603118453648,4089500
2024-09-12,139.72618103027344,140.23447527988523,138.00360515499608,138.70017036518632,3453500
2024-09-13,142.47476196289062,143.66079140734163,140.70511841712107,140.93103494308863,3592300
2024-09-16,143.86788940429688,144.71506567174117,141.86293573376778,143.03013530309443,3429200
2024-09-17,143.03955078125,144.66799116547963,142.20179671921835,143.96201815714767,3162300
2024-09-18,144.5832977294922,146.88005150073056,143.4537292704174,143.53845695898974,3269500
2024-09-19,147.30361938476562,148.15078120803068,145.90108123956864,147.38833269448077,5098800
2024-09-20,145.665771484375,148.15079602596737,144.90332289456552,147.6895551329572,7389800
2024-09-23,146.17405700683594,146.5976522985374,143.93377911374168,145.68459273345326,2927700
2024-09-24,147.01181030273438,148.56495951715644,146.37173501174158,146.74824819902472,3114000
2024-09-25,145.9669952392578,147.70838681770974,145.11041115503122,147.11536485739003,2319900
2024-09-26,146.82354736328125,148.48023978706144,146.0140311188587,147.34126374571255,2757900
2024-09-27,146.0705108642578,148.26373533803323,145.69399768240626,147.3130302178709,3067200
2024-09-30,146.71060180664062,147.1718426670868,145.1668747665044,146.07051215616315,2934400
2024-10-01,143.2654571533203,146.27760587126707,142.48417861095228,146.13641701068286,3994400
2024-10-02,141.57110595703125,143.500768264414,141.15694721648697,142.75714972880803,2795000
2024-10-03,140.81808471679688,141.19459789930545,138.87900017401168,141.09105461965703,4790100
2024-10-04,143.90553283691406,144.83740795223918,142.4371113774446,143.00188112790235,3557100
2024-10-07,140.25332641601562,143.6702409107863,139.22731559607982,143.6702409107863,3301400
2024-10-08,142.43711853027344,142.870107257729,140.0744530452497,140.2438940330356,3224100
2024-10-09,145.2704315185547,145.3739748085403,141.4299363487131,142.6630336620501,3514300
2024-10-10,146.81414794921875,147.08711785933843,143.37841838751973,145.27042087898704,3139100
2024-10-11,149.15797424316406,149.5062496427682,147.24712753877864,147.49187402546846,3594100
2024-10-14,148.69674682617188,150.19340619872924,147.36010628309631,148.9132411998169,2534300
2024-10-15,151.25706481933594,152.01951333114297,149.13914590295778,149.3368102918412,2987800
2024-10-16,149.5438995361328,151.35118865371933,149.14855638819736,151.26647534267397,3124500
2024-10-17,146.7388458251953,149.63804343631844,146.3811482299027,149.55333012050426,2879700
2024-10-18,147.63307189941406,147.84958062980883,145.62811832474677,147.30362644704147,2988700
2024-10-21,142.0511932373047,146.89886907328454,141.2510847068342,146.8423935277094,4455200
2024-10-22,140.4321746826172,141.45818549849733,139.92386599524144,141.2322689304348,2815000
2024-10-23,139.35906982421875,140.62040477435053,138.75664011945005,139.62263192236398,3962000
2024-10-24,141.36402893066406,141.66525097650972,139.89560736481073,140.45098371645645,3060300
2024-10-25,142.2864990234375,144.09378806135857,142.0888202766549,142.6159444506665,4082200
2024-10-28,140.53570556640625,144.37620070585191,140.51687559663281,143.68904325817735,2523700
2024-10-29,139.24612426757812,141.4017034618453,139.04845984726666,140.15918393907938,2881500
2024-10-30,139.80149841308594,140.99693580853454,139.02021982212804,139.31201972752194,2520500
2024-10-31,141.2322540283203,141.87234372209522,139.39672699104975,140.2909566386371,3229500
2024-11-01,141.9852752685547,142.90775692486758,141.2981322903268,142.49358383232814,2452800
2024-11-04,141.18519592285156,143.71727375136444,141.0063471267097,141.6276068302368,3289500
2024-11-05,142.12648010253906,142.91716636295396,140.75217976729326,141.20399843566514,2692300
2024-11-06,138.6436767578125,142.79480141054086,136.56341771169966,142.79480141054086,7506600
2024-11-07,142.0511932373047,143.3125282986779,138.93550115990223,139.12375776617225,4862000
2024-11-08,140.98753356933594,142.70070185489473,140.84634469439845,142.61597416687275,3323600
2024-11-11,144.28204345703125,145.61868384816066,141.10045410897078,141.1945895805804,3541700
2024-11-12,146.51292419433594,147.84015688152613,144.70563503782603,145.71283007880308,5082100
2024-11-13,145.8916778564453,147.7554425419173,145.66576132730492,146.37173432242918,3624500
2024-11-14,144.46090698242188,146.76708264171734,143.8773072154239,145.67517425702746,4075100
2024-11-15,143.19956970214844,145.1574699034674,143.00189093993774,144.79977231616118,3888700
2024-11-18,147.36949157714844,147.8119024229313,143.81138920774376,144.01847574675088,6503000
2024-11-19,146.84237670898438,149.12031441898003,144.9691899379578,147.03063329369223,9170500
2024-11-20,115.40325927734375,122.36234153154497,113.9716197251819,121.35735326453089,64557700
2024-11-21,115.27999114990234,117.65973481933048,114.3318869092414,115.75404327023281,19616700
2024-11-22,118.52251434326172,119.22410946304285,114.96712340500001,115.38428435633564,13730100
2024-11-25,123.75604248046875,125.06443093138235,120.89277092339066,121.42371420449143,15456500
2024-11-26,119.98259735107422,122.89326991507876,119.93518924454949,122.58988407378182,9888200
2024-11-27,123.33887481689453,123.96462707572437,120.57989529117879,121.34785739659615,6745200
2024-11-29,125.44366455078125,125.95564892092483,123.41472213881384,123.72759826125225,5023500
2024-12-02,123.93618774414062,125.14028418292379,121.2340920995512,123.94566357847403,14195600
2024-12-03,124.62828826904297,124.9316885427352,122.22958591448385,123.72759221526628,8163900
2024-12-04,123.31993103027344,124.15425296178087,122.34337030924303,123.98360113496909,6051300
2024-12-05,122.46662902832031,123.72760946619044,121.83140089199595,123.39576717893708,6858600
2024-12-06,125.51951599121094,125.89875188907047,123.25354750423307,123.25354750423307,7284100
2024-12-09,128.26901245117188,130.94267327261628,126.09786017155847,126.42970243246302,9619300
2024-12-10,128.04148864746094,129.52052904120455,126.38230612195458,128.743076570844,5575500
2024-12-11,128.9232177734375,130.60136642359356,127.529503304703,127.86134559418204,4811900
2024-12-12,128.26901245117188,130.5539470737103,128.20265267914428,129.95665125777316,3860200
2024-12-13,127.53897857666016,128.97061068297617,126.42020811942295,128.67670070134827,4261200
2024-12-16,125.57640838623047,127.82342535648783,124.92221412148173,126.61932887596369,5503800
2024-12-17,124.7705307006836,125.15924246581196,123.1587418296247,124.7136322909084,5793000
2024-12-18,123.91722106933594,129.21712029009478,123.83189515993871,124.49556523345477,6602400
2024-12-19,123.6612319946289,125.14976263064675,123.64228032556638,124.20165836829335,5262100
2024-12-20,124.65673828125,125.44366651663837,122.63728613847773,122.99755590308618,7189100
2024-12-23,125.07391357421875,125.25405570024351,122.49506880222059,124.01204142113353,4097800
2024-12-24,125.52900695800781,125.78499917673057,124.37231852309628,125.02651282265226,1647700
2024-12-26,129.3119354248047,129.8333956449867,125.56692660755239,125.58589274290149,5042000
2024-12-27,128.46810913085938,129.97559121981732,127.99405706764587,128.11731523349607,3089000
2024-12-30,128.04148864746094,129.3593530461862,126.88480024375406,127.42521217211875,3945600
