Price,Close,High,Low,Open,Volume
Ticker,UNH,UNH,UNH,UNH,UNH
Date,,,,,
2019-01-02,215.45315551757812,217.98383908725648,213.66574624063796,216.7892805082244,4063600
2019-01-03,209.5777130126953,215.44428690711797,208.9406169379105,215.44428690711797,4623200
2019-01-04,212.02874755859375,215.4265977632742,211.30317417497017,212.1880283268739,5367600
2019-01-07,212.43582153320312,214.11703929907006,210.7988356808024,212.71896788768998,4133000
2019-01-08,215.2761993408203,216.603480807064,212.10843278964074,214.42674676343532,3618600
2019-01-09,215.5858612060547,218.23157993397058,214.1877900506271,216.5768935180327,3425400
2019-01-10,216.67425537109375,216.91316979854125,213.61266723425152,214.20551796015098,3374100
2019-01-11,219.15184020996094,219.23147384829704,215.25848709308733,215.4177543697595,3967100
2019-01-14,219.49691772460938,221.14274697945174,217.77145483690435,218.19618104730802,4955500
2019-01-15,227.29249572753906,227.33675464003323,218.55898902902132,221.21355164880703,5325600
2019-01-16,231.3540496826172,232.0000031880078,228.4428978243277,228.93841418333938,6069400
2019-01-17,229.85858154296875,231.60174551640566,228.19507821615767,230.9381048209897,3583600
2019-01-18,234.9287872314453,235.60128505638818,230.43373983191842,232.36271548349927,4844800
2019-01-22,235.09693908691406,236.6985231957253,233.37146241544514,233.6546222698541,4052700
2019-01-23,236.27371215820312,238.44161532203162,233.30947277577894,236.91966531808882,2971100
2019-01-24,235.48623657226562,237.2824893961192,233.83156365122878,236.0790737239799,2927300
2019-01-25,237.1851348876953,239.27340464240822,235.10574931889659,237.8487754744025,2809100
2019-01-28,236.05252075195312,236.1941006497149,234.14123263757594,236.16755610660985,2837300
2019-01-29,236.55694580078125,237.53914811764832,234.8757280280975,235.37124427681252,2173000
2019-01-30,239.23805236816406,241.06970724695074,236.42422217976173,238.6363579260422,3659000
2019-01-31,239.08761596679688,240.45027199405402,238.0169229407427,239.33537406298973,4055100
2019-02-01,237.77804565429688,238.37090990960016,235.397785456257,237.55683208201518,3946800
2019-02-04,237.32675170898438,237.75149147185397,233.8404237908053,237.41524253503331,3398900
2019-02-05,235.64549255371094,240.7599481573072,235.22961004772628,239.01678450502314,3597000
2019-02-06,238.46823120117188,238.84871206507916,234.46869953089706,234.61027945775766,2570000
2019-02-07,238.0258026123047,239.4238605007069,236.48616479790067,237.7072680315079,2458200
2019-02-08,231.74331665039062,237.76034159615057,230.34525885331928,236.69850572230823,4547000
2019-02-11,227.5314483642578,231.10624030466454,226.8235487199122,231.0974101240923,4856200
2019-02-12,233.15908813476562,233.6015152469758,227.33675921966713,229.37191313439078,4327900
2019-02-13,233.42454528808594,235.6278507796643,232.84939541413684,233.17678717298742,3066400
2019-02-14,234.77835083007812,236.31801548627183,232.4600371681257,232.92900880963816,3015300
2019-02-15,239.91055297851562,239.91055297851562,235.91985140611953,236.9551428286287,3673700
2019-02-19,239.27340698242188,241.11389167930304,238.2735175014278,239.94590475801542,2486700
2019-02-20,238.4770965576172,239.43272734216242,237.30022518933748,238.21162405930232,2802800
2019-02-21,235.72515869140625,238.8575501896767,234.5748590074148,238.4416676263368,2554300
2019-02-22,236.35333251953125,237.48597153203707,235.32692567074844,235.81358455600926,3191100
2019-02-25,234.13241577148438,237.291351598622,233.9377467764438,236.76926388186317,3679100
2019-02-26,232.698974609375,234.86685126589063,232.539680325587,234.18552323160424,3212900
2019-02-27,221.28439331054688,231.48675011451002,220.27565981940126,231.48675011451002,8952900
2019-02-28,214.3293914794922,222.93901930903436,211.61288252762472,220.9480973026,11034300
2019-03-01,217.8068084716797,219.44379378572083,215.51503983346257,215.51503983346257,6921300
2019-03-04,208.84327697753906,219.84200740811835,207.50713859090823,219.5500039229964,8646300
2019-03-05,213.6303253173828,215.19652090206634,207.88763067654727,209.2945454974957,6924500
2019-03-06,211.54209899902344,213.9046580807917,209.7369888791937,213.9046580807917,4878700
2019-03-07,209.44497680664062,213.4091196598129,208.42739992416344,212.63045718085232,5033500
2019-03-08,210.7684326171875,212.65149248789157,208.41462472047766,208.86761787607006,4921700
2019-03-11,215.9735107421875,216.74628145984494,209.99571579650748,212.47388958048055,4539600
2019-03-12,218.39834594726562,219.81950808765845,216.49753125007166,217.57228367870178,4235800
2019-03-13,224.056396484375,224.50938967140567,219.46424124328598,220.24588930247975,4881600
2019-03-14,224.96238708496094,226.55231544489928,224.13632477422706,224.72256079431736,3865200
2019-03-15,223.30140686035156,226.26811054601498,222.00459638366843,225.912809793039,6466200
2019-03-18,226.49905395507812,226.77440357762663,222.43095167332748,224.42059530099746,3927400
2019-03-19,228.3909912109375,230.27403782931046,226.62340548205268,227.3428708955503,4164800
2019-03-20,222.5019989013672,228.8883857888666,222.0312372733878,228.65743691627003,4193500
2019-03-21,223.85214233398438,224.68708224645448,220.86768347310147,221.33844515935135,2699700
2019-03-22,219.47312927246094,223.12376146572896,219.3843142499348,222.56418480846708,3777900
2019-03-25,219.26882934570312,219.76623681878792,213.8683801817279,219.76623681878792,4110900
2019-03-26,216.18666076660156,220.18370245232944,214.70331581185408,219.62411227925972,4416200
2019-03-27,214.69447326660156,218.22074036888966,211.54124826920122,215.7869943766472,4819200
2019-03-28,215.1562957763672,215.70700847995852,212.18960604907392,215.47605963372033,3601500
2019-03-29,219.6240997314453,220.06821544893026,214.83653283909126,216.98605128531796,4294200
2019-04-01,218.09632873535156,222.2354902503354,215.8935186911836,221.80026554497007,4809500
2019-04-02,217.0926971435547,218.8602694229081,215.6626436692002,218.069743809963,4057100
2019-04-03,218.3628387451172,219.87282965386254,217.25254931907833,218.78030865357485,2851400
2019-04-04,219.73960876464844,221.26736815768976,217.29697193375935,218.04308320384794,2255500
2019-04-05,220.97422790527344,221.44498950837868,217.76771170009533,221.12522563142636,3343000
2019-04-08,220.94760131835938,221.77365016642977,218.78031413588843,221.77365016642977,2195400
2019-04-09,220.98312377929688,222.0045982049778,218.4605494024929,219.89949374550932,2903800
2019-04-10,218.53158569335938,221.94239125747558,218.07859252656374,220.97422221589107,2753700
2019-04-11,209.10745239257812,219.3221143636012,206.67369326984618,218.54935731677418,8223400
2019-04-12,198.2710418701172,210.31545916693634,196.09487734700036,210.06675542448514,13979400
2019-04-15,204.47088623046875,205.15482827251287,199.32803186826723,200.53602723646478,10021800
2019-04-16,196.26364135742188,211.40797783312144,191.6981319161877,211.40797783312144,27361400
2019-04-17,192.6041259765625,199.17704757608638,184.8143450444035,198.77733253606684,22101400
2019-04-18,196.9653778076172,198.0756674232182,190.2681168097816,192.8706291631471,13927200
2019-04-22,201.7262725830078,202.1259740791932,196.74329292877306,198.9638718557344,11191800
2019-04-23,204.8083953857422,206.0163906174094,200.82912255632942,202.73881462212591,10261400
2019-04-24,204.6041259765625,205.74106118190133,202.29471871696606,204.3731771186008,6104100
2019-04-25,204.9949493408203,206.1762989049768,202.6322637658449,202.9875509573688,5954500
2019-04-26,210.51083374023438,210.60853973262698,205.35021167235126,206.19402875937718,6186200
2019-04-29,210.9105987548828,211.45242059368508,207.9883226428765,210.86618446252083,5345300
2019-04-30,207.02011108398438,211.470145780609,204.46200016440616,211.470145780609,7632300
2019-05-01,206.0253143310547,208.39689104697524,204.6041519208428,207.02014292687528,4823200
2019-05-02,206.46939086914062,207.25991629081028,202.5878239007929,205.09262945746806,5499200
2019-05-03,206.0253143310547,207.75736321871145,201.78844585714162,206.8158399030282,4323100
2019-05-06,213.61965942382812,213.68184212967753,202.0726508063239,202.66776423944108,7180200
2019-05-07,211.4434814453125,215.9734533240095,209.97789154514433,212.4560646702763,5104700
2019-05-08,212.42054748535156,213.8950149565303,209.20515394860695,211.39908673130378,3768400
2019-05-09,211.37246704101562,213.6552151200136,209.32953172665626,210.155594131537,4299500
2019-05-10,213.6996307373047,215.5027397448948,209.95129241774833,213.14893149951996,4374400
2019-05-13,212.77587890625,213.26440898868796,209.80029767504112,210.02235557130035,4684400
2019-05-14,210.00457763671875,214.0549248659119,209.87134832633052,213.744038403889,5329700
2019-05-15,209.69369506835938,210.9816280383546,206.62040810137873,208.7344034177412,5099700
2019-05-16,210.3243408203125,213.57527151611637,209.3739401183178,209.52493785402393,4456400
2019-05-17,214.4013214111328,215.34284462207737,209.31174521460613,209.77362938437895,4486400
2019-05-20,218.49607849121094,219.16225213733074,212.97127730179048,213.1755667583327,5390800
2019-05-21,222.00460815429688,223.10600666357354,219.2155614739158,219.40208251994684,5345300
2019-05-22,221.47169494628906,222.97280872931165,220.91211817609465,221.2585280065352,4038000
2019-05-23,218.9490203857422,220.41459664244687,217.07485175835964,220.26359894444303,3934600
2019-05-24,219.9527587890625,221.48939540604107,218.0696988946117,219.61522650024526,2973900
2019-05-28,215.0053253173828,221.43612657350764,214.93426516748036,220.72553862782095,6172700
2019-05-29,215.30734252929688,215.866932795445,211.3103001787282,213.04236270664592,3958400
2019-05-30,216.28436279296875,217.92759643264833,214.36577956631658,214.88095544495485,2646600
2019-05-31,214.7744140625,216.3909886055838,212.71371014442298,214.90764338766044,3285700
2019-06-03,210.1200714111328,216.55087326664864,209.64043229625813,214.4990603778231,4999400
2019-06-04,213.8506317138672,214.1082264636137,208.58342491577758,211.51459185952854,4992000
2019-06-05,215.63592529296875,218.31837417000085,214.26804144529783,215.99121240612936,3194400
2019-06-06,214.79212951660156,216.67517579893413,214.7121783878842,215.9557105138292,2630100
2019-06-07,219.1889190673828,219.4553912621116,215.12081665098415,215.75145350672545,2837400
2019-06-10,220.40579223632812,221.7647855219774,218.49609968686616,219.46426889367845,2331000
2019-06-11,218.3894805908203,222.67076304449415,218.26512871952434,220.7433022627378,3043000
2019-06-12,217.17263793945312,218.94910123548138,215.21853102448992,218.68262903040926,3251800
2019-06-13,217.5811767578125,217.91869548448102,215.94682062831896,217.4568248999165,3107800
2019-06-14,218.9105224609375,219.5618127148375,216.60873511926755,218.33062065424812,2165500
2019-06-17,219.44586181640625,220.45401278658508,218.7767379576206,219.4726256816889,2270300
2019-06-18,219.2049102783203,222.45238992639335,218.71421686720572,220.81080979953353,3482500
2019-06-19,223.2107391357422,224.2634871862866,219.03540031307588,219.47256601611127,4204600
2019-06-20,221.04281616210938,225.55718291932936,220.7216361875514,224.46874042851397,3800800
2019-06-21,225.07537841796875,226.1549040257447,220.2755265044253,221.95280101082338,6323500
2019-06-24,222.72010803222656,225.38768673789315,221.13205515051087,224.22786931745725,3163800
2019-06-25,220.95358276367188,223.96909114649063,220.73945826713057,222.41673278997746,3182700
2019-06-26,217.21539306640625,221.32827387140597,216.912060262341,221.25689904456303,3852900
2019-06-27,219.77587890625,221.39069505535994,216.93880130770754,217.92017444354624,3366200
2019-06-28,217.69717407226562,220.14171104301494,212.91516918653352,219.91866979575758,6727600
2019-07-01,216.47496032714844,219.62430234670572,214.76200480251876,219.42802491658935,4102700
2019-07-02,217.66151428222656,217.6793613954543,213.70921592383712,216.43032212332622,3863500
2019-07-03,218.76779174804688,220.82869077745158,217.72394668914725,217.97376542041133,2559400
2019-07-05,220.3558349609375,221.93495718574405,217.74178447101886,218.03620055022617,2965000
2019-07-08,221.11416625976562,221.23906881293055,218.47336553189066,219.83837686767788,1902500
2019-07-09,219.47259521484375,219.54397005014258,217.41169619401234,218.25033349207624,2774800
2019-07-10,220.79299926757812,222.2472326323354,219.00866919582026,220.20418069005018,2753000
2019-07-11,232.99781799316406,233.47066436084518,222.19369914440492,228.21581298036838,10268800
2019-07-12,237.2266845703125,237.7798225525474,233.41714955671117,233.41714955671117,5336100
2019-07-15,237.28018188476562,238.78794282462977,235.75458744756295,236.47723887711757,2611400
2019-07-16,236.1204071044922,238.33298624608028,234.8089233824574,236.71814244534525,3121600
2019-07-17,237.8958282470703,239.71585274935362,235.08551351191124,235.53159608024504,3995200
2019-07-18,232.4982147216797,237.77091337193687,229.51838675717818,236.99473414390442,5825800
2019-07-19,228.97415161132812,234.38959992767647,228.75111035177554,232.9442969220504,4413200
2019-07-22,227.78758239746094,231.02614581837153,227.08276439903213,230.30349432092888,4104300
2019-07-23,227.510986328125,228.483456501105,224.84342175423578,227.02922322948163,2889300
2019-07-24,224.0493927001953,225.5660704226506,218.69640289386584,225.5303762004618,4864000
2019-07-25,221.88140869140625,225.4946792718459,221.5156178139082,224.0493764850125,3362800
2019-07-26,225.66424560546875,226.50288298887898,219.92761685641148,222.16696000006206,3362600
2019-07-29,226.44931030273438,227.76971059459993,225.12889639751228,225.57497886494653,2005500
2019-07-30,227.43959045410156,227.5555762468816,223.46054264052458,225.41438594134166,1908800
2019-07-31,222.1580047607422,229.4291577773237,221.68515839340094,228.67974243437052,3532400
2019-08-01,222.37213134765625,224.45087747891233,220.61456516829722,222.3186036245664,3613600
2019-08-02,223.08590698242188,224.44200187384612,219.56185722828528,222.76472697164667,2677600
2019-08-05,218.63394165039062,222.98771098619315,216.43029312291327,221.37289459610355,5812400
2019-08-06,221.5067138671875,221.5067138671875,217.30462455396696,219.41012077826812,3533000
2019-08-07,219.8740692138672,220.4004433150628,215.2437305238588,219.713486042665,3205800
2019-08-08,220.9178924560547,220.9625034286277,217.12619121442478,219.6421030432826,2830700
2019-08-09,221.81898498535156,223.41595432156552,219.5974892678016,221.00711158030057,2535000
2019-08-12,216.9745635986328,221.22127846122189,216.8228971554489,220.17743324710688,2667400
2019-08-13,222.34536743164062,223.4516569575389,215.46676913576354,215.61843555560029,2763400
2019-08-14,216.9745635986328,221.6227500594569,216.80505004055672,220.1239055157902,3464300
2019-08-15,217.91128540039062,218.81236708404242,215.4132208594139,218.00050733924417,2513500
2019-08-16,219.196044921875,220.46291772636914,217.84886691247536,218.91947591986445,2810000
2019-08-19,218.32171630859375,221.69409912294032,217.76856471814565,220.80193406912676,2672300
2019-08-20,214.2623748779297,218.22359012215483,214.04825035192647,217.87564627574906,3201300
2019-08-21,214.431884765625,215.80581301395483,213.49510869872066,214.2891350840596,2761900
2019-08-22,207.82093811035156,214.4318846902464,207.58004972446452,214.4318846902464,4498200
2019-08-23,205.78677368164062,209.74798829643817,204.6448036177981,207.7852144866866,4826600
2019-08-26,206.16148376464844,209.26621406151168,205.60834583720603,207.44620350496623,2918300
2019-08-27,198.89036560058594,207.3391704581849,198.59596308788034,206.73250470510004,4988100
2019-08-28,202.833740234375,204.99277813536378,196.97220901307492,198.43535922752014,4847600
2019-08-29,205.75108337402344,207.24992761968025,203.42253223120593,203.78832314028756,4052500
2019-08-30,208.76658630371094,209.70336217005263,207.2409783369995,208.47217025352606,3384100
2019-09-03,205.75108337402344,207.13394181598187,203.83293411196829,206.75031740891373,3382300
2019-09-04,202.2805633544922,207.8298306534755,202.07536921956338,206.93766566795867,4526100
2019-09-05,204.8321533203125,206.54510843851955,203.03890662157008,205.19794422722762,4256900
2019-09-06,204.30580139160156,206.94661599335333,203.94001044504807,205.349632891746,4183200
2019-09-09,205.8046112060547,206.98227551494776,203.9132258033131,204.30578057294414,3895600
2019-09-10,207.3927001953125,209.02535030966308,205.93846676068077,206.49160475322884,4257600
2019-09-11,208.95396423339844,208.98964484242717,203.93107108112474,207.419439391378,3168100
2019-09-12,205.28721618652344,210.907846007132,204.9303419415994,209.6588201832991,4713700
2019-09-13,209.40150451660156,212.04579969945908,207.54600754763925,208.84575814447362,4523200
2019-09-16,210.1365509033203,211.5886833243886,208.09282316150427,208.6934046364085,2973600
2019-09-17,208.42446899414062,209.74213723006056,207.21436104603313,208.9174764425383,2392900
2019-09-18,206.71238708496094,208.97124878760175,205.4753891110653,206.88269998601078,2960500
2019-09-19,208.72027587890625,209.70627710955915,207.26814358885943,207.95835402460463,2666700
2019-09-20,208.75613403320312,210.64748003938234,207.8866518511766,210.44131825033585,6220100
2019-09-23,205.06309509277344,206.86479849354077,204.65973029290683,205.95946739361298,3281200
2019-09-24,201.68373107910156,206.02216894503476,199.81927539048613,205.60984542092515,5006800
2019-09-25,199.14700317382812,203.02829630745816,199.1111543051867,201.03834899779005,4658000
2019-09-26,193.1502685546875,200.45570984054436,191.31270289738345,199.9268398729899,10444400
2019-09-27,192.95310974121094,196.1979869927429,192.73798912794385,195.57051539722914,4834900
2019-09-30,194.7996063232422,195.88420898825157,191.0348322715743,191.50094962914767,5286300
2019-10-01,194.70101928710938,196.47583248364782,190.10262534227058,196.47583248364782,5523600
2019-10-02,194.28866577148438,196.62819765728813,192.97099760145963,193.75083700420964,4921200
2019-10-03,193.042724609375,193.93909684220503,190.97210693994643,193.28474894195446,3375800
2019-10-04,197.0226287841797,197.07640893227182,192.8455306999886,194.36936083200587,3700500
2019-10-07,198.31341552734375,199.46972979342817,196.29657782232792,196.35035797271937,3843200
2019-10-08,197.3004913330078,198.97670301983868,195.76768880748335,196.74474492936437,4817000
2019-10-09,199.0663299560547,200.31228670523092,197.35425585625356,198.73467663530135,4483100
2019-10-10,200.54531860351562,200.9038756366384,194.97885573011354,195.57942337334785,5252200
2019-10-11,199.057373046875,205.13477522526756,198.62710456026838,202.16777187295196,5891600
2019-10-14,197.7307586669922,200.19578244577372,197.11225960317995,198.66299350094434,4075300
2019-10-15,213.8654327392578,214.98589795166126,207.1426414648371,208.57684240773509,13397700
2019-10-16,212.43128967285156,212.87050337386304,209.822842833044,211.80381808130937,5368600
2019-10-17,218.41900634765625,219.26159838097655,212.68222989587503,213.95507674369043,6301200
2019-10-18,219.91598510742188,220.87511006988274,216.7069705108843,219.11821427738576,4922100
2019-10-21,218.64308166503906,220.1489939100111,217.0564992134309,219.62909644910127,3029200
2019-10-22,223.626953125,225.43762896469042,217.952914937584,218.39214227976527,5660800
2019-10-23,222.12106323242188,225.66173115454907,221.1619382865182,222.64991961765818,3706600
2019-10-24,219.17198181152344,222.73955334275908,218.63416664870064,222.32721607479493,2546900
2019-10-25,219.53054809570312,220.57930206842323,217.05655173974745,218.63417577602206,2815100
2019-10-28,221.44876098632812,222.64989648556522,219.53948376970393,219.84424704367967,2957100
2019-10-29,226.14576721191406,226.9614693079539,220.78546455339944,221.4398125190697,3528900
2019-10-30,228.39564514160156,228.8258999788993,225.86786890767368,226.03818181844176,3299600
2019-10-31,226.51327514648438,229.22032329437815,224.01240247331182,228.0191877073363,3960400
2019-11-01,226.07406616210938,229.76710202230356,226.02924481113013,227.6696077785678,2919600
2019-11-04,225.2135009765625,227.52614274729987,224.0123655873003,227.3468710541725,3186400
2019-11-05,224.36195373535156,227.9205522944754,224.17370956417173,227.44547614525217,5393400
2019-11-06,224.55917358398438,225.87684184862934,223.27735419020692,223.83311427031362,3668600
2019-11-07,229.8836212158203,230.14357682960596,225.2224882180735,225.8409872633954,3646300
2019-11-08,230.34075927734375,231.56878478226716,228.57490499552694,230.16147390000998,2200300
2019-11-11,227.7592010498047,229.88359871268926,227.07796312554964,228.6197243498329,1765600
2019-11-12,228.7989959716797,229.25614085361948,227.14967446452613,227.31101488960354,1892500
2019-11-13,227.29312133789062,230.2601113405829,226.95249550106735,228.4583943379707,3289800
2019-11-14,229.3189239501953,229.54300334451247,227.2034848046137,227.49928930079253,2101900
2019-11-15,241.48272705078125,247.01335697737932,228.89766415797078,229.56992980257834,10136000
2019-11-18,244.6469268798828,249.59492032463945,241.124189707012,241.124189707012,6985200
2019-11-19,245.8121337890625,246.82501129596326,243.4098357422718,246.71745101948574,4002000
2019-11-20,247.00436401367188,247.42566011482583,243.132028873931,244.0373737063309,4141600
2019-11-21,247.89170837402344,248.90461328538103,245.52530011090334,246.6995454448381,3309900
2019-11-22,248.15170288085938,248.98532255003525,246.5023811405686,247.87382965780077,2802700
2019-11-25,253.37747192382812,253.6732626319955,248.3040033885761,248.99419994436738,4082900
2019-11-26,252.23915100097656,253.0010729005744,251.1276581411604,251.62065194701802,2998600
2019-11-27,251.58474731445312,252.71415746009,249.80992086401915,251.88951051915532,2323900
2019-11-29,250.8676300048828,251.80883702823064,248.59083744057133,249.2810613953803,1520900
2019-12-02,250.67947387695312,252.77698171924416,249.70243137916228,252.5797787244077,2517100
2019-12-03,248.20541381835938,249.56791683418442,245.47149002283282,248.2681664267416,3239200
2019-12-04,250.3746795654297,252.63352757223979,249.76515305876612,252.436324601836,2694200
2019-12-05,252.7769775390625,253.51200935812602,248.72538476819108,250.30298134568315,3357300
2019-12-06,252.1201629638672,254.68465133606256,251.14834354731926,254.50467664106242,2828900
2019-12-09,249.7356414794922,252.73202508956274,249.62766764998076,252.64203774487584,2697100
2019-12-10,251.51722717285156,251.58922802200357,246.55924650342288,249.78959123709694,2515300
2019-12-11,252.39901733398438,252.5429915481956,250.1764651738446,250.41940621392214,2751300
2019-12-12,255.19740295410156,255.5393382321681,251.98507314656067,252.87588429500892,2996200
2019-12-13,256.88018798828125,258.97675295136173,255.65642058360427,256.4212717789923,3599300
2019-12-16,262.77392578125,265.8423093478921,258.3018279236297,259.12066583674596,4663600
2019-12-17,261.3702392578125,263.44881746567313,260.20048637781605,262.063089507007,4409100
2019-12-18,263.5567932128906,265.3204295167125,261.83813684313895,261.8471438140639,3621600
2019-12-19,265.1045227050781,267.4260698183415,264.20470420294413,265.44645812953405,2905900
2019-12-20,263.2778015136719,269.9454576119189,263.2058281408284,268.9556521086208,6608300
2019-12-23,265.5273742675781,266.21124495105954,263.4757896774086,264.033672620133,2098900
2019-12-24,265.0325012207031,266.193247106451,264.1506693629075,265.6803715231032,714000
2019-12-26,266.03125,266.5801533909608,265.0324649614275,265.7163081324264,1050600
2019-12-27,266.3193054199219,266.8322085994472,265.4554872745997,266.3553058518931,1547100
2019-12-30,264.41168212890625,266.8321961860423,264.0517602067897,266.39126643068835,1511700
2019-12-31,264.528564453125,264.6275312742435,261.9820635681074,264.24061603851663,2224200
2020-01-02,263.1969299316406,266.0763603201343,260.75842931243534,264.52867129186853,2543400
2020-01-03,260.5333557128906,262.6389268957136,255.8722768104662,258.49075093097287,2711400
2020-01-06,262.3420104980469,262.44100478892483,258.44580939923446,259.1476665644355,3079100
2020-01-07,260.7583923339844,262.28806719946647,258.7697738184385,261.5772304062187,2492900
2020-01-08,266.2562255859375,267.5879665361698,260.9833036059467,262.29703061586616,3379200
2020-01-09,264.7445068359375,267.42597490631965,264.2945977445475,264.8075006991973,2838200
2020-01-10,265.56341552734375,266.40924704163865,262.93593365011895,266.40924704163865,2477900
2020-01-13,257.213134765625,264.9515796900855,256.4662700007859,264.8795788292352,6994900
2020-01-14,259.3635559082031,259.3635559082031,255.7732905380682,256.9880504442869,6056300
2020-01-15,266.71514892578125,269.621571956741,260.04749194436226,260.0654784248876,6081300
2020-01-16,270.6114807128906,270.83643539924776,266.28335474420237,268.1459861377088,3710300
2020-01-17,268.56878662109375,270.5753914467056,266.23826036728104,269.95451458237704,4632200
2020-01-21,270.4224548339844,272.2310988205029,266.3552850676895,267.14712974756395,4962800
2020-01-22,270.4764709472656,271.8621992866441,267.56106745688373,271.73621150111677,3117600
2020-01-23,269.4596252441406,270.46741751410696,266.93113759743875,269.95454186761754,3169600
2020-01-24,263.47576904296875,269.88247033296744,262.3509962754754,268.45176266794857,3678500
2020-01-27,255.62937927246094,259.21964552633966,252.0121195678115,259.1476721443763,4399400
2020-01-28,257.23101806640625,259.4805635106646,254.91847875924353,255.46738212698375,4341000
2020-01-29,254.5586395263672,257.51904997986435,252.7500230756851,255.54844533486113,3963800
2020-01-30,252.83094787597656,253.60477840873136,248.27786961785225,253.60477840873136,4211800
2020-01-31,245.15554809570312,250.85138681118465,244.01276108771705,250.30251073670306,5532600
2020-02-03,246.56826782226562,249.11476968244696,243.68886495435274,247.56708068659128,5646800
2020-02-04,252.70510864257812,255.09862994719407,249.14183388140341,249.501755909553,4290200
2020-02-05,266.1033630371094,267.2461227672806,256.8442220038684,256.98819627433073,5761000
2020-02-06,263.16082763671875,267.48895105678855,260.94728251529295,267.2460100242828,3044000
2020-02-07,260.2453918457031,263.9976454032793,259.96645043166905,263.52972241694926,3425900
2020-02-10,258.2748718261719,260.308470178348,256.8531708500563,257.5550280970487,3147400
2020-02-11,261.658203125,262.360060386368,257.2580779192971,258.1129163928831,2992200
2020-02-12,273.07684326171875,274.44455707027237,264.55556362083087,265.4463748712471,6701900
2020-02-13,271.925048828125,275.25435942020545,270.07142568424945,270.07142568424945,3565500
2020-02-14,268.8477783203125,273.5178386709043,267.52504398759663,271.93414927655544,2485600
2020-02-18,271.87115478515625,272.95992740123967,269.04571172192504,269.6486021551292,3241700
2020-02-19,274.7235107421875,275.9832508140337,272.4019917140905,272.97786112110276,3021100
2020-02-20,271.8620910644531,273.68872100546804,268.04687048860484,272.82490317816297,2885500
2020-02-21,271.23223876953125,272.2040579657144,268.69474443094686,270.3684208420282,2987100
2020-02-24,249.96055603027344,260.0385054327332,249.82558876502594,258.14890879871297,8790600
2020-02-25,237.003173828125,253.73079404339438,235.76142008297475,252.08411104733779,8171200
2020-02-26,236.65219116210938,242.79793750406546,232.79196332081688,238.19987959435613,6806600
2020-02-27,228.4818572998047,235.88735794157162,226.8172017104898,232.53105331280045,7604300
2020-02-28,229.41769409179688,231.34330482447143,220.7254454774227,221.53527650578417,9961000
2020-03-02,245.74932861328125,245.8663093696842,225.242492174761,231.55920587807637,8866300
2020-03-03,235.21250915527344,252.2640777238021,233.25991873048545,247.76498601287386,9188100
2020-03-04,260.4254455566406,266.2022641326681,253.9377353168959,260.9473281303793,14533000
2020-03-05,254.6125946044922,260.42544096203517,251.8951530520877,253.38885481992128,5908400
2020-03-06,255.43142700195312,256.4212326649851,244.660600406641,247.82797852834338,5361900
2020-03-09,246.0463104248047,253.24485659882407,233.2688799818105,237.96593245876915,8070700
2020-03-10,251.94915771484375,255.45844406238757,245.20051956176758,251.69720965554006,7366000
2020-03-11,249.95156860351562,256.664206569387,245.8843990844619,247.23412676303087,7744600
2020-03-12,225.32350158691406,244.95754329069214,224.9545727923017,233.95275570399374,10496600
2020-03-13,245.84695434570312,246.91333280614623,218.9433201325226,235.8608741303601,9308400
2020-03-16,203.37228393554688,222.02498541765164,202.38723660470936,220.43444989842,10303500
2020-03-17,220.7055206298828,224.8083851653989,206.30931770930295,208.59573185509623,9642200
2020-03-18,196.16061401367188,209.16508811152042,180.91492785401067,204.0139091111548,12917500
2020-03-19,198.63681030273438,204.34828913615337,188.82245247209315,196.0883241692685,8065200
2020-03-20,186.69871520996094,210.24052356075924,183.87009305117104,201.6913627559547,9364100
2020-03-23,176.09811401367188,185.939581467846,169.64558182318873,182.58678877953804,10654500
2020-03-24,198.63681030273438,199.06155799164534,179.83951183538446,182.6771799630115,8894400
2020-03-25,211.91236877441406,223.67874110871165,195.20265505135924,197.9951341682816,10014000
2020-03-26,230.800048828125,233.12259198019296,209.933247876786,211.4966728321198,7517600
2020-03-27,219.1060028076172,227.37501479730616,215.30136510422588,219.54882873590077,4879500
2020-03-30,227.08575439453125,229.62519413720855,219.27764873989108,219.27764873989108,5329000
2020-03-31,225.36868286132812,230.02281438137507,219.6029708197233,220.03675060469595,5450000
2020-04-01,214.46987915039062,222.86539438675612,212.77088872575231,215.70796560813466,4548800
2020-04-02,217.2895050048828,218.699299938645,204.26695247175624,212.64440472305978,4636800
2020-04-03,207.39381408691406,216.2954094553881,205.38756322884373,215.37362895598216,4650300
2020-04-06,224.4288330078125,225.28736046854777,212.4817061250069,216.89184471352445,6365900
2020-04-07,224.15771484375,241.03009123048872,222.80214081792042,234.7944562275175,4984100
2020-04-08,242.04222106933594,243.244178679109,222.54907597837027,223.84139690576123,6390200
2020-04-09,238.69847106933594,244.3647595012353,236.41207107970436,239.4846994435132,4923300
2020-04-13,238.13821411132812,239.44858577549226,233.32139234396075,236.82781486794008,2964900
2020-04-14,244.45521545410156,246.77777254896483,241.29220896948289,243.09964124640783,4778900
2020-04-15,254.5587615966797,255.74262756118264,244.61788382625707,249.7238746197648,7841800
2020-04-16,269.6959533691406,271.11479407715797,253.04952045716803,256.14925965043665,7738900
2020-04-17,262.5836486816406,274.72959068676107,259.4567998782416,272.00939742730935,5857500
2020-04-20,254.97450256347656,261.1830284608084,254.18824630089625,257.8302214931178,4072600
2020-04-21,247.78993225097656,253.04052085232402,246.9404368674912,248.4767653472144,3977500
2020-04-22,250.34739685058594,256.4926822093898,250.06724709641006,252.66090760849073,3663300
2020-04-23,257.8572692871094,260.6859047264936,251.72105761975664,252.1909800023828,4420500
2020-04-24,263.24346923828125,263.79472281862877,256.6553711784537,259.6286048554861,3265000
2020-04-27,265.6744079589844,268.27708656238195,262.6469542037973,264.9785290711806,3706200
2020-04-28,260.59552001953125,269.53328406875664,258.1193471236807,269.3073550795959,3862900
2020-04-29,259.9538879394531,264.56284480805965,258.5531392462829,263.88505784441816,4258400
2020-04-30,264.3098449707031,266.5962455668019,258.0290071366761,259.0502107272861,7631700
2020-05-01,257.1163024902344,261.17397936505074,252.67905268009568,260.62272572622044,3526100
2020-05-04,259.8544921875,260.215973051937,254.94729361497056,257.0981419903207,2894200
2020-05-05,264.824951171875,267.499942878477,259.62858403825595,262.04149037593606,2501300
2020-05-06,260.966064453125,269.01817747880904,260.6678503021993,266.68660228844465,2579200
2020-05-07,257.55914306640625,264.1472425533426,257.1253493179812,263.03566158632174,3162300
2020-05-08,259.3665466308594,262.0776952019136,258.15557024529596,261.616791119481,3200000
2020-05-11,260.8937683105469,262.16801115106244,257.79402912008504,258.0651328822275,3490700
2020-05-12,259.9991760253906,264.92441303786455,259.9991760253906,263.6772802008174,4214300
2020-05-13,251.23309326171875,258.8243035134933,249.0280236181193,257.0982023330151,5474100
2020-05-14,262.6288757324219,264.2917373295023,249.10027460485614,249.36233237006425,5704600
2020-05-15,262.9452209472656,271.1148219715241,262.7283379150407,264.2556202851517,12182800
2020-05-18,265.11407470703125,270.8617219884033,263.90309874926743,269.74112313359313,4015100
2020-05-19,261.2191162109375,266.2618672720271,261.0654999250452,262.74639855925807,3059400
2020-05-20,260.26116943359375,264.6984184295878,259.0953956174035,264.6984184295878,3200600
2020-05-21,259.2851257324219,262.1950919612461,257.4957583663879,258.4988973316436,3604900
2020-05-22,262.0234680175781,262.2945718363501,257.3693352671347,259.63764409547,2922800
2020-05-26,266.4967956542969,268.43073334393,264.33690140987915,267.95176501890313,4567800
2020-05-27,274.5217590332031,274.5488694060486,262.80056313320273,268.78318534022713,5618900
2020-05-28,274.7025451660156,279.8446912540444,274.0880249239483,276.4919127194476,4387700
2020-05-29,275.49786376953125,278.67893457269054,271.88299930171183,275.3803762616508,6251500
2020-06-01,276.4738464355469,276.519048785889,271.62089562675726,274.7477454588146,2894000
2020-06-02,276.81719970703125,278.4348588001274,272.6781932503848,276.157477208251,2756800
2020-06-03,275.94970703125,280.260422749457,273.59099375127676,278.2089972024912,4360000
2020-06-04,269.379638671875,275.1543968396353,265.95457507293827,273.988595540089,4374300
2020-06-05,281.8238220214844,284.01984514147614,271.566640564197,274.7296463611177,5554300
2020-06-08,279.6820373535156,285.4296578702478,278.28126100725865,278.9229192237146,4635500
2020-06-09,279.43804931640625,282.5468349262978,277.73905862504375,280.06161563566644,3061500
2020-06-10,276.31121826171875,280.4321617799052,273.6994652991546,279.19407504288904,3296100
2020-06-11,256.411376953125,274.1513006892392,253.76346784085956,274.1513006892392,6638900
2020-06-12,257.69464111328125,265.7829112623862,251.86568879966399,262.6650796770554,5416800
2020-06-15,258.7157897949219,259.3664663537517,247.3560741791609,251.25108754768272,4494600
2020-06-16,264.788818359375,268.9188075719128,259.76415902961037,266.99388785853523,4245400
2020-06-17,264.42730712890625,266.68659712901785,263.18922062152086,266.68659712901785,2538000
2020-06-18,263.41510009765625,263.6862038150108,259.00496243389927,262.4661819284784,2926600
2020-06-19,264.33184814453125,269.12401914553027,264.0323495748477,267.22712100951077,5172800
2020-06-22,265.6297607421875,265.9292593249512,259.811987615447,263.0158441369364,2174100
2020-06-23,270.104248046875,271.62902341350696,264.1775666831136,266.8459374237237,4023400
2020-06-24,262.462158203125,269.65042803468094,259.18570557690526,266.82775185467364,3399900
2020-06-25,268.85174560546875,269.36000406385205,259.6304414779298,261.6453331158095,3112500
2020-06-26,260.3746337890625,269.1784163363462,259.4125713537635,267.8714860660179,5043200
2020-06-29,262.9886169433594,265.2757801235169,260.1387132929474,261.79965216380816,2356700
2020-06-30,267.69915771484375,269.0605705643215,261.0826835109377,261.90861063004934,2932900
2020-07-01,270.2222595214844,272.6455584441425,267.9622957656672,268.497781399131,2303800
2020-07-02,270.7032470703125,275.07789781006977,269.7230146437734,272.73628069868124,1971700
2020-07-06,274.8328857421875,275.45005278051275,271.67439867274385,275.0053335467209,2395000
2020-07-07,269.2419128417969,275.51348756624924,268.60660384836956,272.88142985519653,2075700
2020-07-08,270.7939453125,273.072050556424,268.3615621991,269.8772799461973,1987400
2020-07-09,264.2592468261719,270.9664580362135,260.9373969877151,267.8352258911659,3061700
2020-07-10,264.3227844238281,267.05466666771895,260.57435758206196,267.05466666771895,2391600
2020-07-13,272.0192565917969,276.38484999008415,264.81284498382047,265.1032862667931,4263300
2020-07-14,280.01519775390625,281.12248057265435,269.29634996574487,270.294724261009,4234900
2020-07-15,275.9764404296875,281.9848024650634,271.06627659432917,273.29898507891187,5116900
2020-07-16,278.7718200683594,282.1299810897686,275.150472642689,276.82955315339365,3844500
2020-07-17,278.2091979980469,282.2389814556275,277.9550687573891,280.5326732549209,3016500
2020-07-20,275.42279052734375,280.08791020600705,274.44258580895837,278.44514149687603,2375500
2020-07-21,276.9203796386719,278.6357727726098,275.10516287793826,276.8477831553668,2340200
2020-07-22,278.3724670410156,278.5539997365938,273.92519297935513,276.6933865499192,1935800
2020-07-23,274.97808837890625,279.9971611813023,273.43514318622454,279.7248897698913,2367700
2020-07-24,272.9994812011719,276.1670249902444,271.58361460962055,275.30478611166944,2415700
2020-07-27,271.0118103027344,274.21566609640115,269.89544226092835,270.85750472375156,2060500
2020-07-28,272.218994140625,273.5531796621039,269.75029806339916,270.3674928562143,2257400
2020-07-29,278.3453063964844,281.131670521002,272.28248960871866,273.6075899693724,2672700
2020-07-30,277.0292663574219,278.145606738863,271.2750335789378,273.80724056464925,2205300
2020-07-31,274.8056945800781,275.67699096579474,270.5126964966189,275.40471950088727,3913500
2020-08-03,275.5589599609375,276.7388674437881,271.5564314810011,275.54081776508156,2628500
2020-08-04,276.3666687011719,280.3238267543648,272.34597143294116,274.01596702678415,3594900
2020-08-05,283.600341796875,284.04506096160446,276.83864947424905,278.4814181376835,2982200
2020-08-06,285.0434265136719,287.02200572436385,281.7215772077742,283.17375585432023,3305300
2020-08-07,287.7391052246094,289.5270949754819,284.3900278349141,284.3900278349141,2600800
2020-08-10,289.6177978515625,290.8612167212523,286.4229990877405,287.7118149886924,2563600
2020-08-11,286.3957214355469,294.5823641259277,285.5879646392104,293.0848163185168,3018200
2020-08-12,292.4948425292969,293.42062048672597,288.2926404346536,288.6193660445697,2915800
2020-08-13,291.8141784667969,292.1318468763695,288.47418693861454,291.0517909026251,2159500
2020-08-14,293.79278564453125,294.0015178039687,289.28197177915143,290.92474040657106,1787200
2020-08-17,290.8975524902344,293.88356393056597,289.84472351171325,291.75070652975995,2772500
2020-08-18,287.5393371582031,292.85793534555233,286.5409626488369,292.23168350322277,2520000
2020-08-19,286.2596435546875,289.9717580647747,286.0599686268537,287.5030624561047,2066700
2020-08-20,284.38092041015625,286.15076782346375,283.1828984037118,285.74233297485137,2245600
2020-08-21,285.1161193847656,286.1507785698255,281.4402887032377,282.5203449276313,2488500
2020-08-24,280.3056945800781,287.6210139712349,278.17280991188676,287.53933256241083,2922200
2020-08-25,283.37347412109375,283.50052488442844,279.3618331122476,283.3553319257625,1879300
2020-08-26,280.2875671386719,282.59287199258455,275.5589085387719,282.248004147624,3178900
2020-08-27,282.874267578125,285.6878309162787,277.26522769902,281.7306723516465,2321000
2020-08-28,285.32476806640625,286.6408109556471,280.4236896237894,283.4823246402706,2883500
2020-08-31,283.6729736328125,290.03531691572795,283.6639163841206,285.7968015080232,4341600
2020-09-01,283.9270324707031,285.64242509126655,281.3585137100833,281.5037343312422,2487100
2020-09-02,290.6525573730469,291.5964780340803,283.6821302562199,283.6821302562199,2846500
2020-09-03,287.012939453125,293.9016820888473,284.7439190448633,292.249828584112,3872500
2020-09-04,283.1737976074219,288.4651419589242,278.2999453302831,287.23989287768313,2901000
2020-09-08,278.86260986328125,282.68363249848124,275.75857773886963,282.2933676334187,2594500
2020-09-09,283.19189453125,286.18701814594453,279.9245272395884,281.0680947124685,2195600
2020-09-10,276.4574279785156,285.38828820301205,275.65872843276384,283.8362861345174,2421200
2020-09-11,274.7532958984375,279.2917926393075,270.9347442908781,278.0250329627681,3085900
2020-09-14,281.2146911621094,283.5386177027514,276.1475979281932,276.1475979281932,1795500
2020-09-15,279.99346923828125,283.8484536600609,278.9180574104145,282.5634495820893,1468300
2020-09-16,279.34637451171875,284.56840848116303,279.0547642935711,281.67032856209556,3438200
2020-09-17,277.94293212890625,280.1301618379059,275.3273399212988,277.50547506225246,2394100
2020-09-18,280.71337890625,282.8732968588474,276.8401502103727,277.97024055388994,3795400
2020-09-21,272.666259765625,273.88746296951155,265.8038091942938,273.83278430457176,4124700
2020-09-22,268.17327880859375,273.9694388993299,266.9520757922211,271.9827068792072,3163600
2020-09-23,266.2412109375,269.85014113342305,265.958667477906,268.84765279785194,3709900
2020-09-24,266.71514892578125,268.7838991829582,263.9628875663313,266.2868141892046,2869100
2020-09-25,275.6827697753906,276.38449772245076,265.4027654562515,265.43010478374384,2455800
2020-09-28,276.3481140136719,282.5270534582843,275.9835524980553,279.22797755178186,2575700
2020-09-29,277.1865539550781,278.41687960742445,274.02417453739525,276.74912461176586,1797800
2020-09-30,284.131103515625,286.637311817264,277.0408135056558,277.0681528473696,3497300
2020-10-01,285.3158264160156,287.22966345848494,281.74332874926324,285.17000734674576,2731200
2020-10-02,284.3223876953125,289.25278420946205,281.0232842407649,284.4317450163879,2338000
2020-10-05,289.9453430175781,290.1914247623893,285.36126396863824,287.13840358549487,1638600
2020-10-06,286.5733947753906,291.904758419643,285.6984806552349,290.6744608476674,2434400
2020-10-07,294.5203552246094,295.95115049512907,287.82194163867644,287.82194163867644,2596600
2020-10-08,293.8277587890625,296.5071245605356,292.5336321857241,294.7573238846628,2056700
2020-10-09,298.77642822265625,299.07718874137686,295.2039584030091,295.87834725615664,2028900
2020-10-12,300.7175598144531,303.98929644044784,299.8426733497871,299.94290829967605,2424200
2020-10-13,302.0390625,304.1169354886514,298.6579403194596,299.3779132559378,2713500
2020-10-14,293.3174743652344,301.26443315353333,291.8137551380886,293.51797211633016,4455400
2020-10-15,295.7962951660156,297.9835253073761,288.2867670040863,290.583382292834,3172200
2020-10-16,300.6537780761719,302.886592383552,295.942123261727,296.607389675525,3293300
2020-10-19,295.477294921875,301.4557364924428,293.50877960296054,299.41432555970397,2482100
2020-10-20,294.7391052246094,299.4872212454791,294.6206255164955,297.6645249659135,1988600
2020-10-21,294.174072265625,297.5460436776311,293.6181354409981,294.73910365934756,2139000
2020-10-22,296.85333251953125,298.9767606820405,293.6818321245632,293.7456331462504,2100600
2020-10-23,301.29168701171875,305.89398378559036,299.0406560953018,299.9793435245367,2349500
2020-10-26,294.4201965332031,298.6944225313928,290.30091199228184,297.3912010622346,2408500
2020-10-27,292.0962219238281,294.821144155395,291.1119502881709,294.42014872044433,2427700
2020-10-28,280.69525146484375,289.6355752686716,280.18489868715164,285.5527252349942,3301400
2020-10-29,276.7581481933594,282.0439831704048,274.7349545630673,279.41017415550806,3279200
2020-10-30,278.0888366699219,279.93887262678066,273.03995924500026,276.3481580603228,3556800
2020-11-02,284.43170166015625,284.92383734211523,280.1118934511961,284.92383734211523,4519000
2020-11-03,292.8617248535156,297.50048346157536,287.0928756608173,289.32568968675577,4043900
2020-11-04,323.1275939941406,328.48632550231935,310.8973175414659,314.62472809315693,10344900
2020-11-05,322.9818115234375,328.97849853284436,318.68024670709946,326.3264718101733,4786500
2020-11-06,316.65704345703125,320.794572146548,314.0232615741638,319.2999477219469,2994900
2020-11-09,318.9718322753906,335.33054165551175,318.0422672337001,333.8359174344529,4635300
2020-11-10,322.3347473144531,324.3488190505003,317.3041152592108,318.50707374684833,3733200
2020-11-11,320.5211181640625,325.1780933185605,318.4341233561364,324.58572265245334,2048200
2020-11-12,322.9909362792969,328.55926073109606,318.74405010131915,320.24776914980487,2907300
2020-11-13,324.1391906738281,326.20794084660474,321.5145036982386,325.22366932469026,2442100
2020-11-16,325.1872253417969,327.702527105293,319.89229527470286,327.1284011828055,2790100
2020-11-17,320.88568115234375,322.03396088037215,316.6934742047597,321.1499798966326,2557600
2020-11-18,313.9685363769531,322.662777047496,312.67440986421497,322.0977456870526,2722500
2020-11-19,307.1242980957031,312.65618752860064,304.69098652330246,311.9453371499447,3935600
2020-11-20,305.0281677246094,307.7257498491792,302.30321846209586,305.3015609827262,3702000
2020-11-23,305.3562927246094,306.44992157148255,302.19391369928724,305.80284439454977,2535700
2020-11-24,306.22210693359375,309.8583772252646,304.7821612528668,306.37702054740856,3759700
2020-11-25,303.6520690917969,308.78296323368687,299.9611204915376,308.78296323368687,3145100
2020-11-27,307.98095703125,308.85584335704993,302.42172845787934,303.96190886129193,1558600
2020-11-30,306.5227966308594,307.98095905821265,301.0091521102109,305.4018285285787,5265700
2020-12-01,310.9428405761719,322.7083471321105,309.7945331437334,314.205454328156,3817700
2020-12-02,316.7482604980469,320.6397083111639,311.2254911955083,311.47154526109375,2864300
2020-12-03,317.76885986328125,321.4962703842084,315.77300523003146,317.05800943309214,4169200
2020-12-04,320.0188293457031,321.4639276110721,316.2322604646271,316.4609171967056,3255100
2020-12-07,318.16217041015625,320.01889022355243,315.74756937441566,318.94876423248513,2999400
2020-12-08,318.16217041015625,320.0280175142767,314.70488107992935,315.3176935198439,2471200
2020-12-09,315.0067138671875,319.57984923662684,312.4457413129795,319.10425320659834,2600400
2020-12-10,310.653076171875,315.9670571716165,310.2963861318728,315.69268021776867,2896900
2020-12-11,308.29339599609375,309.94886898971066,305.7872984959775,309.26289859195094,3071700
2020-12-14,307.4336242675781,313.92748252782695,307.1866570765826,311.0006645222428,2479000
2020-12-15,310.67138671875,311.8969836335012,308.26591307750886,310.186635491929,2616500
2020-12-16,310.3695068359375,312.4914480655135,305.7232141967482,308.0737842523411,2365600
2020-12-17,312.5006103515625,313.35120673808325,308.51282223231885,310.7993896663209,2525700
2020-12-18,309.4915466308594,313.36040170090155,305.48547515538365,313.27808860496515,8742700
2020-12-21,307.3878173828125,308.1835662867128,301.27811597011015,303.72018224220454,2892700
2020-12-22,306.4091796875,308.21099587335465,305.00064638638645,306.5463681458749,2069700
2020-12-23,308.7689208984375,312.48230422915253,307.34210503304945,307.7628256312535,2348100
2020-12-24,311.69573974609375,312.26280401395724,307.7171067570441,307.7171067570441,1360600
2020-12-28,316.4152526855469,318.09816318027384,313.77196699980146,313.90915548074594,2308200
2020-12-29,317.69573974609375,321.2993728776013,315.54636040437657,318.2810865959756,2275700
2020-12-30,315.53717041015625,319.2139889376226,315.06157440255345,317.44873755498145,1866000
2020-12-31,320.7414855957031,321.1164861273309,314.67750230599745,315.58300228713154,1969000
2021-01-04,319.6620788574219,322.02180381053967,311.3206865875229,321.4456123506893,4203800
2021-01-05,315.3633728027344,321.36332358259926,315.070713381234,318.92128516704656,3160500
2021-01-06,328.5979919433594,328.7992109751705,306.5006029838512,308.3298567595171,6561400
2021-01-07,333.8663024902344,335.16508514971326,327.3633177272721,327.93038201795946,3366700
2021-01-08,332.3662414550781,336.11618895122484,328.1315149662179,335.6680307575924,2947800
2021-01-11,329.95172119140625,333.1895088904478,328.52490517058186,331.662069375843,2695100
2021-01-12,326.8602600097656,329.33889146661363,324.9029726633556,327.38160412020363,2372500
2021-01-13,324.7291564941406,326.348036129056,321.2444300867776,325.6437834338621,1974500
2021-01-14,320.6042785644531,328.17739083557274,320.503682968033,326.3847292983687,2919900
2021-01-15,321.30841064453125,322.9090076788793,316.2230874426641,319.3145307520993,3777000
2021-01-19,322.1225280761719,326.4852893962783,321.5463085238135,325.79931905531913,3361300
2021-01-20,320.8877258300781,322.0218543516646,316.3054357352807,321.8389457032605,3036800
2021-01-21,324.692626953125,330.0797940770505,320.79630649778204,320.8603370949836,3749800
2021-01-22,317.8786315917969,324.34505176875683,317.86950430126353,323.14689252277685,2585100
2021-01-25,318.1164855957031,320.4762394128995,315.18054008623096,317.51282829158794,2506300
2021-01-26,313.81768798828125,321.5005778871724,313.323809455624,320.5859507956095,2467500
2021-01-27,304.5616455078125,309.1439358558046,300.9214477955681,308.2659017232283,4770900
2021-01-28,309.2811584472656,316.9914584547402,305.95193020819465,307.9000904611747,2769900
2021-01-29,305.1012878417969,310.07686137002474,302.40315471393643,307.7994488818606,3899200
2021-02-01,305.4853820800781,309.2810781013282,304.33294326368116,306.4274466628192,3020200
2021-02-02,309.80242919921875,315.2170328074925,308.3207380655778,308.3207380655778,2663700
2021-02-03,309.04345703125,311.1196511233957,306.0343251531064,309.14405264460373,2537100
2021-02-04,301.20501708984375,306.66534224384486,300.3544205467484,303.94889851572964,5962200
2021-02-05,296.80560302734375,305.009807955844,295.863538377235,303.75674557732685,7227900
2021-02-08,296.65008544921875,299.1012788427266,296.1653343086206,299.0921515540195,4758200
2021-02-09,301.4884948730469,302.7781222599893,294.2446369343533,296.24767224681705,4096900
2021-02-10,304.9366149902344,307.09514907431844,301.6165147454019,304.2597999892533,4122700
2021-02-11,304.6347961425781,307.90914824770084,303.1988251735975,306.4000194061996,2776700
2021-02-12,300.2171630859375,304.0220148255864,299.88791075772053,303.36348225695093,2760800
2021-02-16,296.90625,301.6806046631343,294.94896248564464,299.4123193665257,4339000
2021-02-17,298.9549865722656,300.5464566323775,294.7294140331946,295.84526015966725,2620000
2021-02-18,300.37274169921875,301.44283996220116,297.4367960110816,298.07701834552853,2383500
2021-02-19,296.8696594238281,300.77513510445226,296.4397835593535,300.68366680967375,2313800
2021-02-22,299.6683654785156,300.95796482139093,293.0007276830368,294.05254301651956,2688300
2021-02-23,301.3787536621094,305.4305445995345,298.7537786209884,301.81775676115615,3225700
2021-02-24,303.8482666015625,305.11961169154193,298.20503292276527,300.44585261119585,3360500
2021-02-25,300.7933654785156,305.11956107085297,299.41226982962274,302.74152537969036,2780100
2021-02-26,303.85736083984375,309.0615903223107,301.68969947428525,302.32992158015463,5430000
2021-03-01,306.0799255371094,309.9762455599126,305.1927362144777,305.8146758868665,4198900
2021-03-02,306.0708312988281,308.84215034203373,305.38486096227024,306.4000836625178,2568900
2021-03-03,304.4519348144531,309.2903202511443,304.36962172045565,304.863528196646,3039700
2021-03-04,305.3116760253906,311.7415035484169,304.26901562522113,305.64095630221567,4991600
2021-03-05,317.4670104980469,318.55541876919494,306.4183016393835,306.4274568405154,4563100
2021-03-08,320.2749938964844,323.77800351757844,316.0951412199413,317.38476882070466,3419900
2021-03-09,321.9304504394531,330.4090334430092,321.3450757089905,322.79020212969283,4277600
2021-03-10,319.7535705566406,324.2169543048409,318.7474753818909,323.6956102717163,3012300
2021-03-11,322.95477294921875,325.5797477592303,320.0005179317117,320.81454929319335,2520500
2021-03-12,326.7823181152344,327.5166359797437,323.0832776575661,324.16639300629697,2088700
2021-03-15,324.8180847167969,328.54466042817114,322.6794171514139,327.60843664247636,2343400
2021-03-16,325.4789733886719,326.17654039711346,323.009883659479,324.49683892896905,2904200
2021-03-17,323.2577209472656,328.6640266750096,322.9364585879804,326.00219057632603,2633100
2021-03-18,332.3171081542969,334.40070531356577,323.4045369918869,323.8910103176696,3311600
2021-03-19,335.5572814941406,340.0365233353266,329.52685412478,332.1978781246192,8572900
2021-03-22,336.73211669921875,338.31086519973337,330.5364511088667,335.02488007088766,3505200
2021-03-23,338.237548828125,341.027901714559,337.06266782510636,338.5588112610368,3100100
2021-03-24,340.16497802734375,343.10216551561564,335.49299080683033,335.98862386344535,3407800
2021-03-25,340.6147155761719,341.55093932569685,333.5470848155013,340.16496514914934,3021500
2021-03-26,345.5620422363281,346.0943981079099,339.8803863112334,341.156219664716,2959800
2021-03-29,347.93023681640625,349.25198111462186,344.19447302893076,345.45195925441067,2740400
2021-03-30,342.88189697265625,348.6828823950028,341.26642558634103,346.5442147513426,3066000
2021-03-31,341.5142822265625,346.0394062003004,341.26643766885365,342.18431407787307,3356500
2021-04-01,336.9249267578125,342.0833881015779,335.7225108080608,341.6336375893193,2977700
2021-04-05,339.7794189453125,342.0282269321966,337.44803346975925,339.2654104931149,2709400
2021-04-06,334.4467468261719,339.4216511348456,332.93225579135225,338.4945866539536,2698600
2021-04-07,335.6123046875,335.8325860364616,330.94028965783303,334.2813728443463,2158900
2021-04-08,334.9239196777344,336.778019847663,333.2900728600159,333.2900728600159,2426700
2021-04-09,345.39691162109375,345.68145109178664,336.8606714775715,338.0998103400486,2483200
2021-04-12,345.3785095214844,348.6369593373997,343.31328774795304,343.7263433072045,3057300
2021-04-13,343.7447814941406,348.159765632368,343.58873014950075,345.3510655198142,2652300
2021-04-14,344.78192138671875,346.9664717307784,343.81813434655794,344.51572938385164,2805600
2021-04-15,357.98095703125,360.13794400130115,348.7930059888036,348.7930059888036,4488300
2021-04-16,358.89886474609375,361.56988846582937,353.80463385372025,361.56988846582937,4532400
2021-04-19,357.8249206542969,361.083398574022,356.567434509444,357.9717842348338,2965400
2021-04-20,363.9655456542969,365.2046844574525,357.4394575751051,357.8432974404914,3348100
2021-04-21,366.0582580566406,368.5090001903072,362.9650192968079,366.1041406687373,2473300
2021-04-22,363.9747619628906,366.012448951469,360.89987002808806,365.71872174324534,2718600
2021-04-23,367.43505859375,368.97708405158886,362.10219954353613,363.1302165154287,2263200
2021-04-26,363.3506164550781,367.15063901433444,362.75400226895397,366.976240219893,1642300
2021-04-27,362.10223388671875,363.78193534628804,360.0828946351495,362.24909746968416,1758500
2021-04-28,362.1848449707031,364.38774272633833,361.0007765726454,362.7263886848251,1886500
2021-04-29,368.5732727050781,369.1331918985189,363.75442140256155,364.1674770044665,1996500
2021-04-30,366.049072265625,368.85777161804276,365.6360447204829,368.06841141308485,2328100
2021-05-03,372.5660400390625,373.3645880571404,367.63704805600304,368.0684511016891,2568500
2021-05-04,377.5592956542969,378.5965005248151,370.36314764627593,372.1805531017176,3237200
2021-05-05,378.6239318847656,378.85340093439277,373.3920263487236,376.7881794877486,2767600
2021-05-06,380.89117431640625,382.61678644602665,378.67908881078563,379.08295667139316,3058700
2021-05-07,383.35101318359375,384.6084991740295,380.0650285081053,380.91864670449974,1851000
2021-05-10,386.324951171875,390.99693795764637,383.8742092412086,384.83796810630906,2489300
2021-05-11,377.88970947265625,387.61001678571404,376.88919958798965,386.4259484354497,3024000
2021-05-12,372.07958984375,377.1095631143241,371.44625282206096,375.6776780247752,2888100
2021-05-13,375.0075378417969,379.24812185415885,371.1157513042806,372.9147810040847,2637500
2021-05-14,376.1457824707031,378.7066657759505,374.95255421263977,377.2380577581561,2072900
2021-05-17,375.0718688964844,378.63323410543745,375.0167985488298,375.6960181774809,1583900
2021-05-18,376.6781311035156,379.04623995080385,372.90564443756375,376.04479413048256,2694800
2021-05-19,375.87042236328125,376.99023280066683,371.05157079452124,375.8612346347508,2783100
2021-05-20,375.0811462402344,379.8449005187253,374.78741897498725,375.8980419331967,2105800
2021-05-21,377.82550048828125,384.2506358575334,375.83369619881154,377.02695243135014,4295400
2021-05-24,377.20135498046875,379.90907382065876,376.2559433156961,378.50472391063005,1883600
2021-05-25,379.1288757324219,379.8723534537905,375.3105341564049,378.027440743275,2285600
2021-05-26,379.2757568359375,381.1941154410778,377.2564452569646,378.2569273231075,1903900
2021-05-27,378.80767822265625,381.0197361447696,376.6781978205428,380.84536536390146,2041800
2021-05-28,378.09161376953125,381.3500633950704,376.3476264091297,378.80755615540505,2367900
2021-06-01,373.3187255859375,379.75304871780634,372.80471699457735,379.75304871780634,2199600
2021-06-02,372.5201110839844,375.53993202815104,371.3268550579327,375.53993202815104,2232900
2021-06-03,374.4568176269531,376.10901181843144,369.7572953257358,370.36309706147495,2281200
2021-06-04,372.3273620605469,377.24716566611585,371.4186454604862,377.2104427703149,2990900
2021-06-07,367.38006591796875,373.76847845901835,365.9481808313778,373.5390093360215,3353800
2021-06-08,368.74761962890625,369.6746836651723,366.0031784270328,367.811395877271,3051300
2021-06-09,368.1602478027344,372.4559028439012,367.6370515061988,370.207094348427,1925700
2021-06-10,368.5181579589844,369.7664843309522,365.7461815325608,368.90367834173753,4033600
2021-06-11,365.2138671875,370.2346243825649,362.35925691640057,370.2254646659682,3094300
2021-06-14,366.3795471191406,366.66408656218005,362.6805063482638,364.6722824495395,2674900
2021-06-15,367.4075622558594,368.5273725781704,363.9104554319545,367.1138350867433,2845800
2021-06-16,364.6264343261719,370.0418999951996,364.09407828891,368.16026440209106,3330800
2021-06-17,364.71820068359375,365.37907282571325,362.20320024786275,363.479061915699,3532000
2021-06-18,358.7024841308594,361.733365433154,356.74946380464866,356.7770998238325,5521400
2021-06-21,366.71728515625,367.7582887868018,358.5643217272465,358.702501829984,3839300
2021-06-22,367.2884521484375,369.0940711089119,366.486979430256,369.0572137098122,3964600
2021-06-23,364.40496826171875,367.57402981551047,364.1378013205211,366.48697552230317,2942100
2021-06-24,367.4542541503906,370.48513551730696,365.5841418418587,366.9475844165648,3309100
2021-06-25,373.0553894042969,377.68921604153223,367.59242596464105,368.587378881963,16928900
2021-06-28,369.8401794433594,373.0921482814947,366.588210605224,373.05531900554865,3193300
2021-06-29,366.7449035644531,371.4432236296018,366.1737404245957,370.310090613656,2458800
2021-06-30,368.90057373046875,369.78495440271814,365.5472536725098,366.2289889594531,2875600
2021-07-01,373.0000915527344,373.29486636528526,370.16266258454107,370.36533608226915,2678100
2021-07-02,377.1180725097656,377.5879130087301,372.0697049464549,373.1843953451769,1982400
2021-07-06,377.94720458984375,378.77631337263375,373.75555378213716,376.4824391803242,2615300
2021-07-07,379.2369079589844,379.7159416857572,375.12819359785925,378.0300882069186,2270400
2021-07-08,377.6615905761719,378.47225653188565,373.1751371730592,376.42710671574565,2032300
2021-07-09,379.6513977050781,380.70162257238957,378.29720476663033,380.03833005460183,2078900
2021-07-12,383.27197265625,383.6036049343649,377.9932673179031,378.6473386090479,2802600
2021-07-13,385.5750427246094,386.6344610280388,382.96792288409176,383.585164846032,2948900
2021-07-14,382.0742492675781,389.25070135001914,380.7937430328362,387.62931343050656,3538700
2021-07-15,386.9660949707031,388.5137965145368,375.12820658250035,379.4672306360263,3546500
2021-07-16,386.6436767578125,389.02968027876864,384.74592834942337,388.17290740173297,2625400
2021-07-19,376.8416748046875,386.48703934476754,374.76888897040635,384.3773961126356,3611300
2021-07-20,380.4436950683594,384.82879737226267,378.2695585571798,378.6288549068995,3186700
2021-07-21,381.982177734375,384.3681810300539,378.47223472272617,384.21155818354663,1863700
2021-07-22,383.0231628417969,383.99967299939703,381.14385731997555,383.25347237168285,1421900
2021-07-23,384.8011474609375,386.31196325440135,383.2258101422127,384.9853782038722,1611700
2021-07-26,380.9687805175781,384.7734980569351,378.53669863823916,383.99963337608847,2232600
2021-07-27,382.4059143066406,382.55331576605204,377.21011828971467,379.5500707726961,2630600
2021-07-28,376.9430847167969,381.84405106894405,374.75972634666005,381.84405106894405,2446600
2021-07-29,379.623779296875,380.08439834131667,376.25207263184296,378.88680007135054,1597300
2021-07-30,379.7527770996094,381.1806849330656,377.9379368874987,378.4077773228742,1864200
2021-08-02,382.8388977050781,383.64037029887146,380.29627172701333,380.99642163145523,1806500
2021-08-03,388.6703796386719,388.8914959177247,382.38752855028577,383.06926391592475,2496500
2021-08-04,388.3387756347656,390.29179620570045,386.65289391143006,388.8085880197615,1995400
2021-08-05,378.803955078125,388.9928477882456,375.7638801242982,388.81781027310217,3598600
2021-08-06,382.4244384765625,383.9444760482884,379.5594008591722,379.5594008591722,1944000
2021-08-09,378.5091247558594,383.4469759969248,378.0300910255149,382.2677922565739,1509800
2021-08-10,379.347412109375,381.07012280553596,376.39024577058507,378.17744987912596,1441800
2021-08-11,375.6257019042969,381.32816932846595,375.41383508458944,380.49906046700204,1542600
2021-08-12,373.98577880859375,376.53762611747857,372.4565203213869,374.94387422150896,1939900
2021-08-13,377.40362548828125,377.7536723511995,373.94898260695476,375.0175940646307,1537800
2021-08-16,384.34979248046875,384.54327275002134,375.24795430739164,377.5602712516175,2377500
2021-08-17,388.559814453125,389.22310702634354,383.81544374174905,384.24842678418275,2258000
2021-08-18,384.4510803222656,388.38475678267787,384.23918544392797,388.1636686410768,3037000
2021-08-19,394.1886291503906,394.61239085290924,379.91863023316813,382.6639302059168,3204500
2021-08-20,395.86529541015625,397.3853329569793,393.28583945881775,394.6124248377808,2401900
2021-08-23,391.8577880859375,396.6482370036536,391.4340264714632,396.6482370036536,2375900
2021-08-24,390.06146240234375,392.3921938805641,388.50456762409823,392.00526147359756,1619300
2021-08-25,386.68048095703125,390.25488937440366,386.41334214326787,388.6243080168515,1939000
2021-08-26,384.0180969238281,388.20052565337426,383.81542342290857,386.7080963571731,1385400
2021-08-27,385.77777099609375,387.2425365630511,383.34568831694475,385.08684225051223,1621600
2021-08-30,385.35394287109375,387.44517165973656,384.9762599346205,385.7777327017025,1284200
2021-08-31,383.48382568359375,387.60176167265513,381.59529856849946,384.15633970866554,4249100
2021-09-01,384.4787902832031,386.8003005583538,378.85000994146833,383.73258954783466,2034400
2021-09-02,390.3378601074219,390.973516763812,385.2986856382482,386.14623721808863,3137400
2021-09-03,389.55474853515625,390.6049735152504,387.48196270871915,388.69800380757863,1604800
2021-09-07,388.0623779296875,389.00205890492293,384.69064267834233,387.1964117557047,1920300
2021-09-08,382.6731872558594,389.56403168073246,381.5769114402729,388.0163580989498,2262500
2021-09-09,381.8992614746094,387.12269412294006,381.32809832337557,382.62704748051556,3508500
2021-09-10,373.4033508300781,384.5802097916311,372.18304147028357,384.1734400050329,4215800
2021-09-13,383.2120361328125,385.3290844308913,375.75157023109375,377.1660109409138,3068200
2021-09-14,381.3815612792969,386.05013205796376,380.2999169816663,386.05013205796376,2879800
2021-09-15,385.9854431152344,389.59090558705117,378.5711896790472,381.36308426689436,3180600
2021-09-16,385.3568115234375,391.4213441138564,383.6188000714322,387.9730824472454,2262700
2021-09-17,388.42608642578125,389.2858384543176,383.62807538407134,383.62807538407134,4534200
2021-09-20,381.5295104980469,387.6310016056812,377.850102699462,385.4307824932324,2799800
2021-09-21,381.1966247558594,387.1502242511455,381.07643893112726,383.6649763970888,2382200
2021-09-22,377.83160400390625,380.882349400946,374.35558130171756,374.35558130171756,3629400
2021-09-23,377.2121276855469,383.51703046547965,376.7314126332049,378.84843218233544,2681600
2021-09-24,376.3339538574219,377.0828019430478,374.623703661489,376.2045424808342,1950400
2021-09-27,374.6606140136719,381.02098345549757,374.37403006027296,377.0272591716579,2608600
2021-09-28,368.512939453125,373.4866021843549,367.03377895046094,372.19234732426384,3115400
2021-09-29,370.1677551269531,371.49899676986297,365.90592547791306,367.0153029178847,2056300
2021-09-30,361.22808837890625,373.0151033810525,360.969237413247,371.16615985130403,3779900
2021-10-01,362.7904357910156,363.95527920386274,354.1836062047612,362.023136665381,3146600
2021-10-04,357.77984619140625,365.30503209577876,355.6997846074225,362.04164771696765,3074800
2021-10-05,363.7149658203125,366.1001190753203,359.84142637712375,359.9338792078666,3269400
2021-10-06,364.4730224609375,364.9629914070147,356.6982109108131,361.23737102501286,2809200
2021-10-07,374.1336364746094,377.3415537864795,366.7470898245772,366.79333032828555,2813700
2021-10-08,377.6097412109375,378.21989598070957,372.2293368095656,375.7145853176249,2012200
2021-10-11,374.4017639160156,380.16123244299706,373.6806771586563,377.1844326061782,2164200
2021-10-12,372.78399658203125,377.5357951375788,371.9242445860344,374.5127543199948,2415700
2021-10-13,373.070556640625,374.69763591906997,368.0414281551027,372.8764254761955,3021800
2021-10-14,388.6109313964844,400.7585037369442,386.2442859728344,393.5106486004363,6038800
2021-10-15,395.7386474609375,397.97585340239107,389.6648610058973,390.1733092073258,3312000
2021-10-18,392.5491943359375,395.6739133997051,391.82810749142493,395.6739133997051,2232800
2021-10-19,392.32733154296875,395.5075166667021,391.4213390581082,394.5922704361612,1616800
2021-10-20,402.2284240722656,402.63519391318226,394.60153187403836,394.7494507446117,2764000
2021-10-21,408.8753662109375,409.07875112531326,402.2191582974022,402.6074488476247,2465100
2021-10-22,415.2356872558594,415.3558730836738,407.1927726631375,407.54407640209183,2736200
2021-10-25,415.54083251953125,418.4529413448999,412.7212047320386,416.01232217937974,3553500
2021-10-26,420.3018798828125,423.1399869157481,413.7843366537537,416.4652992770802,3103900
2021-10-27,419.2294616699219,425.663777186042,419.2294616699219,420.30185229138175,3520400
2021-10-28,421.0414123535156,423.3156049388648,418.34194245382736,418.785699046453,1672600
2021-10-29,425.6914978027344,426.54202420621914,418.8411589114171,420.08920138698534,2497800
2021-11-01,419.8118591308594,430.58197774959245,417.10316363387034,426.9395567430904,2203100
2021-11-02,417.89825439453125,421.9659248084979,416.3636277695185,421.79952664994795,2600000
2021-11-03,422.7886962890625,422.9643481965527,413.27590132096714,416.4006206698243,2438200
2021-11-04,422.26171875,423.8795442864161,418.00914312603567,423.03827162196313,2517300
2021-11-05,421.3835754394531,426.66230260199245,420.24646473537706,423.2509987024105,2905000
2021-11-08,427.6791076660156,429.1305350546673,419.9967498386894,422.3449159348848,2279900
2021-11-09,429.2784729003906,429.38940499899013,425.52511976369675,427.6791265785424,2657800
2021-11-10,425.16455078125,430.8038340801923,422.14153832526296,430.23991985661746,2818200
2021-11-11,422.8441467285156,426.04281107984605,421.04141553328805,425.25700445083305,2246800
2021-11-12,424.32330322265625,426.1815005720675,422.5575586959406,425.87643729107657,2609500
2021-11-15,416.7518615722656,423.6022007560804,416.4745313270259,423.40806958441254,2849600
2021-11-16,415.6609802246094,423.7316286907724,415.42986228905346,418.7764454818812,3383800
2021-11-17,415.0415954589844,419.6731796527429,414.8382105493935,416.3728370103722,2281500
2021-11-18,415.5223083496094,418.6100405329149,413.34054040286384,414.83820829953135,2073800
2021-11-19,406.7676086425781,415.5038787950719,406.3053727236661,414.28356919811023,3536100
2021-11-22,404.4933166503906,410.234277456212,404.3546515512422,409.37452562885716,2598700
2021-11-23,413.3591613769531,413.71969077896586,403.0697837144396,403.07903746229624,2857000
2021-11-24,416.1601867675781,416.91826033791205,411.9815848109081,412.9060565173726,2248800
2021-11-26,406.68438720703125,414.32975872901494,405.1127738840662,411.31599988797274,2480600
2021-11-29,417.8612976074219,418.8597148430093,407.2760830975747,410.05875253667887,4079700
2021-11-30,410.6689147949219,417.26040405623576,407.92323208164,413.2944116453521,7435400
2021-12-01,410.77978515625,421.48518411082546,410.59490772881657,418.6840357608201,4325500
2021-12-02,412.33294677734375,414.0617329293663,406.04654914093913,409.6797169377497,4738700
2021-12-03,416.738525390625,421.48725498281584,412.88945944962614,415.30090335168546,3038300
2021-12-06,426.7460632324219,428.29497909715013,418.77895267824687,419.36327406251763,4721500
2021-12-07,431.03106689453125,431.9770934957628,426.8573751699345,429.19463234603165,3105200
2021-12-08,434.8615417480469,436.0765757597683,428.9534540798049,432.29241294468505,3228300
2021-12-09,438.9981689453125,440.07405729939813,433.47032585314906,434.5554981350488,2977400
2021-12-10,443.5521545410156,443.7840263100135,436.8556967201718,437.77389986791223,2572300
2021-12-13,443.4686584472656,445.43492640587846,439.6381325162615,442.4298492063338,2724800
2021-12-14,444.6929016113281,448.0133208660595,442.5782324191004,444.96188076210564,3018000
2021-12-15,458.53106689453125,459.47709352594916,445.32365993986804,445.75029607113584,4188600
2021-12-16,457.1211853027344,460.92388729821215,454.5705962978554,458.1878178939527,4080800
2021-12-17,451.79742431640625,457.3716297677193,451.11109305252637,455.78563505850707,5707200
2021-12-20,448.6533203125,449.84050260279565,440.7975038768586,447.04875752837467,3145600
2021-12-21,451.8809509277344,453.5411606476384,447.23426012409476,451.70472612650474,2536000
2021-12-22,458.2991638183594,459.5234534727936,450.66593548577794,451.82529425596397,1687500
2021-12-23,459.45855712890625,462.0276861670992,457.07490852509227,459.10610750752863,1706500
2021-12-27,463.27978515625,464.0217634802824,460.62718575840836,462.5192389760886,1349400
2021-12-28,466.4703369140625,468.6777606110312,464.11451189325925,465.59849682694613,1495500
2021-12-29,468.91888427734375,470.4399766060922,465.59849313493305,468.1769059687131,1573900
2021-12-30,467.8522644042969,472.30421902313105,467.12882567062667,471.0984689305759,1309800
2021-12-31,465.7283020019531,470.1152970789251,465.6355476477462,467.58327586747157,1695400
2022-01-03,465.8582458496094,466.4332833554432,457.29752924191337,463.74357627398643,3033600
2022-01-04,455.3033752441406,467.22158918502777,455.2848356933039,466.71148264276826,3908100
2022-01-05,454.18109130859375,460.96101871587734,454.18109130859375,458.89271260721455,3921100
2022-01-06,435.5942077636719,449.03351190921256,429.5377195662239,445.19370263772856,6555200
2022-01-07,425.3455505371094,434.03609933477014,422.5166981599138,433.7764041028803,5494200
2022-01-10,431.2814025878906,432.0790277247227,421.487143322525,422.9340206023186,5831800
2022-01-11,434.99139404296875,436.336261487139,427.2654399461051,433.32192879920797,3332800
2022-01-12,439.369140625,440.8531254786792,432.5242820697055,434.9635773965299,3502300
2022-01-13,433.53515625,441.9938314956674,432.19031734760483,441.38171510429663,3005300
2022-01-14,434.7038269042969,438.85897830540574,431.35558455791386,435.8168224792208,3665400
2022-01-18,427.562255859375,431.93999596726064,425.11370471003374,431.43917332820894,3938800
2022-01-19,428.9813232421875,441.0108320596876,428.04458051848763,434.0639627391526,4030900
2022-01-20,429.4265441894531,437.43076270600665,428.4990570529748,430.70648096653895,3228600
2022-01-21,427.7292175292969,436.6516384680014,427.6364631628823,429.89024991299743,4273200
2022-01-24,428.7494201660156,430.4838446920638,415.63476824972327,424.8539916137467,4780700
2022-01-25,423.7132263183594,426.17106160555886,414.83716749745895,421.14409710187715,3428900
2022-01-26,425.18780517578125,430.24262001231335,420.5689386112989,425.206373028428,4435900
2022-01-27,428.1279602050781,434.69455502610094,423.8707987156799,424.86318819062944,3508100
2022-01-28,432.26458740234375,432.46863567379677,422.0807699892614,427.94249460131573,3364400
2022-01-31,438.3025207519531,438.86827421295976,430.72493981272,431.28143765126566,3500500
2022-02-01,434.44415283203125,440.5562882556938,429.1945734533101,440.5562882556938,3148600
2022-02-02,444.98968505859375,447.0301676581659,435.0470238822933,435.0470238822933,3026800
2022-02-03,453.3278503417969,463.9104813314246,448.50493450391275,462.491427229834,4370900
2022-02-04,448.13397216796875,454.12553114406876,445.37005031169826,446.81692798017247,3066400
2022-02-07,448.62548828125,451.9273398477134,446.3994967628027,449.74773966361755,2937200
2022-02-08,457.6313781738281,459.7275079159351,446.4458868733888,446.4458868733888,3534700
2022-02-09,461.98126220703125,464.60603785983966,460.3025130673715,460.96102088619097,2818100
2022-02-10,451.4264831542969,458.38263579886836,449.8961352334227,456.54620131102473,2626100
2022-02-11,443.4593811035156,454.8674603257924,441.89192574811887,449.534409868166,2493800
2022-02-14,439.9998474121094,443.09765073828214,435.29748131232964,440.6583552871462,2549500
2022-02-15,443.5521545410156,446.2789688088029,440.7418698329482,441.42820121169086,3001000
2022-02-16,445.2401123046875,446.79831193869813,437.2173556088441,441.0200578781888,2651800
2022-02-17,436.23419189453125,444.5352110997439,434.8893528515296,443.4964302844268,2403100
2022-02-18,433.8876647949219,440.4821116819401,432.9787174005729,436.1507352015415,2992300
2022-02-22,428.9720458984375,433.3126785129336,424.6221293559215,430.19630729673685,3029800
2022-02-23,426.29150390625,433.8041530951459,425.5680652912987,433.3125861940207,2840300
2022-02-24,422.8321228027344,423.48134681327286,413.41810575564625,416.92400598746946,3933000
2022-02-25,441.25189208984375,441.27971556462074,423.1473580155281,423.5368866624053,3314400
2022-02-28,441.3631896972656,442.6987731070883,431.8471649784426,432.0697810831825,3918300
2022-03-01,441.7156982421875,442.3742061084884,433.8135189326025,436.7443813453196,2917600
2022-03-02,450.1837158203125,451.8439257383078,443.23684614861503,443.5150809707767,3675900
2022-03-03,451.305908203125,455.74857897921214,447.25279443167784,450.7586942548067,3139400
2022-03-04,462.49139404296875,463.42816498494915,442.86576542283717,445.83373519060905,4170100
2022-03-07,451.5655822753906,463.7434908745,447.9947517347257,463.7434908745,4123300
2022-03-08,439.1279602050781,449.35814005645574,437.3286332708858,444.08073708524034,3849500
2022-03-09,450.35986328125,452.35395464330094,439.2485589821191,447.58665794165705,3115500
2022-03-10,455.80419921875,457.9095844529026,443.18108682706435,444.5723172833389,2834800
2022-03-11,449.18096923828125,459.3483947431177,448.8460994580888,453.79491044758106,2615000
2022-03-14,453.878662109375,461.01352332813724,451.42283680275546,456.1856185494398,2704100
2022-03-15,463.1716003417969,465.0599692767116,453.31114010904787,455.81346528135947,3043000
2022-03-16,463.4972229003906,470.2320908442123,455.82281192222104,464.9576649901306,3497100
2022-03-17,471.6460876464844,471.7391164983758,460.63214722693965,461.394944068661,2357200
2022-03-18,470.808837890625,475.050691941162,466.56698384008797,473.24604027010525,5065600
2022-03-21,472.24139404296875,477.2088275547651,469.17161262213966,469.7762858941021,2617700
2022-03-22,470.06463623046875,476.1390474081092,469.61811484519893,473.73903399635515,2752500
2022-03-23,468.12042236328125,471.6831966269636,466.35295974818763,467.2273796561561,2753200
2022-03-24,477.63677978515625,479.7949241001908,468.7065215736163,469.76699931732776,2789200
2022-03-25,477.23675537109375,480.49256604184154,473.7111411933113,478.3157990687354,2551100
2022-03-28,477.3948974609375,481.06001245854236,473.3111668625497,478.4367523740484,2643000
2022-03-29,475.09722900390625,483.33909632678035,471.9065128142759,481.0227717858604,3478400
2022-03-30,484.4832763671875,484.83676895209487,476.72511907847854,479.1716329692045,3041200
2022-03-31,474.3902587890625,485.478633087975,474.1112006358391,481.0227869302994,3979700
2022-04-01,476.82745361328125,478.86466314298804,471.2553468757269,475.05067941460663,2344100
2022-04-04,474.43670654296875,476.72506831155,469.32974418491085,476.4739443898431,2657500
2022-04-05,481.63677978515625,488.1204675581258,472.55770920124763,474.4181726232998,3268600
2022-04-06,494.65069580078125,496.2972240428382,481.8600102017954,482.0646339184979,3955600
2022-04-07,499.4878234863281,500.72504729916517,491.52504398658255,493.02270309974926,2867000
2022-04-08,507.8691101074219,510.66905867817763,500.5574488077492,501.3946797035084,3986700
2022-04-11,499.9437255859375,509.4041660484115,499.19955158358704,505.6739278585568,3574000
2022-04-12,496.4739685058594,503.0041562666593,493.74839650692707,498.0553169344452,3575700
2022-04-13,499.5343322753906,500.7250558882535,491.7389875014609,496.11108705364995,3012000
2022-04-14,497.5064392089844,514.6877885058806,496.8087655537418,500.92968446415523,4211300
2022-04-18,496.8180847167969,503.2552711789117,493.37621660845156,500.371576069579,2087100
2022-04-19,500.185546875,504.6320244363812,497.8971566801272,498.50182993593654,2207600
2022-04-20,507.9158935546875,510.1019156572411,501.39495930393474,504.3159008936696,2986300
2022-04-21,499.9437255859375,509.7669700367399,498.632123874768,507.44139079387156,2539900
2022-04-22,484.5948181152344,496.1389664828105,483.8878330643402,494.93898824231513,3453300
2022-04-25,487.69256591796875,489.5437178194675,476.0274530637677,484.0925739701578,3030400
2022-04-26,477.9344482421875,489.5437211591751,477.683267526076,487.6646350424421,2895300
2022-04-27,477.9623107910156,484.55767801919757,474.2506956774191,478.98554287168065,3353700
2022-04-28,487.8320007324219,489.5622745203366,477.3668960699629,480.7064522284979,2582700
2022-04-29,473.0692443847656,483.62740656540484,471.5901796237875,482.65061801440316,2873200
2022-05-02,466.1855773925781,477.68325514317775,458.9204706069244,475.17161837767503,3184300
2022-05-03,464.76226806640625,470.2506283636455,462.7715873730704,466.16692674766995,2763400
2022-05-04,472.2041931152344,474.2041855167506,458.68792816203984,464.65071653965936,4002600
2022-05-05,460.2042541503906,475.04146197161197,455.09729090882087,471.8228396653756,3359700
2022-05-06,464.76226806640625,466.57623088805923,451.1622877690002,451.17159916850414,3260300
2022-05-09,452.4832763671875,460.12047000640905,450.632096142227,456.1855800402763,3862700
2022-05-10,453.9623718261719,461.7205006407606,447.5530619162708,459.3577042217583,4275500
2022-05-11,452.23211669921875,465.5995411369261,450.59492827860055,450.59492827860055,3936300
2022-05-12,445.3948974609375,452.92049640332044,438.52981181041486,452.18560545964965,3997600
2022-05-13,451.5344543457031,453.0228307197968,442.6135358907058,447.42284619438465,2453400
2022-05-16,455.08795166015625,460.9856172088751,450.3716701460654,451.5437711678538,2338800
2022-05-17,458.1670227050781,460.20423241978136,454.38097283451833,459.53446445346225,2289000
2022-05-18,438.49261474609375,455.0786331430857,435.68329689823275,454.19493007835183,3240500
2022-05-19,445.162353515625,447.98095433507547,431.0042263883706,431.92517504412405,3813800
2022-05-20,451.84149169921875,453.46008590847015,439.357768748895,447.7949777876694,3068200
2022-05-23,457.74835205078125,461.1530031045675,452.362331540399,452.362331540399,2279800
2022-05-24,462.8460388183594,463.32974903700244,454.56698314525886,456.5483810219188,2658100
2022-05-25,463.33905029296875,467.26462874708676,456.9855810099589,463.7390430643439,3161600
2022-05-26,467.19024658203125,471.8693105937416,464.56698654510615,466.73441377449814,2705800
2022-05-27,471.7297058105469,471.7297058105469,455.2460300632401,456.7436892263215,3349100
2022-05-31,462.1204528808594,468.9390380145393,461.07859803152803,468.48323361506067,4003100
2022-06-01,458.1855773925781,466.3995385720817,453.7483827432015,463.5530320591357,1765900
2022-06-02,457.9158630371094,461.534449566881,449.27400264610293,459.53445710131,2093500
2022-06-03,451.72979736328125,457.36702752213614,451.06934081212546,454.26002869566736,1756900
2022-06-06,455.98089599609375,459.1902062104339,452.3623100156311,455.2832223310993,1781500
2022-06-07,462.4181213378906,462.8925201367393,453.134400005028,455.3483556943707,2341900
2022-06-08,459.0972595214844,463.16236759472275,454.46469533720966,459.53446956531207,3268100
2022-06-09,455.28326416015625,461.82279144531884,453.590235764337,458.4925746693512,3148800
2022-06-10,450.818115234375,455.9622945088998,447.37624718511677,450.9762386984746,2599900
2022-06-13,436.9297790527344,447.7576597474277,434.6600117546619,441.98092965615683,3764600
2022-06-14,429.5344543457031,436.4460685304011,425.506563886272,434.8832862081564,3814200
2022-06-15,431.9344177246094,436.29720611269147,424.6507169327444,431.8135114652892,2550700
2022-06-16,425.7823486328125,427.3880540095639,420.73184525878423,423.2710996106317,3135600
2022-06-17,422.02020263671875,430.79555845320874,419.8170404421762,420.79725559845605,5277400
2022-06-21,448.40228271484375,452.88330672082014,426.7252728188628,427.38808466161447,5726800
2022-06-22,457.1402282714844,462.96559290478143,443.00631243843503,444.10789332643037,5061000
2022-06-23,466.59710693359375,470.1165762830329,459.268741844454,462.060072628847,4687700
2022-06-24,462.7042236328125,466.55044081812474,454.2275830590911,466.25169831119763,15861100
2022-06-27,472.0583801269531,477.87440052223906,459.84754352776184,460.08093077250544,3907100
2022-06-28,474.6536560058594,484.14783338498694,471.51691655013747,478.05178804208686,4978200
2022-06-29,481.4405517578125,484.23185401461507,472.3851155048047,475.03639111638614,3823400
2022-06-30,479.4987487792969,482.00999771842737,475.848568988629,479.4240489095535,3568900
2022-07-01,483.018310546875,483.13967648405304,468.9310300406753,478.2758653275027,2426600
2022-07-05,471.6662902832031,477.04354166998877,459.5394978220195,473.90683068746694,3029600
2022-07-06,481.0484313964844,483.0275506675313,470.7887372655261,472.03971796443307,2506700
2022-07-07,480.198974609375,482.92492193629994,478.19182131955546,481.01115774095643,2385400
2022-07-08,484.1665344238281,493.2592927924166,477.0528954259286,478.2664977601345,3092100
2022-07-11,482.59814453125,486.8177470693374,477.79968921908346,480.64700214097616,1743600
2022-07-12,480.2362365722656,484.6426172608045,476.6887619458093,479.14400025117885,2706500
2022-07-13,467.9320983886719,477.8463843532441,467.885432333861,474.3082541047923,3467700
2022-07-14,469.0429992675781,472.2730991964127,459.5674829784326,462.1067373007623,3765500
2022-07-15,494.5475769042969,496.6387175228895,481.1978377579567,491.1027788558431,5742500
2022-07-18,484.8573303222656,496.79740129193937,484.27853451165174,495.7145095434932,3212000
2022-07-19,498.001708984375,498.3658067573739,485.9962829162495,486.4630574008202,2953500
2022-07-20,484.9506530761719,498.5618129282248,481.4591890668015,498.00170634143535,4327500
2022-07-21,487.7420349121094,487.75132253956326,477.17425331096825,484.8760326219133,2667600
2022-07-22,486.76171875,492.54038886111124,483.95178435508154,491.04673337640287,1850300
2022-07-25,494.2861022949219,497.47888051643446,489.3849706337584,491.1307594749785,2337200
2022-07-26,496.2654113769531,501.91337226640655,495.7426261388072,498.3285185053222,2637800
2022-07-27,499.0846862792969,502.1187209491526,492.9512616630243,498.08578187354937,2268100
2022-07-28,505.5074768066406,508.1681258437762,496.405373373978,501.77328052657396,2344500
2022-07-29,506.3009948730469,507.7106060147437,501.02642017775304,504.1258097267485,2945700
2022-08-01,499.803466796875,507.5239352389143,495.71451762983224,506.23563306413047,2335000
2022-08-02,499.8781433105469,504.6112433437941,496.3866223607438,501.8292287155627,2114200
2022-08-03,504.7233581542969,507.49597171059094,500.0929339731988,501.55861293967126,1802900
2022-08-04,498.2818298339844,504.517930955794,497.35762534592413,503.45367131165165,2368000
2022-08-05,499.5047607421875,499.9155246102087,492.50314275044786,494.7810047495997,2373400
2022-08-08,500.9422302246094,505.32992069086816,497.97355207406656,504.0322742694854,1656400
2022-08-09,501.55853271484375,509.47500980982096,500.73700505638675,504.1164477962317,2147200
2022-08-10,501.9879455566406,505.9648734499845,498.337794003894,504.3591965052537,2291400
2022-08-11,497.45086669921875,502.83746223199836,494.4728433481067,502.4733644760698,3006200
2022-08-12,507.5706481933594,508.22414394779906,498.9353191693078,500.0182110354798,1981000
2022-08-15,508.44805908203125,510.8472864628345,502.7720661226963,505.67538936969675,1447300
2022-08-16,509.82977294921875,511.0620644610015,506.3476534288013,508.98026843406785,1773000
2022-08-17,508.7843322753906,511.3889141243908,505.58226524189183,509.00837497474674,1471700
2022-08-18,508.9894714355469,511.7061304696398,505.8154395656248,508.79346264580573,1486400
2022-08-19,511.8835754394531,516.3739436829233,508.61615406123093,509.25096052005443,2258000
2022-08-22,508.3827209472656,513.0037993039267,505.37666392130575,505.41404234329775,1672900
2022-08-23,500.1955871582031,507.18786067154264,497.7777269422162,507.18786067154264,2039600
2022-08-24,500.81170654296875,503.9857388887759,499.46739373200694,501.01705996859107,1761200
2022-08-25,505.5821838378906,506.0022923212032,495.947950461525,499.45810413112883,1965800
2022-08-26,494.080810546875,507.09448594654515,493.11922772233646,506.2262922100262,1906700
2022-08-29,494.5662536621094,497.48826648232597,488.12474300875186,491.0467558289684,1594000
2022-08-30,488.0968017578125,495.7985812843733,487.11652968916496,495.1637177997842,2013400
2022-08-31,484.8199462890625,492.07358219837045,484.6612019574809,486.21092497627353,2891300
2022-09-01,489.1796875,489.4224193623958,480.8617907853527,484.82002952171644,2085300
2022-09-02,482.03802490234375,494.5849263022837,479.6668308489175,494.42623891939786,1944200
2022-09-06,483.2796325683594,492.4004244012501,482.5701262218206,485.38011778830844,2711900
2022-09-07,487.0137939453125,488.7128598179171,480.47895150266606,482.64479183545967,2504400
2022-09-08,492.4564208984375,493.37128064565906,484.33453355235497,486.332342001351,1557500
2022-09-09,491.03302001953125,494.3013198952838,489.3848091902692,494.3013198952838,2495500
2022-09-12,497.50408935546875,501.03463078369816,489.3099043543198,491.65110006893383,2792000
2022-09-13,481.3124084472656,491.8946018232863,479.4487971934052,490.7146300180234,3172500
2022-09-14,477.3884582519531,482.64211555673063,473.95159943121246,481.3497711316288,2648100
2022-09-15,489.6938171386719,494.4417687307741,481.4809417439376,483.5037096167741,3058100
2022-09-16,487.92388916015625,489.60953848544756,484.2341627725963,485.58269366444796,3981700
2022-09-19,490.2931823730469,490.71460902233815,480.38522636218363,485.64828677722363,2130800
2022-09-20,489.59075927734375,491.3419688233381,482.10830809753367,490.9392900828351,2421700
2022-09-21,479.55181884765625,494.46991115150115,479.4956324365685,491.6792241373097,2427700
2022-09-22,484.5900573730469,487.8770480282673,473.9609949066663,478.5684804861957,2285600
2022-09-23,480.98455810546875,481.967848791049,474.21383896048843,480.9377456267447,2536900
2022-09-26,476.0680847167969,480.0106788526277,467.30266173368375,475.1597282210574,2867400
2022-09-27,476.0774230957031,483.9625536204757,471.59168446719275,477.9503795159024,2583400
2022-09-28,481.2936096191406,483.4756198349596,468.9882723218831,474.30749023149514,3027300
2022-09-29,476.5082092285156,482.0709208271608,470.5522213532566,482.0709208271608,2392000
2022-09-30,472.9589538574219,483.73779840829405,472.77164678749534,478.6340094118297,3116000
2022-10-03,482.7638854980469,484.9177739240669,473.2960760453221,474.8693525606261,2562400
2022-10-04,489.9373779296875,491.26721838276796,484.0001370106091,485.4235452803186,3189800
2022-10-05,493.5895080566406,495.7246483549849,487.0903479007518,487.9050792569986,2281800
2022-10-06,486.15399169921875,495.00372319777017,483.91579481090787,494.7696036192799,2187300
2022-10-07,472.78106689453125,481.5090227721278,469.23180619978115,481.5090227721278,3273700
2022-10-10,467.1714782714844,474.1482519516717,463.5754055889556,473.4833604643434,2459100
2022-10-11,468.0611572265625,474.63522376686177,463.7252586771146,465.4015626227622,2844500
2022-10-12,468.2016296386719,475.96504186522736,466.56279279998193,470.2337998934278,2254300
2022-10-13,477.5196228027344,480.8534544718663,456.7578876465077,462.1051989739884,3999700
2022-10-14,480.5351257324219,496.24920224656483,479.4113403148883,486.96872722912786,5628900
2022-10-17,488.7293395996094,491.0049751950623,482.5486051792265,484.85230540375454,3282300
2022-10-18,489.038330078125,498.20643161686644,485.4047898763918,498.20643161686644,2345500
2022-10-19,487.2684020996094,490.5460761912111,481.9117164334081,488.5981852982198,2500500
2022-10-20,487.7926940917969,495.7901961083697,486.7625910940434,489.82483546784454,2390800
2022-10-21,499.8265380859375,502.4487230173595,485.10512684264427,485.15193932539853,2896000
2022-10-24,507.1965637207031,511.7665818504584,503.6379580381802,503.89082543951145,2627100
2022-10-25,505.904296875,509.3692781336357,499.9858041182541,503.6286613881215,2411900
2022-10-26,508.66680908203125,512.8528960388708,505.8948704026904,506.9905338088329,2863500
2022-10-27,507.3839111328125,511.80411825351706,505.47351605444607,511.80411825351706,2212100
2022-10-28,516.2243041992188,517.8725152012132,509.15390425693454,510.3525667941389,2761900
2022-10-31,519.8858642578125,522.648429054828,515.1847256865775,519.7453696730433,2770400
2022-11-01,512.5438232421875,520.3915142410443,509.65008078272615,519.7453420699852,3338900
2022-11-02,508.9102783203125,519.3520318199656,508.57315992801904,509.828008552029,2696200
2022-11-03,509.07891845703125,513.068324874388,503.94703603144865,507.32770873419645,2245300
2022-11-04,503.98443603515625,512.9652867510949,493.6551116387861,512.3003666796955,3513100
2022-11-07,510.3993225097656,512.2067184197632,501.45591075031797,503.9844131022537,2540300
2022-11-08,517.9193115234375,519.5581485457163,507.5712377572391,512.3004417327669,2797000
2022-11-09,506.3163757324219,519.3802605637833,505.17389954482206,518.6030246622933,2672600
2022-11-10,509.6033630371094,516.6550718302586,500.0325825750913,514.0610087375935,3426400
2022-11-11,488.9165954589844,511.5793812217489,477.2761487415463,511.5793812217489,7034300
2022-11-14,481.11572265625,495.3782687570057,480.797294887313,488.84166856751824,5238400
2022-11-15,471.0579528808594,483.82215652135034,468.9602220815909,480.23542867336744,5103800
2022-11-16,479.0273742675781,481.4715975148494,473.36169193050085,473.7550253950106,3430800
2022-11-17,482.5766296386719,493.5053153761997,479.62670013561586,479.62670013561586,4246300
2022-11-18,496.33349609375,499.14293097729956,486.4630354464616,488.95404256031196,3566000
2022-11-21,484.337158203125,498.1595854565271,482.64213496264153,495.40633728688124,3349600
2022-11-22,489.8623962402344,491.3326166834567,486.8843453292333,486.9124671105126,2567400
2022-11-23,496.0619201660156,496.7455310058923,489.7781304583634,491.6510869801927,2238300
2022-11-25,503.4693908691406,506.49419707778304,498.69337504937977,500.07934445503287,1419200
2022-11-28,498.4593505859375,505.3050050510346,497.91617713764356,501.79321123190607,2699900
2022-11-29,494.4604797363281,499.11474886159834,490.38682251082815,497.8973386575023,3751000
2022-11-30,512.9652709960938,513.2649508574601,493.97346703338496,496.07116890486043,9688900
2022-12-01,502.8044128417969,517.8723700605668,501.7649359073553,517.2730103808926,2997800
2022-12-02,503.64990234375,505.95135801112343,500.1554921393436,500.5218582416957,2346200
2022-12-05,502.59783935546875,507.6140737863127,498.69010610172796,499.26310500335046,2424800
2022-12-06,506.6183166503906,507.8113284954865,501.8463266042942,502.0154054168272,3097700
2022-12-07,509.99066162109375,512.8087568128282,506.9095740252967,508.0462263929752,2849100
2022-12-08,514.6968383789062,517.8624937414944,510.80791097663524,511.82238386368624,2272300
2022-12-09,506.5057067871094,515.2323885012221,506.195700230064,514.7063463039054,2852400
2022-12-12,512.76171875,512.9684088451312,506.58073888988434,508.9948562673033,2714100
2022-12-13,505.5850830078125,517.5807943083128,502.6542683294822,517.1768741743318,3369700
2022-12-14,505.716552734375,510.5260971862905,499.3382847082176,509.0700928308987,2654600
2022-12-15,495.6841125488281,501.6866686133915,493.6080952742778,501.61150336036224,2963800
2022-12-16,491.9454650878906,493.92751149023576,484.44929335301606,493.30755581339,7109100
2022-12-19,491.85150146484375,495.24265276059845,489.34341291541966,492.79086648470354,1808100
2022-12-20,488.6670837402344,495.03594858013474,488.18799842022855,495.03594858013474,2086100
2022-12-21,495.5526428222656,495.8720521824589,486.6850340097918,491.8797505186683,2182000
2022-12-22,495.1300048828125,496.9335699271977,490.00105049505885,494.55694856407166,1851600
2022-12-23,499.0941162109375,499.0941162109375,491.1940801995416,492.3212725587578,1292300
2022-12-27,499.73284912109375,503.3494392923338,497.7225939714557,501.5552197768249,1596700
2022-12-28,496.4075012207031,505.5193542063669,495.7311285312466,502.6260936292673,1694200
2022-12-29,497.750732421875,501.32030796674326,496.7925617717547,500.2494181029959,1379700
2022-12-30,498.0325927734375,498.3331964921535,493.0164151365003,497.86351393184043,1849600
2023-01-03,487.1922607421875,493.7584126947309,481.10513676250133,493.2887302107517,3525600
2023-01-04,473.90966796875,487.192303542812,470.24615000529496,487.192303542812,5070400
2023-01-05,460.2513122558594,471.64581540376855,458.87984724891777,470.63131371838034,5497100
2023-01-06,460.2889099121094,462.9848832262794,457.97807973812775,461.78249701646024,4841300
2023-01-09,460.34527587890625,469.6731647916541,458.9174511935257,462.55278968013357,3702800
2023-01-10,456.5314636230469,460.7304269968831,453.4127644399917,459.20866003821686,3164000
2023-01-11,463.48272705078125,465.54934170395,455.59206607284597,455.86448997420626,4274200
2023-01-12,465.6150817871094,468.489536514883,455.79870565653573,460.28886939908995,3726800
2023-01-13,459.885009765625,478.6065505855483,456.5314692533395,456.6347856610456,5390100
2023-01-17,455.66717529296875,463.05059932197815,454.446012223094,461.41611334629897,4495600
2023-01-18,447.3631591796875,459.819147717282,445.9635145633905,458.45705705902515,4398200
2023-01-19,454.9908142089844,456.8977526650644,448.4434677288126,448.89434457844015,4549600
2023-01-20,457.2077941894531,457.46141245269837,449.9558942872401,456.0899473987915,3525900
2023-01-23,456.35296630859375,460.3828506971467,452.2009885349379,457.17020937563177,3418700
2023-01-24,461.7918701171875,469.9267749924838,450.8952296668102,469.9267749924838,3036300
2023-01-25,462.6372375488281,465.32380754370524,456.2777471619833,459.61248126527494,3037300
2023-01-26,462.6185607910156,466.34784159447804,460.8337440668993,462.63733777389865,3005000
2023-01-27,456.57830810546875,463.45446620309025,455.0941241447407,463.45446620309025,3177100
2023-01-30,456.33416748046875,465.22055305673,455.40417656323245,458.2316746104212,3606900
2023-01-31,468.9216003417969,474.84899099236566,463.22905093306406,467.80375373728606,5567000
2023-02-01,466.8644714355469,473.79699070879843,465.61512842130713,469.63561004674216,3451200
2023-02-02,442.28125,464.98571669966805,435.7620826891378,464.29059571081626,11169900
2023-02-03,443.3990783691406,449.7491952489529,441.26673003644953,446.4144608049452,5440100
2023-02-06,446.4238586425781,449.9277007676371,442.450362637095,443.38032490779995,4174200
2023-02-07,447.96441650390625,449.09163738091354,440.59039501483664,442.47852796779324,3394600
2023-02-08,453.91998291015625,455.62963418994343,446.30171740909714,446.63990373572864,3466400
2023-02-09,456.27783203125,460.00711272046567,453.1497301145173,456.18388978541395,3664600
2023-02-10,464.28118896484375,465.6056971624946,459.11468104515404,459.47164436089435,3418100
2023-02-13,465.3144836425781,469.56040335197923,461.94216655029726,464.0463350905815,2589000
2023-02-14,462.9472961425781,467.75686960275124,459.4340797925627,464.3187898482495,2072600
2023-02-15,461.463134765625,462.00795394477956,458.77656416874805,459.9601447764699,2242500
2023-02-16,457.7995910644531,464.04636329850337,457.7244258022189,461.3691670075824,2611500
2023-02-17,468.8182678222656,469.17523110614275,457.7995348077089,457.8277146107968,3891500
2023-02-21,461.5194091796875,470.9975984525063,460.758525834067,466.58260021666626,2877300
2023-02-22,459.2461853027344,463.9430104734528,459.03952384853693,462.92848018297593,2982800
2023-02-23,461.8763732910156,463.41691696458037,456.4092621801737,457.1513685475711,2511800
2023-02-24,454.962646484375,462.6466741174628,453.7227064478363,459.89431282811597,2940400
2023-02-27,454.013916015625,461.17187300219246,452.7363646599292,459.1334382608157,3006200
2023-02-28,447.0814208984375,454.05149377631705,445.1839137466976,453.4033582413699,3902100
2023-03-01,446.4051513671875,449.4017287819843,443.380394141822,444.89275842092866,2996900
2023-03-02,448.7347106933594,451.2991590177026,444.5545246157449,446.3956721478383,2188800
2023-03-03,449.5425720214844,450.049837215893,445.46573081818195,448.96017023060523,2863300
2023-03-06,451.6279296875,454.9814698116728,449.9558610374288,452.1821516295136,3812700
2023-03-07,445.1463623046875,454.4836541982037,443.9063934253573,453.6945909114889,2589200
2023-03-08,442.0652160644531,446.56478286194204,438.4580575672581,443.1454801820238,3036600
2023-03-09,436.72021484375,445.2120830393781,435.6305479307013,445.2120830393781,2780400
2023-03-10,433.9580993652344,441.9994222549617,431.375080684999,436.25831628093806,3787500
2023-03-13,437.1161804199219,443.4229186022445,432.3743457739303,432.3743457739303,2971600
2023-03-14,437.964599609375,442.9232679496545,432.75140969328646,438.03059627433555,3258200
2023-03-15,438.7658386230469,442.01820207855866,432.9304570296345,434.5802007712786,3770200
2023-03-16,444.9783630371094,446.2699010619095,436.5693984041193,438.0871490564783,2940500
2023-03-17,442.60272216796875,444.96893549051146,439.58603608958157,444.384459395521,5290000
2023-03-20,449.6352844238281,452.33145196789104,443.0740260508893,443.0740260508893,3119400
2023-03-21,452.5954284667969,453.8680937096332,448.466350855005,450.98340116947,3163300
2023-03-22,448.2778625488281,457.91236879107043,447.61798220137473,454.33951530760555,2632200
2023-03-23,442.9892272949219,453.1328045216528,439.9348535655196,450.05955816427894,3284900
2023-03-24,448.7209167480469,449.5599431922152,440.8021515655007,442.1125334225498,2533200
2023-03-27,454.2923278808594,458.4308420940348,451.1719574404801,457.73321654030394,2271800
2023-03-28,445.5062561035156,456.0740648592352,443.7245476559331,454.3866044760192,2369500
2023-03-29,439.85943603515625,448.6172275682005,438.3134052574539,447.89132182780736,3733200
2023-03-30,443.1305847167969,443.4605392122036,434.66503236219813,439.84053361428477,3324600
2023-03-31,445.51568603515625,448.73033326146117,443.16834538875105,444.50697859148215,3996700
2023-04-03,465.8782653808594,467.7071266847546,455.79124803542703,457.4033042616731,4729100
2023-04-04,464.99212646484375,467.6788581394743,463.6629007148844,464.78472892720646,2624700
2023-04-05,480.056640625,482.42282521714924,467.67884297080394,468.89494798247296,4964800
2023-04-06,483.4314880371094,484.77955747886415,478.09574184320564,481.72518391421727,3472600
2023-04-10,485.66571044921875,485.8637004177932,478.98189477804027,481.5460691327437,2714500
2023-04-11,491.1240539550781,492.3024425416896,485.7034664566656,486.57080188413534,3065300
2023-04-12,491.33148193359375,496.5258280471638,490.2473414148303,494.90433542646156,3422400
2023-04-13,496.0827941894531,500.0610645541137,490.6810785383296,493.89569775128894,4224400
2023-04-14,482.469970703125,497.03483537148236,479.3684441008483,492.09503996193274,4872000
2023-04-17,476.39892578125,480.3960105117991,473.9478718586627,479.57585668918654,3660900
2023-04-18,475.5787353515625,477.9449198000027,469.60195257554625,474.8151419362343,3232000
2023-04-19,458.3460388183594,473.2125789564697,455.9232649655931,471.96819369715945,5809100
2023-04-20,459.5337829589844,461.59832184264695,455.5744149945456,457.65779773664013,3283000
2023-04-21,456.1023254394531,462.61646022381973,454.5185782720244,461.96598749983133,3165300
2023-04-24,460.928955078125,462.1356235791612,454.9992969369081,455.71576624882675,2322400
2023-04-25,463.7383117675781,469.9413362048509,462.47505397217316,464.45475241615407,2937300
2023-04-26,455.2822265625,459.7601031988191,450.95515834856724,458.03492619446627,2930000
2023-04-27,462.37139892578125,462.85219067290325,454.5751904322231,454.5751904322231,2473200
2023-04-28,463.8985595703125,465.66142418394537,460.15599649956886,460.69334856650266,2398900
2023-05-01,467.3017578125,470.78036298647237,463.6345989697199,466.2553338583433,2105600
2023-05-02,465.1241455078125,468.25392383621016,461.240152427397,466.877573975389,2152300
2023-05-03,461.40045166015625,467.06615370026134,460.071225762611,466.07628993693777,1749700
2023-05-04,459.3641357421875,461.63607231285266,454.33949963682744,459.1473018926338,2555700
2023-05-05,465.963134765625,472.1567521804236,463.84203527583804,465.75573722029793,2329400
2023-05-08,464.3981628417969,466.02906278842977,460.3445181438755,463.8514032678803,1738500
2023-05-09,462.28656005859375,470.78980173112717,462.21112707837136,464.60562073851145,2038600
2023-05-10,461.99432373046875,465.1995349399253,459.7035432171964,461.3626947880518,2018700
2023-05-11,460.75933837890625,462.0414112536724,457.8369291541594,460.0428689669779,2384200
2023-05-12,463.0878601074219,464.66217111241815,459.8072160002485,460.75936316265773,1536500
2023-05-15,458.9681396484375,463.6157254874049,455.9891990102225,463.24805448749777,2169700
2023-05-16,452.2372131347656,461.18352916359305,451.5678965413841,459.68462248696414,2178900
2023-05-17,457.03558349609375,457.591779370573,450.1820868941138,452.50114721821774,2682000
2023-05-18,451.7752685546875,454.90504627943477,446.74119676384464,454.433690919589,3040100
2023-05-19,451.3887939453125,457.02618613928115,450.43664682738773,452.1052345930548,2317900
2023-05-22,453.08563232421875,454.57513140771067,450.5308942681836,452.9159512952383,2242800
2023-05-23,451.9732360839844,455.6969549866459,445.4685377808116,448.89998988856496,2874200
2023-05-24,453.2836608886719,455.5933140580633,451.45482824467894,453.0762633437908,1904700
2023-05-25,450.3329772949219,454.1697885279545,447.12773744117743,450.26698063186507,2684100
2023-05-26,453.93408203125,460.410529221815,450.6157504601055,450.6723108050668,3135200
2023-05-30,452.3597717285156,458.0348802444991,448.7586096586915,449.371365909392,3180800
2023-05-31,459.326416015625,459.4772532008707,449.77675069606687,450.7288978413826,4944100
2023-06-01,465.3503723144531,470.205327551048,458.2611681452092,459.84494427468553,3376600
2023-06-02,470.9594421386719,472.3169479729952,462.2676475349421,463.8137070342965,3064500
2023-06-05,469.6491394042969,474.08929962959,468.9232623777616,472.01535293838083,2688800
2023-06-06,459.6375427246094,471.26115501570547,455.9609761099836,471.26115501570547,3816600
2023-06-07,454.50921630859375,462.34314168065356,454.0095806763305,461.8812225402367,4381700
2023-06-08,462.1451416015625,463.64404837237,454.7919798492458,456.6397137941198,2725900
2023-06-09,465.3409118652344,469.6773874050622,459.3170046660283,461.91886697452406,3174100
2023-06-12,464.36993408203125,466.1233912227887,460.7216476961392,464.0965398801802,2207700
2023-06-13,463.1632385253906,466.3213254434144,460.66506067175993,462.7484434739292,3016600
2023-06-14,433.5149841308594,434.24088987500687,420.14735160001965,428.594061266047,14672400
2023-06-15,441.00244140625,446.786034898866,436.2884597063891,437.31075402496236,6798100
2023-06-16,433.997802734375,443.4920065869348,433.4677198205865,441.23916864700976,7699100
2023-06-20,444.31549072265625,445.35670629392234,432.35069782976007,432.35069782976007,4597700
2023-06-21,451.2823486328125,453.7623854443298,442.23303945364916,443.89903072926097,4886500
2023-06-22,453.4594421386719,457.36882478748123,452.46554402577226,452.6359216072953,3179000
2023-06-23,451.5189208984375,456.5168650308761,451.0929480973686,452.77786031545804,4862600
2023-06-26,453.46893310546875,455.59873961130734,447.73265656073147,452.59809506666386,2968300
2023-06-27,456.781982421875,457.3688578366495,452.2478527591661,452.58863683418554,3693200
2023-06-28,449.10516357421875,456.36542037862597,448.66026955024756,456.2139640207479,3670100
2023-06-29,450.9888610839844,454.0841692308153,447.8083352627207,449.7014964531035,2979300
2023-06-30,454.9645080566406,456.34650762780075,449.7393647186787,452.4655214363376,3970400
2023-07-03,452.35198974609375,454.55751006767423,450.85637606248935,452.5602386556836,1915700
2023-07-05,446.0477294921875,451.79348089907785,445.4513790681403,450.60078005098336,5053100
2023-07-06,444.287109375,447.1647228296003,441.72188373245666,444.27766321127314,3913600
2023-07-07,436.9227294921875,443.57719100336965,436.2033477662164,440.1600483647892,4131600
2023-07-10,438.3141784667969,438.3615248338709,434.631994591373,435.4271189072433,4339200
2023-07-11,438.16265869140625,441.57032535960286,436.50614282706573,437.6704183466734,3086800
2023-07-12,427.5705261230469,439.989660644603,427.1445532407748,438.26687678776455,7287600
2023-07-13,423.83148193359375,430.5995277380898,423.29192403535444,427.85444965713987,7276800
2023-07-14,454.5196228027344,459.09159442440426,435.5311892487384,437.84084824095413,11379300
2023-07-17,458.22076416015625,458.7130046030526,452.7495289697735,455.40941837710966,4582000
2023-07-18,473.2903137207031,477.4742128044274,461.4580558776855,463.1902857154701,8816400
2023-07-19,476.79266357421875,487.1671500570822,475.6378340775227,480.42752964070115,4956500
2023-07-20,477.3038330078125,481.5066535394848,473.79202677223026,479.5945709646554,2963100
2023-07-21,479.4714660644531,483.14420338303773,477.56882983076383,478.070516388982,2887300
2023-07-24,481.50665283203125,482.5478973563391,477.61622010750125,478.33560178010043,2279000
2023-07-25,483.6364440917969,485.1225826437865,480.18143050019387,482.75613102113385,2730600
2023-07-26,480.8629455566406,488.3030552184209,479.56613475457567,484.21384897437053,3697200
2023-07-27,478.240966796875,483.22943657519846,476.2531415937284,481.40254279789775,3028300
2023-07-28,476.0448303222656,480.3707103910401,470.7155771763037,478.2219540435562,2930000
2023-07-31,479.3200378417969,480.7493838634413,472.40053561971575,476.1300656817696,2441600
2023-08-01,477.77716064453125,482.7940559743451,475.64735394752074,480.3897327701502,2161200
2023-08-02,477.83392333984375,483.2010485915882,476.120614592671,482.46271680489133,3220500
2023-08-03,477.8907165527344,478.96983241263564,474.2748002466142,476.0259803125494,2442900
2023-08-04,475.8744812011719,483.608028619925,474.9468218024911,482.75611184707617,2411200
2023-08-07,483.4566345214844,486.1638415530165,477.69196132169503,478.7237308545948,2430900
2023-08-08,478.8372802734375,481.0239081811196,473.3092526685283,476.1300734434442,2422600
2023-08-09,475.2875671386719,478.7142131467625,474.12329149852314,477.076618323311,1916900
2023-08-10,476.5843811035156,484.6870793348059,475.92176316998666,477.52148659500045,2179700
2023-08-11,480.8724365234375,483.39034447322365,477.31328410007836,478.6195699953474,2029600
2023-08-14,483.6364440917969,486.0691632928475,481.09961488527705,481.9515316919622,2127200
2023-08-15,479.6229248046875,486.21114655594715,479.2253482436807,484.25168890066453,1817500
2023-08-16,476.6601257324219,483.22939742267187,475.9691114933714,480.86294591717393,1454100
2023-08-17,467.5729675292969,474.45462730949316,465.54729996949305,469.0117885982573,3009500
2023-08-18,471.81365966796875,474.18011128379504,467.1375489641081,468.3491710359172,2364400
2023-08-21,471.0942077636719,473.5269267440758,469.7122082298473,470.9333052448407,1533500
2023-08-22,466.0395202636719,470.25181576994436,465.083464549867,468.9550048833077,2079400
2023-08-23,463.29449462890625,467.610900631439,461.86514842148483,466.66431986093,2011400
2023-08-24,462.02606201171875,468.9550399170959,461.1835912925868,465.17816314529153,2311100
2023-08-25,462.99151611328125,464.9130736490953,458.7602995143652,463.7487979545802,1923500
2023-08-28,465.0361633300781,466.72107581402463,463.00102061047124,464.28835649153126,1344500
2023-08-29,466.50335693359375,466.6074958327444,461.902988565344,465.2160210385175,2113700
2023-08-30,465.27276611328125,470.1760467404917,464.09901540074304,467.60134632560147,2283400
2023-08-31,451.1214294433594,467.4405007941975,450.8469418318603,466.0584721360899,4927700
2023-09-01,450.7995300292969,454.97395388926714,448.07337331361447,453.4121016963837,3165900
2023-09-05,455.12542724609375,458.7129758973959,452.0301190068842,452.46553800520996,3443300
2023-09-06,451.4621887207031,457.3499216652449,450.9321058545421,456.337073411657,2596100
2023-09-07,458.9117126464844,461.08883634948666,453.0334555385016,454.26399869457316,2928000
2023-09-08,456.8591613769531,458.94975720217377,454.93963539183477,456.30802011383315,1858400
2023-09-11,455.538330078125,459.7765065538119,454.22695890408164,458.0090264495307,2059200
2023-09-12,456.0324401855469,459.58645312897204,448.63937522808277,453.6377813946292,2195200
2023-09-13,455.9754333496094,459.9665603936046,455.61432778851025,457.4863521448893,2197800
2023-09-14,459.5484313964844,461.13535864448977,454.9681444295521,458.62667264172666,2334300
2023-09-15,462.4942626953125,465.45908662205363,460.0615851656888,461.5819868718509,5334300
2023-09-18,461.8861083984375,464.4328133191684,459.54846307566544,464.1192384221329,1997500
2023-09-19,456.7546691894531,461.57252276686364,452.8395795367347,459.70049836497975,3230700
2023-09-20,467.65423583984375,470.4860088979868,455.3102944090216,458.7407394626208,3724800
2023-09-21,476.2160949707031,480.017157197233,468.55692790442635,469.6117377521861,4703900
2023-09-22,480.9294738769531,484.09384588031855,473.2608227609406,474.1825816447714,4558500
2023-09-25,484.9015197753906,485.5286985391669,481.43305620282234,482.9819937406602,2758500
2023-09-26,480.3117980957031,484.08435399382626,479.2950068612406,483.62821602888243,2420200
2023-09-27,478.67730712890625,481.1764813284014,476.13057324912734,481.05297115868893,2593700
2023-09-28,484.73046875,488.57906167418645,479.89362052165313,480.80586734080254,2922000
2023-09-29,479.11444091796875,484.52145479237225,478.74382339415604,484.4929479828333,3006200
2023-10-02,488.97821044921875,489.23480073877636,478.1166808526644,480.3878007132771,3550400
2023-10-03,484.1318054199219,488.4174834589267,483.076995547929,487.7713098255243,3143200
2023-10-04,485.224609375,486.3649396792771,481.4140350913416,484.15080462176326,2801700
2023-10-05,490.55560302734375,492.43716839688295,485.80430392158354,486.1748924339189,2790700
2023-10-06,498.7088928222656,499.79220953835005,490.3180312400489,490.76468623686685,3647200
2023-10-09,500.3242492675781,500.6663308945694,494.3755785333061,495.230840600382,2341600
2023-10-10,498.1671447753906,501.8732031896662,497.06486238527975,500.31475394882006,2455700
2023-10-11,498.0626525878906,499.45006107388326,494.3565940017965,495.0122795055023,2819300
2023-10-12,499.4025573730469,502.29140188688416,496.27620446127827,498.38576623162214,2377300
2023-10-13,512.5732421875,517.3815833752607,505.54125417396034,506.7290860681661,5245400
2023-10-16,511.2714538574219,519.5862782680571,509.45641399200326,516.1652871393427,3827600
2023-10-17,509.9600524902344,515.4525574451279,507.98348382152807,513.086405404031,2586000
2023-10-18,509.3994140625,516.9255019485443,508.7722642385021,516.0322498964409,2551400
2023-10-19,505.189697265625,511.5660002166955,502.9280605348242,510.12157796855826,2351200
2023-10-20,500.81854248046875,507.8504736187703,500.5714641270308,504.5910693398619,2811100
2023-10-23,495.6300048828125,501.5311747687502,494.4136371512494,500.81847561342653,2357700
2023-10-24,498.889404296875,504.2773936233918,496.10513324808505,496.8558221385025,1978200
2023-10-25,503.8403625488281,505.8833988616172,494.2141670390027,501.04657926562766,2380100
2023-10-26,502.082275390625,504.08732171457876,496.53275724285123,499.55459463146315,2675800
2023-10-27,498.5664367675781,501.49327171643677,495.3355677977156,499.83030654088884,2585600
2023-10-30,503.6311950683594,505.37019714563627,496.9318349996531,498.8893795785869,2555400
2023-10-31,508.9242858886719,509.98857881161575,505.18023678486827,508.39213942719994,2464200
2023-11-01,505.1612548828125,509.18091848788396,500.5999908341344,503.6218289913789,2747400
2023-11-02,509.46588134765625,510.1405907777964,500.7424504321375,505.5412799292892,2350900
2023-11-03,504.4960632324219,509.32337103639503,502.50047054215025,507.9835219726009,2739500
2023-11-06,506.9287414550781,509.3614192323315,503.6883030645207,505.1897390519265,2684900
2023-11-07,511.0813903808594,512.8108808224642,505.0852164540196,508.7342040673912,2604800
2023-11-08,510.0360412597656,514.4738234091736,507.57488581464474,513.1434283580311,1769200
2023-11-09,512.193115234375,514.0080968575874,507.89789652448417,510.8627203066517,1819600
2023-11-10,514.2931518554688,515.6900141369354,509.36127216854146,515.6900141369354,2480800
2023-11-13,515.5856323242188,517.0870682667761,511.15736198720595,514.2362713629797,1507900
2023-11-14,513.5806274414062,515.680677544575,509.8270662801499,512.2217544335864,2454000
2023-11-15,511.6324768066406,513.5805676887287,505.2562317425334,513.1909263124674,2473700
2023-11-16,512.9723510742188,517.7616685188686,510.7391922540994,511.632444182226,2360300
2023-11-17,509.617919921875,513.6375828667865,502.0633547692798,513.4000164657713,2676900
2023-11-20,508.4871826171875,509.66556087380087,505.3513172236592,507.0712959212951,2518400
2023-11-21,512.7537231445312,514.7302333799654,507.6222668803784,511.02423318882927,2115700
2023-11-22,516.7164916992188,517.3246756734674,513.3905617145426,515.9657446686376,2234500
2023-11-24,519.8903198242188,520.3559987176861,515.8137010192445,517.8282595801729,1135000
2023-11-27,516.5548095703125,523.4917355953831,514.5972651084498,519.8901925032134,2675800
2023-11-28,513.6470947265625,518.6739788914385,513.2099516688999,518.4934261067094,2859300
2023-11-29,508.3730773925781,514.9109094282493,502.3579378420071,503.6407732154478,4550000
2023-11-30,525.4683837890625,526.3901716559346,507.4513836654144,509.1428264113774,7121200
2023-12-01,521.7210693359375,528.9105521848285,519.8140545872614,524.8295126878751,3462200
2023-12-04,522.7891845703125,526.2122443272825,517.7927557676476,522.7700957947627,2709200
2023-12-05,524.677001953125,526.8414824185301,519.9952479329063,523.5709007559458,2645600
2023-12-06,523.98095703125,526.2216761746517,521.663882801979,522.10251716341,2239700
2023-12-07,522.7796020507812,525.8689571952101,519.2039487451956,525.7163633969151,2511700
2023-12-08,524.209716796875,526.0785538223204,519.2228341401302,524.6387485155964,2039900
2023-12-11,518.4028930664062,524.4290667811151,513.9976935612427,524.2002343181153,3655300
2023-12-12,520.3480224609375,522.0357491564009,517.4208060013368,520.4243193470669,2706100
2023-12-13,523.4850463867188,523.8759587685784,513.5495167241528,518.7079655541202,2876600
2023-12-14,509.4017639160156,519.5852155615323,504.7868208731356,518.9940456527128,5386800
2023-12-15,506.4268493652344,508.6962016497603,498.6462545307693,505.3589257251602,9030100
2023-12-18,502.06927490234375,506.76051468868917,500.81063823820836,504.51025134863,3260300
2023-12-19,499.6758728027344,503.08944474194055,497.52099549998115,500.20034830040936,3645600
2023-12-20,491.9430236816406,500.42926209237345,491.8858155704489,499.4947853462849,3847800
2023-12-21,495.70941162109375,496.60571086856515,492.48655208427994,494.7559042598464,2491600
2023-12-22,496.11944580078125,498.69392748687807,493.9359347493838,495.7094445918712,1759500
2023-12-26,495.85247802734375,497.23501719063967,493.8881969261666,495.7094286392573,1390800
2023-12-27,498.484130859375,498.83692395443273,495.21360734189585,495.58548920884056,1851800
2023-12-28,500.4961242675781,503.3280136883523,498.6272285633175,499.13255729000434,2001000
2023-12-29,501.9930114746094,503.6807381908633,499.56157925121727,501.5258021615719,2080100
2024-01-02,514.2647094726562,514.5697806285111,502.18372874787866,502.3458669089263,3415700
2024-01-03,516.8296508789062,521.3682972778169,514.3981604183617,517.7926444799266,2891400
2024-01-04,520.0620727539062,523.4756460856066,517.7546007731955,519.6616158773326,2994400
2024-01-05,512.3958129882812,521.5685495512829,508.915487687606,521.5685495512829,2815400
2024-01-08,511.5758056640625,515.1323696205745,503.45190404380077,514.3219116146447,2648900
2024-01-09,513.3397827148438,514.5221225986703,507.5806188753282,512.9869896268463,2677000
2024-01-10,512.6436767578125,516.0381604047927,511.2229601978989,513.0822528677384,2180000
2024-01-11,514.5889282226562,515.0465932062278,509.6783994435593,511.20398818711794,2814100
2024-01-12,497.263671875,503.90959076398696,489.27327491170774,494.73685389256605,6327300
2024-01-16,495.0134582519531,500.1147002664314,492.53430375159076,499.3614502676476,3736700
2024-01-17,500.53411865234375,505.98815241104074,495.82379031643893,497.0443075812325,3791300
2024-01-18,492.3340148925781,492.8107685716323,474.33176221695857,481.74053301265144,7367000
2024-01-19,480.1481628417969,493.487721467933,478.48906935055777,491.0562893446526,6143400
2024-01-22,489.1397705078125,489.6928211162409,473.4164421925113,480.5105398475247,5922900
2024-01-23,491.55218505859375,493.99316183155327,488.27211706391597,488.67257390235704,2672900
2024-01-24,489.3685302734375,497.4733422790126,489.1015784935836,493.82145124220597,2918800
2024-01-25,470.4605407714844,472.47245649728916,456.73004016457224,464.92066515918253,14671000
2024-01-26,479.804931640625,480.27214095144706,467.1232658586188,470.34612550170567,6212200
2024-01-29,481.0826416015625,482.9610523820027,477.8502374819334,479.7191038765823,4554100
2024-01-30,480.19580078125,482.52236093760064,476.00991883599147,481.0825846915582,4931200
2024-01-31,487.9478454589844,491.0562887537588,481.05400589248626,481.05400589248626,5358100
2024-02-01,483.561767578125,486.49855763211855,479.6142328867724,485.1731683491926,4242600
2024-02-02,486.50811767578125,489.06348156452884,481.89314510026975,484.6201624454064,3804500
2024-02-05,479.5760498046875,490.29349223256264,476.8013399174176,486.2506012713376,3646300
2024-02-06,486.9276123046875,487.18504881421217,479.0897807064063,480.51049734945275,2745400
2024-02-07,495.2421875,496.77732033825924,488.85367673139615,490.1123133942604,4109100
2024-02-08,495.9096984863281,497.883407627221,493.2303449704477,496.4245715408035,3343000
2024-02-09,494.1265563964844,496.1957092708351,492.28629417451657,494.8607756872198,2715400
2024-02-12,493.5736083984375,494.86082017176517,488.9681511381841,494.1266008150285,3194000
2024-02-13,492.8203125,502.4316840911285,490.3030970097451,497.7308992485891,3436000
2024-02-14,492.9061279296875,494.42223033409016,490.3793099881746,491.3042424480867,1918500
2024-02-15,496.66290283203125,497.49244955354396,491.81906929911275,493.2875078340649,2292100
2024-02-16,497.3017578125,499.43760501240394,494.765453811982,498.0168883409038,2135500
2024-02-20,496.8346252441406,500.9442403208311,495.26131455967914,499.8381972063016,2600200
2024-02-21,497.70220947265625,499.3422723968749,493.47817884554183,499.3231836264571,2095900
2024-02-22,502.0216369628906,502.25046942313,494.4794191730519,499.82858162230025,3186800
2024-02-23,502.7272644042969,505.83570803861875,499.79044512925043,502.2600550600234,2502000
2024-02-26,500.896484375,508.0382450619978,499.9334326470392,503.75700640380893,2308900
2024-02-27,489.5498046875,501.1540328725736,488.24350406741036,500.3626053517414,3780600
2024-02-28,475.1136779785156,475.37111450740235,461.86947499295917,472.4057203867071,9558600
2024-02-29,470.6512145996094,478.4222933656727,468.7441999773247,475.3233946044601,6833200
2024-03-01,466.7705078125,467.2377171583883,455.06143731540567,466.6656359588265,7315000
2024-03-04,459.4666442871094,464.39629075738344,457.7789465246889,460.77294487764686,5239800
2024-03-05,451.1520080566406,460.44870495042653,448.73963556507437,459.9624359769688,5296200
2024-03-06,450.62762451171875,457.492860659294,446.4226531856942,452.38207471939035,5577500
2024-03-07,456.520263671875,458.81821995676887,451.5811024115983,451.9624995450537,5102000
2024-03-08,456.204345703125,463.5561428783845,454.48124906885016,457.8891142973854,4673600
2024-03-11,468.2467346191406,469.35716686631736,455.65869050358964,456.6159566601098,4410100
2024-03-12,468.438232421875,471.24301544615815,466.5236999744276,467.2703664603942,4153800
2024-03-13,467.1459045410156,474.80403412365524,464.58999093889344,472.4300034361964,3669000
2024-03-14,468.1031799316406,468.75411394772124,464.4559979833594,467.83514655952234,3378500
2024-03-15,469.8453674316406,470.22826803972436,466.6193852580332,466.6193852580332,5713500
2024-03-18,466.236572265625,471.07078494604673,465.5952201594002,471.07078494604673,2970500
2024-03-19,472.2385559082031,472.3534231749171,466.9448751352014,468.7445402162413,2511700
2024-03-20,473.1097106933594,473.46389453278505,468.5243971621473,471.42491273993164,3548200
2024-03-21,470.6782531738281,474.9955333864439,470.28577049873144,471.243036765763,3693400
2024-03-22,469.12744140625,474.64127470925735,468.840244025675,474.038221558285,2847300
2024-03-25,465.1165466308594,470.4772436626443,463.383896994317,469.6348446587776,2786100
2024-03-26,471.271728515625,472.2577115496795,464.4942965594886,467.2703627435159,3113300
2024-03-27,472.0279541015625,474.545568801917,470.3144394781082,472.60231964604696,2653100
2024-03-28,473.5596008300781,474.6795859245595,468.39033997927,473.8467690047026,3820000
2024-04-01,468.77325439453125,474.5934198450297,467.81598822604207,473.3394035013844,2928700
2024-04-02,438.5619812011719,443.8652152820178,430.3869191083968,439.95958177000057,11867000
2024-04-03,440.09356689453125,443.0706800585415,436.0826190568302,442.25699792097583,4460400
2024-04-04,435.919921875,441.98898656529593,432.60778873649303,441.12745275872396,5182000
2024-04-05,436.2645263671875,438.18864094388476,430.77940926344843,431.43034332451316,5747400
2024-04-08,436.5133972167969,437.66212836853555,434.2063821162436,436.4846803986757,4532300
2024-04-09,440.0744323730469,440.1127312020076,433.1246701957507,434.86690174537574,3521200
2024-04-10,430.817626953125,439.1362722849092,430.5591756047671,436.0251572408582,4493500
2024-04-11,422.84356689453125,431.5068130870415,422.6138323875075,431.1430765220678,5844100
2024-04-12,420.431396484375,423.3414651815395,417.73189834124065,421.52266494244896,6045700
2024-04-15,426.5865478515625,429.19031312360005,423.1020848082483,423.11166681869645,5376800
2024-04-16,448.85260009765625,459.2484978770664,445.7031858563679,456.3958338455326,11816500
2024-04-17,458.5209045410156,467.14588191400054,454.30893931726683,458.1475859329362,8759800
2024-04-18,472.10455322265625,480.54764839898115,465.20267187063524,465.3558379733482,8880400
2024-04-19,479.71484375,485.62116019253256,474.3828636905565,475.76132943686594,6618600
2024-04-22,470.2378845214844,478.07789701286254,469.673100970805,476.5079664271538,4697700
2024-04-23,465.4036865234375,473.18626561125643,464.24540257029514,470.01771674178366,3646700
2024-04-24,466.4757995605469,467.9691324698157,460.1674189165387,463.10623311127677,3724400
2024-04-25,472.7554931640625,475.8857724780501,466.6960106944248,468.06489441189933,4329700
2024-04-26,474.18182373046875,475.9814888823209,470.4006105094957,470.9749760791108,2727000
2024-04-29,468.13189697265625,476.0963589100326,466.92573219082595,474.5264282915585,2192100
2024-04-30,463.02972412109375,468.7828747577854,461.96714332992724,468.06492502793884,3367500
2024-05-01,463.422119140625,468.285047723551,456.6829862269218,458.7794015106979,2729200
2024-05-02,471.90350341796875,472.5927362266055,463.25939110026525,463.5848580913653,3561400
2024-05-03,471.4057922363281,471.7312592665805,465.02081328174097,469.8837131401778,2487600
2024-05-06,473.2532958984375,473.72234701516095,470.97499753701334,471.43449585632965,2029500
2024-05-07,479.55206298828125,480.21257899731864,473.88506349561743,474.80403085945153,3752100
2024-05-08,481.7059631347656,485.3340105651067,478.7097149634367,482.6249598097555,3078900
2024-05-09,485.3626708984375,486.2625034462363,480.6816544613055,480.6816544613055,2342900
2024-05-10,490.895751953125,491.6328657352493,485.3340368267622,487.24856951641414,2784600
2024-05-13,489.87139892578125,492.6761818982237,485.63071664429293,490.16814911257507,2454500
2024-05-14,491.9200134277344,494.11213223223433,485.6211847820687,492.59011152653255,2949700
2024-05-15,495.4331359863281,500.2577952793872,492.8293998313208,492.8293998313208,2981200
2024-05-16,498.99420166015625,505.58972178200486,497.3094036955584,497.77845481429165,3655800
2024-05-17,502.2105712890625,503.3784080084076,497.78800611825477,500.59278907363597,2657200
2024-05-20,495.1268310546875,502.2106250655095,494.4663149687409,502.2106250655095,2476200
2024-05-21,501.1767272949219,502.2967124340199,493.87278122373147,496.17024356603486,2521900
2024-05-22,499.0707092285156,503.79008300289246,498.4006696310641,500.47792092232635,2299100
2024-05-23,494.7439270019531,497.99859716065345,493.2122659623637,496.17024435074035,3055400
2024-05-24,486.4540100097656,495.040689562482,485.83176356768996,494.05467726609993,2527800
2024-05-28,482.1558532714844,484.9989351758856,480.4519205309863,484.9989351758856,2912800
2024-05-29,464.006103515625,472.79380078634637,453.045393134351,471.3004677552479,7521600
2024-05-30,461.0672607421875,465.2600913846598,457.5732449446093,461.7086419519885,5169700
2024-05-31,474.2009582519531,477.111055713054,461.79479633760195,461.79479633760195,6694800
2024-06-03,476.1825256347656,477.36952643620737,471.99927679731604,473.0139766850222,2795100
2024-06-04,483.88848876953125,486.54968767372986,473.45429288818167,477.2546409231814,3178400
2024-06-05,481.6197814941406,487.34424407268926,477.48438436475664,486.96134342295676,2464400
2024-06-06,480.4710998535156,483.13229891979375,476.02937033122356,482.1271518066324,2419600
2024-06-07,469.7209167480469,481.37082911822864,469.4624654113926,480.5858930987234,3416300
2024-06-10,473.8467712402344,474.22011908245355,465.4132583154384,470.0177064221314,3332800
2024-06-11,475.0146789550781,476.5080120283988,469.3380968742213,469.8837164565682,4599700
2024-06-12,471.999267578125,478.63311554839856,466.59071921511753,478.63311554839856,4048200
2024-06-13,476.04852294921875,480.5476862790437,463.68065861806264,469.3285239886126,4951700
2024-06-14,475.8761901855469,476.5750050599828,470.7165403252565,475.5985747952302,3188400
2024-06-17,470.31011962890625,474.0496672054145,469.80061738313896,472.3288832919303,2407200
2024-06-18,462.44647216796875,472.64616977287113,460.5142243018901,471.73289713009706,3692700
2024-06-20,465.7822570800781,467.12813866667005,459.6201460396095,461.4755298825957,5258100
2024-06-21,463.9268798828125,469.41604986149804,462.0042255244408,465.7053410317818,6368600
2024-06-24,471.0311584472656,471.90596980598167,465.7630743105315,469.9544472337362,5139800
2024-06-25,465.76300048828125,471.66556322450054,462.01383050043285,471.66556322450054,2916100
2024-06-26,465.3208312988281,468.58933794785287,462.8502133262674,465.76303360130055,3153100
2024-06-27,467.6280212402344,470.0698006248116,463.4077806083761,466.2917623053577,2991900
2024-06-28,489.56549072265625,489.700061272873,470.4831402679489,477.1739692488048,22734200
2024-07-01,475.5204772949219,489.22901208447104,473.8285614303974,487.1525418832403,4523100
2024-07-02,478.9716491699219,479.1927649848065,474.3092357740449,475.1455857343383,3312000
2024-07-03,470.944580078125,478.8178225880521,467.7048828808752,477.89495672189474,2239200
2024-07-05,469.1372985839844,470.73310526437507,465.7630307073079,470.089003128738,3499000
2024-07-08,470.41583251953125,474.7802660734779,467.3684418281639,470.27163931191365,3450600
2024-07-09,473.0787353515625,476.2415101947016,467.2915559116175,469.44491954743347,3056800
2024-07-10,481.5576477050781,482.1056112733189,471.16570257875924,471.95399795720607,3189800
2024-07-11,484.85498046875,489.0560050451055,478.45256702854965,478.45256702854965,3535100
2024-07-12,491.7477111816406,494.67015414198585,483.96095483994714,487.3160067838115,3570600
2024-07-15,495.4391784667969,510.30131762464555,493.92988777027324,503.9661457631072,5128000
2024-07-16,527.6436767578125,528.6530586233936,506.74443197855396,513.252636159816,11062000
2024-07-17,551.1096801757812,551.4268759029618,529.9796686204769,532.575263770918,10330800
2024-07-18,542.515380859375,559.01172866925,539.7082633810271,542.6691673839925,6834800
2024-07-19,543.4671020507812,547.8603742312133,539.8236345473941,545.1878565514228,4290400
2024-07-22,536.93017578125,542.4289398834395,535.5362394333936,541.2753353653941,3377300
2024-07-23,533.248291015625,537.2282003134005,531.4313682481929,537.1800870062477,2785600
2024-07-24,538.1028442382812,539.4294803302939,531.6331316310415,538.3431760132872,3156200
2024-07-25,538.0355834960938,547.8507550252792,536.9781470789335,540.2658695715946,3102900
2024-07-26,547.6873779296875,556.7335009570078,538.3433044520141,538.3433044520141,3201900
2024-07-29,544.8321533203125,549.254234667833,540.0351403085051,543.8323942236323,2965000
2024-07-30,554.041748046875,557.0218390391991,544.1015985075834,544.9764391591989,4139100
2024-07-31,553.8782958984375,558.4350364601089,540.5735592954935,543.572895693834,4713200
2024-08-01,550.619384765625,564.7797152765523,545.1686174378988,554.8780571096335,3680800
2024-08-02,567.0196533203125,568.66348532255,553.0034859565749,559.8096991357418,5094000
2024-08-05,547.9180908203125,564.126053886062,544.8418319398917,559.6078041562024,4587400
2024-08-06,546.370361328125,555.1857751383039,540.7754879341619,546.2358200955352,3216500
2024-08-07,544.1881713867188,549.5427714589134,535.4881711050516,544.6976443420093,4320700
2024-08-08,544.3418579101562,550.3117204358663,542.5441808934704,542.5441808934704,2860800
2024-08-09,537.1511840820312,544.0438835285322,536.0648796754654,542.7076246673929,2976700
2024-08-12,543.4286499023438,546.9951950562914,539.3526318262651,540.5735361869355,2532400
2024-08-13,552.032470703125,553.4648387102188,546.9951260306273,547.9468304823339,2369400
2024-08-14,557.2525634765625,558.6464997562779,551.1001041390149,552.9938907014637,2344400
2024-08-15,557.1947631835938,560.7805530163438,551.3306915872934,557.2524404602058,2751800
2024-08-16,555.3394775390625,559.1559769492957,551.8979098104558,558.454168210026,2728900
2024-08-19,556.3970336914062,560.7421931169829,554.7531429125746,555.7240928575404,1847900
2024-08-20,558.1947021484375,561.2324705012221,553.2438432437716,557.4255933935208,1677500
2024-08-21,555.7144775390625,560.8287457993497,555.0992139871269,559.0214457872646,2844300
2024-08-22,556.3392944335938,560.4057487203687,548.5525669478725,556.8488260550691,2282000
2024-08-23,561.9053955078125,562.5783363120426,556.0797547693359,558.531127501041,2376400
2024-08-26,564.424072265625,569.1922765424484,563.0878133078894,565.308476905563,1800000
2024-08-27,564.6355590820312,569.4326315354846,561.2036722979946,566.6735682384124,1581900
2024-08-28,565.7794189453125,569.9131723320705,561.2900379074283,566.2312731841051,1657000
2024-08-29,568.6923217773438,569.6920809126026,561.770754408906,567.8367265129301,1953200
2024-08-30,567.3753051757812,570.3169639571017,563.9049281880485,567.1830280076076,2944700
2024-09-03,575.5274047851562,577.4308140098606,568.9327137740153,569.6056546000982,3175500
2024-09-04,580.8145751953125,584.4291743234297,574.7582264613809,576.7962351315325,2935000
2024-09-05,572.460693359375,582.5642510619579,566.8657623230572,580.8242512729378,2144800
2024-09-06,573.7969970703125,577.3827288331312,569.3556699978096,572.826047187947,2926400
2024-09-09,571.12451171875,576.2964571622931,553.0227613411096,575.1813433380182,3411400
2024-09-10,575.8638305664062,581.410648320551,568.2885679338722,572.1915538141066,2863500
2024-09-11,566.9427490234375,568.5289624651745,556.5796130435757,566.3563534794292,3563600
2024-09-12,565.6641235351562,567.6733231607648,560.6556464729262,565.7699141179023,3395800
2024-09-13,571.3360595703125,574.5661052819125,564.5202230581128,568.2213684430723,2241900
2024-09-16,568.3646850585938,577.6743538305442,567.0333444246239,574.0180249200463,2548600
2024-09-17,557.578857421875,566.0298955880409,556.0642147879537,565.3449706913425,3416000
2024-09-18,560.1740112304688,563.9075350349754,552.1280866615132,556.5176239143686,2988300
2024-09-19,556.7202758789062,564.2066375381677,554.3180923784247,563.1357357016333,2945700
2024-09-20,554.7232055664062,558.4278177520179,549.5618914677397,551.5395885110225,5398700
2024-09-23,553.189208984375,558.9969381808173,551.8289572185483,556.1606121642767,2386100
2024-09-24,554.906494140625,556.9517297203126,546.0405680740049,550.6906025924453,3188500
2024-09-25,555.987060546875,560.6177820595661,552.8709817801491,557.49204651057,2658800
2024-09-26,554.5399169921875,556.2667732941255,550.7774229088774,554.7232191938424,2751900
2024-09-27,561.3316650390625,566.0203271425139,556.2572027158136,557.308732069468,2986200
2024-09-30,564.0618286132812,565.7404598058404,558.3312945073794,562.9234472169803,3009700
2024-10-01,562.7305297851562,567.9401280415799,560.2897781821201,564.3705928572019,2648400
2024-10-02,571.4227905273438,583.2022385474241,563.6470205495298,582.9513977605893,3667000
2024-10-03,571.8472290039062,572.3102834130681,563.7627371080387,569.7826799583781,2645800
2024-10-04,570.3519897460938,575.1081316168771,567.6893087091529,571.249187246312,2462600
2024-10-07,562.9813842773438,571.5482453751409,562.7595138215289,568.0269351313409,2591100
2024-10-08,561.0711669921875,568.4321072204594,559.12238147267,567.322637291805,2231400
2024-10-09,570.3711547851562,571.8954540591518,560.1353205828251,561.6306495148418,2207700
2024-10-10,576.6227416992188,577.8286617467398,571.8569433161031,574.1915880409156,2143200
2024-10-11,576.9603881835938,580.308052926664,575.1756500279562,575.4554022871919,1909700
2024-10-14,584.0512084960938,587.1672869898434,576.3140067939261,577.9829812615534,2447100
2024-10-15,536.6730346679688,549.6101790036165,523.8517128388442,532.5536514784117,11939400
2024-10-16,551.1923828125,555.8616728461632,535.5443316995343,537.3676971713294,5103900
2024-10-17,546.0696411132812,549.3882770017253,539.0173632018694,540.8118172242316,5588700
2024-10-18,549.5232543945312,550.8160265325386,543.1849318597318,546.8605736347639,3687000
2024-10-21,551.3176879882812,558.8523331449838,548.6454091421838,549.5522633939685,3018000
2024-10-22,549.764404296875,552.8322574959213,545.5485129829785,547.8252756515324,2593800
2024-10-23,544.7285766601562,553.8935691226433,540.2521872623921,551.9544402435403,2911900
2024-10-24,541.0335693359375,551.5395580326693,540.551201357753,545.0661585676223,2590200
2024-10-25,544.6514282226562,551.3466993327712,543.7349171208671,546.1949824804334,2513700
2024-10-28,545.3074951171875,548.288555964814,542.9631931532838,546.2818881269752,1826500
2024-10-29,542.3070068359375,547.6612794096072,540.8888144160055,542.9726769753325,2600300
2024-10-30,543.1077880859375,550.1985739804252,541.1686593463611,541.458068363579,2323600
2024-10-31,544.5934448242188,548.4041636106224,541.1011053891151,541.1011053891151,2490000
2024-11-01,547.5455932617188,550.2179309777472,544.0146852073021,545.191634931169,2548300
2024-11-04,538.1007690429688,548.539218687691,535.8336043177072,546.7544219189352,2656600
2024-11-05,547.0343627929688,548.684023910575,534.8497406104209,538.5929215515342,2608100
2024-11-06,575.6483764648438,584.1476990117499,570.0142918243996,582.6041448300812,6591300
2024-11-07,584.0994873046875,586.2122617326844,575.1274532931407,577.5778618051969,5254300
2024-11-08,594.0941772460938,597.9434651350671,583.8583406357441,587.524326297489,3875800
2024-11-11,603.201171875,608.4879062062308,592.2706967275269,595.1456499900497,3003200
2024-11-12,592.9942626953125,602.4583205329171,592.1356924032639,597.7311494461629,2809400
2024-11-13,584.504638671875,591.3928683512299,581.7937326674655,591.3832115692685,3409400
2024-11-14,572.2332153320312,584.6300501020254,568.2198803635546,582.1988963977138,3079200
2024-11-15,571.3456420898438,577.8093857412648,569.1460743992566,571.0465762539318,3423900
2024-11-18,568.856689453125,573.1883453076999,564.6793654727662,568.6540736655714,2577100
2024-11-19,556.6527099609375,566.1457387567522,556.430839508307,562.1709719935054,3198300
2024-11-20,579.3240356445312,581.3885850574725,561.0422745333065,562.1614013983558,3928600
2024-11-21,576.4201049804688,582.7005457809138,575.6868961969778,578.8416017691196,2722900
2024-11-22,570.0336303710938,580.0572528575987,567.9111991161676,577.4524535394085,3197900
2024-11-25,584.4661254882812,588.3347269189982,574.0276731499199,576.5070521520995,5146200
2024-11-26,585.3922119140625,587.0129615376344,577.761175076059,586.7910910714538,2693600
2024-11-27,586.926025390625,595.6761869776958,585.3052761615776,589.4825990519066,2269800
2024-11-29,588.6819458007812,594.0651894132648,585.2281742762173,587.3312917861116,2010800
2024-12-02,587.0612182617188,592.3479531377758,579.5845136414944,592.3479531377758,3364900
2024-12-03,583.8870849609375,594.0361253853334,583.4915691537278,589.3088959623155,2329900
2024-12-04,589.2511596679688,600.8666203586289,585.5658605852859,589.4730890181954,4147600
2024-12-05,558.5531616210938,587.514554559562,553.6523452423168,584.2827125823236,5943700
2024-12-06,530.2381591796875,561.5824202449493,524.9514251054093,561.5824202449493,13003600
2024-12-09,542.9247436523438,545.2102390916431,527.4491507817185,534.5768276307163,7684700
2024-12-10,547.3505249023438,549.8297195119304,539.4481105557431,544.2612106837603,5360600
2024-12-11,516.6898193359375,540.4842459138001,515.8569192407734,538.1212591063079,10363000
2024-12-12,499.4806823730469,517.1449498545126,497.96023038998635,514.7529407245319,9403800
2024-12-13,504.0516357421875,510.87915798555656,494.5997188781474,499.3644378091034,8202900
2024-12-16,482.7655029296875,505.2332372548677,480.42187404395673,501.6500110683613,8880000
2024-12-17,470.1951599121094,479.95701391343334,460.801345970726,471.62845620914123,14132700
2024-12-18,483.9469909667969,490.55173365243036,470.6600436951235,473.01333682055974,10147600
2024-12-19,473.8074645996094,487.752941550745,470.89246184954123,484.353750200077,7418100
2024-12-20,484.3440246582031,486.7748090941401,473.3038573597105,473.84617929336775,10956900
2024-12-23,490.3580322265625,492.72101916113115,483.29812332966145,484.9541706805335,4286000
2024-12-24,490.1256103515625,490.1256103515625,484.7895169572707,488.4792568433077,1824400
2024-12-26,495.0162048339844,496.0524092053198,488.7988603886508,489.68980522702617,3387000
2024-12-27,493.8927917480469,496.982105737808,491.77191400449726,493.3408055489962,3471800
2024-12-30,491.7719421386719,493.6410466620811,484.8573223133883,490.86160965080677,5408600
