Price,Close,High,Low,Open,Volume
Ticker,WMT,WMT,WMT,WMT,WMT
Date,,,,,
2019-01-02,27.9670467376709,28.059931635908217,27.45768424571465,27.45768424571465,24458100
2019-01-03,27.823230743408203,28.377538176188306,27.77529069671818,27.928099809851535,24831900
2019-01-04,27.997005462646484,28.062921719246823,27.77228635361016,27.928090596719176,24087300
2019-01-07,28.326597213745117,28.515362192343463,27.91910687470806,28.05094284163205,23369100
2019-01-08,28.524349212646484,28.69213934077067,28.13783202457667,28.482401251997704,21602700
2019-01-09,28.43146514892578,28.805996481525618,28.39551097765804,28.677159129551143,18816900
2019-01-10,28.45244026184082,28.45843233803147,27.901129819467606,28.128844144951472,28188900
2019-01-11,28.41649055480957,28.551321728008308,28.329599430502448,28.461435422190075,16183800
2019-01-14,28.449443817138672,28.599257725575043,28.248694688568452,28.30862059483721,21255300
2019-01-15,28.83895492553711,28.943825685464386,28.57828161675437,28.605248530547467,21174600
2019-01-16,28.868927001953125,29.02173440471993,28.713119274318245,28.743083090157885,16230000
2019-01-17,28.985774993896484,29.12659822481474,28.811992769684355,28.859932811844335,16843500
2019-01-18,29.282407760620117,29.42323100032505,29.018735797817264,29.04869789741895,18361800
2019-01-22,29.21049690246582,29.492146819727893,28.997761873833184,29.108623017443403,24189600
2019-01-23,29.57603645324707,29.76780005021049,29.222478214840308,29.623979924194636,25037400
2019-01-24,29.471166610717773,29.501128705810828,28.89288926017264,29.42322657278049,22829100
2019-01-25,29.045696258544922,29.635961182713164,28.98876896438637,29.58802114539051,21654600
2019-01-28,29.0816593170166,29.084656213015094,28.78802865907751,28.922858118524488,17627400
2019-01-29,28.976781845092773,29.111611257476472,28.916854232869536,28.994759785865583,15760200
2019-01-30,28.40450096130371,29.003751457712294,28.24270289865563,28.96779557069225,35547900
2019-01-31,28.713115692138672,29.02472767958976,28.35356537716181,28.35356537716181,44169000
2019-02-01,28.12285614013672,28.76405467608075,27.898136962979837,28.740084653376968,37775700
2019-02-04,28.395509719848633,28.395509719848633,27.970041472789156,28.122850551467945,21805800
2019-02-05,28.644203186035156,28.746075349012848,28.470419243930642,28.539334127436785,18299700
2019-02-06,28.656187057495117,28.767049906243553,28.530344874204285,28.593265965849703,12794700
2019-02-07,28.98277473449707,29.00974336247981,28.46442501758376,28.49738229258136,21030300
2019-02-08,28.63821029663086,28.970793693299154,28.50637432460089,28.865926352147664,18507600
2019-02-11,28.823978424072266,28.868925001953563,28.656188267774237,28.659185163491987,16628400
2019-02-12,29.0546932220459,29.114617424411293,28.913869974910142,29.00975007027185,17643900
2019-02-13,29.345325469970703,29.363303413446083,29.0906442237967,29.153565311489473,16375500
2019-02-14,29.51911163330078,29.722855971703353,29.06967327312808,29.26742724886569,21602400
2019-02-15,29.959562301635742,29.962555768453637,29.620985088501897,29.656937550799302,28443000
2019-02-19,30.621728897094727,31.21498732184241,30.582779543300493,30.67566272805075,62091900
2019-02-20,29.92659568786621,30.663677639332402,29.558056426604136,30.504876475685837,52895400
2019-02-21,29.779787063598633,29.938588253683896,29.635966923769946,29.860686106561182,19239600
2019-02-22,29.827716827392578,30.010486263303328,29.70486814290842,29.908615842465977,24260700
2019-02-25,29.69889259338379,30.001513969892443,29.677917748218036,29.998517073591174,27705000
2019-02-26,29.570051193237305,29.680912345194123,29.324357149713688,29.66892818986057,25464300
2019-02-27,29.39626121520996,29.480153709443453,29.24045352104354,29.39925811049158,23706900
2019-02-28,29.65993309020996,29.803753219650247,29.294390689833698,29.39626456737395,34127700
2019-03-01,29.342330932617188,29.83072205427777,29.099633819608773,29.803753422426357,31057500
2019-03-04,29.318363189697266,29.540085466409682,29.174543056510096,29.399262228923952,23051400
2019-03-05,29.465173721313477,29.719854966335845,29.390268481289862,29.402252633905224,18357900
2019-03-06,29.44120216369629,29.66292439282607,29.321350363956515,29.444199058754585,14089800
2019-03-07,29.198511123657227,29.423230294219522,29.135590030215177,29.2764132665406,18379800
2019-03-08,29.240459442138672,29.48915036674252,29.06368030308768,29.22847528752742,16977000
2019-03-11,29.50712776184082,29.5370898622805,29.30937378420783,29.37529177675216,16035900
2019-03-12,29.474170684814453,29.585031835237157,29.3782905855871,29.522110734428132,15211500
2019-03-13,29.671913146972656,29.767796648969945,29.48015300086185,29.573039607649555,16446900
2019-03-14,29.587568283081055,29.65082792401652,29.397785912882778,29.64480188301624,14777400
2019-03-15,29.64781951904297,29.674929812980977,29.400803510454438,29.60564412025894,43800000
2019-03-18,30.02134895324707,30.054485282637856,29.59961573230531,29.611664366431484,17310300
2019-03-19,30.07858657836914,30.27137853976945,29.994239233408454,30.120761974545584,16243200
2019-03-20,29.714088439941406,29.988214707864575,29.683965128836704,29.882779671606137,18969300
2019-03-21,29.840608596801758,29.861692846755464,29.551420664882745,29.596605632859077,19653000
2019-03-22,29.605642318725586,29.98219062693724,29.503223743751818,29.69601570534033,20124300
2019-03-25,29.5725040435791,29.708062390906388,29.40983540574315,29.46104641356439,16222200
2019-03-26,29.617694854736328,29.777350484906005,29.530334487571665,29.629743490671785,14837700
2019-03-27,29.28331756591797,29.780362565729497,28.617584773550067,29.56346988877609,25413600
2019-03-28,29.259225845336914,29.482141158659267,29.07848248815375,29.397793798988083,24162900
2019-03-29,29.37971305847168,29.42188845330429,29.232109518733818,29.39778773520107,22319700
2019-04-01,29.467073440551758,29.62974208382974,29.38875213960164,29.51225840870851,25517400
2019-04-02,29.201980590820312,29.614678209479738,29.189931956359437,29.448996557923333,18822000
2019-04-03,29.277301788330078,29.340561448963236,29.15680506254748,29.25621408565471,17062500
2019-04-04,29.5544376373291,29.605645206114072,29.292359961674663,29.295372982754376,12078900
2019-04-05,29.771331787109375,29.882789453638868,29.56950415768347,29.59661445707377,13968000
2019-04-08,29.891826629638672,29.897849225015364,29.599625608386066,29.656859225125515,16267200
2019-04-09,29.729158401489258,29.891827084816054,29.566489718162465,29.76229474244075,13102500
2019-04-10,30.00328826904297,30.03943763566986,29.671924820618717,29.67493784240318,12273300
2019-04-11,30.364763259887695,30.373802322760426,29.964117657339845,30.033403349794533,16820700
2019-04-12,30.59370994567871,30.732281354849906,30.42501866383539,30.42501866383539,15486000
2019-04-15,30.85577964782715,31.000373615045497,30.503332068194428,30.515380703614596,15335700
2019-04-16,31.006399154663086,31.1449670782328,30.88891548088943,30.994347072045855,14485200
2019-04-17,31.075685501098633,31.147984216792043,30.84975718564549,31.027487506433864,11187600
2019-04-18,31.081710815429688,31.26847674761038,30.9943504439111,31.060623115947458,11183400
2019-04-22,30.83771514892578,31.190162844883144,30.777468504548548,30.96122145937776,15238200
2019-04-23,31.048580169677734,31.11485285385987,30.708181131557243,30.885911480756683,15152400
2019-04-24,31.187137603759766,31.283537023343648,31.054595727539706,31.06965738273271,14093400
2019-04-25,31.18412208557129,31.37390097325809,30.97626852562033,31.09977476413563,11883300
2019-04-26,30.584672927856445,30.828675946080395,30.021358594694792,30.259335570224508,24323100
2019-04-29,30.59370994567871,30.72625531187968,30.358745980734906,30.690105948844323,19139100
2019-04-30,30.979290008544922,31.003390729960035,30.560569707718212,30.656965698593535,18400800
2019-05-01,30.5334529876709,30.970247875799352,30.509352271327117,30.95819924132338,16011600
2019-05-02,30.470205307006836,30.744331671433017,30.196078942580655,30.554552676228706,15021000
2019-05-03,30.750350952148438,30.952178542172117,30.666003601476145,30.82264621887295,15950700
2019-05-06,30.86481475830078,30.891928496793334,30.286438898876405,30.349698543038944,13841100
2019-05-07,30.515382766723633,30.777460427335686,30.35271411168114,30.66600278553136,13726800
2019-05-08,30.214143753051758,30.437059018780577,30.081598422923683,30.1990820971183,17646000
2019-05-09,30.144495010375977,30.265628362855914,29.935537204783362,30.062728611169657,18720300
2019-05-10,30.862224578857422,30.922791260340446,30.19295165821021,30.211122355796356,26228100
2019-05-13,30.25048065185547,30.632058260507605,29.983985250203297,30.42007147030202,22084500
2019-05-14,30.37162971496582,30.54727519135842,30.250492872039462,30.326204698508413,19061100
2019-05-15,30.247451782226562,30.39281732205118,30.020323324808427,30.344363297344714,20220900
2019-05-16,30.680517196655273,31.483036022141686,30.538184126850897,31.14083223552686,51366000
2019-05-17,30.544240951538086,30.874335586404513,30.25654576402857,30.356482862604974,37113900
2019-05-20,30.744108200073242,30.88341222176087,30.35950502796818,30.40190100003696,21582300
2019-05-21,30.62298011779785,30.783480420167137,30.40493523594335,30.74108444083429,20667300
2019-05-22,30.959131240844727,31.01969791956017,30.604811318370917,30.76834412346745,22022700
2019-05-23,30.84707260131836,30.868268853331234,30.48063667623249,30.834956496505246,19363800
2019-05-24,31.092382431030273,31.159007175021134,30.913711392135927,30.943994736548753,13449600
2019-05-28,31.01667022705078,31.364935576061633,31.01061217263616,31.059069676540762,30815100
2019-05-29,30.925825119018555,31.155979237751662,30.728979907739912,30.922796091329946,19560600
2019-05-30,30.94701385498047,31.340704181790596,30.862221894561646,31.037867335009057,15058800
2019-05-31,30.71988296508789,30.895531857585013,30.465500172197142,30.692628656051202,17782500
2019-06-03,30.87735939025879,31.095400781445328,30.7077685609311,30.777422308587695,19844100
2019-06-04,31.059066772460938,31.086321083366037,30.719885071079947,31.074208441375532,17894700
2019-06-05,31.622339248657227,31.73135993994579,31.071174273663264,31.116599272891392,20708700
2019-06-06,31.83129119873047,31.997852964490455,31.55570876161152,31.643533183295325,24191100
2019-06-07,32.11899948120117,32.20985296611384,31.81313359102503,31.86764568197263,20428200
2019-06-10,32.56114959716797,32.63988698748058,32.21288766320372,32.24619657021083,18977100
2019-06-11,32.688331604003906,33.000255513340825,32.63079395811642,32.706502298943555,20241900
2019-06-12,32.954830169677734,32.982084478953865,32.68227321409377,32.68227321409377,13905300
2019-06-13,32.90334701538086,33.18498758465989,32.757984923492955,33.009338691136236,16455000
2019-06-14,33.03054428100586,33.18801904210274,32.84581174016456,32.942719818640526,13577700
2019-06-17,33.057796478271484,33.17590427438454,32.785242958223385,33.04568383566416,12441000
2019-06-18,33.2061767578125,33.30005577231343,32.98207734716355,33.25160175201893,14733600
2019-06-19,33.19710159301758,33.26372632108982,32.96997309848249,33.251610213654295,11773800
2019-06-20,33.409088134765625,33.4605711938113,33.0941351925311,33.25766798446171,15004500
2019-06-21,33.65437698364258,33.97538791398251,33.39091061996785,33.41513589827366,39535800
2019-06-24,33.68769454956055,33.98447328554221,33.6240953928803,33.76340288031527,18098400
2019-06-25,33.53021240234375,33.745228195093,33.433304364161664,33.57866642143479,18315000
2019-06-26,33.360633850097656,33.63924539963794,33.34246315494223,33.569591645826435,12485100
2019-06-27,33.34245300292969,33.466615338697146,32.96693350403471,33.33034036508267,16443900
2019-06-28,33.4605598449707,33.769451163066364,33.384848062645084,33.47872706839609,19520100
2019-07-01,33.499942779541016,33.908774815920914,33.31823926718259,33.7058715785039,16544100
2019-07-02,33.79672622680664,33.79975525416266,33.41514849119473,33.56353964028234,12188700
2019-07-03,34.01476287841797,34.03899162814203,33.61501796647081,33.66953005407055,9621900
2019-07-05,33.911800384521484,33.990537756514954,33.678613829778385,33.917854972701974,10738200
2019-07-08,34.13589096069336,34.199486647100144,33.82699614141542,33.89362085397586,14147100
2019-07-09,34.184349060058594,34.33576572875467,34.09955364616555,34.187378086573595,16270200
2019-07-10,34.21463394165039,34.40542103226179,34.03595949194156,34.257033383367734,13737000
2019-07-11,34.49930191040039,34.505359964028635,34.22674841412674,34.32365647794429,11689800
2019-07-12,34.705238342285156,34.75672140723403,34.40845606131361,34.55078914743852,11229900
2019-07-15,34.82030487060547,34.85058820034832,34.659801143545415,34.72642238955672,10038000
2019-07-16,34.75368881225586,34.97475925384624,34.535643931829156,34.926305221052054,10464600
2019-07-17,34.705238342285156,34.877854768802074,34.584101515010964,34.76883405024961,8065500
2019-07-18,34.741580963134766,34.75974819544621,34.444798671689206,34.62953121344742,9670800
2019-07-19,34.493247985839844,34.92025066649416,34.481135344056135,34.82636816197948,11388900
2019-07-22,34.16618347167969,34.62649853098756,34.014763314653486,34.553815746589095,13550700
2019-07-23,33.945106506347656,34.28125565539387,33.78762832561801,34.257030375715615,17262600
2019-07-24,33.917850494384766,34.157095071425765,33.78763007866831,33.926937574014524,12531900
2019-07-25,33.98447799682617,34.0359610551586,33.81489061928457,33.97236535536728,11554500
2019-07-26,34.22674560546875,34.323653661334,33.86334212882681,33.95419213156093,14187000
2019-07-29,33.99961471557617,34.21463053227265,33.84516902876807,34.17223456048547,11239800
2019-07-30,33.9360237121582,34.03898982805504,33.81791592812427,33.9360237121582,9105600
2019-07-31,33.42726135253906,34.02082595275389,33.20013281924808,33.890605501248224,18633900
2019-08-01,33.124420166015625,33.96933847749975,33.106249469824945,33.40908978539508,22365000
2019-08-02,33.1304817199707,33.35458122048702,32.75193301837014,33.23344785402687,16970100
2019-08-05,32.046321868896484,32.706507721192864,31.97666810436455,32.706507721192864,22710000
2019-08-06,32.485435485839844,32.65805190845159,31.976666367928175,32.158369871875635,21049200
2019-08-07,32.767066955566406,32.900316399788366,32.076597918870156,32.40971806371959,21835500
2019-08-08,33.0257453918457,33.12313047085094,32.79749889525436,32.870539445890856,13123200
2019-08-09,32.648372650146484,33.00748051273893,32.47490659145051,32.88575092285112,12580500
2019-08-12,32.0214729309082,32.514486364626606,31.905827675489085,32.477966077069766,17605200
2019-08-13,32.687950134277344,32.900980485878,31.90886929768799,32.03059893702205,20025900
2019-08-14,32.3197021484375,32.88575242943018,31.9971110583739,32.100584000730606,27938400
2019-08-15,34.2947998046875,34.583914625237604,33.524850882972906,34.24610725886804,59438700
2019-08-16,34.3860969543457,34.976495317483135,34.10307003728362,34.717816412199575,32895600
2019-08-19,34.635650634765625,34.93084636001413,34.57174188692398,34.79998841000573,21534300
2019-08-20,34.10002517700195,34.70563972506333,34.08785291282495,34.650862794884254,18336900
2019-08-21,34.09090042114258,34.714775172213166,34.04829226791146,34.68738322148872,24469200
2019-08-22,34.05741882324219,34.32522951845538,33.88699668491422,34.14567557037334,17986200
2019-08-23,33.72875213623047,34.057427717916774,33.515721795610304,33.969174430501745,18710100
2019-08-26,34.08177947998047,34.16698883938085,33.84744503471376,33.95091802039942,17807100
2019-08-27,34.21262741088867,34.331316567528255,33.935688367239806,34.21262741088867,17201100
2019-08-28,34.303924560546875,34.41348189541581,33.98742133643509,34.170019216393236,16113000
2019-08-29,34.71780776977539,34.87301368120349,34.483473451838755,34.754324554205056,15811500
2019-08-30,34.7725944519043,35.11344224830808,34.66303710232299,34.99779702489684,17115900
2019-09-03,34.888240814208984,35.09214280098366,34.53826467840101,34.59608555061146,17828100
2019-09-04,35.274749755859375,35.28996596356934,34.94303364156884,35.207797048828866,17348700
2019-09-05,35.13170623779297,35.898614734453105,35.07996975286381,35.8103579680721,17479200
2019-09-06,34.91563034057617,35.22604575290714,34.88215748069989,35.13170459919487,13039200
2019-09-09,35.402557373046875,35.48776671085563,34.81519943985662,34.84563532652018,17921100
2019-09-10,35.317344665527344,35.594283721205755,35.14387508688088,35.299084526576905,14572200
2019-09-11,35.30821228027344,35.515158196501524,35.06474956950393,35.30212788923254,15852300
2019-09-12,35.58210754394531,35.627759632153115,35.27169215106515,35.49993866104276,13422900
2019-09-13,35.7373161315918,35.968606572983,35.59123850799187,35.655147250644006,16915800
2019-09-16,35.1712646484375,35.658190044833916,35.11344029856002,35.46646382302129,18270900
2019-09-17,35.45732879638672,35.51210920454902,35.07387638754511,35.0951769773042,13813500
2019-09-18,35.6551513671875,35.676455444786285,35.356908211867186,35.579070351142796,11868000
2019-09-19,35.63992691040039,35.85295718875718,35.53645396632957,35.72818017202122,10141800
2019-09-20,35.600364685058594,35.801222711411185,35.54558775624611,35.712969444873266,33997200
2019-09-23,35.79513931274414,36.03555807403833,35.472548190424114,35.487764391378676,15487500
2019-09-24,36.03251266479492,36.476833376593895,35.91382351598756,35.98686406379671,21819300
2019-09-25,36.0538330078125,36.129914043808085,35.85297489346427,36.0538330078125,13840800
2019-09-26,36.002079010009766,36.38248748784183,35.96860267389088,36.154241008036635,11960700
2019-09-27,36.0477409362793,36.28511583061772,35.834710577519395,36.27903143810618,10304100
2019-09-30,36.117733001708984,36.34901999150993,36.08121272019515,36.114689064455206,10204200
2019-10-01,35.865135192871094,36.24859114839891,35.82557446046321,36.169466200817716,11187900
2019-10-02,35.338645935058594,35.77383485006032,35.18343650768832,35.72818276492693,17833500
2019-10-03,35.3964729309082,35.54559451067918,34.86998323723563,35.26561149179956,15619500
2019-10-04,35.9594841003418,36.002092261684474,35.35995724880595,35.423866008053785,13881000
2019-10-07,35.676456451416016,36.00208808514715,35.56993954318233,35.94122327059405,14085000
2019-10-08,35.78296661376953,36.114686091812175,35.50298361648538,35.54863570600287,15375300
2019-10-09,36.19380569458008,36.30640696771113,35.916866675200474,35.96555921176431,11710200
2019-10-10,36.400753021240234,36.48292190546375,36.093381560334606,36.18467877268722,13024500
2019-10-11,36.59248352050781,36.73551721601881,36.12990260941254,36.495094949381794,18383700
2019-10-14,36.26685333251953,36.65943767605129,36.245552735963045,36.473799285329605,13719900
2019-10-15,36.376407623291016,36.51639737544531,36.17554958158826,36.31554281650787,13550100
2019-10-16,36.342926025390625,36.552912364626664,36.24554095551986,36.309449689949744,11344800
2019-10-17,36.47074508666992,36.595518624525816,36.3246674754856,36.419008613023706,11732700
2019-10-18,36.257728576660156,36.702049452188376,36.25468463891894,36.65640083436895,16776900
2019-10-21,36.4403190612793,36.46770752980368,36.16033605350409,36.30641369024347,10230300
2019-10-22,36.391624450683594,36.571178419993274,36.33380009703315,36.44336093044492,7634100
2019-10-23,36.32163619995117,36.47380173734713,36.12077810852045,36.266855770624744,8520000
2019-10-24,36.24553680419922,36.38857045617139,36.06598288451709,36.26075300195097,8700900
2019-10-25,36.22728729248047,36.31554405152973,35.97165230908536,36.215115027262954,7692900
2019-10-28,36.28207015991211,36.428147800681984,36.07208028621259,36.29119848875024,10213800
2019-10-29,35.65210723876953,36.13294831278377,35.630806644050665,36.06295168873867,14373300
2019-10-30,35.94121551513672,36.02338439015916,35.62166834215387,35.66123255273561,8988600
2019-10-31,35.685585021972656,35.99600045416606,35.554723580138514,35.88948702797738,14643900
2019-11-01,35.79513931274414,35.90165271942607,35.67645015908644,35.886436518471506,11287800
2019-11-04,35.77992630004883,36.248595128573164,35.65819666971634,36.03252085541403,13938000
2019-11-05,36.17250442504883,36.25771724133126,35.6308020905192,35.813396504711996,12651300
2019-11-06,36.36728286743164,36.40380315169215,36.12686404778759,36.16338433204811,10843200
2019-11-07,36.58943557739258,36.79942193350625,36.3794492212789,36.519438964432986,13324200
2019-11-08,36.349021911621094,36.787254864639316,36.1968598685518,36.613788742433954,11498100
2019-11-11,36.22728729248047,36.40684126480929,35.995996839520394,36.12381433121795,13317000
2019-11-12,36.25164031982422,36.519447605478604,36.15729567373421,36.397717970935496,15189300
2019-11-13,36.817684173583984,36.93332939530062,36.11164057856806,36.263806077198424,23135400
2019-11-14,36.71726608276367,38.1567386848082,36.37033031434442,37.919363779742184,67512600
2019-11-15,36.175559997558594,36.82377943162968,36.026438391791295,36.726394319630586,30413100
2019-11-18,36.59552001953125,36.78420578456507,35.98382108774324,36.04772982739974,19644000
2019-11-19,36.485965728759766,36.62899942077275,36.431185311859615,36.552918410715925,11146200
2019-11-20,36.254676818847656,36.66552125613661,36.032518170385934,36.58335236867882,15227700
2019-11-21,36.47684097290039,36.51944564615148,36.11468906058603,36.163381608344025,12908400
2019-11-22,36.324676513671875,36.61074393404934,36.297288043124155,36.56509532221453,11529300
2019-11-25,36.19076919555664,36.52553262995798,35.880353775823416,36.51944475559954,17644500
2019-11-26,36.27293395996094,36.306410299593544,36.047731393031725,36.202937343862715,18877500
2019-11-27,36.1420783996582,36.458581709080846,36.132950070444025,36.333804658048294,10302300
2019-11-29,36.24251174926758,36.51032254164208,36.21512327559881,36.25772795494647,9471900
2019-12-02,36.30032730102539,36.33075970791203,35.862094372879504,36.26076656517905,17012700
2019-12-03,36.11468505859375,36.20293833256974,35.84078994315202,36.0325161756847,19784400
2019-12-04,36.120765686035156,36.27597510769805,36.002080020794985,36.25163058043621,16669800
2019-12-05,36.27361297607422,36.310297058251706,35.894552289809035,36.18190626901714,13058400
2019-12-06,36.616004943847656,36.62212012623864,36.353108075244684,36.402019039208305,13022400
2019-12-09,36.487606048583984,36.64045408913502,36.43257991437265,36.55180145597021,14448000
2019-12-10,36.42036056518555,36.54875140644851,36.383676468142404,36.48455598581703,12846900
2019-12-11,36.3775634765625,36.57626141522951,36.23388468470634,36.49983913112681,10519200
2019-12-12,36.60988235473633,36.71687703460344,36.27973603856644,36.377557946702865,12447000
2019-12-13,36.77190017700195,36.881948940101836,36.38366666824366,36.42646593606208,16098900
2019-12-16,36.84832000732422,37.0959323317203,36.81163592258697,36.81163592258697,16052100
2019-12-17,37.07453918457031,37.20293000522283,36.8972374085079,36.973659683089764,13727400
2019-12-18,36.640464782714844,37.19682747469571,36.63434959988864,37.14485891583801,15309000
2019-12-19,36.70769500732422,36.83913987097439,36.61598481381853,36.66489575089284,13392300
2019-12-20,36.77190017700195,37.33132026187261,36.68936273008026,37.13567296313589,23863200
2019-12-23,36.386722564697266,36.89417408552959,36.38060738432585,36.74438365191238,13457400
2019-12-24,36.533451080322266,36.56096589034725,36.380603074625945,36.417287155734904,6682200
2019-12-26,36.5365104675293,36.63738994634836,36.36226632126972,36.56402178052115,12671400
2019-12-27,36.557926177978516,36.66491738541591,36.453989063471596,36.66491738541591,10632000
2019-12-30,36.49982833862305,36.625165045556614,36.41729089684217,36.622107455419005,8837400
2019-12-31,36.328643798828125,36.62210949743757,36.129942409447075,36.53039928013019,14736000
2020-01-02,36.35921096801758,36.64961906244424,36.285842797676956,36.3347537451084,20294700
2020-01-03,36.038230895996094,36.31335803963597,35.9465241803741,36.15439483481612,16197600
2020-01-06,35.964866638183594,36.09937262135751,35.69585467183576,35.888440875896414,19336500
2020-01-07,35.63165283203125,35.92511847044465,35.521604092222816,35.84563863067265,20540700
2020-01-08,35.509395599365234,35.68363981905648,35.36266270425993,35.55219138187538,17627400
2020-01-09,35.876216888427734,35.879274478906176,35.48492926848228,35.50632890344407,16691100
2020-01-10,35.576629638671875,35.870098799605856,35.45435402847048,35.839529897055506,18164400
2020-01-13,35.423789978027344,35.628603052523225,35.26788785398884,35.57663451171468,18337800
2020-01-14,35.515499114990234,35.52467188666794,35.194522074017925,35.29845916270771,19757400
2020-01-15,35.2403678894043,35.42072721150845,35.00804003408596,35.04166652626063,22362600
2020-01-16,35.42990493774414,35.43907770964618,35.24037629908487,35.30762929948331,16108200
2020-01-17,35.142555236816406,35.55218493196854,35.04473332449314,35.47576265621209,30135000
2020-01-21,35.335140228271484,35.365709137499174,35.008048001792815,35.02944763760716,22061100
2020-01-22,35.49104309082031,35.62249148926302,35.209804250153695,35.22203111321212,14778300
2020-01-23,35.40237808227539,35.55522606141067,35.16699618256701,35.5246571652608,12915300
2020-01-24,34.962196350097656,35.469647964580226,34.894943347148306,35.46047869071785,13150200
2020-01-27,35.41767120361328,35.530777546420246,34.445567473804246,34.601469582023896,21055200
2020-01-28,35.643890380859375,35.7355970994678,35.44518899215404,35.45435826466005,15810600
2020-01-29,35.42684555053711,35.802848679410985,35.42684555053711,35.63165861336726,11326500
2020-01-30,35.637779235839844,35.680575009692504,35.255660868259994,35.34125591435277,13744500
2020-01-31,34.998878479003906,35.5399565646085,34.81851911713571,35.39933538509819,23327400
2020-02-03,34.93162536621094,35.274002043750336,34.87965682170822,35.124211591379215,13041300
2020-02-04,35.2373161315918,35.53383943043239,35.12115218470645,35.228146858747756,15696600
2020-02-05,35.70808792114258,35.750883692710964,35.10892612886148,35.33819643749435,17048700
2020-02-06,35.555233001708984,35.83647179892525,35.47881074641686,35.71419269207125,16058700
2020-02-07,35.598026275634766,35.69279056524748,35.387098067069374,35.49409271538284,11068800
2020-02-10,35.231201171875,35.76004881690452,35.170059864515814,35.38404569430578,18434700
2020-02-11,35.27705001831055,35.307618918888366,34.98358437469979,35.28621928912932,17390400
2020-02-12,35.41461944580078,35.58886360736201,35.28011346223008,35.3076247776379,14206800
2020-02-13,35.90067672729492,35.93124563753005,35.33208730046904,35.41462475745889,15999600
2020-02-14,36.038230895996094,36.246105048825065,35.81507578895041,35.97097790518519,24391800
2020-02-18,36.57014465332031,36.66796656274316,35.87621851550907,36.21554110625936,34539600
2020-02-19,35.97404098510742,36.66490954305952,35.97404098510742,36.53040354091177,21563400
2020-02-20,35.97709655761719,36.10548737123335,35.72337252087807,35.83036369942911,15068700
2020-02-21,36.249149322509766,36.30111434324015,35.86091597286966,35.90065763407184,18726300
2020-02-24,35.55829620361328,36.21248060764351,35.4451898485752,35.906784541455096,19848000
2020-02-25,34.968299865722656,35.7875589940243,34.86436280522338,35.56745801249243,23292900
2020-02-26,34.781837463378906,35.20675162547806,34.74209577984979,35.06307634371246,20019900
2020-02-27,33.74858093261719,34.87047848946742,33.73329648213267,34.40888038838488,28476900
2020-02-28,32.91710662841797,33.17388828651105,31.90526095357359,32.92016421927864,52369200
2020-03-02,35.423789978027344,35.582749692417025,32.79787960831077,32.89264741726148,51222600
2020-03-03,34.515872955322266,35.92817862760359,34.34162881330832,35.48492254862687,33340800
2020-03-04,35.69585418701172,35.717253819967915,34.687066323682785,34.92245179104011,24625200
2020-03-05,35.43601989746094,35.84259198955618,34.821577122589446,34.971364078844985,25638300
2020-03-06,35.83647155761719,36.04434218964401,34.5464415072984,34.809341760183564,29411100
2020-03-09,35.8150749206543,36.875831298534415,34.46085286183421,34.79405671922552,59243400
2020-03-10,36.619049072265625,36.89111511604351,35.13032106069873,36.10242829857875,37797300
2020-03-11,34.98053741455078,36.38672825875015,34.48225508791389,35.92207243264428,31620000
2020-03-12,31.80742835998535,34.08178892102944,31.480336215438292,32.40964411705476,56323200
2020-03-13,34.87965393066406,35.029444370619615,31.75546482057727,33.08829082860179,42962100
2020-03-16,32.635860443115234,34.032881791055885,31.180758875361768,32.15897782874445,36753900
2020-03-17,36.45703887939453,36.46009647006114,33.76693282832931,34.4730858416533,52806000
2020-03-18,37.4719352722168,39.15324949945227,35.00193071889756,35.15477524058188,77355900
2020-03-19,36.676692962646484,38.994893138121334,36.11786858671869,38.21499731340195,57100500
2020-03-20,34.99406814575195,37.702215230404136,34.355408940813255,36.69203145710725,55423500
2020-03-23,35.089256286621094,36.090226832663454,34.45366811838533,35.055481002050755,39366000
2020-03-24,35.31953811645508,36.03802536312761,34.177324288076974,35.57745589446754,42705000
2020-03-25,33.590885162353516,35.00329849266459,33.17637171427203,34.68703982384182,53287500
2020-03-26,33.71983337402344,34.0422341814978,32.807907592752805,33.59087445658047,58250700
2020-03-27,33.64613723754883,34.47516018727719,33.34523081537505,33.8088714111681,36160500
2020-03-30,35.3686637878418,35.55595987430023,34.063715851101065,34.346199054104325,29212500
2020-03-31,34.886619567871094,35.67572890148962,34.58571299675701,35.098481210351665,26258400
2020-04-01,35.046268463134766,35.47306269532154,34.3277811401997,34.43524572115613,28269600
2020-04-02,36.431053161621094,36.572296561291374,34.4935912067848,34.75150904775899,29515500
2020-04-03,36.6859016418457,36.817931675813114,35.93363545187622,35.98890506395568,28625100
2020-04-06,38.70933532714844,38.80759006774262,36.52009447250093,36.556940878690426,47768700
2020-04-07,37.45657730102539,38.838285601176736,37.349109225840685,38.06759993134821,41369700
2020-04-08,37.4105339050293,38.01541450541068,37.026724740810096,37.97856809476128,27876600
2020-04-09,37.39823913574219,37.72678210745844,36.12706994289384,36.29901395550351,32828700
2020-04-13,38.47290802001953,38.58651484332825,37.20480624680592,37.235510413768644,24194100
2020-04-14,39.60897445678711,39.85154015436629,38.7001164782969,39.025588334973925,34098900
2020-04-15,39.535301208496094,39.87919292187223,39.03174636380516,39.60899404686781,22435200
2020-04-16,40.63144302368164,40.81260041242289,39.378693385344434,39.608978141983876,31882200
2020-04-17,40.56697082519531,40.827959794195486,39.83312778100845,40.37046131847202,30915300
2020-04-20,39.86996841430664,40.95384166411,39.84233536701155,40.6498676022641,24401700
2020-04-21,39.67344665527344,40.23227075028807,39.35104949040559,39.9375066241616,27900600
2020-04-22,40.404232025146484,40.64679776113557,39.57827656109916,39.916025919757374,19448100
2020-04-23,39.46467208862305,40.25071007320719,39.2190352184405,39.8699720459575,28839900
2020-04-24,39.744075775146484,39.8822445086182,39.473873518615854,39.716442731225385,17343600
2020-04-27,39.39405059814453,40.01121565351693,39.35413306921252,39.91602851080222,17923800
2020-04-28,39.30193328857422,39.98971644470495,39.209817276854395,39.38790354769064,20732100
2020-04-29,37.9509391784668,38.61415707307814,37.62853832095958,38.55581984475,44612100
2020-04-30,37.32148361206055,37.901802197502576,37.1648916602005,37.79126649537392,40497900
2020-05-01,37.74214172363281,37.97856876328325,37.08506261557631,37.29999532965839,31143900
2020-05-04,37.98163604736328,38.196568739738886,37.37061325820407,38.02462118029167,17807700
2020-05-05,38.29788589477539,38.46062005838955,37.84652628926489,38.012331571789886,19337400
2020-05-06,37.85881423950195,38.53124885046097,37.72064548780354,38.4452750744175,17309100
2020-05-07,37.59050750732422,38.23505721903809,37.47023170130706,38.0746883012408,27345600
2020-05-08,37.914329528808594,37.935918402713085,37.50724672959885,37.85573569448418,20830800
2020-05-11,38.13945770263672,38.336835136428334,37.935918069481666,37.94516842717443,25341900
2020-05-12,38.17337417602539,38.75316079053459,38.17337417602539,38.389252283427425,19100100
2020-05-13,38.15179443359375,38.932039657265726,37.96058626675953,38.08703134480316,29175300
2020-05-14,38.06235885620117,38.58971746714426,37.40855869317307,38.50336903267455,22233000
2020-05-15,38.83951950073242,38.83951950073242,37.96058730539558,38.077778500062074,31770000
2020-05-18,39.369964599609375,39.64752121931251,38.888864811772784,39.32062112212162,38633700
2020-05-19,38.534210205078125,40.70532321981693,38.491032456343945,40.63130976806734,74746200
2020-05-20,38.68840789794922,39.03998151331481,38.43552124170477,39.00914227975496,32246400
2020-05-21,38.54653549194336,38.90119010392094,38.31832240660288,38.5156962673647,22448100
2020-05-22,38.34299087524414,38.65755589469851,38.17029051849201,38.58045783626657,22359600
2020-05-26,38.19804763793945,38.706901915863135,38.12711530190085,38.346078037504945,23730600
2020-05-27,37.772464752197266,38.39234101428648,37.32528887688987,38.23197561313405,31073700
2020-05-28,38.14562225341797,38.534204285714715,37.98217222953329,38.1548761392926,24424800
2020-05-29,38.25973129272461,38.46018981448334,37.60284652588811,38.3152440236085,29311200
2020-06-01,38.22888946533203,38.36766951844937,37.73545476652897,38.068524070551874,20550300
2020-06-02,38.22272491455078,38.287488006160395,37.87423948318655,38.114787604976016,19187700
2020-06-03,38.07777786254883,38.23814680112124,37.82797586199388,38.21038867039935,20262900
2020-06-04,37.65835952758789,38.20730346542953,37.56892293763016,37.871153036854345,24015000
2020-06-05,37.488746643066406,37.83415101723219,36.97989220527994,37.80022715275814,39337200
2020-06-08,37.390052795410156,37.390052795410156,36.8411053354628,36.87811382249826,28344300
2020-06-09,37.42397689819336,37.62443542006785,37.18034416071109,37.501074972251395,20746200
2020-06-10,37.365379333496094,37.7786313609629,37.356128976389314,37.4887397806359,28141500
2020-06-11,37.0353889465332,37.803299053373955,36.84726896990472,37.31294902761779,34162800
2020-06-12,36.31066131591797,37.23893692413832,36.10095244289466,37.164919951704505,32359200
2020-06-15,36.41551971435547,36.60055862728151,36.08553500587812,36.514206664006196,32703300
2020-06-16,36.899696350097656,37.078569514013374,36.55737669444719,36.945958720024,25167600
2020-06-17,36.708492279052734,37.04772731120063,36.51420302802285,36.96446351446499,20166900
2020-06-18,36.387760162353516,36.717744825938524,36.28598859762339,36.55737590758049,20070000
2020-06-19,36.961387634277344,37.10016419100727,36.31375311489839,36.66532674473111,40078800
2020-06-22,37.52574920654297,37.65219075633267,37.1309978834137,37.30678643675278,27338400
2020-06-23,37.33763122558594,37.886578781567316,37.30370736142265,37.85573954675054,19727700
2020-06-24,37.10015869140625,37.35304532056984,36.8781148218237,37.23585412799763,20614800
2020-06-25,36.91820526123047,37.05698532991434,36.508037842425885,36.93362487671492,20569800
2020-06-26,36.48952865600586,37.266689170868254,36.397010975629286,36.88427993518644,26991600
2020-06-29,36.717750549316406,36.90895519456013,36.45869465435306,36.545046619340845,16511400
2020-06-30,36.93980407714844,37.04774141459145,36.55739115742301,36.767103631374674,20509200
2020-07-01,36.91203689575195,36.982965710184025,36.59438719254601,36.83801992325509,19733700
2020-07-02,36.764007568359375,37.2790276450476,36.65606673516014,37.035394907126566,17695800
2020-07-06,36.665313720703125,36.96754376158851,36.45868597969283,36.94595489314728,21695100
2020-07-07,39.1510009765625,39.336039895508236,36.45869511740732,36.52962746769001,93458100
2020-07-08,38.376930236816406,39.51491497993713,38.364595248346696,39.474825385079505,52217100
2020-07-09,39.39772033691406,39.53033115706258,38.534211220682685,38.73775086535148,42771600
2020-07-10,40.30131530761719,40.51410878282486,39.24659475799386,39.703024462623475,44236800
2020-07-13,39.94357681274414,41.211087444015746,39.74928755752537,40.501778136897734,42338400
2020-07-14,40.71149444580078,40.86260951502673,39.79246904277794,39.869570656676856,26455800
2020-07-15,40.708404541015625,41.36528931270798,40.33832672436785,40.79167187329519,31731300
2020-07-16,40.770084381103516,40.93353442234879,40.474023529490516,40.72382553478719,17676600
2020-07-17,40.628211975097656,41.13090047559564,40.5449446630312,41.13090047559564,18189600
2020-07-20,40.54494857788086,40.93661168055907,40.44317701671492,40.69606360543121,18342600
2020-07-21,40.81017303466797,41.32211197574726,40.5387821857146,40.57270604183377,21712500
2020-07-22,40.911949157714844,41.0260557239127,40.45860399255816,40.88419102641219,16164600
2020-07-23,40.59737777709961,41.063054327361456,40.49560621316501,41.01679548811569,16796400
2020-07-24,40.474021911621094,40.83176121068927,40.24889341761978,40.38458885151585,13037400
2020-07-27,40.46477508544922,40.70223858616501,40.35683424294975,40.35683424294975,14045700
2020-07-28,40.6343879699707,40.825596137891836,40.375335613335764,40.55420526574197,14414100
2020-07-29,40.30439758300781,40.66522499514154,40.04534526290241,40.57270378844449,14223300
2020-07-30,40.12862014770508,40.22113784251668,39.696863846603264,39.91274199715417,13788300
2020-07-31,39.90657424926758,40.119371308169924,39.3576302590272,39.983675860518794,21631500
2020-08-03,39.875732421875,40.12861905519519,39.55808622740884,40.063855964725484,14971500
2020-08-04,40.59737777709961,40.61896311782038,39.76470455338308,39.983667294334204,18219600
2020-08-05,40.03300857543945,40.32290010900411,39.730778528624626,40.23038243556594,25483500
2020-08-06,39.89115905761719,40.162546429687154,39.792468569481514,39.82330780294465,14496300
2020-08-07,40.08236312866211,40.23347819387326,39.81714148958213,39.96208729646156,16558500
2020-08-10,40.6713981628418,40.813262862621265,39.98367412564838,40.16562841456097,17683200
2020-08-11,40.15328598022461,40.97670530645366,40.00833667832229,40.890353356864075,25360200
2020-08-12,40.67448425292969,40.779340467026834,39.807890524702565,40.23656220979982,19094400
2020-08-13,40.829322814941406,40.863386147151644,40.48249841487698,40.63113744347602,19867200
2020-08-14,41.06155776977539,41.176133427800266,40.76118250225541,40.98104543255516,20106300
2020-08-17,41.99055862426758,42.15468063339155,41.44864626312554,41.60347634126136,39465000
2020-08-18,41.7149543762207,42.619177618245985,41.23807136043566,42.167065997233344,80232600
2020-08-19,41.00272750854492,41.6994735221271,40.82931710468233,41.56012644571076,38155200
2020-08-20,40.43293762207031,40.89743486341934,40.271909407427536,40.63112292270815,26810700
2020-08-21,40.761192321777344,41.08324174824115,40.28740657006924,40.4267536528852,24864000
2020-08-24,40.66828155517578,41.024394199342666,40.358614380263454,40.95317025297627,19813800
2020-08-25,40.45152282714844,40.64041978163003,40.15424481421028,40.50416647307501,21722400
2020-08-26,40.473201751708984,40.52894270985641,40.16353803094605,40.32146542994674,18814800
2020-08-27,42.309513092041016,43.151804357357435,40.535133363637016,40.590874321202136,119018700
2020-08-28,43.445980072021484,43.68442333972374,42.68420479203304,43.662745712523595,64050900
2020-08-31,42.99696731567383,43.009353012872324,41.96888002770018,42.57272795000093,45236400
2020-09-01,45.70343780517578,46.32276872096024,43.36856560385645,43.72467831115347,106798200
2020-09-02,45.73130798339844,46.86158525781999,45.09030296330044,46.83681386318333,51666000
2020-09-03,44.75895690917969,46.32586262894479,43.91357202541697,45.42783410735077,48015000
2020-09-04,44.22943115234375,44.913791369540526,43.384046252453494,44.59793308035994,33982200
2020-09-08,42.87310028076172,43.94144189644919,42.81426202144386,43.789705598839554,33966900
2020-09-09,43.31901550292969,44.16130306529809,43.18276221717659,43.38094752596915,33669000
2020-09-10,42.365257263183594,43.52030964414707,42.29713060226972,43.371670623198746,33709200
2020-09-11,42.33118438720703,42.870002931539325,41.97507169691433,42.43956897561472,28879800
2020-09-14,42.52317428588867,43.693705749415074,42.07725382529204,42.15776970278354,45733800
2020-09-15,42.53557205200195,43.06819607302453,42.32500100084197,42.80498137311614,30427800
2020-09-16,42.1949348449707,42.9443244687856,42.12990550368166,42.8607148094378,27860400
2020-09-17,42.328094482421875,42.600601112302925,41.81095701789807,41.937918401092496,37245000
2020-09-18,41.89456558227539,42.588214293390294,41.727346253581004,42.250678325500964,54709200
2020-09-21,42.445762634277344,42.498406276663964,41.89456190391515,42.26925493341228,47275500
2020-09-22,42.829750061035156,43.04032464270868,42.29093499672368,42.445765078738425,33102000
2020-09-23,42.111328125,43.11773778920993,42.05868448189467,43.043416518041646,23133300
2020-09-24,42.33118438720703,42.668720304924754,41.82643270948352,42.030809102305255,29453100
2020-09-25,42.5077018737793,42.59131153799714,42.1020392508396,42.275453200266796,22618800
2020-09-28,42.501502990722656,42.749234648037806,42.33738098924094,42.473634286722564,21197100
2020-09-29,42.467437744140625,42.77710141580991,42.23518910443041,42.50150106696922,27702900
2020-09-30,43.3252067565918,43.89189398369205,42.486016500700785,42.54485121406296,34826400
2020-10-01,44.30684280395508,44.709408023814184,43.43358926816525,43.60080855814264,43290900
2020-10-02,43.50791549682617,44.313046094081116,43.39333981925016,44.07770011815018,24585000
2020-10-05,43.91047286987305,44.031243146429645,43.68441886591189,43.75254550684983,14259000
2020-10-06,43.54817581176758,44.263502165784864,43.43050281740469,43.9321608127675,21475500
2020-10-07,43.628684997558594,43.8330649535253,43.43049966225755,43.74326067303993,16949100
2020-10-08,43.774227142333984,44.000284729139786,43.6999094127426,43.82067616630776,14676900
2020-10-09,44.213958740234375,44.38736916072466,43.83616833546935,43.86713435541998,14494800
2020-10-12,44.66913604736328,45.02215483125242,44.28824857184634,44.28824857184634,18402300
2020-10-13,45.28228759765625,45.396866799930905,44.7032146857026,44.802307338616245,23800200
2020-10-14,44.573150634765625,45.37518369076025,44.51740969530107,45.33492575495267,19710900
2020-10-15,44.75585174560547,44.88900769988179,44.232519856751445,44.30993487301711,13692600
2020-10-16,44.81161117553711,45.25752823213721,44.73728989418689,45.02527954366838,16935000
2020-10-19,44.266605377197266,45.01599515957926,44.204669789285006,44.93238548254007,14643300
2020-10-20,44.560768127441406,45.0655197528889,44.4740611744619,44.62579745621788,14523000
2020-10-21,44.715606689453125,45.12746390856999,44.5421962943074,44.5421962943074,13114200
2020-10-22,44.45240020751953,44.765164817389184,44.1860881731821,44.6505855778326,13344000
2020-10-23,44.545291900634766,44.63509263316499,44.23562821439863,44.58245253525639,10540500
2020-10-26,44.02195358276367,44.319235097302425,43.644163271304166,44.232528136555,16111800
2020-10-27,44.241817474365234,44.498841052139305,43.9631198138128,43.98789120665465,11831100
2020-10-28,43.365474700927734,44.0126744163623,43.31592836209782,43.65036703515816,16849200
2020-10-29,43.32830047607422,43.6968023630329,42.95051020392437,43.35307540963831,15153900
2020-10-30,42.96599578857422,43.38094671407173,42.53865916746719,43.099151761916694,18601800
2020-11-02,43.47694778442383,43.603912698604354,43.05270841728791,43.535786048027795,16575600
2020-11-03,44.213958740234375,44.641295485687166,43.839262102397356,43.864037044658154,15413100
2020-11-04,43.960025787353516,44.71251271650198,43.76803507507281,43.83925549268772,17927400
2020-11-05,44.427616119384766,44.662962065373975,44.26349412795799,44.59173811081155,14202600
2020-11-06,45.13984680175781,45.27919740634601,44.4523892530001,44.70321821495901,16198500
2020-11-09,44.44930648803711,45.89234504611103,44.430726166571134,45.83040945994645,28198500
2020-11-10,45.07481002807617,45.347313028227745,44.44619084374836,44.514317479744385,18199200
2020-11-11,45.82419967651367,46.12766868635761,45.33492752785505,45.495952189717755,18805800
2020-11-12,45.9016227722168,46.05026176558258,45.55170114419946,45.97903780714695,12564300
2020-11-13,46.61695098876953,46.740815049848436,45.681761734757345,46.12148765678734,19738200
2020-11-16,47.20530700683594,47.502584972272096,46.22676615131703,46.613848385905584,34560300
2020-11-17,46.254642486572266,47.453046384099814,46.1958042239715,46.60456412046145,42711600
2020-11-18,46.167938232421875,46.96687421105062,46.15555253466408,46.406381519384745,24936900
2020-11-19,47.106224060058594,47.20841049468564,46.23916144215226,46.28251315551424,18590700
2020-11-20,46.5240478515625,47.30439985616101,46.39089187417474,46.81203388835493,21937200
2020-11-23,46.737728118896484,46.883269829483346,46.25465041360422,46.56431415542386,18557100
2020-11-24,46.870880126953125,47.062870850839374,46.53334416107764,46.98855311843723,17155200
2020-11-25,47.016414642333984,47.18982502066914,46.8244204039455,46.836809643981056,13833300
2020-11-27,46.945194244384766,47.29201857116607,46.79036417053888,47.11551086944847,10999500
2020-11-30,47.313697814941406,47.36324414903089,46.48069852263487,46.94519584770295,32695500
2020-12-01,47.267250061035156,47.58310839232031,46.963777427646775,47.56452807355843,22935300
2020-12-02,46.610755920410156,47.2610528663271,46.304189537118305,47.06906215596587,23547000
2020-12-03,46.23295593261719,46.53642848617686,45.95116100254964,46.53642848617686,25725900
2020-12-04,46.11219024658203,46.29798985995586,45.70033662230031,46.29798985995586,20889300
2020-12-07,45.864463806152344,46.136970409151445,45.57028311888433,45.972848402829996,18479100
2020-12-08,46.2794303894043,46.40329803539024,45.576493104491945,45.63223053292633,20716500
2020-12-09,45.91400909423828,46.449730357215905,45.79633611324224,46.449730357215905,20139600
2020-12-10,45.69956588745117,46.044549379684774,45.55349218066262,45.92023254217538,20652300
2020-12-11,45.68712615966797,45.84563080847444,45.357682335257,45.66226066285875,16860900
2020-12-14,45.26755905151367,45.91091078689749,45.18986102708057,45.90469352222782,25088100
2020-12-15,45.24580764770508,45.48822762823681,45.02203234839387,45.22715940969683,31871400
2020-12-16,45.199180603027344,45.65294486289821,45.09040337547355,45.45092645493952,25650900
2020-12-17,45.40740966796875,45.51307824800182,45.11215012256888,45.39497869798607,30679500
2020-12-18,45.36078643798828,45.74306629276229,45.11525435325768,45.56901850283578,41384100
2020-12-21,45.367008209228516,45.5845662069204,45.084183167907774,45.22093451904904,25553100
2020-12-22,44.816898345947266,45.44781548089561,44.487454491329856,45.11215436230913,37599000
2020-12-23,44.51231384277344,44.82310941934648,44.22638020506864,44.61176871181975,20430600
2020-12-24,44.59933090209961,44.875942181560774,44.49987604037538,44.61176542740495,9054600
2020-12-28,45.133914947509766,45.158780448647285,44.54651149838075,44.76717459244048,19344900
2020-12-29,44.84797668457031,45.329715042812715,44.62731361295768,45.26444444276172,17938200
2020-12-30,44.81067657470703,45.11214624399879,44.736083647650474,45.028230979453426,18751200
2020-12-31,44.801353454589844,44.83864992042757,44.39732026397032,44.81689305589111,17814000
2021-01-04,45.541046142578125,45.652931970680505,44.841753492562155,44.847967198309526,32182200
2021-01-05,45.298622131347656,45.70887609056132,44.90701995950149,45.56280243392599,26498100
2021-01-06,45.581443786621094,46.028994174388274,45.068629931754344,45.09349542297965,21918900
2021-01-07,45.57835006713867,45.92333708544204,45.388766195459944,45.87982690754542,20538000
2021-01-08,45.572139739990234,45.68713423569147,45.31728524738312,45.64983776227824,24478200
2021-01-11,45.77726745605469,45.994825478428396,45.37633925297118,45.37633925297118,26264400
2021-01-12,46.29939651489258,46.597761145622854,46.0973781292714,46.30872241029556,23373300
2021-01-13,45.82698440551758,46.330472461478976,45.82076714235277,46.23101759156232,16069500
2021-01-14,45.67780685424805,45.997924804815526,45.38876455237847,45.9419836576574,23017200
2021-01-15,44.953643798828125,45.34524601459,44.65217055806539,45.109043366574284,35920500
2021-01-19,44.56515121459961,45.087291112457116,44.34137951322287,44.95364839529512,24123600
2021-01-20,45.22405242919922,45.27067124752889,44.409764975962354,44.62732301828865,23775600
2021-01-21,45.0189208984375,45.2924236297244,44.82001111451521,45.17742913319354,14325900
2021-01-22,45.47889709472656,45.79280133827628,45.10283088341844,45.25201320382188,19219500
2021-01-25,45.43849563598633,45.45403523997486,44.83865767438207,45.1774274435492,19031100
2021-01-26,45.84563446044922,45.93887563492765,45.21161225793151,45.26133614193717,15031500
2021-01-27,44.70500946044922,45.9544126744696,44.614876922945655,45.674696280211556,29910300
2021-01-28,44.67704391479492,45.45714340878697,44.639747442887675,44.89770700054026,22301700
2021-01-29,43.66384506225586,44.67704213001144,43.62033132783994,44.49988567392283,32509200
2021-02-01,43.284671783447266,43.97464228413723,43.25980984012208,43.79438074627403,25945200
2021-02-02,43.750858306884766,44.17975697661528,43.337499237838024,43.436954104928766,27002400
2021-02-03,43.88450622558594,44.14868302541249,43.707353334009326,43.71667567281356,14966700
2021-02-04,44.29786682128906,44.499885217726735,43.903155924316025,44.067877850718745,17346300
2021-02-05,44.86662292480469,45.01891387124611,44.29786423868573,44.58690652942451,20451600
2021-02-08,45.074859619140625,45.2457988034795,44.897703171085055,45.00648394540507,15825300
2021-02-09,45.3234977722168,45.47578872540557,44.935000587828576,44.935000587828576,15906900
2021-02-10,44.795135498046875,45.34524591188547,44.61176891688737,45.323492604472435,18576900
2021-02-11,44.760955810546875,45.049994553984384,44.66460600594731,44.79824872284435,12791400
2021-02-12,44.900814056396484,44.94432779102314,44.6521768470556,44.80446780467449,13423500
2021-02-16,45.270652770996094,45.49753306167542,45.04377248031677,45.357676663766696,27891000
2021-02-17,45.74928283691406,45.84252400044001,44.9101337059008,44.95675250927042,25571100
2021-02-18,42.78428268432617,43.72910753320816,42.73455524790011,43.20075040899279,96927300
2021-02-19,42.99562072753906,43.33127820719495,42.78738511698143,42.82779020931797,36606000
2021-02-22,42.793609619140625,42.99562800142764,42.34606268043165,42.809149221102174,32106600
2021-02-23,42.10364532470703,42.70037466313822,41.97621985872561,42.61335430220757,31300200
2021-02-24,41.401241302490234,42.318092122743195,41.35151386065935,42.22796313511751,46565700
2021-02-25,41.00963592529297,41.64987535657082,40.86356224287776,41.36705388707003,33324600
2021-02-26,40.37871551513672,40.96612238510105,40.36006728279648,40.86355888562305,42470700
2021-03-01,40.829376220703125,41.20233024435706,40.75478328190008,40.89464326376224,34634400
2021-03-02,40.437774658203125,41.258279287389556,40.40669544936244,40.87289069554763,29230800
2021-03-03,39.65456008911133,40.381826974156716,39.642129118942975,40.24818426368299,41837400
2021-03-04,39.63590621948242,40.27304047744017,39.247412670257866,39.738469711557926,45348000
2021-03-05,40.13008117675781,40.32588229496579,39.393491952885654,39.418357450022654,34073700
2021-03-08,39.74469757080078,40.35385786628694,39.72294070270892,40.1953531957547,40988400
2021-03-09,40.0586051940918,40.366292221356005,39.881452272744994,40.030634616191676,31988700
2021-03-10,41.08112335205078,41.351513871787795,39.92806629359401,40.04927804458541,44929200
2021-03-11,41.06558609008789,41.4882711848665,40.87911082397952,41.44786963325811,35489700
2021-03-12,41.68406677246094,41.80838358929626,41.050041047597354,41.18678883475883,28437600
2021-03-15,41.4696159362793,41.87986998865299,41.280032069761546,41.87676135671917,25071900
2021-03-16,41.45718002319336,41.73378776694794,41.2800271487423,41.2800271487423,19881000
2021-03-17,41.112205505371094,41.37949096904044,41.01896432223792,41.180581187406275,24156300
2021-03-18,40.57538986206055,41.18085372183794,40.55042412126392,40.934300066196755,29815500
2021-03-19,41.11531448364258,41.35250688110148,40.54105958154594,40.61284233721721,57703500
2021-03-22,41.31193542480469,41.33690473883048,40.88124600968316,40.884367620391004,24654000
2021-03-23,41.80192947387695,41.91428247065509,41.0809908989123,41.105956644135276,29154900
2021-03-24,41.54289627075195,41.9548632804938,41.52417017288751,41.9548632804938,23547300
2021-03-25,41.82377243041992,41.98606405634916,41.46798735536732,41.58970161026766,28125900
2021-03-26,42.17331314086914,42.19516084360989,41.639632016309854,41.820649716212905,28653600
2021-03-29,42.65394592285156,42.7600556944765,42.007911745270825,42.13274761109716,30146400
2021-03-30,42.36369705200195,42.94107364952,42.27943141345316,42.54783281241321,27230100
2021-03-31,42.39179229736328,42.713246829351284,42.120269259755325,42.30440503892291,24546000
2021-04-01,42.32624816894531,42.722607042913275,42.235739308985124,42.42611471854268,25595100
2021-04-05,43.515323638916016,43.74315480245202,42.50726119198057,42.66954924178146,40043100
2021-04-06,43.72442626953125,43.98970603401194,43.23131535422445,43.41545109833143,31044600
2021-04-07,43.630794525146484,43.92728681642204,43.583981080725145,43.786842911521155,20361600
2021-04-08,43.60271072387695,44.042764994877196,43.587106241132325,43.83365992580717,19095600
2021-04-09,43.62455368041992,43.72130217723425,43.29061278573791,43.577736665644295,20676600
2021-04-12,43.630794525146484,43.81180865322445,43.487232581260336,43.715060153759644,18723000
2021-04-13,43.496604919433594,43.693223562916266,43.3405565061293,43.630802054612055,17397900
2021-04-14,43.48099136352539,43.52468677097486,43.200107112417946,43.41857343475419,21924600
2021-04-15,43.7431640625,43.83991259068377,43.44355364330243,43.505971587725774,21710400
2021-04-16,43.883602142333984,43.992837110999766,43.60271783548129,43.97098940293906,26488500
2021-04-19,43.60271072387695,43.871112113049136,43.5715017583877,43.78372486669693,19281000
2021-04-20,43.93978500366211,44.24563866178067,43.324959647352856,43.51221349031056,24452100
2021-04-21,44.06773376464844,44.22378217444737,43.85863225285703,43.93353306084708,17335200
2021-04-22,43.59022521972656,44.1457540581452,43.51219923907802,44.03027946415326,19705200
2021-04-23,43.66200637817383,43.799328681542235,43.390486953902865,43.41233465806705,22971000
2021-04-26,43.04094696044922,43.69322441187518,42.956681315656866,43.66513348251936,22846200
2021-04-27,43.18762969970703,43.36552224784457,42.92858954794582,43.06903347706952,16151400
2021-04-28,43.03470230102539,43.25316864794635,43.02846265042832,43.17826783931948,14286600
2021-04-29,43.57774353027344,43.69322170849826,43.037822686401505,43.037822686401505,19596000
2021-04-30,43.66512680053711,43.69009611485044,43.41545151558882,43.602708872209284,19680000
2021-05-03,44.3548583984375,44.54835898553521,43.593349636876276,43.593349636876276,27139500
2021-05-04,43.91792678833008,44.32677210526402,43.724429768235616,44.17384531278424,19084200
2021-05-05,43.88047790527344,44.0677317023039,43.771242952035095,43.914804910752565,18351000
2021-05-06,44.193790435791016,44.29091888112389,43.69247886085048,43.86480583525604,16302000
2021-05-07,43.92747116088867,44.40371897458059,43.65174798755895,44.37551773188606,23408400
2021-05-10,44.12173080444336,44.51651595573789,43.96193929044904,44.00580271363126,26307600
2021-05-11,43.723819732666016,44.137404559649035,43.33843615294529,44.137404559649035,26464200
2021-05-12,42.59273147583008,43.54522722821807,42.58333345080746,43.51076182702866,25998300
2021-05-13,43.3133659362793,43.54522210664888,42.53633115145807,42.683590763918374,21475200
2021-05-14,43.71441650390625,43.94000494116821,43.372896392397635,43.49195835093283,16091700
2021-05-17,43.517024993896484,43.990138989120986,43.47942930899563,43.86481286812386,19675800
2021-05-18,44.46324920654297,45.29981318437736,44.24392492776901,44.96456081926532,58183800
2021-05-19,44.46638488769531,45.030359578564614,44.02146857224165,44.087265499987616,34874700
2021-05-20,44.623043060302734,44.764038527521116,44.084135737542276,44.33479155708098,30540900
2021-05-21,44.41312789916992,44.829843045597606,44.36613059736186,44.65438573504798,22927500
2021-05-24,44.416255950927734,44.62304476892534,44.29092624352765,44.416255950927734,18945900
2021-05-25,44.597984313964844,44.691978912296136,44.200068827765975,44.42879116843724,21505200
2021-05-26,44.54471969604492,44.76717788366704,44.41625969330883,44.6136505030733,19294200
2021-05-27,44.39432144165039,45.017828923050175,44.39432144165039,44.91443272355714,56577000
2021-05-28,44.500850677490234,44.63244453413813,44.37865484531847,44.46951914835156,21186300
2021-06-01,44.38492202758789,44.74210432381069,44.26272619695187,44.55724543568486,20767500
2021-06-02,44.28779220581055,44.400586422947114,43.893007067337294,44.300324099789385,23298000
2021-06-03,44.366119384765625,44.444448201316455,44.099797822829444,44.30032246173026,18374400
2021-06-04,44.444454193115234,44.58231579736126,44.25646142238555,44.32225835429136,13635900
2021-06-07,44.14680099487305,44.48205339430828,43.987005885022235,44.44445412308882,16630800
2021-06-08,43.81155014038086,44.14680255163823,43.805282399735304,44.024606708697846,20120700
2021-06-09,43.57655715942383,43.867942538058315,43.56089139451865,43.65801985406348,17085300
2021-06-10,43.82722091674805,43.92434939387413,43.576565047230226,43.576565047230226,16378500
2021-06-11,44.09980010986328,44.13113163810848,43.82094305428662,43.93687114305927,25232400
2021-06-14,44.040260314941406,44.15618838522799,43.87420109032378,44.15618838522799,15140700
2021-06-15,43.86480712890625,44.14992831966636,43.75827707146592,44.127994817096095,19327200
2021-06-16,42.97184753417969,43.87734233377261,42.91544863145529,43.81781314672764,28794900
2021-06-17,43.15044021606445,43.34783458979039,42.83398746401304,42.924851768468706,19341900
2021-06-18,42.351470947265625,42.733720587999144,42.110213174861755,42.43606750252875,44812800
2021-06-21,42.73685836791992,42.846518719987344,42.40787372605399,42.5050021835893,20775000
2021-06-22,42.93424606323242,43.150436467423624,42.683590262310496,42.683590262310496,19107000
2021-06-23,42.598995208740234,42.92171568433604,42.58959718460174,42.7681883285414,19390500
2021-06-24,42.89665603637695,43.000052248840106,42.64286989663091,42.66479981879157,23444100
2021-06-25,43.40422821044922,43.50762440557792,42.89978271469783,42.96557964147726,28640700
2021-06-28,43.269500732421875,43.43869385528999,42.79952063238012,43.25070109814057,15549000
2021-06-29,43.01885223388672,43.385436200554295,42.99691872588459,43.20684502300615,35962500
2021-06-30,44.18439865112305,44.67317840211934,43.45436110189446,43.7269504297765,45511200
2021-07-01,43.65175247192383,44.256460324949884,43.55462401158223,43.99327260385296,26348700
2021-07-02,43.8992805480957,44.2032014272248,43.66115660303951,43.66115660303951,26280600
2021-07-06,43.846012115478516,44.099801806826726,43.7112843874417,43.833476635167216,18279300
2021-07-07,43.773948669433594,44.23766105532449,43.66428831329164,43.78961443459673,25607400
2021-07-08,43.73634338378906,44.06846186236839,43.30709645742345,43.34469572290953,21267000
2021-07-09,43.95880889892578,44.12800203634556,43.842880798940215,43.993274300461806,15185400
2021-07-12,43.88047790527344,44.11233409380267,43.65488587129186,44.08100256407318,19515000
2021-07-13,44.04653549194336,44.234528248846615,43.84601084075685,43.861676605026815,18947700
2021-07-14,44.350460052490234,44.428788880399125,43.81154911088372,44.087268736521345,18812100
2021-07-15,44.38492202758789,44.69197316068612,44.20632729381287,44.49144850818784,17974800
2021-07-16,44.35359191894531,44.5321830727748,44.16246528468561,44.39745534345986,18095400
2021-07-19,44.25019836425781,44.79850733894948,43.79275011413364,44.30659368690964,27383100
2021-07-20,44.450721740722656,44.63871451063683,44.109201601806305,44.16873437868332,19020300
2021-07-21,44.231388092041016,44.66063499195636,44.087258778446746,44.64810309945432,18591900
2021-07-22,44.262725830078125,44.52904740786601,44.115466211932194,44.21885882166796,13013400
2021-07-23,44.62617492675781,44.71703922598888,44.18126221167593,44.34105372072977,15947400
2021-07-26,44.68883514404297,45.07422223457099,44.322251271813506,44.60424217567921,18517200
2021-07-27,44.691978454589844,44.8047762742291,44.47892188248911,44.8047762742291,15395700
2021-07-28,44.5102424621582,44.883094060833656,44.384916363172735,44.64183630035821,14071500
2021-07-29,44.56664276123047,44.757769370996506,44.49771197035299,44.69196886416168,11063100
2021-07-30,44.66377258300781,44.79223255959931,44.24078980126784,44.24078980126784,16332300
2021-08-02,44.56037139892578,44.764029885294235,44.388044435742785,44.751497993152654,19958400
2021-08-03,45.06169509887695,45.0867624755863,44.604250434155006,44.629314225200396,18915300
2021-08-04,44.7546501159668,45.09930059723688,44.72331858000265,44.923839693040314,15301500
2021-08-05,45.58493423461914,45.60059999835996,45.11495415106759,45.19015268555432,27005400
2021-08-06,45.503475189208984,45.8919926152817,45.41574475383828,45.81052992017454,19263600
2021-08-09,45.613136291503906,45.895123629532065,45.55673738963286,45.71652889977218,15811800
2021-08-10,46.58443069458008,46.669027259442,45.82306161082284,46.04865364567586,38262000
2021-08-11,47.00114059448242,47.493054164471154,46.73481903446418,46.844479376845605,41455800
2021-08-12,46.875362396240234,47.237004545542355,46.796741721197904,46.856493578184434,18269100
2021-08-13,47.023155212402344,47.28416601620759,46.906800521700696,46.97598137658789,15981300
2021-08-16,47.40681076049805,47.71499539523638,46.869062150227926,47.07032470380602,47791500
2021-08-17,47.391090393066406,47.95714046165607,46.887933976795914,47.29674631572909,50950200
2021-08-18,46.88792419433594,47.979144669384496,46.862764579342304,47.343910276232414,28211700
2021-08-19,47.2055549621582,47.3785161185338,46.54201536151836,46.64579205534372,22630500
2021-08-20,47.6269416809082,47.71184954482995,47.09233847784592,47.321902451221106,19400400
2021-08-23,47.312477111816406,47.73387109400422,47.299895501259414,47.6521050208192,16166100
2021-08-24,46.825042724609375,47.3282028042008,46.76214906423258,47.3282028042008,18828900
2021-08-25,46.84389877319336,46.94453004190849,46.55144117284764,46.670941254304125,21921300
2021-08-26,46.33761215209961,46.626924422472754,46.12376795374692,46.37534618810984,23466900
2021-08-27,46.07658767700195,46.44452053971635,45.96966560110652,46.38791409973792,23088600
2021-08-30,46.44767379760742,46.54201428133612,45.91935773169391,46.04514864219094,16440600
2021-08-31,46.573463439941406,46.680381932150866,46.303016408652695,46.53887121041105,25078500
2021-09-01,46.47282409667969,46.519997931592755,46.0923132072081,46.40364324311439,19056600
2021-09-02,46.71811294555664,46.79044279684737,46.444520550550976,46.57974404703808,20018100
2021-09-03,46.93510055541992,47.06088785024772,46.51056123765954,46.604905307638674,17211900
2021-09-07,46.312442779541016,46.90993961079583,46.24640373185197,46.847045965160206,25345200
2021-09-08,46.372196197509766,46.64264322255029,46.14263220600919,46.211816663471524,19508400
2021-09-09,46.045143127441406,46.41936681269089,45.86274938809565,46.3721929776177,22328700
2021-09-10,45.878482818603516,46.30302223496007,45.73382307732544,46.290440623468676,15775200
2021-09-13,45.617469787597656,46.27471865304205,45.485391653686406,46.076601452175176,19529400
2021-09-14,45.37845993041992,45.87532912764846,45.25895983485504,45.74953822747442,16533900
2021-09-15,45.45708084106445,45.51997449206601,45.218080648628344,45.30613391934562,14850000
2021-09-16,45.608028411865234,45.696081683835665,45.18663446621235,45.4224892596833,18428400
2021-09-17,45.51367950439453,45.963378424757245,45.29040634408768,45.3281403719055,73032600
2021-09-20,44.88788604736328,45.65834408012796,44.53567655813204,45.12688264448343,25054500
2021-09-21,44.97593307495117,45.46651144866679,44.865869190541204,44.87530179823301,17437500
2021-09-22,44.87215805053711,45.158332078042925,44.74637074943065,45.11744904586824,15044400
2021-09-23,44.89732360839844,45.167770660178036,44.79669231465993,45.038837939718995,15585300
2021-09-24,45.02310562133789,45.18663415353957,44.80926504705386,44.81241044939864,13360500
2021-09-27,44.73379135131836,45.142603666090245,44.60485505305407,44.928763101528155,21250800
2021-09-28,44.183467864990234,44.67719171904199,44.02308831683432,44.6174398646745,20580900
2021-09-29,44.16460037231445,44.60172138664871,44.12686633558419,44.23063943516618,21375600
2021-09-30,43.83125686645508,44.57026812190589,43.79037742955022,44.22749481721326,22457700
2021-10-01,43.098533630371094,43.909871098321105,42.743178738345826,43.79351640256079,30014400
2021-10-04,42.683433532714844,43.469618700617936,42.3626708191457,43.11111835042674,29970300
2021-10-05,42.96330642700195,43.30607968008088,42.73688426082567,42.75260767247669,20597400
2021-10-06,43.27777862548828,43.33123966509793,42.8092144763737,42.84380670207063,19376700
2021-10-07,43.787227630615234,44.246359191349754,43.63628071187684,43.64256791753776,21068100
2021-10-08,43.919307708740234,44.054531221116726,43.71489973897497,43.919307708740234,13847400
2021-10-11,43.87842559814453,44.27151813279636,43.85012417365698,43.87528379453598,13048200
2021-10-12,43.83125686645508,44.15516495341241,43.73377097976797,43.81867885501195,15789300
2021-10-13,43.51363754272461,44.02937197627929,43.43816227989004,43.86899244104374,17937900
2021-10-14,43.985347747802734,44.04824140179652,43.55452117954324,43.55452117954324,19783500
2021-10-15,44.19918441772461,44.37214554975384,44.01364527578189,44.22119863421697,20737200
2021-10-18,44.55455017089844,44.65832687546098,43.97277658315888,44.026237636920726,19887000
2021-10-19,45.501102447509766,45.79041825998436,45.17719440966784,45.482233633776836,33444300
2021-10-20,45.91307067871094,46.067163015069276,45.56400297026007,45.56400297026007,17453700
2021-10-21,46.16778564453125,46.20237426977242,45.85331022565455,46.095455794349476,13954500
2021-10-22,46.64893341064453,47.07347275816055,46.25898629140236,46.25898629140236,21195600
2021-10-25,47.1898307800293,47.3344869091887,46.54516000683408,46.78730562182005,19287900
2021-10-26,46.777870178222656,47.34392389034547,46.686675094934195,47.170962733958596,17418600
2021-10-27,46.39421081542969,46.86277500968334,46.3501859779644,46.8439061939529,14565600
2021-10-28,46.68351745605469,46.850187763483675,46.45080810601639,46.648925233844295,12598500
2021-10-29,46.988563537597656,47.20240410695925,46.403644674981805,46.51370856250576,22022700
2021-11-01,47.10491943359375,47.4068132800055,46.966550520940395,47.16466768286213,12549600
2021-11-02,47.08290481567383,47.22756453180278,46.94453590419692,47.161525478390345,13638900
2021-11-03,47.22756576538086,47.26215799415363,46.86592006447084,47.04517201315106,14209500
2021-11-04,47.573482513427734,47.75273445479513,47.117496352026485,47.22756383867081,15149100
2021-11-05,47.24329376220703,47.799911280125166,47.05146378414095,47.799911280125166,15081900
2021-11-08,46.941402435302734,47.33134602036084,46.77158666813137,47.24015092986531,15373200
2021-11-09,47.10491943359375,47.130079053557324,46.81560359773452,47.02001156436179,15001800
2021-11-10,46.68037414550781,47.05145240101184,46.53571804542068,46.77157280783666,16803600
2021-11-11,46.69924545288086,46.853337767056246,46.601759580297944,46.78415331584043,13603200
2021-11-12,46.466548919677734,46.93196779407111,46.397364449344785,46.85649611661833,18313800
2021-11-15,46.19924545288086,46.68353312754194,46.03886229637688,46.589189035816325,28896000
2021-11-16,45.02310562133789,46.12690791855056,44.74951679793719,45.63004231383151,73986600
2021-11-17,44.63629913330078,45.510537349873616,44.59856510577428,45.01995900344772,33116100
2021-11-18,45.01996994018555,45.06084937965134,44.296682053442346,44.69920723570924,24394200
2021-11-19,44.77782440185547,45.284126283491986,44.63631006767595,45.16462616990594,28119300
2021-11-22,45.5294075012207,45.71180484890546,44.655172788707745,44.86272615747132,29126400
2021-11-23,45.85331344604492,45.906774486940144,45.048263226987494,45.36273506909221,29907900
2021-11-24,46.08287811279297,46.24640302850186,45.79984951402079,45.82815453321289,18089400
2021-11-26,45.567138671875,46.50426690309159,45.41619177022552,46.051426198143155,21039600
2021-11-29,44.85329055786133,45.67721323937486,44.7275032530467,45.598592575007146,33039600
2021-11-30,44.22434616088867,44.81241043917953,44.029370803000724,44.49164777839738,64818900
2021-12-01,43.1268310546875,44.25264387599933,43.09538423159912,44.18660482774209,36621300
2021-12-02,42.60166931152344,43.5356559860229,42.52934304295604,43.28093234752305,39805800
2021-12-03,43.24319076538086,43.35954546387389,42.54506257442264,42.724310926401934,44142600
2021-12-06,43.71175765991211,43.82497056180582,43.11426071719479,43.258916848913834,32589300
2021-12-07,43.57025146484375,43.972776672063155,43.42559171921226,43.900446799247405,37739100
2021-12-08,43.129981994628906,43.55452135854905,42.77148168744537,43.416152440107126,34496400
2021-12-09,43.72988510131836,43.751984342437076,42.848972349634835,43.139449457799266,32351700
2021-12-10,44.52870178222656,44.613951518410985,43.43624554570456,43.679366100506115,38575500
2021-12-13,45.330684661865234,45.387519028467906,44.20665127805017,44.27927236648431,54039300
2021-12-14,45.76324462890625,45.870597225060614,44.88233184442774,45.24543366317414,46721400
2021-12-15,46.02531051635742,46.2463282317639,45.27700762829053,45.848494898692664,33489900
2021-12-16,45.258052825927734,46.26526278366658,45.11597236318464,46.02530033279379,39069600
2021-12-17,43.808815002441406,45.45065912090028,43.69514989957805,45.07177062689113,78581100
2021-12-20,43.950904846191406,44.12455878311532,43.445722530260326,43.60990587960069,31017900
2021-12-21,44.08351135253906,44.159286887410104,43.575171008835945,43.856177521228595,24620400
2021-12-22,44.14034652709961,44.20033896101484,43.739358732043954,44.171919970908036,17028000
2021-12-23,44.042457580566406,44.25400466210651,43.8403846979092,44.14033595560071,17592600
2021-12-27,44.44345474243164,44.47818986571653,44.06772788041846,44.07719846796966,16040700
2021-12-28,45.08124923706055,45.1412380542509,44.39293880606387,44.39293880606387,15783000
2021-12-29,45.05915069580078,45.318058003933714,44.93601136941023,45.0433639732737,13045200
2021-12-30,45.204383850097656,45.37172887019492,44.986524214644874,45.23280283792105,14949000
2021-12-31,45.684303283691406,45.794813928075364,45.12544476898947,45.21385256182697,17947800
2022-01-03,45.67167663574219,45.715878727426656,45.1538621216464,45.46644567003516,20706600
2022-01-04,44.83496856689453,45.826391945631144,44.75919303213779,45.479076872395815,33930000
2022-01-05,45.441192626953125,46.08214655423464,45.06862381624156,45.10335532763785,35418000
2022-01-06,45.31489181518555,45.66851939510196,44.961264235269134,45.34646525458095,21828900
2022-01-07,45.74745559692383,45.8958558292151,45.13807878720887,45.3085782603254,19723500
2022-01-10,45.6590576171875,45.96847955096534,45.18860677540912,45.9211193827355,22731600
2022-01-11,45.529605865478516,45.6622194060194,45.207551636578245,45.53276393295441,21668700
2022-01-12,45.289634704589844,45.453821661942236,45.15071228223619,45.36541385619077,18946800
2022-01-13,45.93058395385742,45.9968888981465,45.185439233895885,45.28647568360767,24252600
2022-01-14,45.80113983154297,46.29685161622407,45.53591998887633,45.53591998887633,26867400
2022-01-18,44.99916076660156,45.68747124656851,44.87602144323829,45.59590536748319,21123900
2022-01-19,45.447505950927734,45.77903432224229,44.80971374353237,45.00547053140757,22674000
2022-01-20,44.58869171142578,45.61168487494488,44.5413315525001,44.94547735669021,22387200
2022-01-21,44.263492584228516,44.917071642556046,44.22244854637148,44.588704886301464,27508200
2022-01-24,44.26663589477539,44.37083040847306,43.35414980332376,43.90985026302961,28699200
2022-01-25,43.30364227294922,44.320323129153785,43.19628966626389,44.20034186678467,29479500
2022-01-26,42.861602783203125,43.82144917876753,42.6753165792823,43.36362702969606,26185500
2022-01-27,42.890018463134766,43.91301536514295,42.74162183500858,43.23101743047083,27759000
2022-01-28,43.42045593261719,43.43624265209236,42.29326826335678,42.94053098853569,25131900
2022-01-31,44.143497467041016,44.21611854408491,43.161548347071864,43.284687648722716,20193600
2022-02-01,44.49081802368164,44.56659356329233,43.88459925340055,43.95405865914831,20323200
2022-02-02,44.47187423706055,44.72130733003073,44.250856520415745,44.51923440205251,18149700
2022-02-03,44.51607131958008,44.831812943984275,44.13087029568946,44.28558304124478,20741100
2022-02-04,43.9919548034668,44.519240045927496,43.68253285161664,44.48450853119388,22036500
2022-02-07,43.55938720703125,44.2255947985808,43.44887654403131,44.222440344984186,20010300
2022-02-08,43.568851470947266,43.96352667483001,43.41729679969882,43.67304598493339,19458900
2022-02-09,43.474143981933594,43.82145551766764,43.40468095211689,43.729893242617955,21473700
2022-02-10,42.965797424316406,43.25943261226506,42.7700370190017,43.11419405177584,27810600
2022-02-11,42.72898483276367,43.313100643549646,42.36272501445493,43.19943554775988,23733300
2022-02-14,42.293270111083984,42.92790421107863,41.90175294696774,42.728989368992124,29363400
2022-02-15,42.42588806152344,42.83634647709537,42.24275990482991,42.54271125826499,21824400
2022-02-16,42.16066360473633,42.58691234667318,41.89860183846911,42.4132583960205,28490700
2022-02-17,43.849857330322266,44.03614711690017,42.239590326487146,42.309053334811566,53831400
2022-02-18,43.568851470947266,44.07403370844208,43.306789766086744,43.60358297560931,31103400
2022-02-22,43.082618713378906,43.64779343566705,42.921589825123,43.499393201387456,25380900
2022-02-23,42.64058303833008,43.31626480206043,42.57427808868168,43.212070277370444,21030900
2022-02-24,42.47640609741211,42.627960807064014,41.680742968402306,42.28064567243509,31717500
2022-02-25,43.060516357421875,43.18681373869349,42.33747441868719,42.564808259636564,24997800
2022-02-28,42.67531967163086,42.96264235906271,42.23644227918053,42.6248014366247,26286600
2022-03-01,42.93738555908203,43.53728825191156,42.6311180782104,42.89949597903932,24024900
2022-03-02,42.991058349609375,43.202605494220656,42.68163641413132,42.83319112130911,23863800
2022-03-03,43.97931671142578,44.35188909135115,43.11419070945089,43.34783706024842,29885100
2022-03-04,45.09387969970703,45.131769277004096,43.44256476712357,43.512027787718544,35576400
2022-03-07,44.73078155517578,45.3496326574455,44.34558045656154,44.61395836002268,45870000
2022-03-08,43.805660247802734,44.98021177735425,43.75514201900531,44.677102404569744,28305600
2022-03-09,44.03299331665039,44.279268322739895,43.61621522632382,44.20349278753877,22122900
2022-03-10,45.033878326416016,45.15070510211378,43.89090400720536,44.042458672957295,27512700
2022-03-11,44.85707473754883,45.482238302250686,44.79708230530455,44.92969582429494,19162200
2022-03-14,45.482234954833984,45.7348260930248,44.831814128998374,44.84128471584049,22646400
2022-03-15,46.02846145629883,46.1452846232085,45.41908470313167,45.633786251323976,22872600
2022-03-16,45.892696380615234,46.394720584482194,45.37172738993367,45.9053250340421,24615900
2022-03-17,45.962432861328125,46.05435288820007,45.214406029650895,45.784936997908176,19023000
2022-03-18,46.098724365234375,46.139930768668755,45.67716762333882,46.016315185689855,31233300
2022-03-21,45.71520233154297,46.685101649707775,45.52185507323894,46.095552658241004,21350700
2022-03-22,45.57890701293945,45.9497501048445,45.31899836956264,45.83564537517924,20235000
2022-03-23,44.99253845214844,45.5567289197566,44.856245351190424,45.369722191170595,19625400
2022-03-24,45.27145767211914,45.613775508383235,44.97034261106511,45.13199431255612,13440900
2022-03-25,45.46796798706055,45.62010883254331,45.09078434076249,45.46796798706055,14085300
2022-03-28,46.276222229003906,46.29524028935947,45.42042764962413,45.48381876592659,20105700
2022-03-29,46.666080474853516,46.94183689174984,46.35545822070999,46.46639629461435,19934400
2022-03-30,47.502864837646484,47.60112180355819,46.60586376335873,46.63438904318484,24991500
2022-03-31,47.201744079589844,47.71522081872899,46.96719405128896,47.16054130560404,27163800
2022-04-01,47.86418914794922,47.946598319383796,47.17638687408548,47.43629188538133,20939700
2022-04-04,47.87370300292969,48.55833503878476,47.56942129203319,47.83249660095815,25332600
2022-04-05,48.0099983215332,48.599543710513345,47.82298799061219,47.82298799061219,18657900
2022-04-06,49.125694274902344,49.26198734736777,47.70254271698381,47.86736106548767,28018500
2022-04-07,49.61699295043945,49.93395221571636,48.951375228765656,49.16057030260379,27088200
2022-04-08,49.892738342285156,50.20969753710031,49.512384406647804,49.7342569312156,23294400
2022-04-11,48.90382766723633,50.15582046584098,48.694632611432205,49.75328176208861,24712800
2022-04-12,48.567848205566406,49.255650555596745,48.352312596212805,48.88797771084245,26761200
2022-04-13,49.83251953125,50.01318930345292,48.605885385791446,48.63758094613334,29284500
2022-04-14,49.78813934326172,50.17165992127303,49.58211460321493,49.797646559073236,22360500
2022-04-18,49.40778732299805,50.07340490249458,49.19542564000109,49.68354374736895,14671800
2022-04-19,49.96881103515625,50.063901340495846,49.458504549693885,49.658188749920654,15855000
2022-04-20,50.596397399902344,50.824610527308565,50.171670334796694,50.190688397690934,19821600
2022-04-21,50.672462463378906,50.957726111677395,50.41889437296647,50.68831024232193,18168300
2022-04-22,49.718414306640625,50.827777044475894,49.65502318657128,50.79291120297289,21046200
2022-04-25,49.743770599365234,49.911762875643475,48.92284541657722,49.563104451532226,18057600
2022-04-26,49.22395706176758,50.12095449593641,49.192261500785214,49.56310464253307,19601100
2022-04-27,48.887977600097656,49.5092185479863,48.81824591809113,49.29685684786812,17496900
2022-04-28,49.51237869262695,49.75643952968266,48.843594542289466,49.20175646861489,14955900
2022-04-29,48.49177551269531,49.5155587656969,48.40302577009432,49.38560624685834,21088800
2022-05-02,48.1716423034668,49.125693801531646,47.64548807847535,49.11618295806114,20016000
2022-05-03,48.33963394165039,48.90065403965382,48.10825418532903,48.31427894546481,17950500
2022-05-04,49.008419036865234,49.07181015102536,48.022671976914516,48.18749032466044,20022600
2022-05-05,48.58851623535156,48.93526021125201,48.16224532757423,48.87481683061791,23234400
2022-05-06,47.57691955566406,48.97343367187278,47.16655401149018,48.260862129287204,34258200
2022-05-09,48.13361740112305,48.70303679859284,47.141105251593665,47.23017760152777,28207200
2022-05-10,47.456031799316406,48.44536208040511,47.258803560351076,48.17178507764066,24861300
2022-05-11,46.95977783203125,47.95546804992204,46.73391699391188,47.526015369134306,27878700
2022-05-12,46.91523361206055,47.764593445452526,46.6098458886052,47.03611670765856,25244400
2022-05-13,47.096561431884766,47.201539155555494,46.48896772522651,46.98840554367094,19962300
2022-05-16,47.147457122802734,47.63098953323082,46.590761402237824,47.51964820481241,21449100
2022-05-17,41.784095764160156,43.72140062249209,41.55823486217018,43.400107382455246,132940200
2022-05-18,38.9465217590332,40.80429914498203,38.66021754462784,40.72795038367145,104253000
2022-05-19,37.877662658691406,38.74293167034382,37.72815057494974,38.45026747291811,71008500
2022-05-20,37.91901779174805,38.44072098794715,37.30506044743909,38.05898809625566,49356000
2022-05-23,39.0005989074707,39.37278999260804,38.12897002372128,38.148053572258874,43680900
2022-05-24,39.4873161315918,39.620922836893705,38.51707297491257,38.5584255243819,34584900
2022-05-25,39.245548248291016,39.6590955688098,39.000603845614286,39.44595829789275,27121800
2022-05-26,40.082176208496094,40.20941927072791,39.57319667855128,39.85949720908164,28197600
2022-05-27,40.87110137939453,40.91563572860839,39.862683967648366,39.919945537074085,25299900
2022-05-31,40.91881561279297,41.32281746333312,40.53389731065633,40.546624530270726,36912300
2022-06-01,39.907222747802734,41.011072590644154,39.662278339166235,40.87746588765886,28534800
2022-06-02,40.562522888183594,40.5688828563801,39.550923894097956,39.945383902109384,23214300
2022-06-03,39.865867614746094,40.5339010863673,39.79270065718401,40.295316663499904,18302700
2022-06-06,39.722713470458984,40.177613297006,39.633641131968126,40.02491941981132,19855500
2022-06-07,39.245548248291016,39.28372263121788,38.45344618485147,38.567969333632064,47707800
2022-06-08,38.905174255371094,39.41733578184476,38.79383653420775,38.921079644108715,22522800
2022-06-09,38.49797821044922,39.55729350914186,38.48843643645144,38.80972955517478,19880100
2022-06-10,38.71429443359375,39.045132973839316,37.96354865887144,38.093977176333254,25238100
2022-06-13,37.98582077026367,38.56796733799273,37.88402484806566,38.090798497625876,24897900
2022-06-14,38.00172424316406,38.17350530829211,37.59135876985919,37.89674652108479,21544200
2022-06-15,37.97627639770508,38.30393316893746,37.50547115473699,38.16396650245333,25914000
2022-06-16,38.37074661254883,38.733392381025666,37.610455211940085,37.64862960036187,30706800
2022-06-17,37.62954330444336,38.45345263790669,37.527747359895216,38.17987922237993,36838800
2022-06-21,38.86381530761719,39.05786540508371,37.60727148379571,37.63272228827929,23916600
2022-06-22,38.39299774169922,39.20736497679913,38.36118697664171,38.84153753812915,20235000
2022-06-23,39.32508087158203,39.433236774839365,38.5552477647624,38.73020702137298,18040800
2022-06-24,39.35689163208008,39.8626894902992,39.1787469295257,39.47459295178183,31845900
2022-06-27,39.484130859375,39.68136273505893,39.06104178289681,39.375971326241576,19889100
2022-06-28,38.92744064331055,39.94540001624153,38.901989838732334,39.65591759203241,15399000
2022-06-29,38.78428649902344,39.239190028085154,38.482080508478994,39.09285610050933,19111500
2022-06-30,38.676124572753906,38.82881844697932,38.138512387735254,38.45344191060242,19166100
2022-07-01,39.01014709472656,39.10239760969019,38.54251998748137,38.79064984536973,17460900
2022-07-05,39.525489807128906,39.60819854509368,38.68567156535425,38.87653984400889,18218100
2022-07-06,39.805423736572266,40.17125487926979,39.54139215644628,39.59865008728793,21300000
2022-07-07,39.865867614746094,39.932670961908215,39.4841310819545,39.824511428165074,17487300
2022-07-08,39.89130783081055,40.27622610179325,39.81178091720239,40.02491450187574,14751000
2022-07-11,39.907222747802734,40.1871633753983,39.64319114723839,39.770434239411195,11532900
2022-07-12,39.786338806152344,40.44165236697062,39.67500110279521,39.79906602751508,13732200
2022-07-13,39.88177490234375,40.22851523498222,39.41732961474842,39.58592889329483,12689100
2022-07-14,40.66115188598633,40.82020939734229,39.490498650213375,39.49685862074138,20905500
2022-07-15,41.05879211425781,41.440525028715534,40.734317134688474,40.97290157141565,21184200
2022-07-18,40.96335220336914,41.450066446022745,40.801116549490764,40.92517782345332,14243700
2022-07-19,41.21466827392578,41.34191136666322,40.909280482744364,41.16058850330852,16995300
2022-07-20,41.558223724365234,41.771360985595884,41.19557802456969,41.51687117849841,18564900
2022-07-21,42.16581726074219,42.16899906563695,41.51368559665893,41.57094716323757,18764700
2022-07-22,42.05765914916992,42.43303204815384,41.745907788180794,42.16263687116682,13616400
2022-07-25,41.99722671508789,42.213542166170235,41.81908200913082,42.11492803703783,20535300
2022-07-26,38.803367614746094,39.029228441171874,38.19259211836295,38.532972440233294,95391600
2022-07-27,40.269866943359375,40.32712851179137,38.50116197756357,38.567965320479665,42159600
2022-07-28,41.27510452270508,41.516870747062626,40.16807296320781,40.16807296320781,33262200
2022-07-29,42.00676345825195,42.073566804854444,40.72158720642859,40.82020496425501,30141900
2022-08-01,42.16263198852539,42.700240475240136,41.67273964978098,41.691826837070856,24996300
2022-08-02,42.20717239379883,42.53482914840155,41.799988714490304,42.356684468449444,19695000
2022-08-03,41.51369857788086,42.289891751501145,41.310106687061754,42.04176549975668,32003100
2022-08-04,39.945396423339844,41.609123851361275,39.86905129749185,41.56777130334223,53106000
2022-08-05,40.26668930053711,40.33985626101161,39.80224765711511,39.92630894077767,32007000
2022-08-08,40.594356536865234,40.785224860027455,40.27624509193518,40.28896867600987,18175200
2022-08-09,40.99517059326172,41.026981366109865,40.467100114351766,40.68341919453452,19325100
2022-08-10,41.0810546875,41.402347839915414,40.84247026693803,41.35463168390489,25251000
2022-08-11,41.47723388671875,41.65295877194027,41.08744713288937,41.43889324696776,23854500
2022-08-12,42.2440299987793,42.44211721771561,41.47723545656079,41.53474276199918,26625000
2022-08-15,42.36543655395508,42.67535001144845,41.96925848812474,42.0555230964617,26516100
2022-08-16,44.5284423828125,45.026856090280994,44.151430954853645,44.37827548164512,91773300
2022-08-17,44.57637023925781,45.59876304574581,44.21852910062192,44.27284440403505,41792100
2022-08-18,44.432586669921875,44.863909700296105,44.2504741265925,44.579554238318366,19197600
2022-08-19,43.77762222290039,44.43259420767885,43.74247724200535,44.384670230921536,22918800
2022-08-22,42.994850158691406,43.6817714164439,42.95331385439552,43.51563351198998,18667200
2022-08-23,42.8127326965332,43.119450480282524,42.560326549526756,43.00762423158561,16955100
2022-08-24,43.12265396118164,43.22489324096806,42.684939530845064,42.924563071367295,15766500
2022-08-25,43.41019821166992,43.44853885279574,43.141817380153974,43.22169432522689,19414500
2022-08-26,42.04594039916992,43.716913639665435,42.017183091714195,43.48687346184254,21331800
2022-08-29,42.454891204833984,42.771195972894134,41.723241727292724,41.79992300065192,17381700
2022-08-30,42.327091217041016,42.70090325955186,42.090663400099466,42.60185966817961,14468100
2022-08-31,42.349464416503906,42.745642505901074,42.151373543622945,42.42294637881796,22460700
2022-09-01,42.96609115600586,43.176957344983656,42.30153230820592,42.34626426978027,21741900
2022-09-02,42.49323272705078,43.346291800945174,42.31431584609138,43.08430597635844,17234400
2022-09-06,42.282371520996094,42.69132861870051,41.76478382307712,42.509212397378164,21899700
2022-09-07,43.3686637878418,43.4421494104579,42.410169656332364,42.51240893285697,17058900
2022-09-08,43.589115142822266,43.7296950561474,43.09389343972536,43.26003134291064,16956000
2022-09-09,43.7201042175293,43.9309703949476,43.493259728735815,43.547575018318945,16140600
2022-09-12,44.11309814453125,44.17060545509989,43.76164832943349,43.796793310943265,14284500
2022-09-13,43.20252990722656,44.07475950200135,43.0715369645753,43.7265053341969,17687400
2022-09-14,43.10667419433594,43.621066239008606,42.844688333933284,43.33351873133756,19934700
2022-09-15,42.643402099609375,43.18015643013283,42.48365187171496,43.14820711582688,20189400
2022-09-16,42.55393981933594,42.9884548610473,41.94369624449804,42.17373641556513,41874300
2022-09-19,42.91816711425781,43.055547692100845,42.323898215931116,42.43572446330959,16853100
2022-09-20,42.66896438598633,42.77439932763382,42.34627189135809,42.64659840117367,13963500
2022-09-21,43.058738708496094,43.91499333306865,43.01081474608962,43.27280419282121,24903600
2022-09-22,42.617835998535156,43.04276768456001,42.44211113186028,42.99484371811166,16744500
2022-09-23,41.553916931152344,42.550751756541516,41.14176414096961,42.45170813790035,27195300
2022-09-26,41.95329284667969,42.21847439750692,40.9820196207994,41.13537855120155,23011200
2022-09-27,41.8382682800293,42.630620806601854,41.63059407406143,42.24722536635443,17171700
2022-09-28,42.528385162353516,42.7009144049079,41.44528938631944,41.985239442797536,16838400
2022-09-29,42.25361633300781,42.85108100782372,42.055529099997436,42.6529901184483,15241500
2022-09-30,41.43889236450195,42.28875580815098,41.43889236450195,42.25041882558104,19602300
2022-10-03,42.34306716918945,42.426136108252,41.53793210820472,41.61141771660646,17574900
2022-10-04,42.892608642578125,43.19613078270919,42.61145248484938,42.76800339257178,16134300
2022-10-05,42.467681884765625,43.01082760042628,42.33668529406784,42.736059079541,14553900
2022-10-06,42.071495056152344,42.96609039543114,42.039545744944434,42.51879272579174,14200500
2022-10-07,41.074668884277344,42.06191669730441,40.918114302152446,41.95328974818727,17080500
2022-10-10,41.31747817993164,41.51237335918538,40.98519877342465,41.3845724624168,11411700
2022-10-11,42.387794494628906,42.748827547257854,41.36220628847235,41.37818094344785,21276000
2022-10-12,41.90855407714844,43.05874769682146,41.84465544726792,42.49643170987047,16947600
2022-10-13,42.263187408447266,42.4740535579121,41.01395053909691,41.304693609392125,20545500
2022-10-14,41.67213439941406,42.563534355365384,41.550724784996305,42.3143274561071,16641000
2022-10-17,41.97246170043945,42.43892980188382,41.72325116203327,41.84146510488973,17812500
2022-10-18,42.85746765136719,43.16418548270262,42.598673795609486,42.630623112661304,16842300
2022-10-19,42.736053466796875,43.04596692785404,42.48365096408053,42.91816967336053,11339400
2022-10-20,42.84148025512695,43.26002057170251,42.70090037680446,42.80633528554633,12754800
2022-10-21,43.70732116699219,43.902216343973585,42.81272952549908,43.07152332193767,18134700
2022-10-24,44.541229248046875,44.88309210186343,43.8127715658946,43.91501085570207,18806700
2022-10-25,44.75208282470703,44.87029674154709,44.192962552478186,44.438977373568356,15051300
2022-10-26,45.09395217895508,45.38150334149547,44.67221608032205,44.844745315300315,20754300
2022-10-27,44.96295928955078,45.40067370326206,44.82237937109271,45.052419570057275,16602900
2022-10-28,45.53166198730469,45.656263578347684,44.742501514331174,44.74569717694551,13648200
2022-10-31,45.474151611328125,45.71057945871169,45.29523472264513,45.47734727398337,22572000
2022-11-01,45.26966857910156,45.863933801160705,45.20896562014269,45.6786256055822,14814300
2022-11-02,44.96935272216797,45.87033592622844,44.953378063082525,45.100345657941645,15522000
2022-11-03,44.95976257324219,45.27606738236211,44.43578721060602,44.5731714629049,10976400
2022-11-04,45.039642333984375,45.43581680131066,44.34313404036802,45.37830949159687,14669400
2022-11-07,45.51249694824219,45.67863485981749,45.13229349304506,45.13229349304506,11364000
2022-11-08,45.62112808227539,46.03008519636602,45.212167311819755,45.554033784267716,15068400
2022-11-09,44.560394287109375,45.73934164344817,44.4773216746734,45.611540718163205,15932100
2022-11-10,45.483741760253906,45.58917304065183,44.889472781475554,45.5316657343193,20310600
2022-11-11,45.55403137207031,45.726560602487076,44.72653019864046,45.58278502501817,19270800
2022-11-14,44.215335845947266,45.790461318645605,44.17699520269483,45.25370328220653,37525800
2022-11-15,47.10678482055664,48.01096350606725,46.1834358167216,46.52210290893652,76548600
2022-11-16,47.44546127319336,47.98860699287263,47.004554833838775,47.2473703823361,32593200
2022-11-17,47.28570556640625,47.51894141146589,46.87355282962072,46.96940442908518,24791400
2022-11-18,47.998191833496094,48.00138749643164,47.53172376675898,47.81927127275463,18987000
2022-11-21,48.2921257019043,48.60843050939371,47.98540788296203,48.119600128068484,21157200
2022-11-22,48.464656829833984,48.70747602676254,48.28254426032004,48.563704100208895,16898400
2022-11-23,48.69789123535156,49.001413394237105,48.525362003563714,48.589260635673334,16920600
2022-11-25,48.90556716918945,48.911954838806565,48.51897238730248,48.602044999609745,8777400
2022-11-28,49.046142578125,49.40717570615202,48.793740051709094,48.793740051709094,17674800
2022-11-29,48.87361526489258,49.11004312460498,48.739423020926964,48.89278192909431,13841700
2022-11-30,48.69789123535156,48.8097138415434,48.308104460572096,48.758594204582735,31338000
2022-12-01,49.00141143798828,49.078092718550415,48.15793563362836,48.579675363990674,22732200
2022-12-02,48.953495025634766,48.95988635212351,48.39756662480223,48.39756662480223,20733000
2022-12-05,48.45187759399414,48.88320068424577,48.08764880040778,48.80332739211212,23608200
2022-12-06,47.889564514160156,48.53494952950759,47.67230695239635,48.30810863464523,20625600
2022-12-07,47.640350341796875,48.311293246956716,47.54769440632191,48.08445238681439,17550300
2022-12-08,47.714111328125,47.874460106309826,47.5088619559298,47.83597860163444,13512600
2022-12-09,46.60127639770508,47.37416928186941,46.57241068043612,47.293991219637036,27929400
2022-12-12,47.470375061035156,47.49603306670399,46.68144735647782,46.79048378766295,19432200
2022-12-13,47.30040740966797,48.169509578492224,47.05988055934907,48.105370063780114,23408100
2022-12-14,47.03742980957031,47.63393536499302,46.80973013035011,47.17212425723204,20334600
2022-12-15,46.6173095703125,46.957253384487466,46.062493255007304,46.68786450082403,17514000
2022-12-16,45.78028106689453,46.41206783587398,45.72255696526617,46.33509747350432,40343100
2022-12-19,45.79631423950195,46.04004881771786,45.45316267205683,45.863661468989406,15067500
2022-12-20,46.19719314575195,46.38640766258281,45.61993013548605,45.83479899181158,17009400
2022-12-21,46.559593200683594,46.80332780751759,46.26454623820819,46.28378883034237,13726500
2022-12-22,46.01438522338867,46.495438863061224,45.51729670707024,46.42809164711891,13082400
2022-12-23,46.10739517211914,46.11701830194828,45.629549154768284,45.87649143830133,9547500
2022-12-27,46.12022018432617,46.32546955296249,45.921382564617105,46.19397915295295,10044600
2022-12-28,45.312049865722656,46.075319578830225,45.19018259435875,46.0111800686855,15246300
2022-12-29,45.587852478027344,45.86686449751109,45.45957345215331,45.584648438499194,9171900
2022-12-30,45.4724006652832,45.536543848431464,45.15811484949473,45.39864169339268,11505900
2023-01-03,46.05287551879883,46.08814931522559,45.56861411589322,45.7161357314768,17249700
2023-01-04,46.104183197021484,46.1971884260224,45.562197711544165,45.99514676008577,13338300
2023-01-05,45.947044372558594,46.22284502310448,45.748206736397144,46.007976178224325,13274400
2023-01-06,47.07270431518555,47.319646567130135,46.25812226098846,46.373574113128946,21231900
2023-01-09,46.48581314086914,47.41905832420201,46.43770851361594,46.925177544803105,17756700
2023-01-10,46.456947326660156,46.64616178127848,46.0945532918727,46.48260165771984,11970600
2023-01-11,46.86425018310547,46.880285061628776,46.41526624415597,46.739178864653354,14834700
2023-01-12,46.440921783447266,46.95725291878023,46.3062273429514,46.954045209216375,12472800
2023-01-13,46.59486770629883,46.76483964414881,46.1362642451215,46.67183439978328,13699800
2023-01-17,46.31264877319336,46.729563020088705,46.24530153886707,46.594868551436115,15122400
2023-01-18,45.16773986816406,46.261334114047806,45.05228799652341,46.24529923382407,22674300
2023-01-19,44.523128509521484,45.3890230306698,44.51029766954024,45.34412610118166,17342100
2023-01-20,45.07152557373047,45.14849225621399,44.31145985715795,44.70592373902559,29543100
2023-01-23,45.74500274658203,45.86366232790827,44.962490317811856,45.04587242873175,13149900
2023-01-24,45.866859436035156,46.99893859712941,45.21904161850284,46.99893859712941,13669200
2023-01-25,45.64878463745117,45.80913707830091,45.02341342127049,45.61671488331085,12491700
2023-01-26,45.607093811035156,46.10097832347614,45.462779910897744,45.870070945048695,15819000
2023-01-27,45.956661224365234,46.33188250677709,45.45957266738781,45.73216926281269,18412800
2023-01-30,45.587852478027344,45.684065417581245,45.30563641901544,45.57823301914614,15897600
2023-01-31,46.13946533203125,46.142669371598586,45.43071196093505,45.64237309024529,14103600
2023-02-01,46.39602279663086,46.697485113553064,45.76423978615708,46.0721138522808,12849300
2023-02-02,46.059288024902344,46.45695962276214,45.841211472585094,46.312642044374435,17806800
2023-02-03,45.44675064086914,46.168331241038295,45.17415401460285,45.97590901363011,17155500
2023-02-06,45.116424560546875,45.571823937411835,44.907967461151514,45.482026411954834,17454000
2023-02-07,45.21263122558594,45.31525591442724,44.47822352544961,44.82458276782611,16341300
2023-02-08,44.96889877319336,45.25111482258599,44.89513613374095,45.00417623813597,11691300
2023-02-09,45.38581466674805,45.5205091234205,45.08114828426048,45.17736123198986,13064400
2023-02-10,46.09136199951172,46.16191694027697,45.594273374241965,45.8893203074015,15002700
2023-02-13,46.7936897277832,46.86104061381167,46.344705841814815,46.408849018487444,16015800
2023-02-14,46.659000396728516,47.18495101399315,46.36074945669577,46.73597074909078,13831200
2023-02-15,47.00535583496094,47.01497896330102,46.36074570180368,46.48902471848655,14674200
2023-02-16,46.26774215698242,46.81935075708418,46.23888011121141,46.655790600702545,16312200
2023-02-17,46.963661193847656,47.043839246420205,46.363948004956654,46.537127607112126,24770700
2023-02-21,47.24909210205078,47.573001035220834,45.58785088201384,45.821965968275066,54393900
2023-02-22,46.25812530517578,47.32606143051419,45.78348335709915,47.06949970323565,29844000
2023-02-23,45.56861114501953,46.29981109613195,45.126038986825726,46.29981109613195,22021200
2023-02-24,45.69047546386719,45.7770652642088,44.747607117859424,45.1677289525182,20623500
2023-02-27,45.36015319824219,45.88931148206613,45.110003243610294,45.767444214195116,16647300
2023-02-28,45.58144760131836,45.74821182815766,45.203018545695315,45.21905342634721,18054000
2023-03-01,44.946449279785156,45.308843394242345,44.6963029812966,45.23828846309596,14180100
2023-03-02,45.05869674682617,45.135667102895,44.73799549355274,44.84703560793405,14785500
2023-03-03,45.113216400146484,45.2799806099379,44.82458490776948,45.23187597289983,16888800
2023-03-06,45.10679626464844,45.21262865715675,44.904754608122474,45.058691632639615,16720800
2023-03-07,44.65782165527344,45.43712633438186,44.510296361016024,45.27677754081767,17387400
2023-03-08,44.28900909423828,44.55198623610487,44.026031952371696,44.43653437851765,19090800
2023-03-09,43.99075698852539,44.57123135946217,43.91058259260532,44.523126721910124,15415800
2023-03-10,43.92661666870117,44.346738569968345,43.64440059813299,43.94265154759203,20065200
2023-03-13,44.05489730834961,44.41729142656171,43.80154329761142,43.833613053892364,28142100
2023-03-14,44.28900909423828,44.34352914842203,43.93623810210851,44.157522358379175,25542600
2023-03-15,44.78289031982422,44.837410374456645,43.84323323282481,43.90096099716769,33133500
2023-03-16,44.52849578857422,44.96965734962195,44.39968731454236,44.89881324168305,28905600
2023-03-17,44.88915252685547,44.91813286612527,44.30630277368766,44.49950994907386,43081200
2023-03-20,45.3721809387207,45.70063831860747,45.02118124608761,45.11456766873019,33928500
2023-03-21,45.21761703491211,45.52997384378226,44.93101971275741,45.52997384378226,19013400
2023-03-22,44.927799224853516,45.47522697166132,44.90847776864735,45.288457808589676,18548400
2023-03-23,45.29167175292969,45.600811345008864,44.91813345340378,45.14676636949548,22044300
2023-03-24,45.66199493408203,45.87774811838531,45.27557687569222,45.40760252357337,22752300
2023-03-27,46.42517852783203,46.68601266701094,45.97757521972271,45.980796076723266,26775600
2023-03-28,46.24484634399414,46.50245962035832,46.06451889313472,46.2577260865146,21282900
2023-03-29,46.44449996948242,46.67957093777122,46.1933247161961,46.489580911902266,24216900
2023-03-30,46.908199310302734,47.20767633385152,46.698887848006244,46.85345580221417,21879000
2023-03-31,47.48139190673828,47.80018671155356,47.16581427353459,47.20123632797972,20868000
2023-04-03,47.88069152832031,47.964419067607544,47.49749431363261,47.571555596953715,19766700
2023-04-04,47.41054916381836,47.91289596893751,47.342925909782224,47.82916843042519,18113700
2023-04-05,48.19626998901367,48.263893244819855,47.38156637716885,47.39122894810748,26540700
2023-04-06,48.56014633178711,48.637432153587135,47.825949450640934,47.91611132915321,17891700
2023-04-10,48.466766357421875,48.663198109630144,48.22847451716352,48.4184645549681,14519100
2023-04-11,48.32508087158203,48.624554252111786,48.18017178183515,48.624554252111786,18370500
2023-04-12,48.09000015258789,48.61488924449477,48.035256643683454,48.23490922408841,11209800
2023-04-13,48.138309478759766,48.30253633340162,47.72290737147723,48.18982844985511,13272600
2023-04-14,47.81306457519531,48.26710955153951,47.706798416034694,47.990174840463006,10464900
2023-04-17,48.14796829223633,48.19627009145898,47.81951089825481,47.86459184049108,16166700
2023-04-18,48.25422668457031,48.412015484753205,48.12219736574478,48.23168437448977,13482300
2023-04-19,48.30575942993164,48.756583614636526,48.22847359932339,48.57303160953753,12433500
2023-04-20,48.61489486694336,48.75014138388374,48.17373325833391,48.370161319531626,13641600
2023-04-21,48.859619140625,49.043167423750084,48.68250888529961,48.93368041405975,25335000
2023-04-24,49.19130325317383,49.252488482946596,48.853186959031085,48.853186959031085,13579500
2023-04-25,48.80810546875,49.510101220977425,48.730819639415735,49.36197496167498,17246700
2023-04-26,48.59556198120117,48.75657163193688,48.373370800596284,48.61810429045366,12910200
2023-04-27,48.74692916870117,48.927260346718505,48.55371824516598,48.55371824516598,12861000
2023-04-28,48.61489486694336,49.00131296031713,48.36050243340354,48.71794018320186,14088600
2023-05-01,48.814537048339844,49.12045578298018,48.60200841613232,48.637430469032026,11409600
2023-05-02,48.68251037597656,48.782334819238265,48.128640967956024,48.77589679124143,11329500
2023-05-03,48.5021858215332,48.9787694403433,48.38947794520949,48.80488002587133,12334500
2023-05-04,48.63794708251953,48.80603458342802,48.321174333002666,48.66380812080936,14011200
2023-05-05,49.05815887451172,49.135734588768905,48.43107217951013,48.58299421512257,14556000
2023-05-08,49.365234375,49.43958069385095,48.828655780697716,48.896535915582525,14926200
2023-05-09,49.449283599853516,49.51393435152754,49.24241007255375,49.36524169178679,15209700
2023-05-10,49.31028747558594,49.89212201315628,48.88361177405322,49.678782312794795,15827700
2023-05-11,49.49454116821289,49.54302645921373,49.13251248320646,49.310291883542874,11926800
2023-05-12,49.47837448120117,49.801613421566806,49.362005355349766,49.64969137853827,16119300
2023-05-15,49.093711853027344,49.73049407795167,48.93209055310943,49.61736175744196,16113900
2023-05-16,48.41490936279297,48.980578393285555,48.34702922710146,48.76077622529351,15512100
2023-05-17,48.334102630615234,48.85774888566059,48.069044561337385,48.854519492690585,26985900
2023-05-18,48.96120071411133,49.872736857967624,48.46987416894568,49.06786688584639,46768500
2023-05-19,48.45692825317383,48.95795019959448,48.198336400156386,48.93855534821947,27594000
2023-05-22,48.03025436401367,48.5118852128266,47.933283795339705,48.389053606325525,16117800
2023-05-23,47.93974685668945,48.11752622101078,47.54216163232167,47.842772595142534,16302300
2023-05-24,47.719947814941406,48.014096335147414,47.2900390083619,48.004400757202326,20515200
2023-05-25,47.24478530883789,47.6585323395458,46.898918419156104,47.47751616401597,21299100
2023-05-26,47.32883071899414,47.4581248260756,47.021753515485166,47.09609614738079,15720900
2023-05-30,47.21245574951172,47.61004096721051,47.063763117363855,47.290031458258184,15742500
2023-05-31,47.47428512573242,47.61650788821692,46.87305575577883,47.00558294096284,30130800
2023-06-01,47.64883041381836,47.80721863380426,47.17366945305069,47.260944443688224,20239200
2023-06-02,48.10460662841797,48.16602058965977,47.54863308795303,47.58742279989024,19178100
2023-06-05,48.42137145996094,48.890069885389266,48.28237810828778,48.28237810828778,15553200
2023-06-06,48.41490936279297,48.5474365421545,48.004395456622404,48.38905202500094,15015600
2023-06-07,48.486019134521484,48.602384544671224,48.17570890799572,48.243589038848874,24256500
2023-06-08,49.18745040893555,49.27149600219978,48.41814099457005,48.61208581892088,18873000
2023-06-09,49.48483657836914,49.688480697416686,49.00320941425309,49.18422558691976,15603900
2023-06-12,49.81131362915039,49.87596067859354,49.510698930535256,49.594740834649414,14713500
2023-06-13,50.199195861816406,50.26707599848114,49.80161061884152,49.94707016837453,15738900
2023-06-14,50.70668411254883,50.855373055172535,50.299399592787346,50.39637385901152,21103200
2023-06-15,50.98466491699219,51.146282509928426,50.742234828398246,50.74869731260194,18160500
2023-06-16,50.27354431152344,51.12043320885146,50.192731803165195,51.09780526260833,34675800
2023-06-20,49.83070755004883,50.24768770064054,49.74019945629138,50.00525755258445,19994400
2023-06-21,49.92768096923828,50.212130217191174,49.57211478530913,49.84686845515051,19251000
2023-06-22,50.34465789794922,50.45132774631668,49.93414026642686,50.095761585091815,13307400
2023-06-23,50.250919342041016,50.51921052307632,50.10869287012786,50.38667962916161,18975000
2023-06-26,50.118385314941406,50.354349239036594,49.882417691656336,50.31232644199449,14106300
2023-06-27,49.937381744384766,50.3769898813957,49.7983883487819,49.82747878533432,12093600
2023-06-28,50.20889663696289,50.32202896838491,49.98585766790297,50.01495179819216,18889800
2023-06-29,49.869483947753906,50.021405961493514,49.50098918531335,49.943830258405214,21530400
2023-06-30,50.806888580322266,50.92002091032945,50.031112934131365,50.09252688772582,19073100
2023-07-03,51.136592864990234,51.21416857875915,50.53213411924692,50.687289245974775,8647500
2023-07-05,51.107505798339844,51.43397783445025,50.85860948110396,51.12366756057163,17585400
2023-07-06,50.784263610839844,51.13013050456875,50.70668789126949,51.049321692684984,14427000
2023-07-07,49.6141357421875,50.519209232117234,49.601207072123145,50.364054093774165,19774800
2023-07-10,50.063438415527344,50.26384574477054,49.88242224140621,49.96000165865534,12967800
2023-07-11,49.98908996582031,50.26707670049723,49.73373117674432,50.027879672796175,11460900
2023-07-12,50.11515808105469,50.38991174235299,50.04404484648002,50.202433078106296,16509900
2023-07-13,49.821006774902344,50.296171443171296,49.678780313717894,50.24121997415092,11859600
2023-07-14,49.99232482910156,49.99555792132911,49.64322485233072,49.81777484071614,10427400
2023-07-17,50.05373764038086,50.095756737702345,49.72079945777446,49.9082780977384,10135200
2023-07-18,49.963233947753906,50.31556331439106,49.73373249113639,49.99555747135804,13437300
2023-07-19,49.97938919067383,50.166867822638785,49.698169393131565,50.037570045896594,12372900
2023-07-20,50.90386199951172,50.92648994645634,50.06990174595852,50.079601022873476,14987700
2023-07-21,51.19154357910156,51.32407075856727,50.89092890709574,51.039617847491655,16960500
2023-07-24,51.49216079711914,51.55034536303876,50.92972478999116,51.21740712879226,12529800
2023-07-25,51.45013427734375,51.88327611891634,51.16244828081882,51.86711435835549,15553800
2023-07-26,51.63438034057617,51.941457493474076,51.37578846984269,51.47276273336144,15094200
2023-07-27,51.44690704345703,51.925301129234946,51.437207766502176,51.74428865050423,13400400
2023-07-28,51.6893310546875,52.02226923940986,51.48892374498095,51.48892374498095,11020200
2023-07-31,51.67317581176758,51.92530152666914,51.366098624605456,51.70549933681724,13033200
2023-08-01,51.43074035644531,51.8638822058638,51.3822550738845,51.702260898137816,11782500
2023-08-02,51.4662971496582,51.85741620270745,51.24326188974864,51.24326188974864,12660000
2023-08-03,51.47923278808594,51.556812210308884,51.236802642424905,51.40165706505344,13202700
2023-08-04,51.181846618652344,51.79923775152685,51.0590150105115,51.640849527892875,14262000
2023-08-07,51.87681198120117,52.10954652132304,51.430741453423444,51.55680615012237,14268900
2023-08-08,51.92853546142578,52.242078838360435,51.56004061133912,52.0384384077298,11017500
2023-08-09,52.012577056884766,52.39723366745941,51.94793000612309,52.012577056884766,13209600
2023-08-10,51.98662185668945,52.469964881186,51.91201494908412,52.158551483595254,15169500
2023-08-11,52.29155349731445,52.495917857887335,51.93472701277485,52.080699965038,14195100
2023-08-14,51.902286529541016,52.8040883835094,51.6362898786249,52.55106636407533,20813700
2023-08-15,51.63628005981445,52.1585469291505,51.551935690367216,51.75305914562879,14559300
2023-08-16,51.66223907470703,52.21694447751132,51.3735340348154,51.863358855611615,26980800
2023-08-17,50.50416564941406,52.272086160343555,50.28682296012894,52.194230954527825,53614200
2023-08-18,51.23079299926758,51.79522834895242,50.380893533185635,50.380893533185635,27954900
2023-08-21,51.09455490112305,51.525991989203234,50.942092784820225,51.13347879236547,15679200
2023-08-22,50.93235778808594,51.02967679467481,50.68258038124561,50.919383157987596,16670700
2023-08-23,51.285945892333984,51.383261191363296,50.770164412924686,50.80260655827515,14210400
2023-08-24,50.8934211730957,51.652494440707976,50.87071650252933,51.295664333638136,14033100
2023-08-25,51.19511032104492,51.26647635061304,50.77989248525972,50.98750140315232,12267000
2023-08-28,51.487064361572266,51.52274737944994,51.2080893899252,51.2080893899252,11871000
2023-08-29,51.91849899291992,51.97689039550439,51.532478698245036,51.577891758694896,12702300
2023-08-30,52.29155349731445,52.320747345298926,51.87633560446511,52.032042314283615,10967700
2023-08-31,52.74893569946289,52.87220395702559,52.213690484122154,52.265596425312985,19582800
2023-09-01,52.41157150268555,52.862472366316496,51.950936882555006,52.8332785214985,12553500
2023-09-05,51.9898681640625,52.810573873624776,51.96067431717797,52.502405051450474,15209400
2023-09-06,52.37913131713867,52.60620403409485,51.87308365398891,52.032034927092255,14594700
2023-09-07,53.027915954589844,53.03115682794115,52.38562534419256,52.5510620910743,19120800
2023-09-08,53.12522506713867,53.15441891028634,52.89815235556524,53.031150654727035,12667200
2023-09-11,53.310123443603516,53.355540211490045,53.08953991155759,53.199833533750564,11912100
2023-09-12,53.3685188293457,53.50151713308396,53.212812139966665,53.36202965849397,11757300
2023-09-13,53.381500244140625,53.79996272110223,53.3198679625761,53.501523933772155,14364300
2023-09-14,53.60532760620117,53.764278898837496,53.332841797305036,53.52423152315845,14923800
2023-09-15,53.407447814941406,53.738325002495976,53.12522827301595,53.59234835326822,63925200
2023-09-18,53.01169204711914,53.58910578237691,52.956548940737335,53.42042445291843,12997800
2023-09-19,52.998714447021484,53.128471878646344,52.66459639245963,52.998714447021484,14019600
2023-09-20,53.17064666748047,53.43015784921163,52.86247783523861,53.07008678062354,10120800
2023-09-21,52.52511215209961,53.36203711661196,52.482943672690546,53.28418561721172,18782400
2023-09-22,52.66460037231445,52.95006080371681,52.52510917379773,52.625672768651214,13215000
2023-09-25,52.89815139770508,52.91112602638686,52.508886550870834,52.67107869024339,10459500
2023-09-26,52.7132568359375,53.0506194938614,52.66459918862238,52.8559851922604,14435700
2023-09-27,52.46023178100586,52.62567223873844,51.99635626443513,52.551061617858615,15711000
2023-09-28,52.72623825073242,52.820312684185936,52.41806939907529,52.551067727985185,11617200
2023-09-29,51.879581451416016,52.91762620877237,51.639530352979094,52.88518777414759,18842400
2023-10-02,51.934722900390625,51.98986600614135,51.35406458614611,51.7368440148493,12992700
2023-10-03,51.607086181640625,52.14557230370299,51.47408787199514,51.801720480094346,11253300
2023-10-04,52.2266731262207,52.24289234205083,51.58113794162819,51.78874687412623,15755700
2023-10-05,51.60384750366211,52.21369597250495,51.577894530338675,52.04825922480284,14269500
2023-10-06,50.737728118896484,51.574653090257826,49.19363562602384,51.46435944350233,42616200
2023-10-09,50.55282211303711,50.55606669859354,49.71589723181975,50.30628558351472,21022500
2023-10-10,51.123748779296875,51.2794554813848,50.49443279956378,50.67933706052736,16014300
2023-10-11,51.32810974121094,51.736842127421454,50.9420894533359,51.337843497640435,12026100
2023-10-12,51.56167221069336,51.67845130276842,51.17889279168138,51.42542931788238,13514100
2023-10-13,51.84713363647461,52.0514979650411,51.54545030930011,51.6622293952895,13809000
2023-10-16,52.294795989990234,52.577015550346516,52.00608725819013,52.07745329470967,14348100
2023-10-17,52.3629150390625,52.45698574663943,52.02879325950265,52.14233148051815,10893000
2023-10-18,52.40184783935547,52.66784448528775,52.135847481082344,52.51213777339782,10559100
2023-10-19,52.15206527709961,52.49267253997097,51.9736501811476,52.36616339224203,11745900
2023-10-20,51.50004196166992,52.2591154255931,51.48382274463941,52.171530168692,15056700
2023-10-23,52.22991180419922,52.34020543708067,51.25998863143123,51.490305941347025,17097000
2023-10-24,52.95654296875,53.03114986816971,52.35317632881933,52.356420914085426,17535000
2023-10-25,52.7975959777832,53.30688824794449,52.70352155914791,52.92734970021487,16621800
2023-10-26,52.4764518737793,53.151184633953015,52.4245496393306,52.7813798213783,16220100
2023-10-27,52.281822204589844,52.541337112196324,52.080702420386935,52.382385809032264,13829700
2023-10-30,52.88193893432617,52.95979042869499,52.15855224829753,52.37589122773686,12653700
2023-10-31,53.008453369140625,53.07657482087163,52.5348440804493,52.8754513391043,14168400
2023-11-01,53.482059478759766,53.647496219603845,52.86896273728367,53.26796137899404,14899500
2023-11-02,53.692909240722656,53.910251925900425,53.07981249970203,53.32310444476762,15492300
2023-11-03,53.4139289855957,53.945929596318635,53.36202675862323,53.8096830022183,17240100
2023-11-06,53.48530578613281,53.72859775609776,53.222550013089766,53.36203750819876,14529000
2023-11-07,53.735084533691406,54.04649794438399,53.63128006346055,53.77401213811315,15023400
2023-11-08,53.29715347290039,53.93944403874866,53.0635952920503,53.79671197692897,15591900
2023-11-09,53.173885345458984,53.368519638217805,52.95654637905555,53.31986199311319,15080100
2023-11-10,53.91025161743164,53.99134769454266,53.167397444201015,53.378250957030104,14319900
2023-11-13,54.39358901977539,54.45522500609976,53.8648329633908,53.971882008843416,15408900
2023-11-14,54.383853912353516,54.87043777062016,54.254100196730526,54.55253893993971,19792500
2023-11-15,55.07480239868164,55.12670462418174,54.33843748620772,54.62065699747077,35769900
2023-11-16,50.617698669433594,51.72386846005451,50.44252817384765,51.49679573290016,97658700
2023-11-17,50.39387130737305,51.104283344976515,50.28357767145635,50.58850560685055,42487800
2023-11-20,50.37765121459961,50.607968526843365,50.28357679591569,50.455506417971186,26663100
2023-11-21,50.5593147277832,50.88045818527455,49.998120183191816,50.42955728307127,29382300
2023-11-22,50.17329025268555,50.62094656519385,50.07921582766711,50.51389750951998,26416500
2023-11-24,50.62419128417969,50.64689595980129,50.183020429667664,50.32899709003271,13975200
2023-11-27,50.8545036315918,51.04589333679506,50.58850331063496,50.58850331063496,23393700
2023-11-28,51.46111297607422,51.55193909752144,50.818822393135,50.818822393135,23535000
2023-11-29,50.63067626953125,51.503280436794675,50.478210450257,51.503280436794675,29896500
2023-11-30,50.50416564941406,50.71826375306678,50.12138621628132,50.61121470124042,29925900
2023-12-01,50.06623840332031,50.47821167428258,49.51153306609065,50.40360105558091,39273600
2023-12-04,50.05326461791992,50.25762896406523,49.73211746339969,49.73536204902241,24883200
2023-12-05,50.517147064208984,50.55607467234494,49.87161179326162,50.10192914366817,21883800
2023-12-06,49.968929290771484,50.5495839596828,49.84241642435568,50.45875411424733,26447400
2023-12-07,49.64006805419922,50.31730302536942,49.56518033047208,50.25544184568398,25362600
2023-12-08,49.119117736816406,49.55867044198119,48.91725101910347,49.49029599074757,34069500
2023-12-11,49.24284744262695,49.31122189888862,48.68933852007885,49.210288532609816,31883400
2023-12-12,49.281925201416016,49.392624762774396,48.9140035147861,49.23633974133124,21381900
2023-12-13,50.15776824951172,50.15776824951172,49.04749369045233,49.34378426370711,35348700
2023-12-14,49.54564666748047,50.121948307325994,49.467506030043424,49.98519939721491,30891300
2023-12-15,49.73123550415039,49.96566113239035,49.34052115557956,49.418665515745,70003500
2023-12-18,50.457313537597656,50.489872448654424,49.85821914099329,49.92985396189811,26316000
2023-12-19,50.6396484375,50.69174344095829,50.17079340637534,50.41498896796913,24417000
2023-12-20,50.04706954956055,50.838260819848415,50.01776727321766,50.603835156847836,21967800
2023-12-21,50.40195846557617,50.48661609991214,50.11218119600427,50.14148346873394,20087700
2023-12-22,51.00431442260742,51.16710898265122,50.51917992664535,50.61360002624503,19405500
2023-12-26,50.926170349121094,51.11501800167624,50.82849361252663,51.00431471929959,11679900
2023-12-27,51.404788970947266,51.42758169713065,50.84476680739363,50.89360516967671,19896000
2023-12-28,51.303863525390625,51.551315737155136,51.28107079569083,51.368981351814305,16776000
2023-12-29,51.32990264892578,51.46990819363957,51.170361013539335,51.29083046758047,21948300
2024-01-02,51.86388397216797,51.94528125236759,51.18013564010519,51.199671732578835,23539800
2024-01-03,51.86713790893555,52.19273448843496,51.74666844140453,52.02017001531948,18756000
2024-01-04,51.365718841552734,51.945277118385306,51.277808295481904,51.837830481395585,19282500
2024-01-05,51.02384948730469,51.47642506214212,50.66244109993266,51.41781678602967,21709500
2024-01-08,51.52526092529297,51.53828374397559,51.014077099184156,51.020590371589655,20680800
2024-01-09,51.87038803100586,51.880157939273346,51.355951312765946,51.421069130036166,23322300
2024-01-10,52.51506805419922,52.58344251269404,51.95179293070036,51.95179293070036,20121900
2024-01-11,52.456459045410156,52.71042076592628,52.15039860023983,52.53459968013504,14355300
2024-01-12,52.524837493896484,52.59646858808505,52.21877702544274,52.54111694929129,13629000
2024-01-16,52.690887451171875,52.87647472878134,52.49553026487705,52.563904721160974,17032500
2024-01-17,52.44343566894531,52.74298286009548,52.30017348281326,52.5443690360371,14827800
2024-01-18,53.14998245239258,53.19882082310583,52.31646233527429,52.47274735723397,18190500
2024-01-19,52.869964599609375,53.25742233169921,52.56390414169155,53.21183687726019,19175400
2024-01-22,52.87322235107422,53.05555299429116,52.58344134187835,53.00345799249654,13938300
2024-01-23,53.0067138671875,53.02299332213139,52.671351133537804,52.78531104427347,12066600
2024-01-24,52.25784683227539,53.094623470350896,52.19923855984234,53.039271834074405,22932900
2024-01-25,53.01974105834961,53.029510967798686,52.23180270524878,52.55088601026874,16369500
2024-01-26,53.48533630371094,53.52114812202325,52.9611296813564,53.08810867880172,15746400
2024-01-29,53.736045837402344,53.85651529882268,53.24114517251766,53.51138637009803,18240300
2024-01-30,53.91511917114258,53.98675026010372,53.27369973268751,53.62534190535922,15270000
2024-01-31,53.804420471191406,54.634687610764125,53.75883874076684,54.634687610764125,26134800
2024-02-01,54.80073547363281,54.81376201821573,53.78162820158959,53.95093601988445,20792700
2024-02-02,55.21098327636719,55.53983271485999,54.673750121963565,54.74863784520676,21670800
2024-02-05,54.91469955444336,55.35424858817828,54.72259899466068,55.35424858817828,19145100
2024-02-06,55.289127349853516,55.33471280428513,54.81050616122011,54.957021254705936,14181300
2024-02-07,55.14912033081055,55.5658803251865,55.09051578543159,55.43890132611326,17082600
2024-02-08,55.14586639404297,55.53006374634249,55.07097866953283,55.149119303959246,14427900
2024-02-09,55.11656188964844,55.26308070659548,54.99934907176779,55.15237743485201,14329800
2024-02-12,55.448665618896484,55.468201708733204,55.04167182057584,55.100280090085995,14795100
2024-02-13,55.07098388671875,55.69938056221891,54.787716142065015,55.552861735362555,18574200
2024-02-14,54.8951530456543,54.986316490592976,54.55002417603931,54.94399140389885,18484500
2024-02-15,55.119815826416016,55.30215017963723,54.690033031149035,55.285866999770946,16948800
2024-02-16,55.468204498291016,55.979388317363394,55.11981895195983,55.445411771313886,22373400
2024-02-20,57.25897216796875,59.04648540271734,57.05384879792074,58.11202828450681,71788500
2024-02-21,56.55569076538086,57.16780795734897,56.26265312502256,56.978960318767015,40501500
2024-02-22,57.11245346069336,57.131989550814325,56.42870521097255,56.614292477929375,29512800
2024-02-23,57.161293029785156,57.841784657831745,57.07989575766943,57.33385748234745,74365800
2024-02-26,58.216217041015625,58.45064640614217,56.82918811957933,57.74736203689089,32154800
2024-02-27,58.206451416015625,58.41157478363546,57.845043045524235,58.25528978076391,18012700
2024-02-28,58.23575210571289,58.37250101374008,57.93295201683219,58.16737765169929,14803300
2024-02-29,57.249202728271484,58.108772068400896,57.2296666380267,58.06969988791133,29245100
2024-03-01,57.395721435546875,57.48363198412833,56.84872577870979,57.434793618500514,19030900
2024-03-04,57.923187255859375,58.01109780827885,57.044085457793265,57.1417621933133,16033300
2024-03-05,58.64600372314453,58.93903763562476,58.196684808932964,58.47994881285778,19676900
2024-03-06,59.1636962890625,59.21253465279107,58.646002926508736,58.72414356324878,12698700
2024-03-07,58.95857238769531,59.65208683424586,58.948802479361774,59.58371238042416,16195300
2024-03-08,58.72414779663086,58.880432807505734,58.34320331550639,58.60693497000685,12143600
2024-03-11,59.251609802246094,59.30044816842106,58.47995094784469,58.704610413152345,14154000
2024-03-12,59.98419189453125,60.14047689003867,59.24183909740304,59.53487299821343,16613100
2024-03-13,59.85721206665039,60.033033160867,59.46650142204667,59.83767597550094,15935200
2024-03-14,59.80624771118164,60.217891669584624,59.39460001395977,60.06107438940936,16584700
2024-03-15,59.4730110168457,59.93366341691538,59.2573858527588,59.4730110168457,50946300
2024-03-18,59.6494255065918,59.688630758103706,59.188773148373286,59.48280505707547,16801700
2024-03-19,59.65922546386719,59.85524798429638,59.39459562211057,59.75723859349109,12353600
2024-03-20,60.03166961669922,60.06107168702827,59.53181572701183,59.62982512065447,12007600
2024-03-21,60.22769546508789,60.433517446382226,59.8356503912539,60.061075000121825,14265900
2024-03-22,59.65922546386719,60.306097164110504,59.63962283794241,60.10027520012822,14029400
2024-03-25,59.365196228027344,59.776843913362114,59.15937425476934,59.65922815251288,14186600
2024-03-26,59.30638885498047,59.62002714777622,59.031959554955336,59.257384156950096,13738300
2024-03-27,59.5122184753418,59.83565249462828,59.17898127251445,59.65923257908327,14363400
2024-03-28,58.9731559753418,59.561223611054466,58.9633565305485,59.45341102423286,17535100
2024-04-01,58.80653381347656,59.55141493003369,58.73792648979967,59.1103689174876,13837600
2024-04-02,57.98324203491211,58.90454304954246,57.7088127409411,58.70852426174529,19510100
2024-04-03,58.24787139892578,58.31647872184599,57.767616399665656,58.19886670238545,14615100
2024-04-04,58.31648254394531,58.620317664518836,58.11066056169499,58.35568779927459,14436100
2024-04-05,58.659523010253906,58.84574611581495,58.30668690571446,58.36549105372811,10335900
2024-04-08,58.590911865234375,58.84574228610631,58.23807204483873,58.41449195503655,11070100
2024-04-09,58.600711822509766,58.77713172299568,58.12045681811618,58.67911859004865,10013500
2024-04-10,59.41420364379883,59.551418298914975,58.20867008108261,58.434094691461844,15097600
2024-04-11,58.894744873046875,59.67883125756462,58.87514224608158,59.54161660762636,10987600
2024-04-12,58.943748474121094,59.5122134290792,58.7575291296445,58.80653382673637,12280600
2024-04-15,58.73793029785156,59.4926146460432,58.718327669984625,59.3063915507168,10557200
2024-04-16,58.64971923828125,59.090769009940885,58.590911355787,58.835938591284695,14726300
2024-04-17,58.463497161865234,59.22798090458395,58.385086655525505,58.953551610032356,15329700
2024-04-18,58.08125686645508,58.74773127605409,58.042055348516776,58.639922428199924,12061500
2024-04-19,58.345882415771484,58.48309706543058,57.797023817135106,58.26747564688863,14165800
2024-04-22,58.943748474121094,59.19857888110877,57.865630182825086,58.37528725798172,14910000
2024-04-23,57.91463088989258,59.14956637009301,57.39517440663299,59.05155698266162,17963900
2024-04-24,58.67911911010742,58.84573956818471,57.64020606339246,57.80682278265099,18529100
2024-04-25,59.01236343383789,59.32599802239171,58.63992469669225,58.855546139560985,19263000
2024-04-26,58.963356018066406,59.18878063454363,58.80653873100316,58.91435131688771,11045200
2024-04-29,59.04176330566406,59.188777401169034,58.747727637016446,58.98295542417077,9785100
2024-04-30,58.16946029663086,59.10056447661953,57.983240956160586,59.00255508454437,14209200
2024-05-01,57.679412841796875,58.22827522479642,57.55200136443733,58.13026582085537,15464300
2024-05-02,58.522300720214844,58.69872061890426,57.41478037033194,57.767616428892076,17574100
2024-05-03,58.63011169433594,58.786928962351745,57.96363737056412,58.434089174611536,14207400
2024-05-06,58.67911911010742,58.806534314658435,58.208667284248406,58.806534314658435,11119400
2024-05-07,59.41420364379883,59.590623554325006,58.85554184007226,58.9731538674834,14520200
2024-05-08,59.10056686401367,59.63962601983992,59.022160094949996,59.42400460080071,11015700
2024-05-09,59.44282531738281,59.58051866961459,58.96091171573241,59.20678707422023,14550500
2024-05-10,59.482173919677734,59.58052632676903,59.167453720507005,59.413329110594184,12356600
2024-05-13,59.41331481933594,60.33780471305337,59.295295710975374,59.619849196906884,19260500
2024-05-14,58.87239456176758,59.551009178949265,58.45932202174734,59.521505337433574,18780100
2024-05-15,58.8428955078125,58.95107751942528,58.488834373776726,58.8428955078125,22240600
2024-05-16,62.95392608642578,63.35715775456923,61.90157614731361,63.16046047794123,60545600
2024-05-17,63.58336639404297,63.80956751187785,62.580194525560984,63.180127222264076,29330400
2024-05-20,63.12112045288086,63.691553068443525,62.81623366679459,63.357158689019805,15001400
2024-05-21,64.07511901855469,64.11445997578011,63.38666352239036,63.4653454368412,17131700
2024-05-22,64.1734619140625,64.60620490127596,63.662044522962695,63.90791985596677,14879400
2024-05-23,63.77022933959961,64.43901061444858,63.49485013881246,64.09478661346465,16222900
2024-05-24,64.30132293701172,64.60621349287575,63.937432198026606,64.05544757131013,11795000
2024-05-28,63.966941833496094,64.3898478009374,63.67188836652909,64.14397241297202,13349600
2024-05-29,63.84891891479492,64.1341352651179,63.58337679747151,63.681725451905315,11538600
2024-05-30,63.81940841674805,64.09478762186772,63.7013855416165,63.85874937512522,13051900
2024-05-31,64.67506408691406,64.81275370375567,63.10146310620889,63.603043494622774,27632200
2024-06-03,64.73406982421875,64.75373655309313,64.084962722068,64.42918675377834,11578700
2024-06-04,65.5011978149414,65.54053877501295,64.74390496824665,64.90126130501193,14780800
2024-06-05,65.98310089111328,66.04211607354198,65.18646721176306,65.4716834990227,14982700
2024-06-06,66.04212951660156,66.32734586191779,65.66839413138386,65.95361047670008,13256000
2024-06-07,64.7930679321289,66.4551876582468,64.55702970293821,66.28799422521672,20213200
2024-06-10,65.85525512695312,66.21915335883772,65.17663673629717,66.08146375834527,21659500
2024-06-11,65.6290512084961,65.85525232674956,65.25531587717622,65.84541521184111,13367500
2024-06-12,65.21597290039062,65.83558356058268,64.81274124387953,65.74706453618957,11704700
2024-06-13,65.59954833984375,65.65856353339966,64.86192220032441,65.206153734917,11196600
2024-06-14,65.91426086425781,66.00277989254198,65.20614615558574,65.44218439180976,12590100
2024-06-17,66.30767822265625,66.3273524572668,65.31434697696103,65.8159274067003,12103000
2024-06-18,66.48468780517578,66.75023736384185,66.18964191095968,66.51419164424543,12093500
2024-06-20,66.88794708251953,67.00596247432206,66.1896618347744,66.23883241351817,13860800
2024-06-21,66.78959655761719,67.41903697473779,66.7109146295967,67.13382061330476,25883000
2024-06-24,67.76325988769531,67.9009495076484,66.77975831458949,66.92728505125967,12470400
2024-06-25,66.30767822265625,66.474871699236,65.45203660514694,66.06180281467827,20869200
2024-06-26,67.1633071899414,67.46819020322059,66.10112394536142,66.2879916004782,14177500
2024-06-27,66.76007843017578,67.4485339751877,66.55354401772847,67.16331764270687,12899200
2024-06-28,66.5928726196289,66.97643752921029,66.20930771004751,66.7502364304928,18816700
2024-07-01,66.3666763305664,67.11413197578025,66.14046771193587,66.7699079939686,8666000
2024-07-02,66.94694519042969,66.95678230617834,66.15031139576726,66.32734196163901,9436500
2024-07-03,67.1141357421875,67.12397285751133,66.50436965547858,66.69122982550851,6287500
2024-07-05,68.88442993164062,68.99261567174845,66.976435064487,67.03545024314897,21586100
2024-07-08,68.53038787841797,68.98279768818496,68.20583056808906,68.74675941863724,12077700
2024-07-09,68.74674987792969,69.09097386981547,68.5205412526789,68.74674987792969,9758400
2024-07-10,69.24834442138672,69.27784826591058,68.56972598325403,68.94345385309121,10803400
2024-07-11,68.64839935302734,69.2876692474685,68.11730770719127,69.02212717631049,15624800
2024-07-12,68.09764099121094,68.87460806787313,68.02879618712801,68.74675557558221,12145300
2024-07-15,68.46154022216797,68.8156013635196,68.15665715737335,68.15665715737335,10171100
2024-07-16,68.83525848388672,69.08113382531003,68.43202682578284,68.66806505256365,9836800
2024-07-17,69.85810089111328,69.92694568665624,68.7959176140048,69.02212622994307,13533800
2024-07-18,69.65156555175781,70.01546375380444,69.26800062419076,69.51387596255528,10682700
2024-07-19,69.58273315429688,70.15316584177789,69.48438450213284,70.02530584079558,11665500
2024-07-22,69.21882629394531,70.08431233399007,69.07130708577428,69.69091027065339,12666100
2024-07-23,69.48438262939453,69.5335532023907,68.9532909177973,69.30735205886212,9263600
2024-07-24,69.43519592285156,69.67123415305085,69.17948346308232,69.3565140116118,22490800
2024-07-25,68.86476135253906,69.60238736640034,68.79591655805281,69.43519393743654,18821200
2024-07-26,68.62873077392578,69.0811405457341,67.69440738703132,69.07131093365527,16789300
2024-07-29,68.47138214111328,68.7467613806986,67.98946096831746,68.697583300692,10315300
2024-07-30,68.04847717285156,68.69758431812738,67.84194274010372,68.4025383442826,12522500
2024-07-31,67.50753784179688,68.10747431692798,67.16331384053815,68.03862951667624,22908800
2024-08-01,68.63856506347656,68.64840217867103,67.38951405699049,67.77308651437153,17275500
2024-08-02,67.33050537109375,69.08113667364618,66.62238315803428,68.45169637393116,23578700
2024-08-05,66.474853515625,67.44852526741428,65.80607979224315,66.9764413116813,20770500
2024-08-06,66.62239074707031,67.4977064980548,66.56338305710048,66.72073939819376,14815100
2024-08-07,65.80608367919922,66.88793374156883,65.70772753428533,66.75024414291381,18499200
2024-08-08,66.54370880126953,66.79941376456247,65.57003700577627,65.73723044412633,12489800
2024-08-09,66.82891845703125,67.09446804228122,66.21915237916312,66.7305698157803,13805600
2024-08-12,67.56654357910156,68.07796851210442,66.94694039469606,67.2124824727212,17385300
2024-08-13,67.00594329833984,67.47802724101301,66.03227907700611,67.30099670045054,26557900
2024-08-14,67.52721405029297,67.65506653921366,66.73057276288043,66.7994175651486,22928600
2024-08-15,71.97264099121094,73.21185499805566,71.57923888547218,72.89713481416885,49567500
2024-08-16,72.44408416748047,72.60189654660316,71.52682040732793,71.70435557138676,19872100
2024-08-19,72.71039581298828,72.96683718472595,72.33559514854655,72.38491340173381,13709300
2024-08-20,73.51915740966797,73.72628050542333,72.71038781080547,72.73997574949793,14434000
2024-08-21,74.2095718383789,74.5449193869164,73.5684722065434,74.26875524394937,14832000
2024-08-22,74.54492950439453,75.17616406682339,74.12081807730237,74.33780636905783,16511100
2024-08-23,74.66326904296875,74.7717631710621,73.98272385982023,74.56464006967705,12299100
2024-08-26,74.98875427246094,75.16628944108533,74.53505495817829,74.86053735480778,9508200
2024-08-27,75.08738708496094,75.40300434253619,74.73231672957515,75.40300434253619,11557800
2024-08-28,75.03807067871094,75.38327585229729,74.77176416986688,75.2353286279293,9814300
2024-08-29,75.3734130859375,75.4227313372592,74.63368446556407,74.9493017092604,11856800
2024-08-30,76.17232513427734,76.40903618588891,75.17615515158687,75.39314341760941,23230000
2024-09-03,76.11314392089844,76.74437842665745,75.74821594017115,76.27095630979262,22666100
2024-09-04,76.18217468261719,76.41889323402445,75.67916469191941,76.27094602062188,18442800
2024-09-05,75.90602111816406,76.38930839256125,75.34382764899335,76.19205043053637,13082900
2024-09-06,75.59040069580078,76.26108827344768,75.25506066943161,75.84684205561217,14548600
2024-09-09,76.28080749511719,76.4090319314867,75.4424499434527,75.7975202635543,22260200
2024-09-10,77.73068237304688,77.81945372198842,76.2216371652196,76.2906782033258,17686300
2024-09-11,77.76026916503906,77.83917535739664,76.50766534222436,77.306569846346,19518800
2024-09-12,78.56904602050781,78.81562222691176,77.54328809887838,77.90821606841469,14877700
2024-09-13,79.49617004394531,79.58494139411137,78.59863653618424,78.72685345874757,12994100
2024-09-16,79.45671081542969,79.91041011207778,79.04246461304338,79.73287495035389,15346400
2024-09-17,77.5235595703125,79.1608292304238,77.18821953385142,78.66767680628071,21065900
2024-09-18,77.94767761230469,78.32247830260066,77.20794891292195,77.56301929061841,15684900
2024-09-19,76.97122955322266,78.00684510597026,76.42875888875345,77.96739953483491,21525700
2024-09-20,77.97726440429688,78.51973511912713,77.04027774221844,77.1586370413385,39534300
2024-09-23,79.22987365722656,79.33836779717072,77.98712738826305,77.98712738826305,12147300
2024-09-24,79.5652084350586,79.80192701101747,79.14109705926808,79.37781563522695,14651100
2024-09-25,80.28521728515625,80.48247524762554,79.57507658041253,79.78219969847795,14163800
2024-09-26,78.82548522949219,80.08795428833707,78.17452791317305,79.93014941843605,17061100
2024-09-27,78.68739318847656,79.19041072713995,78.50985802923702,78.80575246960565,11899100
2024-09-30,79.64410400390625,79.83150430365059,78.76629342864219,78.79588136546336,18997000
2024-10-01,80.156982421875,80.41342375969131,79.33835521157835,79.57506624076606,16054200
2024-10-02,79.32850646972656,79.88083482707304,79.02275434689682,79.88083482707304,16618300
2024-10-03,79.32850646972656,79.47645371541851,78.7564477996694,79.20028953674527,11640400
2024-10-04,79.83151245117188,79.99918246020924,78.75643631253271,78.95370178631937,11583400
2024-10-07,78.01671600341797,79.83152093047259,77.89836423148365,79.58494470573049,16791600
2024-10-08,78.61834716796875,78.72684128756023,77.98711275847708,78.52958335643449,15270000
2024-10-09,79.29890441894531,79.39753339022484,78.65780481826621,78.7268458506527,12413000
2024-10-10,78.51972961425781,79.22000515391048,78.37178238195737,79.2101399984481,10812700
2024-10-11,79.00301361083984,79.03260155109263,78.28301531499397,78.608490182683,9570700
2024-10-14,79.19041442871094,79.40740269180279,78.66767408121252,78.95370338029645,9914500
2024-10-15,80.53179168701172,80.69946170382535,79.40740477145985,79.56520963289951,13276200
2024-10-16,80.10768127441406,80.54165781721608,79.5158998682624,80.41343337052884,11123300
2024-10-17,79.78219604492188,80.38384258528293,79.54548499581692,80.15698916641378,9424700
2024-10-18,80.19644165039062,80.57124229393234,79.5553495441591,79.7624726511597,12324100
2024-10-21,79.70329284667969,80.43316385660071,79.6145290217727,80.11754660430555,9750400
2024-10-22,80.89672088623047,81.10385152767489,79.72302322586228,79.99918738124302,12240100
2024-10-23,82.12960052490234,82.19864156254549,80.6797387343964,80.76850255783383,13058200
2024-10-24,81.90276336669922,82.17892754674354,81.44906399592503,81.82385716528383,11645900
2024-10-25,81.38002014160156,82.15920192263401,81.31097909897385,82.06056541181503,8959400
2024-10-28,81.6167221069336,81.94220449654047,81.34055796723385,81.6167221069336,7990200
2024-10-29,80.58110046386719,81.72521766247745,80.55151252337012,81.53781733945128,9682400
2024-10-30,80.27535247802734,80.70932902723435,80.18658865200352,80.48247559699188,9268800
2024-10-31,80.82767486572266,81.31096963276087,80.10767657998558,80.17671761457555,15539000
2024-11-01,81.06439971923828,81.39973976327212,80.42330004839295,81.39973976327212,12181800
2024-11-04,81.3208236694336,81.77453047658645,80.87698954166815,81.07424748180655,11731000
2024-11-05,82.53398895263672,82.62275277589382,81.38001410084212,81.54768411693355,10612500
2024-11-06,82.29727935791016,84.3685180446215,80.93617384457016,83.97399459836484,19974000
2024-11-07,82.70165252685547,83.23425799963803,82.27754117954204,82.57343561716839,12665800
2024-11-08,83.66824340820312,84.25015966593106,83.07646199486197,83.12577272311019,14396500
2024-11-11,83.0567398071289,84.24031027448109,82.96797597265507,83.7866033708048,10433200
2024-11-12,83.8260498046875,84.35865534389612,83.34276251953692,83.34276251953692,12860200
2024-11-13,84.32907104492188,84.61510037601658,83.60906513907527,83.82605342645122,12802600
2024-11-14,83.31317138671875,84.58550553862133,83.18494694104166,83.86549969145459,15740700
2024-11-15,83.09617614746094,83.61891646701456,82.79042407939934,83.37234027666601,17370600
2024-11-18,82.92851257324219,83.6879639874345,82.51426634731911,83.65837604628409,25093800
2024-11-19,85.41400146484375,87.08085912707568,84.73345621169902,85.04907347363967,36340900
2024-11-20,85.9860610961914,86.00578388314264,84.73345718978625,85.41400245078658,18183200
2024-11-21,87.17948150634766,87.42605770871313,85.73947738752226,86.25235257748271,18729200
2024-11-22,89.20140838623047,89.6649728455208,87.71208603348906,88.18551564773895,23990600
2024-11-25,88.2742919921875,89.70443114299098,87.84031541129397,89.2605969306477,25078600
2024-11-26,90.05948638916016,90.62167980861464,88.60961716927535,88.65893541787469,16657000
2024-11-27,90.6216812133789,90.98661669390957,90.05948778520963,90.7400404969071,14358900
2024-11-29,91.23319244384766,91.37127451149973,90.56250489029115,90.99648140285957,11041200
2024-12-02,91.37127685546875,91.71648203345458,90.69072412964776,91.54881202199125,17173000
2024-12-03,92.22937774658203,92.30827642344981,90.99649656222198,91.50937182395555,17775200
2024-12-04,93.15648651123047,93.22552754709473,91.77566579394532,92.1701816989362,17312600
2024-12-05,93.99484252929688,94.29072942941829,93.04798337916645,93.59045398341745,21932300
2024-12-06,94.38936614990234,94.86279576385824,94.02443819061752,94.23156129518934,18803500
2024-12-09,92.54498291015625,94.62608667883141,92.3181294909799,94.34992253368357,20931100
2024-12-10,93.255126953125,93.93567218542844,92.4858028461025,92.76197452613842,13164500
2024-12-11,93.65951538085938,94.37952129172696,93.20581601541369,93.24526911565803,19682100
2024-12-12,92.80142211914062,94.409103882066,92.80142211914062,94.36965078405893,14298600
2024-12-13,93.16519165039062,93.590242693801,91.96911953790583,92.72037412333414,11495900
2024-12-16,93.77806091308594,94.60838899847555,93.01691929323098,93.33323583170052,16742000
2024-12-17,94.32172393798828,94.39091794362285,93.23438633162449,94.04494791544997,23560800
2024-12-18,92.47325897216797,94.79620937721893,92.05808736668759,94.24264975043894,24665600
2024-12-19,92.32496643066406,93.48149790718534,92.28542592613597,93.39253742818222,16606500
2024-12-20,91.1783218383789,92.6709439539735,90.5753422930586,91.93946341467274,49350600
2024-12-23,89.31007385253906,90.44683890999721,87.88665331927945,90.44683890999721,26205400
2024-12-24,91.61325073242188,91.61325073242188,89.31006729206216,89.32984131474934,8992400
2024-12-26,91.72198486328125,91.81094534027564,91.1091183693046,91.47486237174581,10994000
2024-12-27,90.60501098632812,91.2870640631891,89.98225736372203,91.06959502301437,11384400
2024-12-30,89.52754974365234,90.02179480297285,89.09261167814435,89.68571178259384,9790200
