Price,Close,High,Low,Open,Volume
Ticker,XOM,XOM,XOM,XOM,XOM
Date,,,,,
2019-01-02,50.00183868408203,50.13098699671198,48.25833920058255,48.32291061989263,16727200
2019-01-03,49.234127044677734,50.40363285413726,49.04757825868696,50.224260495225735,13866100
2019-01-04,51.049381256103516,51.13547649650836,49.7650743379611,49.96597053092002,16043600
2019-01-07,51.31484603881836,51.73099125777496,50.75520511112313,51.12112628462017,10844200
2019-01-08,51.68794250488281,52.08255843225344,51.616194652089085,52.04668724286172,11439000
2019-01-09,51.96057891845703,52.089727224158636,51.40811451151708,52.089727224158636,13473500
2019-01-10,51.695106506347656,51.71663030961104,51.027841235137856,51.70945388385359,13151100
2019-01-11,51.458343505859375,51.5803153968809,50.99197427511884,51.55161516240348,9790100
2019-01-14,51.393775939941406,51.50140047026766,51.027860200447556,51.0924316342367,11012400
2019-01-15,51.42247772216797,51.91754729211291,51.1713574598811,51.62337393199746,10298300
2019-01-16,51.40094757080078,51.93188827044041,51.16417472098469,51.24309900425672,12595600
2019-01-17,51.75251388549805,51.90318601843782,50.870004896277855,51.07807750100716,10141700
2019-01-18,52.36956024169922,52.58480929433034,51.75251879643484,52.570456438015846,15759200
2019-01-22,51.580318450927734,52.1686596075252,51.42964631650757,51.939063192121566,15035600
2019-01-23,51.156978607177734,51.87446775749435,50.89150565091778,51.6663952470216,13187200
2019-01-24,51.2287483215332,51.6377170930383,50.68345480152303,51.01349929484204,11272500
2019-01-25,51.458343505859375,51.85295941340136,51.329195187715996,51.70946371502428,8996200
2019-01-28,51.11394500732422,51.14264524115097,50.489732712124564,50.95609645828205,13678400
2019-01-29,51.307682037353516,51.7955751767887,51.286158225527295,51.444001336923286,10513200
2019-01-30,51.867305755615234,52.06820189772429,51.30766493859446,51.49420822826184,11524700
2019-01-31,52.5776252746582,52.728297400140605,51.67358704775377,51.867312261952584,19876700
2019-02-01,54.4717903137207,54.88075902557784,53.3238084448243,53.754300961409285,22968700
2019-02-04,53.68255615234375,54.35699793328406,53.38121192111879,54.35699793328406,15483800
2019-02-05,54.235008239746094,54.27088489083065,53.81886864681062,53.94084050208467,12786700
2019-02-06,53.998268127441406,54.36418387740113,53.90499097728562,54.22786457749916,10866900
2019-02-07,53.582122802734375,53.94804402637508,53.022481798349276,53.77584258347877,14418900
2019-02-08,53.6691780090332,53.73446632018817,52.762359011099164,53.50957697983138,11959500
2019-02-11,53.756221771240234,53.84327837571067,53.24840541545393,53.596620763769344,10434800
2019-02-12,54.69930648803711,54.73557591609421,54.2785412721426,54.467161116299145,12599200
2019-02-13,55.315956115722656,55.526338776926984,54.779120845453754,54.82990248541454,13214600
2019-02-14,55.3304557800293,55.60613224902208,54.92420271176575,55.32320521436955,12772900
2019-02-15,56.375118255615234,56.41139322652244,55.67868198550798,55.81652023321519,14330300
2019-02-19,56.75235366821289,56.933717439249925,56.18649405335958,56.266294555398524,13551500
2019-02-20,56.969993591308594,57.17312015326039,56.58550323693074,56.803142001755496,12633100
2019-02-21,56.454925537109375,57.06431080580547,56.30258060363139,56.737852632823376,10266000
2019-02-22,56.89017105102539,57.27466125652216,56.309810460857626,57.10055363294998,9519300
2019-02-25,56.9482307434082,57.202138945498504,56.73059197888297,56.89744910299014,9274400
2019-02-26,57.064300537109375,57.40525978318513,56.868424561611086,57.078807203732175,10990600
2019-02-27,57.65192794799805,57.85505452660121,57.06431098349829,57.22390648469781,12398200
2019-02-28,57.33271789550781,57.85504647337194,57.10057247587747,57.63740772100076,14597900
2019-03-01,58.036407470703125,58.036407470703125,57.33271514455555,57.58662332028325,15419400
2019-03-04,58.261287689208984,58.43540086950164,57.318199535810614,58.21050606198586,18089900
2019-03-05,58.174251556396484,58.32659647714458,57.855049512095526,58.12346991614712,13745500
2019-03-06,57.514076232910156,57.58662063190525,56.483931376744486,57.20213033592671,18633600
2019-03-07,58.15247344970703,58.22501784024686,57.5430883926516,57.7099454721972,16541700
2019-03-08,57.31822204589844,57.54311140695081,56.76687449467695,57.23116542156312,16211300
2019-03-11,57.87681198120117,58.24679566383168,57.78250480259419,58.02190633457767,11060900
2019-03-12,58.036407470703125,58.457172753213676,57.95660696764826,58.116207973757994,11320000
2019-03-13,58.55147933959961,58.58775430782072,58.18149569592002,58.464422736738804,10260200
2019-03-14,58.35559844970703,58.69656316469696,58.29030462556028,58.61676267672987,9976700
2019-03-15,58.145225524902344,58.43540866264095,58.10895055714139,58.166988291645715,25316400
2019-03-18,58.81988525390625,58.94321125988702,58.35559455568784,58.35559455568784,9840600
2019-03-19,58.66754913330078,59.48731130881519,58.500692044325405,59.18262153045931,13936500
2019-03-20,58.994022369384766,59.42929442468151,58.44267481412384,58.58051308663519,13133600
2019-03-21,59.33498764038086,59.40753206096547,58.6167884674595,58.624039035168806,10117000
2019-03-22,58.3846321105957,59.0810683809182,58.25404996398626,58.9287234656711,12497700
2019-03-25,57.97836685180664,58.35560658108584,57.73896535454671,58.03640458473926,11320400
2019-03-26,58.732852935791016,58.957742278988064,58.16699875949908,58.2758181475823,9472800
2019-03-27,58.283058166503906,58.986750475998775,57.90582396217606,58.74009840678115,7258700
2019-03-28,58.573246002197266,58.609520972830936,58.05091741985963,58.05817352094305,7412300
2019-03-29,58.616764068603516,59.110073671940214,58.384618698491074,59.0012543189664,10889200
2019-04-01,59.29144287109375,59.327712302234275,58.81989598800527,58.92871535099226,10816400
2019-04-02,59.03752517700195,59.45103430049428,58.84165476472974,59.305945516202435,7646000
2019-04-03,58.68931579589844,59.320458159439355,58.478933163123834,59.320458159439355,8562900
2019-04-04,59.52358627319336,59.54534903810687,58.59499920355094,58.848912886961955,9360600
2019-04-05,59.84278869628906,59.87180756400093,59.451042284353484,59.596136622912816,10059100
2019-04-08,60.21277618408203,60.357864997118256,59.91533692213931,59.97337466126717,9108200
2019-04-09,59.43653106689453,59.90807794523611,59.298692839513066,59.8645468796099,8561600
2019-04-10,59.16811752319336,59.54535728320472,59.05930368355863,59.429281807883285,10324300
2019-04-11,59.4510383605957,59.538094957985585,58.776364951476594,59.15360467205003,9115100
2019-04-12,58.70383071899414,60.074940540292964,58.457178619188866,60.074940540292964,16638700
2019-04-15,58.50796127319336,58.80539501839355,58.41364855769416,58.682068966354045,8536100
2019-04-16,58.90694808959961,59.01576745450601,58.53696999761379,58.624021061712654,7005700
2019-04-17,59.07380294799805,59.26967336957917,58.81989479602896,59.160859543579996,8311400
2019-04-18,58.85616683959961,59.36398870086726,58.81264130726744,59.1681127358068,9493900
2019-04-22,60.14023208618164,60.37237750910094,59.22615706196913,59.393014179122126,10770600
2019-04-23,60.48844528198242,60.568245787132504,59.98062891719397,60.350612574273136,10595100
2019-04-24,59.31321716308594,60.27081778085331,59.291454393215915,60.220036139562,11684000
2019-04-25,59.64691925048828,60.09669787055072,59.05204628945153,59.233410064582046,11135000
2019-04-26,58.391902923583984,58.49346623563114,57.717229187964826,58.232301851856924,18053500
2019-04-29,58.014644622802734,58.31207833258931,57.78975531529705,58.12346399361562,10023700
2019-04-30,58.23952102661133,58.42088475952169,57.98561290749319,58.30481484854564,13721500
2019-05-01,57.07155990600586,58.22503656523785,57.03529046646292,57.99289111998382,13909800
2019-05-02,56.070438385009766,56.948238596009794,56.03416340765903,56.788637551321706,15360400
2019-05-03,56.201011657714844,56.73784692185682,56.1792488886634,56.433157085569505,12180700
2019-05-06,55.9543571472168,56.338853049437496,55.649667293940524,55.80201222057866,13367100
2019-05-07,55.65690994262695,55.70769157256509,54.96772435371508,55.49730895288352,13498800
2019-05-08,55.74395751953125,56.070415578548705,55.43926775894073,55.52632434830183,11352900
2019-05-09,55.69319534301758,55.77299586077251,55.10557838026234,55.38850547601739,13221600
2019-05-10,56.177486419677734,56.34625615416902,55.15754553245953,55.89865555206877,11056000
2019-05-13,55.55377960205078,55.93534350501937,55.29696097402936,55.50975515102603,12176100
2019-05-14,55.62714385986328,56.353580738425734,55.5904586911296,55.86195021301401,10548400
2019-05-15,56.03806686401367,56.170145805669,55.18689021818469,55.45104810149535,8918000
2019-05-16,56.030731201171875,56.46365322780611,55.92800375084422,56.060082701012085,8105200
2019-05-17,55.70053482055664,55.98670493694608,55.46572282944121,55.50975287688835,9279400
2019-05-20,55.69320297241211,56.030736857308334,55.524433230850626,55.803269708367274,7154300
2019-05-21,55.95000076293945,56.104091896532395,55.71519442628955,55.96467370975679,8489900
2019-05-22,55.443702697753906,55.92799396302353,55.31896304393302,55.781236489506135,7858300
2019-05-23,54.14493179321289,54.88604164683386,53.59460385797682,54.86402382691521,14657200
2019-05-24,54.37240219116211,54.482468904553805,53.888116489754495,54.40175368794827,7056400
2019-05-28,53.279083251953125,54.48246657766232,53.19102876535538,54.47512730422284,14912900
2019-05-29,52.948883056640625,53.146998632498274,52.55264630670058,52.75076188255823,13645200
2019-05-30,52.809471130371094,52.92687151563325,52.48661027400568,52.846156301541896,9362100
2019-05-31,51.9289436340332,52.50128941264628,51.82621619643673,52.237131545048086,13983300
2019-06-03,52.74343490600586,52.83882867807168,52.07570649267545,52.163755392150286,11831000
2019-06-04,53.9981803894043,54.04954971009819,52.95622739178127,53.16168228165332,10423000
2019-06-05,53.550575256347656,54.034860890673116,53.25706592736792,54.034860890673116,10617800
2019-06-06,54.526485443115234,54.753958110663156,53.99816977403264,54.08622425162133,11738900
2019-06-07,54.724609375,55.00344017074037,54.61454267202549,54.67324566004191,9095500
2019-06-10,54.96676254272461,55.27494487475236,54.62922311443612,55.17221743074311,7760400
2019-06-11,54.91539001464844,55.62714840529694,54.90071706560101,55.407020580232526,9415100
2019-06-12,54.3210334777832,54.74662174472112,54.159603059411914,54.65123358760403,7920800
2019-06-13,54.7979850769043,55.15753108007561,54.57785167189532,54.81265802473321,8986400
2019-06-14,54.555843353271484,54.89337715972978,54.46779446355002,54.79798899645638,8575900
2019-06-17,55.09882736206055,55.172208894907676,54.32837165119037,54.41642613167195,9355700
2019-06-18,55.57577896118164,55.92799128251743,55.28960889931971,55.34097261303275,10091500
2019-06-19,55.26761245727539,55.65651005758993,55.1575457255459,55.32631546062799,9757400
2019-06-20,56.21417999267578,56.47833792175223,55.82528237437623,55.942682788284216,16229700
2019-06-21,57.006629943847656,57.057993653123326,56.404938378807906,56.603053943664214,23108100
2019-06-24,56.463653564453125,57.0580116428653,56.36092611351299,56.88924191733439,10011800
2019-06-25,55.964683532714844,56.66176899072112,55.90598613691825,56.55904155029504,9740000
2019-06-26,56.206825256347656,56.595722767671774,56.11143709639701,56.2655282462674,11365500
2019-06-27,55.634483337402344,56.31689017847772,55.590458895470086,56.19948420235827,8147800
2019-06-28,56.22883224487305,56.30221377455583,55.722534399055114,55.90597702681263,14781300
2019-07-01,56.177486419677734,57.182754355222414,55.97937078183941,56.59573552020443,11437900
2019-07-02,55.56110763549805,55.964678084102346,55.33364055358971,55.86928992677226,10475400
2019-07-03,56.089420318603516,56.13344475835461,55.49506239083984,55.63448058101802,5246100
2019-07-05,55.8619384765625,56.0233688601047,55.465701789201766,55.90596850730738,6880800
2019-07-08,56.1187744140625,56.28019923337859,55.70785909716915,55.86928951471028,7876100
2019-07-09,56.08207702636719,56.331556298042315,55.56843993866876,56.096749972490976,7863000
2019-07-10,56.874568939208984,56.962617840986255,56.30956236108254,56.353592410197386,8077400
2019-07-11,56.91858673095703,56.94793822752424,56.53702847203446,56.80118634291376,6404000
2019-07-12,56.96261215209961,57.14605481011668,56.867223985291965,57.050666643309036,6139000
2019-07-15,56.55903625488281,57.04332191466025,56.41961805668964,56.962606704993156,7116400
2019-07-16,55.715206146240234,56.55170424640581,55.612478702235755,56.44163752833648,10197400
2019-07-17,55.385005950927734,55.73721269501671,55.2896121924753,55.57578227138207,7419300
2019-07-18,54.91539001464844,55.230911602310385,54.431104320926316,55.05480822261375,11424500
2019-07-19,55.025455474853516,55.21623739748414,54.69526094565373,54.95941880830371,11243100
2019-07-22,55.08415603637695,55.25292572937982,54.665907038667825,55.20889568873008,8368800
2019-07-23,55.30427551269531,55.59777918588672,54.849335862090676,55.14284513350581,8551200
2019-07-24,55.29694747924805,55.803250935378244,54.92272294218552,55.318959699388515,8260200
2019-07-25,54.98143005371094,55.60513393013307,54.886041893202936,55.60513393013307,9083900
2019-07-26,54.893375396728516,55.091496588689665,54.73928424643944,54.93740543840058,7677300
2019-07-29,55.28227615356445,55.311627650326685,54.812663401819954,54.94474233813719,7091900
2019-07-30,55.28960418701172,55.44369531501772,54.952070440204594,55.07681007741549,6961200
2019-07-31,54.563194274902344,55.51709850417629,54.48981831839511,55.062158616668825,13104600
2019-08-01,53.16902160644531,54.49714471597357,53.02960338894535,54.10824716002723,17132800
2019-08-02,52.648048400878906,53.756043739606326,52.2297993204386,53.279091658838134,21376700
2019-08-05,51.56939697265625,52.03900970971225,51.07777201327347,51.93628227337034,19080900
2019-08-06,52.068355560302734,52.105046325686295,51.56939138150028,51.576730654221954,12282400
2019-08-07,51.730831146240234,52.00966197961045,50.92368454587314,51.261218375182075,15231100
2019-08-08,53.110313415527344,53.13233123578914,51.81888120476902,51.987645305865406,14304100
2019-08-09,51.98031234741211,53.01493169462173,51.70882077834583,52.92687719755303,13686600
2019-08-12,51.72772216796875,52.12146086303507,51.5048573040913,52.047166907242854,9542600
2019-08-13,52.366607666015625,52.46318753407103,51.20026406343082,51.46027588544031,12403300
2019-08-14,50.25678253173828,51.3265460865317,50.25678253173828,51.311690699698204,18114400
2019-08-15,49.95963668823242,50.18993208453848,49.42475193876904,50.11564379552038,12874400
2019-08-16,50.739688873291016,50.858549027876364,49.97450289409137,50.35338061826128,12649000
2019-08-19,51.593994140625,51.742576364672864,51.15568933230651,51.23740813857475,10032800
2019-08-20,51.28197479248047,51.482559357728306,51.04424892584611,51.482559357728306,9743500
2019-08-21,51.79458999633789,51.98774409571318,51.53457813246743,51.97288303615856,10134200
2019-08-22,51.68315124511719,51.97287954077799,51.44542531873312,51.935738230056415,8972000
2019-08-23,50.1379280090332,51.653432858322574,49.79619735691398,51.125978656062486,15371900
2019-08-26,50.40537643432617,50.7099658137343,50.16765048828011,50.60596106657875,7343900
2019-08-27,49.915069580078125,50.84368745041544,49.75163192804536,50.61338636444488,9490900
2019-08-28,50.279075622558594,50.501946131694446,49.89277316359993,50.167640367990664,9647400
2019-08-29,50.836246490478516,51.014539498009796,50.58365953429606,50.73967229219752,9004100
2019-08-30,50.873409271240234,51.319144762475304,50.561389326324836,50.969983499526975,9180800
2019-09-03,50.932830810546875,51.021980165945266,50.24193889275191,50.43509299553159,9849700
2019-09-04,51.475154876708984,51.71288086363252,51.32657259248515,51.631162024268065,6959200
2019-09-05,52.20317459106445,52.41118973462255,51.7797251103863,51.883729848248784,9901500
2019-09-06,52.69348907470703,52.70834446577452,52.09174654939106,52.26260905191701,10418500
2019-09-09,53.1095085144043,53.540388541054575,52.73063652653941,52.86435771867801,12840200
2019-09-10,53.54038619995117,54.11984278460333,53.20608606813895,53.59238856862936,13810800
2019-09-11,53.436378479003906,54.11240923407459,53.15408073163182,54.06783739707709,10525700
2019-09-12,53.47353744506836,53.60725865387702,52.52262792252116,52.730643100094454,9100700
2019-09-13,53.963844299316406,54.02327720668109,53.532964222673485,53.681546491085186,7337200
2019-09-16,54.773590087890625,55.85078437590962,54.67701021760195,55.746779644700865,19830200
2019-09-17,54.357574462890625,55.033610995109754,53.956410861546374,54.840456890499475,14452200
2019-09-18,54.09755325317383,54.20898851228257,53.73353669672913,53.97126260450585,7292200
2019-09-19,53.73353958129883,54.372429055464806,53.629534845302786,54.20899142237588,8050200
2019-09-20,53.547821044921875,53.85983528213835,53.38438339652271,53.85240475234742,19736600
2019-09-23,53.5849494934082,53.755817630575876,53.08721180575136,53.13178363812893,7495200
2019-09-24,52.849483489990234,53.39179865292111,52.61175761518688,53.34722115476102,13307100
2019-09-25,53.00550079345703,53.094650139150126,52.61176776868702,52.73063356294447,8035200
2019-09-26,52.723201751708984,53.005499504455905,52.50776175573124,52.90892529984501,8420200
2019-09-27,53.102088928222656,53.243234996067216,52.47062421671407,52.52262659283237,8224000
2019-09-30,52.45576858520508,53.07979709578338,52.43348266237498,52.9237899681388,9768900
2019-10-01,51.22255325317383,52.67863088509895,51.19284247261723,52.619197988319755,10279100
2019-10-02,49.88534927368164,50.95511312352772,49.78134453366651,50.71738719380267,14503700
2019-10-03,50.501953125,50.51680851601101,49.26131543183291,49.77391427312849,10788400
2019-10-04,51.237403869628906,51.311692141547205,50.38307457298885,50.59851452903421,10534800
2019-10-07,50.53165817260742,51.281982859764014,50.53165817260742,51.03682642715355,10993000
2019-10-08,49.55104064941406,50.45737247618019,49.506468811321604,50.17507472187309,9748700
2019-10-09,50.10078430175781,50.293932703820026,49.922485621316675,49.99677957208349,8580900
2019-10-10,50.7025260925293,50.78424490302812,50.05620613708391,50.09335311197705,7100100
2019-10-11,51.24485397338867,51.62372600525573,51.17799053563719,51.24485397338867,10101900
2019-10-14,51.39342498779297,51.53457671049944,50.95511442836238,50.96254495793466,6234600
2019-10-15,51.571720123291016,52.002600170699736,51.26713641242183,51.3042777261293,6645700
2019-10-16,50.68766403198242,51.65342290593635,50.67280297684807,51.41569703427349,9765800
2019-10-17,50.620811462402344,51.1705515956573,50.57623962311583,50.8733984433031,9757200
2019-10-18,50.227073669433594,50.62823718845301,50.227073669433594,50.42022773440573,13472700
2019-10-21,51.066551208496094,51.08883713003761,50.383089831332875,50.383089831332875,10199300
2019-10-22,51.32655715942383,51.82430057711707,50.99968756808497,51.096261772916215,9536000
2019-10-23,51.81686782836914,51.824298356986425,51.09625958397444,51.22998075992225,8641800
2019-10-24,51.32655715942383,52.03974057358638,51.2745547925404,51.97287714883174,9003600
2019-10-25,51.44542694091797,51.61629511269115,51.18541508633559,51.18541508633559,7607200
2019-10-28,50.99224853515625,51.75742852076002,50.94767670464169,51.60142144612709,11209600
2019-10-29,50.843685150146484,51.28199004455575,50.695102896914456,50.87340160079289,13894400
2019-10-30,50.308807373046875,50.79168984452018,49.97450150764187,50.79168984452018,12840600
2019-10-31,50.19736099243164,50.30879625627605,49.877916258921935,50.11564217680128,16169100
2019-11-01,51.7054443359375,51.71287486624559,50.7471099682161,50.806542875012916,14108700
2019-11-04,53.24323272705078,53.39181498665242,51.95802877154018,52.05460298940599,15858200
2019-11-05,54.298126220703125,54.32041780434234,53.376939137738994,53.51809082829354,14930400
2019-11-06,53.1095085144043,54.134706210077944,52.89406850107916,54.03070146817385,13996500
2019-11-07,54.238712310791016,54.25356770236376,53.488387510114094,53.510673431389954,13073800
2019-11-08,53.20866775512695,53.98308165063873,53.125969150396806,53.84022765520282,12106000
2019-11-11,52.8853645324707,53.088368159394825,52.607182450207006,52.787625657105906,8674000
2019-11-12,52.15607833862305,52.93800665165251,51.86285593826036,52.83274188642195,13918600
2019-11-13,51.72751998901367,51.99066755097821,51.57714585632919,51.89292293068664,11773700
2019-11-14,51.50196838378906,51.85534047151161,51.26137547626119,51.77263612178134,11279800
2019-11-15,52.020748138427734,52.10345248651644,51.62978108633802,51.65985591620548,11252800
2019-11-18,51.51700210571289,51.74256046248919,51.3515991450892,51.65233597254121,10095600
2019-11-19,50.99070358276367,51.54707356054517,50.960628754750225,51.4267799846783,12605500
2019-11-20,51.148597717285156,51.53204464612659,50.61478236813092,50.87792997177208,16930700
2019-11-21,52.38162612915039,52.441775779130175,51.06588265082096,51.141066845202516,14080900
2019-11-22,52.15607833862305,52.76507782611681,52.12600351086959,52.41170577024719,12143600
2019-11-25,51.81021499633789,52.20869633785415,51.659840890737485,52.156066834940404,10670000
2019-11-26,51.682403564453125,51.9079618896402,51.45685097545255,51.81773741232807,15457000
2019-11-27,51.652320861816406,51.945543198131936,51.43428844655459,51.697435961685756,8393900
2019-11-29,51.22377014160156,51.524512649218245,51.12603126450528,51.37414426350302,7980800
2019-12-02,51.44180679321289,51.78765865906748,51.40421756599008,51.501956440192664,11116900
2019-12-03,51.03582000732422,51.31400790274027,50.76515225399716,51.126044503829135,12245800
2019-12-04,51.6147346496582,51.69743897869534,51.23128782741201,51.313992156449146,11049700
2019-12-05,51.434295654296875,51.85533173750862,51.28392152730238,51.795182086710824,13109000
2019-12-06,52.261322021484375,52.53198965559897,51.69743207310984,51.69743207310984,13710800
2019-12-09,52.374114990234375,52.6071877282037,51.89292349658324,51.93803860497389,12397700
2019-12-10,51.922996520996094,52.74251975010134,51.65232882479496,52.37411317212232,14281800
2019-12-11,51.84781265258789,52.44929770043757,51.62977446614705,51.682403977619906,13748400
2019-12-12,52.8853645324707,52.9154393563182,51.80269955489118,51.84780892256937,17068500
2019-12-13,52.050811767578125,53.035737854997144,51.96810743728641,52.99062848799659,12274500
2019-12-16,52.62973403930664,52.81769737516131,52.404175741806725,52.404175741806725,15208700
2019-12-17,52.389156341552734,52.915451539593164,52.11096845905282,52.6147147042486,14450700
2019-12-18,52.53200149536133,52.84777856093706,52.08840498651177,52.35155254115821,13652300
2019-12-19,52.17111587524414,52.667341957343375,52.05833669875002,52.62222684503341,13273200
2019-12-20,52.584632873535156,52.80267106546645,52.17111117570224,52.52448321999824,35092000
2019-12-23,52.847774505615234,52.85529464550992,52.276364333526004,52.52447732437626,14172500
2019-12-24,52.64476776123047,53.005659884364874,52.562069172035066,52.892880737373765,3979400
2019-12-26,52.72747802734375,53.005665856440096,52.63725928853461,52.772593132934674,8840200
2019-12-27,52.547035217285156,52.86281227791614,52.53951507693117,52.7801079425814,10516100
2019-12-30,52.23878860473633,52.96056734410801,52.178638942408476,52.69741400547053,12689400
2019-12-31,52.46432113647461,52.47936141438879,51.885396632855546,51.892911035627314,13151800
2020-01-02,53.3064079284668,53.39662666652827,52.810181924383535,52.810181924383535,12456400
2020-01-03,52.87785339355469,53.659781653311036,52.75003968645062,53.63722123189284,17386900
2020-01-06,53.28384780883789,53.652254336111675,52.802662134304796,52.870326180948965,20081900
2020-01-07,52.847774505615234,53.020697569890714,52.26132978992268,53.00566302628739,17387700
2020-01-08,52.050811767578125,52.847774510913446,52.00569666439153,52.71244067372575,15137700
2020-01-09,52.44929504394531,52.55455406155979,51.599697026674754,51.983143868662474,14811800
2020-01-10,51.98314666748047,52.59966626221044,51.968112122520175,52.57711157667673,11995600
2020-01-13,52.4793586730957,52.531988170675575,51.960578099676255,52.02824213819965,9953900
2020-01-14,52.028255462646484,52.313963439408525,51.79518273312923,52.16358931053732,16261000
2020-01-15,51.9455451965332,52.32147187152164,51.79517682101216,52.028249523925524,11390300
2020-01-16,51.7425537109375,52.31396393367381,51.72751916600158,52.10344588745163,13340300
2020-01-17,51.54706954956055,51.9380365471265,51.34407164649911,51.68992353746194,18144100
2020-01-21,50.81024932861328,51.44180337133206,50.75761982505339,51.411728549842735,17982600
2020-01-22,50.51704406738281,50.90048526458207,50.374190051060964,50.795226221877854,17033100
2020-01-23,50.20125198364258,50.321551288175975,49.65992232180196,50.15614261253583,19605900
2020-01-24,49.86292266845703,50.13359038071817,49.65240461140656,50.028331352192936,18238600
2020-01-27,48.67499923706055,49.41933841244711,48.64492440547232,49.18625990168524,21231000
2020-01-28,48.60732650756836,49.02084246180664,48.59228622636023,48.953178404929794,19664700
2020-01-29,48.20132827758789,48.968216322610665,48.04343973114752,48.893032119951485,14202800
2020-01-30,48.712581634521484,48.78024568598555,47.69006056925519,47.95320810748119,18544700
2020-01-31,46.705135345458984,47.517138445266866,46.50965471111262,47.517138445266866,34282900
2020-02-03,45.660064697265625,46.17884260232135,45.38939696659529,46.14877064076413,27389300
2020-02-04,45.08864974975586,46.54724432728092,45.028500100492245,46.201392448294534,31922100
2020-02-05,47.16375732421875,47.31412855834547,45.56230898674069,45.67508812935892,32099200
2020-02-06,46.524696350097656,47.3742887577294,46.44950927767877,47.31414196788785,16055400
2020-02-07,46.2164306640625,46.35928178140729,45.908170876460346,46.17131842633053,15112500
2020-02-10,45.72833251953125,46.15541606523259,45.4690323148677,46.12490947426779,20934500
2020-02-11,46.16303634643555,46.437589817368085,45.888482875503016,46.20117103571822,14908700
2020-02-12,46.72739791870117,46.9256849260083,46.18591906291207,46.78078299410188,17862100
2020-02-13,46.468109130859375,46.84180475031592,46.18593039035373,46.567254113463186,16949400
2020-02-14,46.25457000732422,46.64351893516406,45.972388350043,46.635893740577444,10855300
2020-02-18,45.667320251464844,46.05626908683097,45.339381686093866,45.873235367576974,18948500
2020-02-19,46.01814651489258,46.23168686651822,45.62919760167887,45.84273795330451,12804900
2020-02-20,45.65205764770508,46.17065792862411,45.545287515033735,45.93423627108905,14817200
2020-02-21,45.0953369140625,45.38514080142522,44.83603670850152,45.38514080142522,20315700
2020-02-24,42.9827995300293,44.08101052408634,42.9827995300293,43.94373378617066,32096600
2020-02-25,41.335479736328125,43.28022955749864,41.160071225559705,43.28022955749864,36414500
2020-02-26,40.42793273925781,41.80832542166333,40.36692246710208,41.602410298259066,29801000
2020-02-27,37.995094299316406,39.99322972867916,37.97984100177696,39.43649746020007,48141300
2020-02-28,39.230587005615234,39.230587005615234,36.614705804335074,37.194319543172966,62446700
2020-03-02,41.0914421081543,41.09906730196119,38.99416178971912,40.10762627873653,38127600
2020-03-03,39.123817443847656,41.29736463528162,38.87977046863162,41.14483454845424,50580700
2020-03-04,39.97798156738281,40.023741465880235,38.98654037409397,39.833079586045095,24079600
2020-03-05,38.21626281738281,38.66622491315132,37.40023030782674,38.45268165649012,40788200
2020-03-06,36.37065505981445,37.37734943939081,35.9969594465538,37.24770077213236,55640500
2020-03-09,31.92441749572754,33.99119104862496,31.116010283745354,31.81001923324949,72896300
2020-03-10,33.106510162353516,35.28005321183148,31.61172255958033,35.21141485714966,60445900
2020-03-11,32.015933990478516,33.15990496497557,31.840525456834538,32.32861927380363,51986100
2020-03-12,28.355234146118164,31.00162188933332,28.217957364038057,30.429636267089307,65725300
2020-03-13,29.072113037109375,30.612660867345493,26.692654375909207,30.513515907925523,79891500
2020-03-16,26.303714752197266,28.88908942937818,25.35803052907935,26.235076357702663,48924700
2020-03-17,28.073057174682617,28.507766042527503,26.08254661704052,26.85281935729932,41204400
2020-03-18,25.258882522583008,27.996786962035607,23.81747931936839,26.349468599894738,54036400
2020-03-19,26.257946014404297,26.61639116603189,24.671638279708002,25.7240923379481,49412400
2020-03-20,24.969070434570312,26.829928542302838,24.069145057448257,26.57062837973396,76534600
2020-03-23,23.985260009765625,24.938569208013316,22.96331243287335,24.808917644231858,56952500
2020-03-24,27.028223037719727,27.5849552953256,25.41903945386827,26.250322334014964,61835600
2020-03-25,28.439117431640625,29.43055830201115,26.829931224470673,27.84425058200354,56607700
2020-03-26,29.60597801208496,30.17033848590833,28.00441930165225,28.59928346679533,46722000
2020-03-27,28.1798152923584,28.736547412492985,27.607829878748696,28.317092024366186,51558600
2020-03-30,28.599288940429688,29.095011112438513,27.34854716958478,27.630726005868052,45835000
2020-03-31,28.957719802856445,30.08643749246946,28.500129663217443,29.239898497942534,41491600
2020-04-01,28.622154235839844,29.51445315194132,27.714604932830238,28.111181905623255,36045900
2020-04-02,30.810951232910156,32.00067912612576,28.9043330355585,29.5449568662394,62000200
2020-04-03,29.903404235839844,32.16846797359427,29.377178570488475,31.611735713630623,48425700
2020-04-06,30.864343643188477,31.138897194325114,29.91865951252551,30.414381525329908,41301900
2020-04-07,31.451580047607422,33.03788512636032,31.390566859174758,32.71757461489569,48921800
2020-04-08,33.44208908081055,33.58699395634502,31.626990268256176,31.993060690349555,33355600
2020-04-09,32.89297866821289,35.62325447317556,31.83289939299267,34.66994535383816,60107300
2020-04-13,32.61080551147461,34.08271540529421,32.0083162032179,33.89968163621624,29651900
2020-04-14,32.35912322998047,33.36581737283069,31.962546308665473,32.79383193215359,30769000
2020-04-15,30.87196922302246,31.314306151878753,30.03305817009605,31.268546256361795,33125000
2020-04-16,29.857648849487305,30.871968445788344,29.689865479418458,30.871968445788344,30934000
2020-04-17,32.96162414550781,33.037887727784735,30.406753409462393,30.414381513251595,40829100
2020-04-20,31.40581512451172,32.59554592491204,30.917721332327535,31.077876562400128,39260800
2020-04-21,31.238037109375,32.130336088867026,30.223717570336778,30.81095642315637,44381600
2020-04-22,32.130332946777344,32.74045023118863,31.924417817800652,32.48877521490534,27074200
2020-04-23,33.137027740478516,34.05983033021572,32.64893390489086,32.892980822684684,35271000
2020-04-24,33.350563049316406,34.23523372055549,32.89297587460486,33.86153820670366,28653800
2020-04-27,33.51072311401367,33.80052991816998,32.20659685921338,33.243797708388605,28274400
2020-04-28,34.29625701904297,34.616567554036784,33.640379741557545,33.83866679999145,26545100
2020-04-29,36.19524383544922,36.302014002808896,35.20380282662082,35.28006640065806,29502500
2020-04-30,35.44022750854492,36.363030213782146,34.90637371807683,36.363030213782146,37076300
2020-05-01,32.900604248046875,35.37920798747599,32.793834090908284,34.79959731617998,35399300
2020-05-04,34.22761535644531,34.273372337483615,32.19897343446221,32.4201389644414,27465600
2020-05-05,34.189483642578125,35.95882534182456,34.059832074397114,35.28006672585366,29276200
2020-05-06,33.54886245727539,34.52505025799402,33.48022407070804,34.26575000976949,22659000
2020-05-07,33.73952102661133,34.52504688902073,33.533605887002594,34.288625156299105,22160300
2020-05-08,35.219051361083984,35.24955795028143,34.30387405003993,34.55554904701614,19977400
2020-05-11,34.88349533081055,35.23431245644553,34.70808385872394,35.1656740701892,22258000
2020-05-12,34.30042266845703,35.50544601963714,34.30042266845703,35.31108731894105,25439100
2020-05-13,32.597835540771484,34.106057713977044,32.341280679369625,34.00499334343498,30827900
2020-05-14,32.8854866027832,33.07984527415388,31.252874949540693,31.929242295520822,24856500
2020-05-15,32.652252197265625,33.437459814254126,32.5356358245758,32.94767816658298,22445600
2020-05-18,35.24888229370117,35.435467888895175,34.25376702780628,34.518094891019295,32026100
2020-05-19,34.16048049926758,36.25178179227181,34.15270745697275,35.41215087188094,21771600
2020-05-20,35.27220153808594,35.435465032850935,34.65025454702961,34.689125677906155,19352400
2020-05-21,34.64249038696289,35.59873468688859,34.51032494929231,35.32663076965055,19130700
2020-05-22,34.673580169677734,34.728000351592065,33.77953220560124,34.2459917550605,15406400
2020-05-26,35.6920280456543,35.99522711338212,35.34995783487795,35.5598655661537,20356500
2020-05-27,35.948577880859375,36.64826725453158,35.30330572727249,36.27509899543753,20788300
2020-05-28,35.015655517578125,36.11961123935164,34.930137236039506,36.096289150087536,19698000
2020-05-29,35.349952697753906,35.52098629544809,34.49477284657227,34.84461901452486,25874700
2020-06-01,35.979679107666016,36.11184455668204,34.82907603908995,35.233342463023945,19031000
2020-06-02,36.78042984008789,36.889270203206685,36.34506542193526,36.43058369743645,22319000
2020-06-03,38.2808837890625,38.40527321546923,37.27799237046448,37.31686351015198,23418000
2020-06-04,38.17204284667969,38.210916954489896,37.44125529128969,38.001009228162566,18731400
2020-06-05,41.2662239074707,41.553873836671514,40.11561825931305,40.1544923561238,41328900
2020-06-08,42.556766510009766,43.038775077266614,41.56164831756288,42.54121746388183,33579400
2020-06-09,41.60830307006836,41.95814925777389,40.77644822690069,41.11074536563287,27276900
2020-06-10,39.37706756591797,41.59275520851142,39.33819345953589,41.59275520851142,31156800
2020-06-11,35.90192794799805,37.96990374341552,35.839731760140694,36.951463409832385,39183000
2020-06-12,36.671592712402344,37.79887360015518,35.69202631301257,37.34796302446083,30978100
2020-06-15,36.64826202392578,37.13027058575145,34.790194034894526,35.25665355076745,27929300
2020-06-16,37.47235107421875,38.6773741998732,36.72601451498891,38.53743572430787,26203400
2020-06-17,36.25178527832031,37.41793746943967,36.22846021783663,37.31687011581938,19279400
2020-06-18,36.47724151611328,36.79599264972167,35.58319322347045,35.84752118948629,21478700
2020-06-19,35.74644470214844,37.51899474774458,35.74644470214844,37.48789961578932,48899900
2020-06-22,36.08852005004883,36.10406910109333,35.29553920652716,35.52099303247677,17565400
2020-06-23,36.30619812011719,36.7104644870056,36.15071059967122,36.46168564056316,18916600
2020-06-24,34.59584045410156,35.73089428308022,34.40148179986504,35.69202314536846,27626900
2020-06-25,35.11671829223633,35.171141440852345,33.96611547832956,34.24599239954318,19353600
2020-06-26,33.91169738769531,34.93791085167613,33.81840606342735,34.89126667238101,31518600
2020-06-29,34.455909729003906,34.658044435614734,33.84951154052817,34.05941929015709,17052100
2020-06-30,34.766876220703125,34.96123487047776,33.55407717846547,33.763984876103386,22153600
2020-07-01,33.98166275024414,35.27997996344537,33.950564657139076,34.588063703083336,17290100
2020-07-02,34.26932144165039,35.13227142825135,34.152705055680535,34.68913390665052,18216600
2020-07-06,34.51032638549805,35.04675823472382,34.08273788710395,34.72800715580527,22692000
2020-07-07,33.616275787353516,34.20712482025975,33.51520845181295,34.129382541030296,17407600
2020-07-08,33.53852844238281,34.15270249314277,33.30529865362063,33.546304449225566,18291400
2020-07-09,32.15468978881836,33.507424090488385,32.10026961379009,33.351939570794535,25882000
2020-07-10,33.157588958740234,33.20423313963604,31.952562880516208,31.968111929374086,18951000
2020-07-13,33.16535949707031,33.65514411925304,32.83106238605263,33.41413832866334,20028300
2020-07-14,34.26153564453125,34.354826947243886,32.85437823592923,33.06428589129044,21444100
2020-07-15,34.69690704345703,35.054526247849694,34.37038296916286,35.00787910418549,17332400
2020-07-16,34.4248046875,34.836847060695526,34.04386337714375,34.44812974321002,14673700
2020-07-17,33.833953857421875,34.743550908087855,33.73288652989978,34.46367694565975,17958900
2020-07-20,33.04096984863281,33.826177474255125,33.025420801058026,33.59294769198853,18553900
2020-07-21,34.71245193481445,35.13226431481267,33.51520208189273,33.54630017394513,28821800
2020-07-22,33.903926849365234,34.32374228808099,33.71734122137669,34.32374228808099,21345400
2020-07-23,33.9738883972168,34.06717970725027,33.44523269756501,33.74065863929449,17934400
2020-07-24,33.76398468017578,34.53364326803763,33.5773990725767,34.113830840875536,16415300
2020-07-27,34.26153564453125,34.277084689262864,33.40635894403184,33.60849059418872,18547900
2020-07-28,33.85728454589844,34.40148949258919,33.78731529609993,34.13716154509245,19190500
2020-07-29,34.230445861816406,34.27709300733117,33.694017033946544,33.98166701709319,14143200
2020-07-30,32.55117416381836,33.56961419115651,32.52007904491745,33.53074306827295,29901100
2020-07-31,32.71445083618164,32.784417106220786,31.804850771861712,31.99920943044451,32116200
2020-08-03,32.84661102294922,33.040969668055425,32.24021299923467,32.69112351372874,23033600
2020-08-04,33.795074462890625,33.89613880003951,32.83883050264429,32.91657275670911,17724000
2020-08-05,34.09050750732422,34.448129692802695,33.841728661751745,34.32374027001646,17175100
2020-08-06,33.9272346496582,34.12936924197435,33.624035726860676,33.740652065941276,14434900
2020-08-07,33.771751403808594,33.83394758326628,33.28196983612612,33.608490881247775,18757900
2020-08-10,34.60361099243164,34.6735802215229,33.896145660810035,34.199347630657144,24367800
2020-08-11,34.96123123168945,36.088508910512395,34.77464564242759,35.3732705773095,28987500
2020-08-12,34.95330047607422,35.62715513625424,34.58862626054582,35.246625125591954,22503200
2020-08-13,34.09710693359375,34.77889102841972,34.02575736496816,34.48556636815174,17338700
2020-08-14,34.247745513916016,34.3111656911716,33.621455008524364,33.77208057566799,13595700
2020-08-17,33.80379104614258,34.223959156989494,33.66902128386511,34.223959156989494,15554600
2020-08-18,33.637298583984375,34.23980365777342,33.526311045985096,33.76414191658121,13014000
2020-08-19,33.264705657958984,33.819646550418256,33.19335607144016,33.573886191479055,14473100
2020-08-20,32.7573356628418,33.20921541765731,32.741479861457144,33.050660427995666,15678500
2020-08-21,32.51156997680664,32.77318612072088,32.273739043183774,32.74147452312199,25517700
2020-08-24,33.4708251953125,33.70072671090676,32.57499224581332,32.72561779384878,18208900
2020-08-25,32.408504486083984,33.3519016197551,32.26580535336954,33.02686537839079,31285600
2020-08-26,31.71879768371582,32.37679971472736,31.7108712965328,32.21824475340783,26795000
2020-08-27,31.504751205444336,31.94870145743217,31.163859105276945,31.710870533269503,32034300
2020-08-28,32.257877349853516,32.44021446645179,31.520599473417445,31.58402265702581,33477100
2020-08-31,31.663301467895508,32.281665467108596,31.631592897415548,32.21824227778043,25259600
2020-09-01,31.258989334106445,31.51267604397225,30.95773523207176,31.51267604397225,22464100
2020-09-02,31.068727493286133,31.488898627263065,30.878463944173767,31.100439092866388,26413400
2020-09-03,31.005300521850586,31.73464900721348,30.822963400509863,31.07665009317382,28817200
2020-09-04,30.98152732849121,31.54439465213892,30.640635169282643,31.2827784733201,24632500
2020-09-08,30.26803207397461,30.664418033011277,29.61002993036501,30.323525866304955,38496400
2020-09-09,30.085697174072266,30.79126375071963,30.06191195828313,30.40280415080479,25886100
2020-09-10,29.332557678222656,30.418654237374366,29.253281704982353,30.339378264134062,34381200
2020-09-11,29.25328254699707,29.578318885333278,28.928246208660866,29.435619710045714,26838600
2020-09-14,29.063007354736328,29.34047621097927,28.928237631470818,29.261200258962347,26129900
2020-09-15,28.753829956054688,29.633807027969336,28.706262565291937,29.173997989814858,23724200
2020-09-16,29.974702835083008,30.244245367945865,28.75383353775217,28.90445909098737,30890900
2020-09-17,29.966773986816406,30.109473155378087,29.30877495327931,29.61002606541221,24696200
2020-09-18,29.48317527770996,29.982622242008752,29.09471887984268,29.752717747819055,46853800
2020-09-21,28.880672454833984,29.10264755680722,28.286093696676573,28.880672454833984,35351800
2020-09-22,28.167177200317383,29.205709203747904,28.11961283435739,28.904455114537278,27303200
2020-09-23,27.2634220123291,28.373303753979563,27.231710414182643,28.262316184651407,31251400
2020-09-24,27.207923889160156,27.604309730230884,26.76397065845471,27.271347075339776,26796000
2020-09-25,27.46161460876465,27.699445543413628,26.85910937270827,26.954241141730982,23486000
2020-09-28,27.99277687072754,28.460512412578318,27.826292473388598,27.858004075185047,23396500
2020-09-29,27.17621612548828,27.834218165993484,26.946314603651505,27.747012784800322,20770500
2020-09-30,27.21585464477539,27.683587057141757,27.057299695673102,27.461611942909023,22223700
2020-10-01,26.264524459838867,27.03351087018161,26.113895917464735,26.78775360493323,36890200
2020-10-02,26.145612716674805,26.438937425980924,25.53517808842174,25.5668896851533,32694300
2020-10-05,26.748117446899414,26.756043832949732,26.296234813249278,26.415151773291512,22965200
2020-10-06,26.470645904541016,27.28719976699271,26.407225742732944,27.049368867890504,26731800
2020-10-07,26.55785369873047,26.748120249899753,26.32794916478799,26.66884126016912,23779300
2020-10-08,27.953128814697266,28.016552002313176,26.763971264555252,26.859106045979118,34413700
2020-10-09,27.540891647338867,28.50014472934135,27.469542069592492,28.286095996102215,29228600
2020-10-12,27.45368766784668,27.532963636403018,27.13657774525264,27.382338086472238,17912800
2020-10-13,27.128650665283203,27.643950496108808,27.03351587642385,27.532962933290502,20995100
2020-10-14,27.073162078857422,27.612247222433346,26.97802727174295,27.001812485613996,17743000
2020-10-15,27.310985565185547,27.3189119515142,26.375514720835394,26.716406792463875,23251600
2020-10-16,27.03351593017578,27.46161340834126,26.85910819862206,27.24756466925852,22627200
2020-10-19,26.494428634643555,27.24756235084898,26.470646451497117,27.033513629978973,23645800
2020-10-20,26.716411590576172,26.898748750722095,26.423086856792256,26.684699991198297,23040600
2020-10-21,26.28830909729004,26.652983348578715,26.272453300601313,26.56577797888273,28619300
2020-10-22,27.63602638244629,27.715302355499322,26.177326099305034,26.304169470700597,31831500
2020-10-23,27.081083297729492,27.810434892120337,26.84325237371362,27.723229514338186,27429100
2020-10-26,26.438936233520508,26.771901935815666,26.12182935306017,26.645058578794696,30888700
2020-10-27,26.018774032592773,26.320028207345047,25.92364224947595,26.28039021639511,27100700
2020-10-28,25.027809143066406,25.669955483652938,24.98817115210832,25.447977290754892,42136400
2020-10-29,26.13768768310547,26.264531052415876,24.663131624756684,24.90096256419064,38622800
2020-10-30,25.860212326049805,26.272453978034267,25.376621099218333,25.693730992801484,47885700
2020-11-02,26.946311950683594,27.318912600664415,25.82057454167184,26.27245417774312,40130300
2020-11-03,26.48650550842285,27.342700497287915,26.26453037391016,27.342700497287915,36773000
2020-11-04,26.34380531311035,27.065227496240823,25.788864474352078,26.375516909424373,35410100
2020-11-05,26.29623794555664,26.890816768223925,26.27245576038892,26.454792903104774,30824100
2020-11-06,25.9870548248291,26.684694753280294,25.860211476400156,26.240741521686996,33985600
2020-11-09,29.27706527709961,30.133257320499155,28.587354599890993,28.872749931567725,76879400
2020-11-10,29.926578521728516,30.389360408382306,29.21210699085286,30.080838118230808,49055400
2020-11-11,29.618059158325195,30.13767374225502,29.382607832123483,30.11331777649182,34124500
2020-11-12,28.603185653686523,29.463799234934417,28.310901679030742,29.114682609334142,30933700
2020-11-13,29.293296813964844,29.431318060306893,28.72496729406061,28.741205634303213,29241500
2020-11-16,30.982051849365234,30.990169472986487,30.121438179579602,30.519269874266147,38596800
2020-11-17,31.396114349365234,31.42859103355045,30.348767610142065,30.69788422226548,26521100
2020-11-18,30.210744857788086,31.769591712973245,30.202627234883554,31.680282375287216,31068000
2020-11-19,30.364999771118164,30.44618836790734,29.683005027791182,29.926573915305152,26954400
2020-11-20,29.991527557373047,30.373120819061064,29.86162392956495,30.32440579720298,18351000
2020-11-23,31.956331253051758,32.01316391059056,30.267580580048552,30.44619927354054,29367600
2020-11-24,34.08350372314453,34.1646954434978,32.654563513548965,32.89001175970482,46979300
2020-11-25,33.13358688354492,33.86429385132133,33.003683216130376,33.83181716018076,28178200
2020-11-27,32.63020324707031,33.239127190129096,32.370395945803686,33.044273262752796,14971900
2020-11-30,30.957687377929688,32.37850960173706,30.82778375563888,32.31355624201833,45614300
2020-12-01,31.258089065551758,32.19177348429054,31.233733104120084,31.631561594188604,32472900
2020-12-02,32.42722702026367,32.81693795318572,31.12819057719018,31.16878488532113,29369500
2020-12-03,32.64643096923828,32.99554749744764,32.25672014412823,32.532765699057805,27038900
2020-12-04,33.83992385864258,33.9048741168613,33.003669539767905,33.10109647566921,28723600
2020-12-07,33.20664978027344,33.72626432303078,33.01991040039472,33.62883427340355,24899400
2020-12-08,34.294593811035156,34.578757045587864,32.83317404148702,32.906245029964424,32573800
2020-12-09,34.74925231933594,35.50431810993599,34.4082564640439,34.67618133646668,37824800
2020-12-10,35.731651306152344,36.10512696668007,34.7167781901305,35.074015509144246,38058700
2020-12-11,35.56114959716797,35.66669725724934,35.08212941328684,35.47996099534946,25478800
2020-12-14,34.27836227416992,36.09701353062718,34.245885584589146,35.99958655903244,30595000
2020-12-15,34.94410705566406,35.09024901199115,34.148447014075785,34.456966168858266,27138400
2020-12-16,35.47996139526367,35.81283962190623,34.879155204736136,35.52055569663049,34273000
2020-12-17,35.301353454589844,35.75601782031502,35.23640317214202,35.723541130517305,21204600
2020-12-18,34.69243240356445,35.54492545167486,34.440742681984176,35.130858461614785,46596800
2020-12-21,34.05915069580078,34.16469839279781,32.90625294443898,33.37715567169671,27869500
2020-12-22,33.482696533203125,34.01854943580857,33.47457581355089,33.75874215558454,21792900
2020-12-23,33.913002014160156,34.416378236218044,33.66131235455766,33.70190666168139,19085900
2020-12-24,33.77497863769531,33.97795327637653,33.59636306171594,33.81557604314931,8039000
2020-12-28,33.888641357421875,34.54627709435889,33.710022714230746,33.84804395877176,23877500
2020-12-29,33.50704574584961,34.197158114164836,33.45021310832466,34.13220785577052,20287700
2020-12-30,33.77497863769531,34.440735204797924,33.50705372515265,33.55576875340913,23807300
2020-12-31,33.466461181640625,33.839933793193154,33.2634865322559,33.669435831025346,22786500
2021-01-04,33.69378662109375,34.30271047569183,33.28783738469503,33.653192316883256,27764700
2021-01-05,35.31758117675781,36.37304850054193,33.96171230556786,33.96982992700189,44035100
2021-01-06,36.21879196166992,36.61662048546988,35.47996446318021,36.05641164501513,36484800
2021-01-07,36.50295639038086,36.99821497870808,36.15383978212223,36.53543307420656,29528100
2021-01-08,36.908905029296875,37.201188984544316,36.49483815746099,36.69781278225538,28628200
2021-01-11,38.02932357788086,38.27289249381013,36.33245569099649,36.56790698515841,38246200
2021-01-12,38.87371063232422,39.10915890154718,38.08616790205212,38.53271156772736,36915100
2021-01-13,39.3121223449707,39.54757364407208,38.71943683482186,39.401431672019285,29000300
2021-01-14,40.846614837646484,41.47177705717649,39.37707743092164,39.37707743092164,35474800
2021-01-15,38.88182067871094,39.84798192581229,38.394682792396424,39.70995756316332,42411300
2021-01-19,39.65312576293945,40.14026365969548,39.25529410610917,39.336485820333316,24932600
2021-01-20,40.21332550048828,40.38382651297561,39.77490273206139,39.87232966980664,22342400
2021-01-21,39.06044387817383,40.09967314129088,38.711327216880285,40.05096120529946,29044500
2021-01-22,38.50834655761719,38.678844501315766,37.86694599172594,38.16734757307301,23264800
2021-01-25,38.07803726196289,38.199820167074996,37.47723106644442,38.07803726196289,26395800
2021-01-26,37.24177932739258,38.85745853158558,37.225540987479214,38.37031762562468,23976800
2021-01-27,36.819602966308594,37.88319132513552,36.15384631334749,36.535439674367,32410300
2021-01-28,37.39604949951172,37.82635475340517,37.09564479665471,37.29861944051347,24967200
2021-01-29,36.40552520751953,37.37980392909785,36.13759724279815,36.981972341309145,38961100
2021-02-01,36.47048568725586,37.00634176681236,35.95899177028427,37.00634176681236,24412400
2021-02-02,37.04692459106445,38.15110690261611,36.76275829483321,37.19306654977844,31940400
2021-02-03,38.500221252441406,38.703195855663,36.87642442666866,37.046925447206256,28459300
2021-02-04,39.23905944824219,39.279653757388786,38.36220750436878,38.87370447162827,25280300
2021-02-05,40.55434036254883,40.69236165382243,39.81551267529883,39.92917799685303,34980100
2021-02-08,42.29990768432617,42.51100301412238,41.171369342955515,41.341867272843146,36998700
2021-02-09,41.80450439453125,42.07697927570774,41.094413568217156,41.837529457579734,28977000
2021-02-10,42.20909118652344,42.45679649594351,41.60634044536184,41.80450658274423,25723800
2021-02-11,41.15220642089844,42.05220463800877,40.27697778553411,42.0191764291852,26972200
2021-02-12,41.71368408203125,41.870563389607355,40.79717152519196,40.81368563384379,19756700
2021-02-16,42.96872329711914,43.37330789077948,42.621933352809314,42.902666869729146,28060100
2021-02-17,43.63751983642578,43.984309721415386,42.770549848566695,43.22467668508876,25509700
2021-02-18,42.952205657958984,43.71183561201038,42.82009596378728,43.60449865094457,20627600
2021-02-19,43.24119186401367,43.398074281257266,42.86963238862536,43.026514805868956,22607200
2021-02-22,44.83477020263672,45.255872024036755,43.42284723622304,43.42284723622304,36435100
2021-02-23,45.45403289794922,45.62742627535972,44.37238579622743,45.39623510547905,33527900
2021-02-24,46.8164176940918,47.06412297453538,45.305410128821926,45.56962951459422,28728600
2021-02-25,46.0402717590332,47.27054586704972,45.70174046483971,47.047610163593966,29670900
2021-02-26,44.8925666809082,45.462292287296876,43.86045872700816,44.925594891371446,35291000
2021-03-01,46.56871032714844,47.567790031695374,46.34577463981473,46.62650811833754,36998300
2021-03-02,46.296226501464844,47.03108673962413,46.25494282005849,46.77512602505894,30302600
2021-03-03,46.66779327392578,47.856780494055236,46.139354509423804,46.58522274838267,35358900
2021-03-04,48.476043701171875,49.103567076123454,47.14668820528741,47.16320230986439,52137500
2021-03-05,50.3090705871582,50.408152069257945,48.806321651380834,49.40081684346631,51429800
2021-03-08,50.259521484375,50.87053069925924,49.39255154615181,50.84576111951498,38154600
2021-03-09,49.4833869934082,50.68888840070158,49.10357199928733,50.044854006345005,35645900
2021-03-10,51.00264358520508,51.126494641467005,49.56594802446631,49.970535700972526,31579100
2021-03-11,50.622833251953125,51.646682602537695,50.581546413027574,51.010903709955926,24802600
2021-03-12,51.16779327392578,51.49806598318221,50.779719612061854,50.82100330700091,20422700
2021-03-15,49.863197326660156,51.0769572484878,49.43384005397457,50.77145418609853,31243600
2021-03-16,48.80633544921875,49.26046244944907,48.253123789133355,49.161380939338414,30624800
2021-03-17,49.02099609375,49.318243673862625,48.40173135176316,48.459529142369135,25575500
2021-03-18,46.90724182128906,48.69072417874843,46.6677920282209,48.55861449114935,38622800
2021-03-19,46.64301681518555,47.45218894776184,46.08154992323579,46.824665645115395,84439400
2021-03-22,46.164119720458984,46.94852231524622,46.15586424355821,46.65127475092742,29315100
2021-03-23,45.59440994262695,46.47789425348949,44.95863095401432,45.363215578748864,33493300
2021-03-24,46.5191764831543,47.295320641680526,46.30449938390031,46.30449938390031,29781800
2021-03-25,46.387062072753906,46.65128146802696,44.99990867269857,45.58614525910167,31495900
2021-03-26,47.65036392211914,47.70816172121335,46.667798187773776,47.31183260610571,34226500
2021-03-29,47.3943977355957,47.741184490614195,46.849444870749885,47.344855420703006,21144400
2021-03-30,46.80815887451172,47.36137037665143,46.643024121389196,46.948527194358086,20303400
2021-03-31,46.09807205200195,46.75862052526119,46.07329931880602,46.52742619731278,23686500
2021-04-01,47.386138916015625,47.435681230707345,46.354030983013914,46.50265477734563,23194500
2021-04-05,46.651275634765625,47.32833814421109,46.35402806481528,47.31182404035348,23264800
2021-04-06,46.5191764831543,47.51000089067848,46.45312005277217,46.93201972381071,18926300
2021-04-07,46.725589752197266,46.8742135442495,46.43660079528649,46.56045185550108,22385000
2021-04-08,46.23843765258789,46.30449407539709,45.676970657684116,46.18063985750164,21999300
2021-04-09,46.13109588623047,46.60173685776719,45.85036239884509,46.23843599457462,20020700
2021-04-12,45.825599670410156,46.890735986255535,45.66872037301387,46.8659632500132,20238800
2021-04-13,45.998992919921875,46.22192864688563,45.487068185640645,45.66046159003113,19370600
2021-04-14,47.32834243774414,47.89806489867089,46.444858274545595,46.576967967647896,28051100
2021-04-15,47.04761505126953,47.41091596700834,46.88247712602682,47.41091596700834,23250300
2021-04-16,46.783382415771484,47.625582761841535,46.601730434341746,47.36136341598541,22752000
2021-04-19,46.63477325439453,47.17972621971781,46.205415895390736,46.85770898790097,21123300
2021-04-20,45.652198791503906,46.62650893102122,45.23109699150834,46.62650893102122,21782100
2021-04-21,46.23843765258789,46.34577776478103,44.834770165328464,44.99990807260785,16625600
2021-04-22,45.635684967041016,46.230180147279015,45.42926337942987,46.230180147279015,21600100
2021-04-23,45.88338851928711,46.18889157555168,45.561371358664545,45.635683253403855,15337900
2021-04-26,45.97422409057617,46.47789335426122,45.77605794676383,45.80083068333037,16083800
2021-04-27,46.57696533203125,46.75861733092173,46.081554798366945,46.246689543092806,19278600
2021-04-28,47.98063278198242,48.26962173542716,46.89072708650034,46.98980856343234,24729800
2021-04-29,48.66595458984375,49.111825995439936,48.013664736927424,48.64944048410942,27318400
2021-04-30,47.262290954589844,48.62467162568634,47.19623453066718,48.16228925720234,30518400
2021-05-03,48.56686782836914,48.707236136988094,47.6751282638083,47.873291211602584,20509600
2021-05-04,48.872371673583984,49.12833556421268,48.310904729442086,48.7154924082109,23522200
2021-05-05,50.342098236083984,50.40815150683232,49.04577090649514,49.351273976911095,31526200
2021-05-06,50.82100296020508,50.89531487048588,49.56595911420925,50.25128041454823,26836800
2021-05-07,51.54759979248047,51.58062800287382,50.243013829634634,50.42466583705456,33610600
2021-05-10,51.67146682739258,52.86045119913092,51.630179979284975,52.21641983512348,31956600
2021-05-11,50.0283317565918,51.51456642842701,49.8631938708894,50.88704624244972,34563800
2021-05-12,50.296409606933594,51.670261702188085,50.05347148882346,50.27127598378587,34426500
2021-05-13,49.676490783691406,50.6398641553027,49.21574824773197,49.42517696367977,24268200
2021-05-14,50.90793228149414,51.00008142713373,50.204251673261965,50.204251673261965,20735400
2021-05-17,52.09749984741211,52.147763902805266,50.62312270780332,50.715271878209386,25282500
2021-05-18,50.62311553955078,52.18964162774495,50.5979851132274,51.938327777624174,25170800
2021-05-19,49.40842056274414,50.14561051199067,48.939299104927535,49.50894544812324,28889800
2021-05-20,49.29115295410156,49.55084576625729,48.78852520965161,49.38330211956422,20692500
2021-05-21,49.358158111572266,50.12048170343174,49.29951832691055,49.77701554237228,20792700
2021-05-24,49.936187744140625,50.09535243122874,49.1654883428697,49.49219985156982,18400300
2021-05-25,48.80527114868164,49.877548448212735,48.68799156802095,49.84403908355856,25616100
2021-05-26,49.37491989135742,49.525708843776,48.50369873870779,48.796897704172224,21698700
2021-05-27,49.05659484863281,50.01158950153901,48.60422795126799,49.61786240246636,33556000
2021-05-28,48.89741516113281,49.25763280420884,48.67961070504497,49.198993020045634,19246800
2021-06-01,50.64823913574219,50.84929210610334,49.8021485421211,49.8021485421211,28474200
2021-06-02,51.050350189208984,51.36030703544533,50.40530926534099,50.89118549200613,22978300
2021-06-03,51.25141143798828,51.44408553264182,50.556106352576755,50.72365001616275,20272800
2021-06-04,51.47758102416992,51.68700974827506,50.9163103818412,51.48595676705749,20427800
2021-06-07,51.14250183105469,51.7121483058651,51.11737140281074,51.377064211972005,15477900
2021-06-08,52.0472297668457,52.34042871562175,50.82416353399552,51.51946846341995,28953400
2021-06-09,52.482845306396484,53.127883035370935,52.09749398301852,52.499596794012454,29133000
2021-06-10,52.566619873046875,53.59700901058884,52.14776234417797,53.287055334002076,27488700
2021-06-11,52.08073806762695,52.935207719134596,52.055607641168464,52.78441876912566,17631700
2021-06-14,51.99696731567383,52.59174417037005,51.5781098356406,52.18964137301363,16997200
2021-06-15,53.89019775390625,53.948837537668375,52.23151954123068,52.340423366344005,30717100
2021-06-16,53.69752883911133,54.28393315876717,53.245165179437194,53.88182715696722,24803200
2021-06-17,51.929954528808594,53.999108416647815,51.32679870303955,53.49648069225971,28491800
2021-06-18,50.59798812866211,51.56135847747619,50.46395385423453,51.10061585885822,39590700
2021-06-21,52.432579040527344,52.52472819666576,51.01684192026409,51.04197234625495,33145400
2021-06-22,53.437835693359375,53.62213399898003,52.13099926334063,52.65038162071024,25140400
2021-06-23,53.831565856933594,54.20015609832986,53.261919420676065,53.6556464798735,20701600
2021-06-24,54.04936599731445,54.08287536241138,53.454592342803174,53.739415554869176,19568400
2021-06-25,54.166656494140625,54.39283673836042,53.91533943055558,54.124768186456976,18438300
2021-06-28,52.784427642822266,54.08288542340424,52.56662312043213,54.08288542340424,20570000
2021-06-29,52.45771026611328,53.42108375508067,52.43257983973937,52.95196222378394,19579300
2021-06-30,52.84306335449219,52.96871868621252,52.315302013505324,52.52473076200164,17875500
2021-07-01,52.99384689331055,53.965596117797894,52.58336835300662,53.89020483930159,22530300
2021-07-02,52.918453216552734,53.044111740531235,52.29016698791824,52.784418948935866,14555300
2021-07-06,51.41056823730469,52.57499156653837,51.01684436353309,52.56661582268327,22110800
2021-07-07,50.606353759765625,51.77915582336097,49.94455826394213,51.251394575180214,21671400
2021-07-08,50.38017272949219,50.85766995883112,49.68487103588392,49.80215060861577,18935900
2021-07-09,51.29328918457031,51.47758750759577,50.463953122213994,50.84930125614984,20086000
2021-07-12,51.24302291870117,51.519470391288046,50.39693220940881,50.614736694417175,21809400
2021-07-13,51.000083923339844,51.527842008623736,50.69012710999424,51.10060881639934,17147300
2021-07-14,49.86917495727539,51.71214867141769,49.72676493538071,51.24302710189606,21573600
2021-07-15,49.38330078125,50.011587042600176,49.23251182287562,49.56759591155154,15851100
2021-07-16,48.017822265625,49.64298817192001,47.87541225331939,49.57597263543179,27049500
2021-07-19,46.367523193359375,47.07958284878323,45.739236953906655,46.61046130623207,37969100
2021-07-20,46.87852096557617,47.414657943711234,46.09944592058976,46.493172911995146,26756100
2021-07-21,48.38641357421875,48.83878040919876,47.607341619258364,47.632472044880956,20908700
2021-07-22,47.84189224243164,48.369653455726436,47.46491994722107,48.36127451826158,13493800
2021-07-23,47.783267974853516,47.99269674066655,47.30577064445014,47.99269674066655,14088200
2021-07-26,48.98957061767578,49.13198382301085,47.749752856799276,47.88378712295812,18387600
2021-07-27,48.44506072998047,48.59584649232386,47.925675121128705,48.59584649232386,16861400
2021-07-28,48.77177047729492,49.11523351464365,48.26913953771166,48.58747214655146,16855300
2021-07-29,49.366539001464844,49.701626237604096,49.05658538519471,49.4251787884449,18607800
2021-07-30,48.22724914550781,49.32465687428262,48.01782040918179,49.32465687428262,28652800
2021-08-02,48.235626220703125,49.475443908371574,48.084837280724514,48.2104926002875,20873800
2021-08-03,48.75501251220703,48.930931891189864,47.69111410332239,48.227251179629505,18208200
2021-08-04,47.61572265625,48.48694705848536,47.59059222783355,47.908921639872844,20868300
2021-08-05,47.917293548583984,48.33615100408624,47.60733992628837,47.858653760463966,15180200
2021-08-06,48.470191955566406,48.64611134422023,48.193744462856785,48.30264831110262,14888500
2021-08-09,47.917293548583984,48.18536206445513,47.60733992628837,47.858653760463966,17828200
2021-08-10,48.738258361816406,48.8890473156295,48.00106827602228,48.10159318002132,16340200
2021-08-11,48.88066101074219,49.006319518528315,48.35290294754909,48.746626760397,18278600
2021-08-12,48.77012252807617,49.14429817848563,48.36193356362747,48.8126448476209,19225500
2021-08-13,48.27689743041992,48.53201513836413,47.87721096677548,48.49799857890552,20063000
2021-08-16,47.57106018066406,47.69862063454241,47.00129750640089,47.63909328779841,16959500
2021-08-17,47.2479133605957,47.877203391017055,46.77169133552232,47.19688852948162,16243700
2021-08-18,46.25294876098633,47.46051044009933,46.184918899006504,47.12885391445768,21890500
2021-08-19,44.84130096435547,45.674687173341695,44.30555152857949,45.47059431285396,30923500
2021-08-20,44.84980010986328,45.18995590849732,44.31405075311828,44.45011372137131,16918300
2021-08-23,46.695152282714844,46.82271272913661,45.87877450880687,45.87877450880687,21632600
2021-08-24,47.077842712402344,47.49453422442595,46.78020267410201,47.01831535354182,17915600
2021-08-25,47.162872314453125,47.426495744442015,46.66113949221439,46.97578775368417,13270300
2021-08-26,46.52507400512695,47.230902871155386,46.45704414415865,46.941768663046886,11842600
2021-08-27,47.42649459838867,47.80066695488194,47.1118495885194,47.1118495885194,15822500
2021-08-30,46.90775680541992,47.91122249611288,46.87374024953266,47.82618435039205,14086100
2021-08-31,46.363502502441406,47.03531484867126,46.31247767123505,46.71216407235863,27104100
2021-09-01,45.72570037841797,46.56758889075967,45.58113166535122,46.33798529211863,21644100
2021-09-02,46.839725494384766,47.31594428614356,46.15090485688009,46.16791313429965,23293300
2021-09-03,46.66114044189453,47.043818575796884,46.431533561553124,46.873739044729476,13840000
2021-09-07,46.389007568359375,47.00129249124776,46.32097771248108,46.49105397417519,14354400
2021-09-08,45.96381759643555,46.924764196098266,45.92980104119148,46.59311089246176,18756700
2021-09-09,45.997825622558594,46.7716842688839,45.32601337904634,45.59813928254557,19110800
2021-09-10,45.904293060302734,46.967286146852906,45.87878226430472,46.93326958952391,15123700
2021-09-13,47.086334228515625,47.56255623212532,46.44853846632263,46.47405250272831,22052300
2021-09-14,46.41452407836914,47.42649216300896,46.269955355422354,47.358459059505314,19940300
2021-09-15,47.979251861572266,48.07279576728422,47.03531677556319,47.08633836486259,23240900
2021-09-16,47.46902084350586,48.013272805762135,47.19689486237772,48.013272805762135,17907200
2021-09-17,46.90775680541992,48.259884083964,46.85673197158903,47.06082806291527,30000400
2021-09-20,45.65768051147461,46.06586949090546,45.036892902507,45.73421614786775,27555100
2021-09-21,45.615150451660156,46.3549925959978,45.283497188474215,46.23593791116149,19696800
2021-09-22,46.950279235839844,47.54555603044771,46.23594773110991,46.286972568589746,25690600
2021-09-23,48.5405158996582,48.67657887947796,47.0098033216893,47.12885802353192,23069400
2021-09-24,48.974220275878906,49.16981062515809,48.20036139655792,48.21736967614711,22328600
2021-09-27,50.42837905883789,50.85357618959368,50.02019020259193,50.04570099235834,32972200
2021-09-28,50.955623626708984,51.43184559065835,50.60696210217364,50.938618595850734,37619300
2021-09-29,50.92161560058594,51.18523577817869,50.21578671890854,50.887599047349106,23422800
2021-09-30,50.02019500732422,51.168226073041296,50.01169249125092,51.12570700468084,31289600
2021-10-01,51.81452941894531,51.86555424917661,50.52192958239294,50.52192958239294,24407300
2021-10-04,52.48634338378906,52.78398012606378,51.831539306787484,52.14618432633464,33946700
2021-10-05,52.401302337646484,53.319729852338064,51.891066992149305,53.166658599889466,29641600
2021-10-06,51.44035339355469,51.976099474783936,50.811060174908505,51.42334511802405,25284900
2021-10-07,51.58491897583008,51.9420862747155,51.14271354311315,51.54239990891433,19513600
2021-10-08,52.87751770019531,53.081610515042506,52.08665074366965,52.08665074366965,22186900
2021-10-11,52.350276947021484,53.62586846210878,52.299252118579076,53.60035442588909,22121500
2021-10-12,52.07815170288086,52.70744170864433,51.74649517963052,52.358780153019424,20198600
2021-10-13,51.93358612060547,52.205712071035585,51.20224641232557,51.68697096427905,14991700
2021-10-14,52.72446060180664,52.91154843556972,52.01863158824421,52.477845410754874,18594500
2021-10-15,53.22618103027344,53.63436991775122,53.09862058368798,53.345235716954846,16092600
2021-10-18,53.200679779052734,53.69390689004015,52.954064601560276,53.65138781488567,18282800
2021-10-19,54.00004196166992,54.093585860485575,53.29421308442243,53.464292605542056,18933200
2021-10-20,54.29767990112305,54.31468817801389,53.33673658676877,53.481302074345265,14305200
2021-10-21,53.31122589111328,54.119101252083816,53.022091653839524,53.9745357554456,16564600
2021-10-22,53.676902770996094,53.76194417189302,53.02209858207959,53.379265977851205,14266800
2021-10-25,54.72287368774414,54.782401031161044,54.06807291015818,54.18712759699199,17939800
2021-10-26,55.989967346191406,56.07501198139345,54.73138719633611,54.84193613890611,25585100
2021-10-27,54.535789489746094,55.48823353514608,54.408232278592315,55.41170115485209,21764500
2021-10-28,54.6888542175293,54.82492041693162,54.110589090053146,54.27216283584829,16626400
2021-10-29,54.824920654296875,55.58177104976699,54.70586597330114,55.31815089727551,23966300
2021-11-01,55.81138229370117,56.194063667576906,55.29264118919886,55.335163504516515,19656400
2021-11-02,55.122562408447266,55.65830852202608,54.98650268398028,55.30114444630687,16300000
2021-11-03,54.36571502685547,54.8079172664444,54.13610814630127,54.459258931229094,17372800
2021-11-04,54.77391052246094,55.18209623176955,54.28068017638441,55.003514172947675,17720100
2021-11-05,55.292640686035156,55.55626736021571,54.901460043051166,55.318157967790185,18565100
2021-11-08,55.887916564941406,56.449173450584006,55.59877911816066,55.74335108554797,17696000
2021-11-09,56.43217849731445,56.44068425879608,55.539261693599435,55.93044237781891,18781300
2021-11-10,55.32041931152344,56.578680076059065,54.95845194958124,56.29427691399064,20177200
2021-11-11,55.42383575439453,55.87198740238984,55.173906292087096,55.32042120115543,13319300
2021-11-12,55.00154495239258,55.475550244148536,54.794709268348086,55.122199649350854,18158900
2021-11-15,55.475555419921875,55.820279400428895,54.48445753799305,54.949839514309446,18849200
2021-11-16,56.03572463989258,56.33736792890334,55.44968477795518,55.44968477795518,17028700
2021-11-17,55.42383575439453,56.22533141793637,55.31180112998958,55.48416310217993,15497000
2021-11-18,54.82056427001953,55.61343989122742,54.38965274868637,55.29456957356121,16948200
2021-11-19,52.28680419921875,53.45888410313193,52.062731647044345,53.338229399069235,32035500
2021-11-22,53.010738372802734,53.898418417079654,51.985170049183054,51.985170049183054,21994400
2021-11-23,54.40689468383789,54.622350464620844,53.364086206276724,53.59677884403363,21185900
2021-11-24,54.708534240722656,55.02740789195166,53.93289536306336,53.93289536306336,15869700
2021-11-26,52.786659240722656,52.9331675740396,51.31294268604501,52.15752883938531,24979600
2021-11-29,53.079689025878906,54.4155142781876,52.821142733108594,53.92427533564566,18946400
2021-11-30,51.57149124145508,52.734951039359224,51.41636283005533,52.105820609835334,34979800
2021-12-01,51.52840042114258,53.458882192331934,51.49392671047284,52.485024522866816,30630600
2021-12-02,52.8125114440918,53.07106096954601,50.968210783068606,51.48530654638325,29216000
2021-12-03,52.47639846801758,53.63124134302606,52.011013289821555,53.364075047189026,22014700
2021-12-06,53.071067810058594,53.57092349600437,52.93317295865925,53.191722517438805,19210500
2021-12-07,53.665714263916016,54.32069824439825,53.51920265621739,53.726041606029106,19800400
2021-12-08,53.82085037231445,54.458597591132865,53.72604931037262,53.95874192943146,18214400
2021-12-09,53.958736419677734,54.09662796271457,53.26927870449355,53.476114375251946,16910300
2021-12-10,54.30347442626953,54.59649442440965,53.631253431310476,54.52755028298546,17942400
2021-12-13,53.114158630371094,54.05354594188023,52.87284592654876,53.83809016664964,17793700
2021-12-14,53.03659439086914,53.8380901372975,52.76081126173188,52.795281687178374,22551100
2021-12-15,52.80389404296875,53.002112932595665,51.71799525402893,52.73494662696265,19961900
2021-12-16,52.89007568359375,53.82084608569693,52.82974833763452,52.95040302955298,21187800
2021-12-17,51.73524475097656,52.812523732381834,51.44222473653055,52.528123790840006,44338100
2021-12-20,50.98545455932617,51.06301876997421,49.951266179883795,50.66658093225947,21819300
2021-12-21,52.140289306640625,52.295417703122425,51.46806844694863,51.49392208383103,19798900
2021-12-22,52.56258773803711,52.890078120449196,51.68352785808026,52.00240145678421,14058300
2021-12-23,52.58843994140625,53.295134539566455,52.57120308686651,52.71771141906355,13543300
2021-12-27,53.33823013305664,53.38994070162115,52.07134914777663,52.51088076158952,12593700
2021-12-28,53.16585922241211,53.70019184481579,52.91593305316489,53.35546133278721,12781000
2021-12-29,52.700477600097656,53.088295318808804,52.50225541763546,52.984877479658756,12733600
2021-12-30,52.39021301269531,53.08828743275426,52.37297616079846,52.76079710949418,11940300
2021-12-31,52.734947204589844,52.97625987566064,52.31265578350507,52.347129491885724,14072000
2022-01-03,54.76023864746094,54.81194592759187,52.752189316659056,52.77804624431863,24282400
2022-01-04,56.81998825073242,57.044064062311335,55.2428506493667,55.26870428624361,38584000
2022-01-05,57.52668380737305,58.2678520948014,57.29399449629091,57.311228062776145,34033300
2022-01-06,58.87975311279297,59.0176479629719,57.802474252726356,58.60396998762345,30668500
2022-01-07,59.362369537353516,59.62091908338878,58.58673404962392,59.05211271218644,23985400
2022-01-10,59.00902557373047,59.612299081601634,58.56087390343638,59.439937100835046,22760300
2022-01-11,61.49108123779297,61.534175025929386,59.10383397430509,59.370997050221895,32936100
2022-01-12,61.310081481933594,61.8875012553833,60.87917002559434,61.31008148193359,23045100
2022-01-13,60.87056350708008,61.68929940151273,60.59478037663261,61.29286156244377,21043200
2022-01-14,61.9392204284668,62.180529812741106,60.844701553124274,60.88779533253937,23012900
2022-01-18,62.982025146484375,63.67147958745218,62.059874818109414,62.75794932995574,32841200
2022-01-19,63.007877349853516,63.65424457209232,62.52525859464185,63.55944352014897,26431600
2022-01-20,63.145782470703125,64.09379324334476,62.27534577973458,62.48218150504314,26774600
2022-01-21,62.197757720947266,63.06820069948032,61.22390020152628,63.06820069948032,35995200
2022-01-24,62.73210525512695,62.982034747201794,60.16386948240406,61.086019951347765,41507000
2022-01-25,64.57640075683594,64.84356379561693,61.525546401175816,62.55973142080827,39278400
2022-01-26,63.92142105102539,65.49855898354285,63.33538104974403,65.00732005417383,35252400
2022-01-27,64.74015045166016,65.50717244688163,63.766286188486646,65.03316713514336,29174700
2022-01-28,64.8780288696289,65.17105208380278,63.731802799078594,64.61086586641309,30595700
2022-01-31,65.46407318115234,65.86051096540893,64.00759023178432,64.61087026666941,36085500
2022-02-01,69.66117095947266,70.24721099953541,65.73125268926805,65.88638112855493,61033100
2022-02-02,69.48018646240234,69.64392839388005,68.21330534810292,68.99756101517129,30299300
2022-02-03,68.6700439453125,69.21298996579372,68.10123771655331,69.02338788954066,28529400
2022-02-04,70.16101837158203,71.12625598929814,69.69563313081684,69.69563313081684,32197500
2022-02-07,71.00559997558594,71.60025997922256,69.49740965057318,69.92832117200538,34949200
2022-02-08,69.1698989868164,71.10038019593266,68.87687581903337,70.90215806109242,34356300
2022-02-09,68.83879089355469,69.7363082427779,68.58609073680879,69.34419120704649,40106100
2022-02-10,68.17656707763672,69.43135268242973,67.78444990017995,68.59483116192843,28527700
2022-02-11,69.89318084716797,69.98903289355066,68.16785730844352,68.50769396449779,42002100
2022-02-14,68.82136535644531,69.5707435361213,67.13960731016773,69.3441902797893,34652800
2022-02-15,67.95869445800781,68.13297385734258,66.59063275160675,67.00889666193083,25075100
2022-02-16,68.27238464355469,69.47488912350663,68.00225990876142,68.65579263983835,21733800
2022-02-17,68.16783142089844,68.94335648487481,67.9238402558034,68.38567568938797,23738800
2022-02-18,67.40973663330078,68.115549995085,67.00018831046005,67.23546386310815,23394800
2022-02-22,66.62549591064453,69.52718340781884,65.62341086124464,69.42261575679343,35947800
2022-02-23,66.89561462402344,67.50558256082506,66.33793383202618,66.62548986017211,25385000
2022-02-24,66.05037689208984,68.86492077829682,64.50803593444073,68.83878053292626,46199900
2022-02-25,67.82798767089844,67.95869556050015,66.45121695825479,66.825909362804,28310300
2022-02-28,68.3333969116211,68.7778011352189,66.39893850686862,66.66906995356705,32204600
2022-03-01,68.98693084716797,70.27657201932608,68.2549771953531,68.63837863998357,40002300
2022-03-02,70.17198944091797,71.5836225881997,69.55331256256335,70.2329855655986,44321400
2022-03-03,70.61639404296875,71.25249554054048,69.38774926161773,69.58816890007945,30196600
2022-03-04,73.27410888671875,73.43967268962821,70.28529133705506,70.62512792865182,42802200
2022-03-07,75.91438293457031,76.01023495699914,73.10854732837446,73.99734913407408,55207900
2022-03-08,76.489501953125,79.7397423612238,74.44176653075313,77.59615489946553,72082300
2022-03-09,72.14131927490234,75.43512403127906,71.10437827823543,73.22182514277482,65466700
2022-03-10,74.3807601928711,74.65960063795453,72.23717302477712,73.20440227292791,44644200
2022-03-11,73.99736022949219,75.13886903646626,73.16955443684319,73.25669083900392,35303400
2022-03-14,71.3483657836914,72.71642778007754,70.14586758974765,72.37659118943951,37462600
2022-03-15,67.28775024414062,68.98693317027322,66.54708093398233,68.68195247174694,47957900
2022-03-16,67.03504943847656,68.50767905970889,66.44251266615355,67.80185899462612,37812300
2022-03-17,68.82136535644531,68.96949786591152,67.15703192677803,68.12426102660025,34041900
2022-03-18,68.55123901367188,69.17863162736637,68.05455430251041,68.89107557140971,41461500
2022-03-21,71.62720489501953,71.90604533976979,69.48361772948678,69.81474532818312,33089300
2022-03-22,71.31351470947266,71.62721106786117,70.39857253757381,71.13052627509289,23132200
2022-03-23,72.43758392333984,73.430953395114,72.36787880018828,72.62057233676346,27716300
2022-03-24,72.65543365478516,73.76208649957518,72.10646837346849,72.72514543122944,19871600
2022-03-25,74.24132537841797,74.49402553218422,72.14131004937786,72.2545866777229,22398300
2022-03-28,72.15874481201172,72.59443341809431,71.47035601663157,72.47244114023762,21552400
2022-03-29,71.77532958984375,71.87989058047286,69.50103497055105,70.41597687895202,27036300
2022-03-30,73.00397491455078,73.20439457967963,72.07160165103114,72.3765823170273,22079000
2022-03-31,71.96703338623047,73.54423049930797,71.93218415162619,72.21102456501937,27861500
2022-04-01,72.42887115478516,73.31767292328615,71.44421071978691,71.44421071978691,18671100
2022-04-04,72.4637222290039,72.89941077540797,71.49649312414049,72.81226774766345,20869400
2022-04-05,72.08904266357422,74.12806223313727,71.94090347884942,72.76000021948457,21753100
2022-04-06,72.89069366455078,73.80563560459349,72.2720167389754,72.69027401211505,24768200
2022-04-07,74.11064910888672,74.45048575652713,72.07162257496246,73.04756763756778,26122000
2022-04-08,75.6703872680664,75.9927992015627,74.21518904708358,74.21518904708358,24866500
2022-04-11,73.06497955322266,74.87744579081694,72.75999885172378,74.74673787643722,21800100
2022-04-12,74.58988189697266,75.65296307207244,74.3981778623704,74.68573391427378,22444200
2022-04-13,75.64424896240234,75.90566476904755,74.23262222114256,75.46997619002562,19306800
2022-04-14,76.53304290771484,77.0820080201183,75.13884104822118,75.52224240453265,24566400
2022-04-18,77.16044616699219,77.45671119491601,76.46334181599056,77.11687465202466,19032300
2022-04-19,76.4720687866211,77.25630963575232,76.04508915048918,76.6899130975975,20382600
2022-04-20,76.64632415771484,77.11686856025882,76.07121876443617,76.65503978963584,20689400
2022-04-21,75.8359603881836,78.2496790740147,75.6268317113439,77.50900309906272,29010900
2022-04-22,74.18034362792969,76.78576641764325,74.06706697762597,75.51355641791491,23591600
2022-04-25,71.67948150634766,72.02803367304058,69.09149047735818,71.7753335183902,37698300
2022-04-26,71.70563507080078,73.82308206516569,71.609783040959,72.08904319016786,28941500
2022-04-27,73.75335693359375,74.48531715183064,71.69690645351442,72.66413556270764,32773000
2022-04-28,75.98408508300781,76.80318173422033,73.25667698740368,73.96249035395398,33683800
2022-04-29,74.28490447998047,76.80318399443486,73.80564437249042,76.80318399443486,34656500
2022-05-02,75.29570007324219,75.84466526511761,73.74464321643005,74.07577077655031,36335200
2022-05-03,76.84677124023438,77.36088068977861,75.04302037719069,75.16501267532259,33908100
2022-05-04,79.9052963256836,80.06214450673536,77.4741594915031,77.98826891112313,46188400
2022-05-05,78.69406127929688,80.21026217185614,77.0210188958654,80.20154653967009,41013400
2022-05-06,79.89657592773438,80.00985256806104,77.85754986529237,79.27789892641745,29619300
2022-05-09,73.59651184082031,78.04053388862333,73.21310377499074,77.93597288745521,45851600
2022-05-10,74.08448791503906,75.71396570085764,72.77742209217043,74.62474418180044,34483200
2022-05-11,75.62682342529297,77.50028562193484,75.18241921862906,75.31312712036316,33020600
2022-05-12,75.97013854980469,76.04055767342463,73.41725894464948,75.66202717973427,29491500
2022-05-13,78.22372436523438,78.30294841070683,76.0141619759475,76.90326987792952,25798400
2022-05-16,80.06355285644531,80.97027056190792,78.32055672773105,78.32936163800743,26101200
2022-05-17,81.08470153808594,81.3840013035753,80.21320353813832,80.75018885027225,23120700
2022-05-18,79.7994613647461,81.79774604612878,79.07761323606682,81.4368253398783,25451200
2022-05-19,80.23080444335938,81.25195901425626,78.34695680577323,78.34695680577323,24387400
2022-05-20,80.86463928222656,82.38755980843735,79.57939762607793,80.92626022751521,28795000
2022-05-23,82.65162658691406,83.42629060714869,81.47202409818107,81.56885794023253,27239300
2022-05-24,83.10060119628906,83.44391881516734,81.26956941815247,81.709720900425,24293300
2022-05-25,84.77317810058594,84.97564402120032,83.16222206494575,83.25905592825825,29947800
2022-05-26,85.0724868774414,85.76792709830058,84.68515138324659,85.03727394922558,24314800
2022-05-27,85.90875244140625,86.208058904678,83.89286481261983,84.46505629573213,25588800
2022-05-31,84.50907135009766,87.83661495991933,84.25378272445292,86.76264443692344,44888100
2022-06-01,86.12882995605469,86.89469587414902,85.05486609151802,85.40698186812523,25815400
2022-06-02,85.97917175292969,86.35770222068469,85.20450771676524,85.64465911107675,19089100
2022-06-03,87.22920989990234,87.73098899331569,86.18165403076289,86.18165403076289,21038200
2022-06-06,87.0091323852539,87.83661923164328,86.85948250934285,87.30843885325389,20682100
2022-06-07,90.99691772460938,91.04973375206386,87.58133800407923,87.76620081634836,37810200
2022-06-08,92.07087707519531,92.93357687220089,90.65359558526451,91.10254522855756,31613200
2022-06-09,90.08138275146484,92.05325904696053,89.93173289463114,91.04090953299787,26607000
2022-06-10,88.43521881103516,90.97929337520485,87.84541754472367,89.73806991499977,30950500
2022-06-13,84.37702941894531,86.06720933093727,82.67804459765334,85.84713361168276,33421000
2022-06-14,84.59709167480469,86.85946944004276,83.8664387912784,85.75029282717055,31264000
2022-06-15,83.53194427490234,85.01085346213405,82.1058511141573,84.50027615216848,29620800
2022-06-16,80.45086669921875,81.9825915830128,79.47373012261473,81.34877925315716,35696700
2022-06-17,75.81167602539062,80.4156556940525,75.40673756217859,80.07233815532541,64610200
2022-06-21,80.53010559082031,81.45441952971332,77.92440331196053,77.97722604859555,35951500
2022-06-22,77.34339141845703,79.01596779782032,77.05288993187881,77.0616948389141,29727200
2022-06-23,75.01061248779297,78.39097925972622,73.52289837445191,78.0476616514442,35757200
2022-06-24,76.4983139038086,77.81876809069996,75.538780368922,76.54232501366526,26639000
2022-06-27,78.37336730957031,79.26247513268137,77.17615480998856,77.29939668057683,25478700
2022-06-28,80.54769897460938,82.07942382867901,79.53534950218494,80.2131863584401,33096900
2022-06-29,77.5722885131836,82.04422182655117,77.25537895416527,81.85056084375343,25400900
2022-06-30,75.38912200927734,77.11451447974065,74.53522732340728,75.8292733552989,39948100
2022-07-01,77.07052612304688,77.36102099286964,74.57046224731167,76.35747616502748,26327900
2022-07-05,74.65849304199219,76.32226512480531,73.07395171921615,76.00535551701437,34591100
2022-07-06,73.31161499023438,75.02820945373522,71.31333061985828,73.73416328290178,33375700
2022-07-07,75.65324401855469,76.37509222946174,75.08985062058719,75.16026975819882,23817400
2022-07-08,75.77648162841797,76.8504523314937,74.76413186488698,76.54234091759132,17673800
2022-07-11,75.38912200927734,75.81167025657572,74.26233563805042,74.97537866942884,15603800
2022-07-12,74.38560485839844,74.86977420371169,72.94190844932858,73.75178561223528,21013000
2022-07-13,74.68489074707031,75.97893701422274,73.32923026509685,73.3996493889685,19928600
2022-07-14,73.18839263916016,73.33804254086868,71.03165292387193,72.05280093596552,26343000
2022-07-15,74.42081451416016,74.72011430270564,72.9771181685413,74.64969516881058,17243700
2022-07-18,75.79408264160156,77.41384356179721,75.48597795237858,76.21663101266346,19395800
2022-07-19,77.70433807373047,77.92441381018921,75.92612907826245,76.07577896717156,18248900
2022-07-20,78.55821990966797,78.91914728105726,76.80641922002177,77.09692075560184,16584400
2022-07-21,77.24658966064453,77.29060749791992,75.01061919387071,76.5247414561096,21375700
2022-07-22,76.65678405761719,77.88040464571989,76.26064369234982,77.07052752712417,15479500
2022-07-25,79.20965576171875,79.3416958202166,76.9560758314715,77.60750479555799,17536400
2022-07-26,78.90155029296875,80.35405149086034,78.3469618571971,80.2220047062923,15141200
2022-07-27,80.60932159423828,80.98785204090262,78.69906626124293,79.47373025424527,18047000
2022-07-28,81.55126190185547,82.08824721989112,80.11637056130515,81.14632336494272,20353100
2022-07-29,85.3277587890625,85.84713426670059,82.83650001621027,83.14460468228185,29825800
2022-08-01,83.1710205078125,83.93687972841326,82.07064188862465,83.4439122561941,20793200
2022-08-02,82.81008911132812,83.80482891737329,82.59001339808273,83.35587929800069,16722500
2022-08-03,80.12516784667969,83.11819908143492,79.92270193860728,83.11819908143492,23580800
2022-08-04,76.75360870361328,79.52655734657277,76.0845766478183,79.50014933529549,31821500
2022-08-05,77.86280822753906,78.95438893128771,75.95255207024863,76.02297793168657,17408000
2022-08-08,78.30294036865234,78.87513859761962,77.6603230118904,78.00364060603513,14458500
2022-08-09,79.74662780761719,80.64454042894819,79.18323455023112,79.27127020359183,19083400
2022-08-10,80.50369262695312,80.80299908717926,78.5142130294864,79.82586239025791,18302000
2022-08-11,82.83250427246094,83.81913511150604,81.27700605721034,81.63254308126324,18797900
2022-08-12,83.5524673461914,83.57024148307268,81.87252998142627,82.20140915591347,15058200
2022-08-15,82.0592041015625,82.42363839860147,79.69485013623063,80.4681506900071,20755200
2022-08-16,81.29476928710938,82.56583364369646,81.14366539401972,81.8014169379765,14038200
2022-08-17,81.9525375366211,82.85028418218727,80.81480270495898,81.12590101339245,13678000
2022-08-18,83.89024353027344,84.71688004600611,82.74361824835815,82.79695423034488,17770400
2022-08-19,83.62358856201172,84.61910311397077,83.37470992402194,83.69469868184716,16128600
2022-08-22,83.56136322021484,83.98801034734628,81.65032126355537,83.03693459888326,16019900
2022-08-23,87.10789489746094,87.47232914140581,84.84130920541273,84.93020023759787,23764700
2022-08-24,87.62344360351562,87.97009697021804,86.53903798196059,87.11679585360945,17050300
2022-08-25,88.07675170898438,88.76117473478749,87.19678602867168,87.92564779264026,15305700
2022-08-26,86.99237060546875,88.80563831466219,86.59238119202921,87.7923358694767,15531400
2022-08-29,88.99227905273438,90.2722272811558,87.23234091418293,87.26789597350493,23059200
2022-08-30,85.60574340820312,87.65900596045513,85.17020574378877,87.42790143627332,17086800
2022-08-31,84.96576690673828,86.07683723524842,83.18805438112206,83.57915330681686,18340900
2022-09-01,83.43693542480469,84.50356017127186,82.0325409761896,83.92580227467099,16423000
2022-09-02,84.96576690673828,86.03239849096907,84.53911969819404,85.64129956527427,18206800
2022-09-06,84.39688110351562,85.85460451527567,84.00578904423143,85.47240291548968,19201500
2022-09-07,83.67691802978516,84.07690058763352,82.04142595692555,82.83250739369004,16274700
2022-09-08,84.36133575439453,84.81464748302172,83.30359482473001,84.13912172926729,18759200
2022-09-09,85.7746353149414,86.21906347719498,84.72578458076552,85.79240945759989,17158000
2022-09-12,86.7612533569336,88.16564776643446,86.1123853535908,86.79680841835021,16118900
2022-09-13,84.73466491699219,86.91235993922524,84.36134693285534,85.87239979137198,18229100
2022-09-14,86.81458282470703,87.60566429470894,85.46352439390303,85.49907945542873,22655700
2022-09-15,84.29023742675781,85.81018075741942,83.59693065643162,85.52574703673598,21092300
2022-09-16,82.85028839111328,84.74354971984722,81.77477316649998,84.50356152155949,37874700
2022-09-19,82.8414077758789,83.09917692700796,80.88592654988454,80.89481701204366,15342100
2022-09-20,82.16584777832031,82.60138530344867,81.45476029198463,82.42361682258118,14712500
2022-09-21,80.84146118164062,83.44580987741747,80.77035784612379,83.17026665102549,17332400
2022-09-22,80.50369262695312,82.3614053081761,80.45924711163144,81.95252555523055,16139400
2022-09-23,76.21940612792969,77.77490421217314,75.41943432831778,77.77490421217314,27738800
2022-09-26,74.64614868164062,76.63718472476663,74.56614809512779,75.46389478024517,22043400
2022-09-27,76.21053314208984,77.29493885447994,75.38389655653306,76.09498427065493,17307300
2022-09-28,78.98374938964844,79.37484822291601,76.37051042451236,76.54828570392195,19543300
2022-09-29,78.82377624511719,79.42819879492923,77.4460462799553,78.37934809912113,17896000
2022-09-30,77.60604095458984,79.14376532893387,77.60604095458984,78.37045791088543,21357600
2022-10-03,81.70365905761719,82.09475794984193,79.74817815936251,80.032611867862,23881300
2022-10-04,84.68132019042969,84.76132076816286,82.40585067657857,82.87694333860861,22133700
2022-10-05,88.10340881347656,88.87670919030631,85.02796787939062,85.10796166398691,34857700
2022-10-06,90.71666717529297,90.82333236716262,87.40123714320657,87.52567647633697,29124700
2022-10-07,89.80113220214844,91.83661351901502,89.04560586078007,90.83220855050733,24507600
2022-10-10,87.85453796386719,90.68999123154317,87.74787956677064,90.21000810030611,16786100
2022-10-11,87.10789489746094,88.67228348013512,85.99682480948312,86.41458824759216,17804100
2022-10-12,87.49010467529297,87.9167585797165,86.42348008638479,86.6634682453873,12635800
2022-10-13,90.54777526855469,91.06330666359777,86.57458733226623,86.70791710638052,22019100
2022-10-14,88.16564178466797,90.87664891476464,88.03231200876031,89.88113438838018,15222000
2022-10-17,89.43670654296875,90.63666096622109,89.33004136569343,89.83668909024149,14283200
2022-10-18,89.59671020507812,90.9744332851595,88.20120620289076,90.25446191286818,14065400
2022-10-19,92.25438690185547,92.43215543138214,89.97891717302747,89.99669131340625,20921700
2022-10-20,92.3788070678711,93.32988274458236,91.91660491810953,92.72546037555058,17649000
2022-10-21,94.09432983398438,94.5743130567628,92.36106273625849,92.84103917760143,22814100
2022-10-24,94.7520751953125,95.71204157591251,93.4365717387288,93.9165549290288,17024200
2022-10-25,94.11209869384766,95.4009443441782,93.39212729081015,94.58319820968683,15719800
2022-10-26,95.23204803466797,95.84536095251728,94.21875255909434,94.44985705851259,17383800
2022-10-27,95.59648132324219,97.40085821663816,95.4809256840133,96.36089815218347,18214000
2022-10-28,98.39636993408203,98.84968845483293,96.103126294581,97.29419024226158,28169400
2022-10-31,98.49415588378906,100.36075937691886,97.27642719860482,97.3297564019166,26401800
2022-11-01,99.4719009399414,100.05854250761739,98.3519402252795,99.88077397957852,22213100
2022-11-02,97.42752075195312,99.64077061231134,97.1608612009265,99.17856840949051,20654200
2022-11-03,98.75190734863281,99.39188479970667,96.27199811643841,96.5119930513079,17103700
2022-11-04,99.82743072509766,100.88517169976201,98.48526283886116,100.44074363060007,17541500
2022-11-07,101.00960540771484,101.3207036825666,99.66743081457295,99.91631621588814,16008000
2022-11-08,101.32958984375,101.91623809267031,100.08519001569795,100.86738768092503,14661000
2022-11-09,96.79644012451172,100.68962778241314,96.50311595524553,100.52963339748928,19522800
2022-11-10,98.21861267089844,98.39638120297772,95.61426366547151,97.9430694117451,20146700
2022-11-11,101.2851333618164,101.77400684964984,99.98740448126092,100.06740504355766,20518900
2022-11-14,101.58084106445312,102.71877282793812,100.79234645413952,100.91778753559373,20858300
2022-11-15,102.2618179321289,102.6202239971109,101.13284805607223,101.96613925184384,19373800
2022-11-16,101.16868591308594,102.37830035982903,100.2278708789375,101.64357102776066,13591000
2022-11-17,101.3030776977539,101.42851878526007,99.2332929178757,99.717140042268,12425900
2022-11-18,100.42499542236328,100.78340147829714,98.21184537570068,99.36770131717321,15415000
2022-11-21,99.43041229248047,99.63649114048584,96.30333359844383,98.5523178817746,20973000
2022-11-22,102.30661010742188,102.56645430532302,99.84257807866511,100.54146606942099,17719100
2022-11-23,101.79589080810547,102.10053150787778,100.44291121340491,100.64003488315257,11546700
2022-11-25,101.43748474121094,102.69190250083878,101.3030816176746,102.03781094550953,7136000
2022-11-28,98.39102935791016,99.8694498312985,98.22079180630179,99.15264466931004,23015500
2022-11-29,99.04512786865234,100.17410445327432,98.37311913619128,99.10784841024099,14453200
2022-11-30,99.76195526123047,100.26372654152223,98.36417897447936,99.94116173134462,23158100
2022-12-01,99.27809143066406,100.41602319396995,98.72256175857841,100.03073791927088,14398300
2022-12-02,98.43584442138672,100.09346467413253,97.84447342703027,98.12224169833102,15248400
2022-12-05,95.73885345458984,99.7798683330789,94.92348632249349,99.18849730089786,19287700
2022-12-06,93.07769012451172,95.90909029230929,92.42360543143707,94.88763753203462,21197000
2022-12-07,92.8716049194336,93.94681611905763,91.72471115022765,92.9880839679846,20061700
2022-12-08,93.5615463256836,95.69405868924768,92.92537879649437,95.22812874593653,21128800
2022-12-09,92.7730484008789,94.93243295382467,92.5580075158613,93.71385654534747,21298200
2022-12-12,95.05786895751953,95.19227206697964,92.81783991993794,93.03288762948458,20413200
2022-12-13,96.09724426269531,97.25310004897533,95.89115858649495,96.59005337794005,24305300
2022-12-14,95.38939666748047,97.03806161031815,94.7532292347852,96.76029335838977,17597300
2022-12-15,94.47547912597656,95.12956386158243,92.91641379173724,94.37691728866164,15365100
2022-12-16,93.81240844726562,94.6009030022636,92.40567055876556,92.90744168540768,54596600
2022-12-19,94.2335433959961,95.15643429983331,93.52569337362912,94.31418799906392,13611100
2022-12-20,95.59549713134766,96.33022650317727,94.14395561508695,94.23355542413402,14680000
2022-12-21,96.8230209350586,97.29790603650967,96.01661588370293,97.02910663140001,13565400
2022-12-22,94.8697280883789,96.93952002030227,93.27482815855208,96.67071374258933,13213000
2022-12-23,97.3785400390625,97.43229854702497,95.7836404999337,95.82843697789379,11539400
2022-12-27,98.73152923583984,98.98241141254955,97.51295280379841,97.90719329461656,11962100
2022-12-28,97.1097412109375,98.56128256052567,96.67965944248456,98.48064479245068,10702100
2022-12-29,97.84446716308594,98.31039703839156,96.76029391220057,96.76029391220057,10534000
2022-12-30,98.83007049560547,99.00927005994643,97.31580888363118,97.31580888363118,11799600
2023-01-03,95.43421173095703,98.57920799629775,94.52027593382869,98.36416709416103,15146200
2023-01-04,95.71194458007812,96.01659203342744,93.86616314657776,93.9020044255615,18058400
2023-01-05,97.85343933105469,98.5164860911913,95.25500397026816,95.28188322816159,15946600
2023-01-06,99.03617858886719,100.34435493616033,98.26560792955343,98.63297603188946,16348100
2023-01-09,97.19038391113281,100.03073917590788,96.59901294606159,100.03073917590788,17964600
2023-01-10,98.64192962646484,98.85697736698789,96.77823039412142,98.37313020485168,15104600
2023-01-11,99.78880310058594,99.86047882512389,97.74589114068691,99.44831435592349,16710400
2023-01-12,101.44644165039062,101.91236470762857,100.12034138036084,100.1920239540979,15357300
2023-01-13,101.38372802734375,101.68836873247986,100.49667833388789,101.34788673802886,12011400
2023-01-17,101.18659973144531,102.21701453508653,100.95363477955496,101.61668834754855,16542200
2023-01-18,99.10784149169922,102.25284405415739,98.91967988006851,101.48227354784541,16399700
2023-01-19,99.74402618408203,100.46979350275706,98.18496767743576,98.62401151401461,12928000
2023-01-20,101.56292724609375,101.6435718557479,99.10785704372395,99.77986583472504,16515600
2023-01-23,101.03427124023438,102.67396729411713,100.92674738587071,101.82275899748961,16584400
2023-01-24,101.97509002685547,102.16325166470834,93.96475002728593,97.80864106463495,13583000
2023-01-25,101.43748474121094,101.83173208064373,99.80674370450281,101.45540880356343,11914700
2023-01-26,105.51434326171875,105.53226048847075,102.44997794907518,102.79046678160613,21019700
2023-01-27,103.58789825439453,105.43367990284479,103.39077461504046,104.78855047805905,15179200
2023-01-30,101.75108337402344,103.48038617594104,101.38372214291509,103.12198013962141,18672100
2023-01-31,103.9463119506836,104.29575594232638,98.94656537421963,100.44290316776964,27861800
2023-02-01,102.8083724975586,105.17384265354163,101.55395484853094,103.78502872885397,19464900
2023-02-02,99.59171295166016,103.10407756752333,98.40897764892959,102.90695387773032,24562100
2023-02-03,100.28162384033203,102.24389157292254,99.95905909426163,100.26370661489545,20226600
2023-02-06,100.11138153076172,101.3299510474993,98.8480018624889,100.67586639163453,13855200
2023-02-07,102.96966552734375,103.31910955229867,100.3712301644268,100.7027569627804,16013300
2023-02-08,102.07365417480469,103.7850398525821,102.0109336274322,103.0861518001381,18459700
2023-02-09,102.45893859863281,104.1524001989779,102.30661824720063,102.70086559069749,17439300
2023-02-10,106.77772521972656,107.18988982992916,104.08073460713823,104.39433737185459,24918600
2023-02-13,106.36237335205078,106.70547529342372,104.64684986792822,106.29013918903681,14536200
2023-02-14,105.11634826660156,106.37138745429006,104.75518437411944,105.64906655795407,12079000
2023-02-15,104.80033874511719,104.81839384094414,103.0577292310963,104.48432290343023,13663400
2023-02-16,104.49336242675781,105.44141002921967,103.6536591853606,104.1141364971438,11360600
2023-02-17,100.47541809082031,103.10287889063706,100.2045503174744,103.10287889063706,20758300
2023-02-21,100.3760986328125,101.46861450444241,100.0510517913292,100.0510517913292,14469400
2023-02-22,99.07592010498047,100.19552208732574,98.09174856872733,99.75309988995711,13973800
2023-02-23,99.98785400390625,100.97202557377264,99.22941592537074,99.97882989961123,11289400
2023-02-24,99.99687194824219,100.18648144313393,98.43484103037927,98.71474666547232,14351000
2023-02-27,99.81629943847656,100.45736211835353,99.28358111154127,100.0420260252767,11710500
2023-02-28,99.23844909667969,100.54766066563607,98.61544145518613,100.43930941405434,18107000
2023-03-01,100.12328338623047,100.99910363729015,98.63348654907125,98.69668971725964,13200000
2023-03-02,100.58375549316406,100.85462322923898,99.47317779823612,99.87948973529029,10339900
2023-03-03,101.85685729980469,102.36248951108495,99.27454473575533,99.36484087648178,13006700
2023-03-06,102.75977325439453,102.7868593437064,101.00813955547989,101.11648391272736,14347400
2023-03-07,100.77338409423828,102.18191587721958,100.37610307293416,101.85686902135787,11525300
2023-03-08,99.3016586303711,101.50474577791289,98.48001041934224,100.43029174092953,13509800
2023-03-09,98.53416442871094,101.33317953749442,98.44387517424695,100.10522638862423,12961200
2023-03-10,97.31523132324219,100.25870753028099,96.74640288435049,98.92240329322033,15795700
2023-03-13,96.19564819335938,97.38748435975222,93.64945243385516,95.1121563856928,20745600
2023-03-14,96.55680847167969,98.42582436382996,94.76905084549605,96.02409013648143,18263500
2023-03-15,91.75334930419922,94.08284254164843,90.48927898774079,92.83683421051843,25733800
2023-03-16,91.22063446044922,91.80752501085358,88.50288420892178,89.4870557882699,27465200
2023-03-17,90.14617156982422,91.74431975369019,89.51413984597443,90.83238236188195,43199500
2023-03-20,92.50275421142578,92.52984718878675,89.83918319379497,89.95655854117695,32042100
2023-03-21,96.64710998535156,96.86380561070277,94.01964883452806,94.05576592019155,31592300
2023-03-22,94.43497467041016,96.77350576908874,94.40788858127893,96.43040382571147,14952700
2023-03-23,93.36955261230469,96.01506170820336,92.49373231636532,95.1302173082237,14385900
2023-03-24,93.47789764404297,93.7668274138836,91.11228730616938,91.61791268123321,13401600
2023-03-27,95.5274887084961,96.14146526426873,93.82099636307166,94.57040335210947,14805900
2023-03-28,96.7193374633789,97.19787676020158,94.97672781033091,95.20245441363438,11047600
2023-03-29,98.38067626953125,98.5612616749115,97.05340281665896,97.56805916689221,14219100
2023-03-30,98.85922241210938,98.93145657928373,97.98340207885097,98.9134014818048,11578200
2023-03-31,99.01271057128906,99.47318783566966,98.4619371638109,99.03076566673145,14418000
2023-04-03,104.85450744628906,105.50460109257416,102.13676440922006,102.38054608226274,28087700
2023-04-04,103.8522720336914,105.36915478279481,103.08480311229522,104.97188072398698,16365500
2023-04-05,105.6310043334961,105.64003532516031,103.2112152146054,104.15023857746445,16479500
2023-04-06,103.87937927246094,105.80256733563348,103.62655970570188,105.51363757653766,15778000
2023-04-10,103.41888427734375,104.89964999881472,103.0848064798476,103.63557985182952,13006600
2023-04-11,104.15026092529297,104.91773005435128,103.27444053889955,103.79812794974114,11758500
2023-04-12,104.04190063476562,105.26984692016505,103.7710259771955,104.88160380687856,10919000
2023-04-13,104.52945709228516,104.63780832588222,103.04869134293332,103.4730583970698,12399700
2023-04-14,104.78227996826172,105.33305336812248,103.94257682491896,104.64684264411706,11530800
2023-04-17,103.56336975097656,105.1976351522163,103.31055704058713,104.27666669164942,13260400
2023-04-18,105.58587646484375,105.82965816148786,103.20220412344499,103.2834623927833,17436100
2023-04-19,105.25180053710938,105.54976130737599,104.52947264954715,104.80937832250787,10682600
2023-04-20,104.41210174560547,104.44821883038584,102.23610077446699,103.95161752544264,17038700
2023-04-21,104.74616241455078,105.5316864914987,104.06898268552483,105.17955358349548,14315300
2023-04-24,106.72352600097656,107.34653357625089,104.62878358011805,104.66490066013976,15831300
2023-04-25,105.20664978027344,106.30819668085564,104.40306364236591,106.13664915061827,12179800
2023-04-26,104.24053955078125,105.72130547333512,103.54530466427435,104.7642269081459,15566100
2023-04-27,105.48655700683594,105.64908043536957,103.72588538295011,104.3940410828268,16279200
2023-04-28,106.84993743896484,108.27653116911513,105.48655376834239,105.86577279373556,24381900
2023-05-01,103.53627014160156,105.9109182655112,103.33762964119236,104.72810625542793,17355000
2023-05-02,99.40998840332031,102.87715239193969,98.6786364594286,102.87715239193969,24324100
2023-05-03,97.45069885253906,99.14816059318959,97.29720640075985,98.48904270560594,16212300
2023-05-04,95.74420166015625,98.19107733539586,95.62682630048957,97.42360822360374,17177200
2023-05-05,98.12786865234375,98.80504845803569,97.08952490589029,98.01049329926366,14968200
2023-05-08,98.51612091064453,100.19552741782297,98.45291773622941,99.77116029448023,11187800
2023-05-09,98.5431900024414,99.52736142128222,97.70348689370236,97.82086222918892,11370800
2023-05-10,97.27913665771484,99.32873810761967,96.34914413873231,99.08494951434248,14884800
2023-05-11,95.51847076416016,96.44846327229851,94.74197069377432,96.15050250115827,17165900
2023-05-12,95.50942993164062,96.62000774210023,94.60652360687392,95.9879691815864,12613300
2023-05-15,95.69158172607422,96.47481974766893,95.24532046441351,96.09231009481688,13715600
2023-05-16,93.36918640136719,95.45478461968935,92.91381579339476,95.29085092288312,14795200
2023-05-17,95.46389770507812,95.83730495343026,93.66973632786369,94.16153743748625,14064700
2023-05-18,96.3291015625,96.45661173348323,94.83548642794531,95.218003044086,12005600
2023-05-19,96.77535247802734,97.49483879010278,96.37462416537691,97.05767999917474,13359600
2023-05-22,95.60052490234375,97.48575930333047,95.51855456400239,96.3928654653464,12882000
2023-05-23,96.90287780761719,98.56042673156675,96.31089456011988,96.52947053129871,14394400
2023-05-24,97.98664855957031,98.82453579726088,97.2034174706493,97.7953937293031,16340300
2023-05-25,96.22891998291016,96.93018766022065,95.3637116607796,96.48392641102306,14316500
2023-05-26,95.60052490234375,97.4037889649891,95.47302166350642,96.96663698851978,12370300
2023-05-30,94.7535171508789,94.82637811593308,93.45115693125291,94.07046123740521,11938000
2023-05-31,93.05952453613281,93.84276242672858,92.6587962344132,93.15970661156273,24926100
2023-06-01,94.13422393798828,96.1560707918799,92.22166854455737,92.66792984839678,13551900
2023-06-02,96.31999969482422,96.656969521363,95.19978486339987,95.7735563166386,14112000
2023-06-05,95.8919448852539,97.62235461093765,95.70979247031637,97.62235461093765,10628000
2023-06-06,96.67518615722656,96.78447066146872,94.69887929026449,94.85370363687713,12209800
2023-06-07,98.8427505493164,99.17061796778881,97.20342040535897,97.25806265896951,16027100
2023-06-08,98.53311157226562,99.39831309904399,96.44751298997103,99.06133628891075,13517100
2023-06-09,97.80449676513672,98.91560213921146,97.59503018055773,98.778989569736,12251600
2023-06-12,96.92108154296875,97.50395538340138,96.13784351706161,96.36552882811824,14112000
2023-06-13,96.93929290771484,98.66969558179933,96.79357098445514,97.79538488745241,13533800
2023-06-14,95.7735595703125,98.46024365756794,95.07228486995315,97.85915105725994,16627700
2023-06-15,96.43836975097656,97.4766139977279,96.02853905561787,96.08318129542495,16224100
2023-06-16,95.74622344970703,97.2398385179178,95.59139910751054,96.86643822506721,43128900
2023-06-20,93.55134582519531,95.41836128877108,93.00490244435375,95.3363979084269,17514100
2023-06-21,94.59869384765625,95.29085217804042,93.19615152281862,93.3509758639516,13285700
2023-06-22,94.07955932617188,94.61689324517471,93.48757621572233,93.66061230149442,12455300
2023-06-23,93.2599105834961,93.64242026218173,92.54953348067859,93.43294670571787,17933600
2023-06-26,94.98120880126953,95.54587089555955,93.07775591537894,93.07775591537894,14283400
2023-06-27,95.2179946899414,95.27263693813686,94.05224012400866,94.76262409256896,13227500
2023-06-28,95.99213409423828,96.37464377136418,93.98849907177967,94.99942246733002,13084100
2023-06-29,97.17608642578125,97.20341449933065,95.74622297314502,96.2289216615264,11364400
2023-06-30,97.67698669433594,98.25075110775855,97.27625837158803,97.74073829582734,13544700
2023-07-03,97.86824798583984,98.77898918088589,97.5130594756442,97.89556910994659,7397000
2023-07-05,97.36734008789062,98.28718365037709,96.62963502839895,98.02306788196694,12491200
2023-07-06,93.7334976196289,96.28357616661907,93.28723630584739,95.70980467192351,17961400
2023-07-07,93.95207214355469,94.71709147019521,92.49488056221276,92.82274797317426,21929200
2023-07-10,95.34550476074219,95.40014701286874,93.57866449233664,93.77902868133988,14877600
2023-07-11,96.5112533569336,96.6842964214779,95.45479014999596,95.8646278899581,12576500
2023-07-12,96.9848403930664,98.04130365047929,96.65697296479377,97.44932040785343,13238200
2023-07-13,95.2088851928711,96.74804003322294,94.09777982516648,96.51124537738329,26826800
2023-07-14,91.93022918701172,94.76263519024445,91.55682191820262,94.76263519024445,28181900
2023-07-17,92.33094787597656,92.59506367930027,91.27449161108628,91.72986224818138,18051300
2023-07-18,91.9120101928711,93.0777579434076,91.38377857203278,91.9120101928711,24617800
2023-07-19,92.54953002929688,93.25990710562282,91.80272246849212,92.03040778518142,15556500
2023-07-20,94.17975616455078,94.40744147745407,93.22347507099524,93.38740877422177,15740200
2023-07-21,94.61691284179688,95.06317413202042,94.04314832579516,94.86281688322951,17121500
2023-07-24,96.10140991210938,96.68429068201429,94.68065584075148,95.04495371629055,15090900
2023-07-25,96.24714660644531,96.62054694856127,95.20890201835009,95.68248446531777,14116100
2023-07-26,95.70980072021484,96.28357219122027,95.29996991098646,95.72801943748108,15159600
2023-07-27,96.01033782958984,97.44020126831668,95.39103352150664,96.53856940527342,17677900
2023-07-28,94.8628158569336,95.77355714458432,93.18704827448586,95.72801730083994,17566400
2023-07-31,97.66790008544922,98.23256222189202,95.80088449354899,95.80088449354899,24197000
2023-08-01,97.10322570800781,97.74074174542187,96.1105142230017,97.40376501227234,14177400
2023-08-02,95.8919448852539,96.8846494901479,95.23621008828708,96.77536498958953,13484100
2023-08-03,97.55860900878906,98.25076738295043,95.90106014703704,96.4383941702732,16280400
2023-08-04,97.83182525634766,99.4893740847382,97.74986187753267,98.32362637445094,14279600
2023-08-07,97.63145446777344,98.74255985042763,97.00304776078028,98.26897748078032,12410800
2023-08-08,98.11415100097656,98.1323627673944,95.48210258155159,96.57499617352542,14065600
2023-08-09,99.78081512451172,100.56405320246589,98.64238849357888,99.00668640515833,19919600
2023-08-10,100.29083251953125,101.66604685310696,99.67152816956173,100.35458413136321,15837200
2023-08-11,101.84819030761719,102.06676625058773,100.22707207947806,100.51850898624011,14047000
2023-08-14,101.9301528930664,101.98480208968978,100.89190848647286,101.71157695178458,12973400
2023-08-15,99.31326293945312,101.79241879908291,99.13880138450102,101.69141547835936,14909600
2023-08-16,97.64212799072266,100.38757193571612,97.58703781301824,99.42345179370842,13695100
2023-08-17,99.53363800048828,101.14050021496224,98.633792078023,98.633792078023,16709500
2023-08-18,101.03949737548828,101.18640685016186,98.81743815515495,98.8357992124779,16224000
2023-08-21,99.81826782226562,101.90260133651876,99.2948901874966,101.33331055618514,11092400
2023-08-22,99.25817108154297,100.74566888027147,99.12043863632239,100.24065224958375,10518800
2023-08-23,98.3858871459961,98.52361960504123,97.07285077977836,98.28488380972058,11435600
2023-08-24,97.65129852294922,98.95515058770935,97.39420172205143,97.71557272317366,10818500
2023-08-25,99.39590454101562,100.0202855610721,97.89922970126644,98.6429751055384,13579300
2023-08-28,100.23147583007812,101.03949543870255,99.57036569331123,99.57954271911511,10382100
2023-08-29,100.82830047607422,101.02112309022291,99.55199340716413,100.69057504122723,9665000
2023-08-30,101.810791015625,102.049526800357,100.98441030873438,101.40678469380573,11922100
2023-08-31,102.09544372558594,102.30662742324314,101.5720659893799,102.03116951255585,17479800
2023-09-01,104.23485565185547,104.51032055424984,103.02282269097448,103.02282269097448,14843500
2023-09-05,104.24403381347656,106.3559125986128,104.21648872586086,104.76741149426415,18304000
2023-09-06,105.14389038085938,105.2173416201708,103.96858648751116,104.19813824809835,13325500
2023-09-07,104.62968444824219,106.37427914265176,104.40013269911893,105.27243354900541,13248500
2023-09-08,106.1539077758789,106.55792108216393,104.96941995047682,105.16224257246834,14283200
2023-09-11,104.822509765625,107.13638821914195,104.28076401721424,106.67728473980132,14383600
2023-09-12,107.88013458251953,108.04541211678057,105.84171399508786,105.90598820255808,20145800
2023-09-13,106.91602325439453,108.31169478504799,106.4201906433383,107.8066851480309,13472800
2023-09-14,108.82589721679688,108.95445264959768,107.73323558358307,107.9352422568022,15210700
2023-09-15,107.15475463867188,108.81671408070704,106.97111603989042,108.25660724745107,34568400
2023-09-18,108.01787567138672,108.56879849454968,107.15475881170103,107.9168723365144,14045300
2023-09-19,107.73322296142578,109.11971040996195,107.07211283757016,108.91771076577325,12562900
2023-09-20,106.8792953491211,108.36678619383146,106.80583710841941,107.00784376766734,11879900
2023-09-21,105.3734359741211,107.76995677481625,105.22651949336944,107.41185660968831,14400600
2023-09-22,105.53870391845703,107.1363819718983,105.41933253735674,106.24572015305489,13197300
2023-09-25,106.72320556640625,107.10885083550441,105.4377143307154,105.67644311328264,11316000
2023-09-26,106.88848876953125,107.18231475278397,105.93355257261891,106.05291697022143,11805400
2023-09-27,110.36847686767578,110.64394176550287,107.79750151119747,108.24742097264259,23976200
2023-09-28,109.69818878173828,110.82757944166681,108.52288497076476,110.16647630201668,16808100
2023-09-29,107.96277618408203,109.43190592099606,107.18230166809924,109.35844768280957,18813600
2023-10-02,106.17227172851562,108.15560218942927,105.18061350342218,107.91686641053484,14395000
2023-10-03,106.35592651367188,106.9160333863496,105.6213580561183,105.9978263170896,13297100
2023-10-04,102.38007354736328,104.75822615328835,101.46186660971877,104.721504040502,19622200
2023-10-05,100.07537078857422,101.82914937779897,99.80908993969578,100.81912316142882,20128800
2023-10-06,98.40423583984375,99.41426207032143,96.51273178974755,97.08202261309748,25367500
2023-10-09,101.84751892089844,102.90345837365265,100.56202771777869,101.40678348320014,22369900
2023-10-10,101.41595458984375,102.33416153771147,101.11295162112334,101.93933226991383,13892000
2023-10-11,97.77987670898438,98.40425784651825,96.2556564942004,98.21143518710751,57939000
2023-10-12,97.76148986816406,99.01942883907408,97.41256676235965,98.78987711382916,31183000
2023-10-13,100.88340759277344,101.18641058464667,99.01944146166922,99.19390303681107,30276500
2023-10-16,100.95686340332031,101.62715763920467,100.20393389464462,101.46188008825811,18452000
2023-10-17,102.2790756225586,102.65554384943881,100.7089425169511,100.75485566840203,19775400
2023-10-18,103.71147155761719,104.11548485482956,102.56371287723026,102.6739002324781,23380300
2023-10-19,103.7757568359375,104.64805772932019,102.22399169813448,103.50029892647227,20972500
2023-10-20,101.99443817138672,104.05121994897225,101.72815729309337,103.6839357373482,22445300
2023-10-23,100.49775695800781,101.88425153931624,99.79074062496979,101.58124153714407,18185000
2023-10-24,99.52445983886719,100.83749617749112,99.27654702208699,100.72730881149785,16786100
2023-10-25,99.70809936523438,100.5436711363393,99.28572496640116,99.64382515248505,22047300
2023-10-26,98.79906463623047,99.47853580546867,97.78903841052767,98.66133219514306,18768300
2023-10-27,96.91674041748047,100.87420988701118,96.37499470749106,99.98354807939924,23092000
2023-10-30,97.21975708007812,97.71558971317629,96.60456005591257,97.09120865727827,19379900
2023-10-31,97.19220733642578,97.47685626359313,95.98935843552397,96.94429453442923,22185200
2023-11-01,96.99938201904297,98.40423753720978,96.83410448717845,97.81658564732776,28984900
2023-11-02,100.1855697631836,100.25902800698779,96.8708418191788,97.2197579692032,25212700
2023-11-03,98.96434783935547,99.88255482544021,97.82577313811213,99.53363869265881,30555600
2023-11-06,97.21057891845703,99.41427014378424,97.1187526129321,99.32245084362286,19097300
2023-11-07,95.68634033203125,96.2831762188752,94.84159166422646,95.92507608784138,20272500
2023-11-08,94.51104736328125,96.31991628510745,94.47431824241492,95.24561576988069,19184100
2023-11-09,94.53858947753906,95.46598048547983,94.4467701809445,95.19051559033282,18380500
2023-11-10,95.26396942138672,95.86998936052109,94.49267895924802,95.429246949754,17825500
2023-11-13,96.26481628417969,96.54028117993457,95.31906421697832,95.53943893572755,15308400
2023-11-14,96.63546752929688,97.12656619050787,96.24629580563035,96.64473554255258,18260500
2023-11-15,96.05170440673828,97.43234138649343,95.9034444808847,96.32968116358018,20137600
2023-11-16,94.93978118896484,95.69032766235576,93.72593302692815,95.34748893718842,22469100
2023-11-17,97.25628662109375,97.691791326045,95.2084940690107,95.49573884486259,22984900
2023-11-20,96.83004760742188,98.10875765284364,96.7651856573517,97.64545598965022,17458800
2023-11-21,96.7929916381836,97.01537447778367,95.64400538592304,96.56134078501847,14989000
2023-11-22,96.37602996826172,96.47795691665158,94.45796104676154,95.050986708617,18072000
2023-11-24,96.89491271972656,97.72885715457554,96.28335818045237,96.38527804581258,9480800
2023-11-27,96.32967376708984,96.73738146245975,95.60692435760453,96.45939765753994,18013500
2023-11-28,96.27409362792969,97.20996503120047,96.25555760125424,96.58913538718397,20629500
2023-11-29,94.82857513427734,96.90417154634264,94.17995567389562,96.61691972581195,26802100
2023-11-30,95.19922637939453,96.8115213014244,94.33748497948979,95.54207216453429,29254700
2023-12-01,95.43087768554688,96.5706029243376,94.71739621174444,94.97684402039987,17845300
2023-12-04,94.91197967529297,95.77372105769926,94.13362919952804,94.63399584764355,21523900
2023-12-05,93.06806182861328,94.82860289924052,92.92906988371536,94.76374093421136,22250300
2023-12-06,91.83564758300781,93.32747936335421,91.1221591301004,92.66032390016555,31154800
2023-12-07,91.19629669189453,93.43867502063763,90.89051590085985,92.53060772955693,29990700
2023-12-08,92.24337768554688,92.46576053750829,91.50209208644429,91.75227191122296,22074900
2023-12-11,92.30823516845703,92.53061800963323,91.34456676412944,92.47502406669494,22252300
2023-12-12,90.85346221923828,91.43721979068292,90.32529858714382,91.43721979068292,26084000
2023-12-13,91.65959930419922,91.76152623560515,90.49208420351323,90.84419092237405,19915400
2023-12-14,94.12437438964844,94.6432700276898,92.4008915125278,92.52134740866659,26165700
2023-12-15,93.49429321289062,93.58695214766696,92.94759347969013,93.20704132483331,55527000
2023-12-18,94.1892318725586,95.54207191423934,94.0687689127162,94.63399752135697,21610400
2023-12-19,95.43087768554688,95.61620259845974,94.31895648576,94.51354234225158,18904700
2023-12-20,93.83712768554688,96.3111642543742,93.70740376891003,95.90345647670225,20988900
2023-12-21,94.26335144042969,94.52279921851682,93.41087108031545,94.02243261673947,19250900
2023-12-22,94.43014526367188,95.38454552719155,94.34674729095447,94.80078092643602,12927800
2023-12-26,94.64326477050781,95.46794117919617,94.62473581421679,95.1992253617304,16835100
2023-12-27,94.19850158691406,95.02317801715304,93.90198172312932,94.55060832102444,14558800
2023-12-28,92.83639526367188,94.15217037170217,92.78079425344923,93.94831649620566,16329300
2023-12-29,92.64180755615234,93.20702910501225,92.30822977915206,93.00318230299888,17746400
2024-01-02,94.84712982177734,95.53281439616458,93.44795663115382,93.51281858995499,23483000
2024-01-03,95.64398956298828,96.01463228061952,94.19849074059047,94.76371222493636,23490800
2024-01-04,94.81005096435547,96.89490842434421,94.55987117970263,96.44087477916268,19395200
2024-01-05,95.09730529785156,95.81079388148719,94.63400359346278,95.59767198692222,15827400
2024-01-08,93.51280212402344,93.62399706357029,91.64106659289472,93.33675230651848,23370100
2024-01-09,92.35455322265625,93.85565317879808,91.9097875782292,93.85565317879808,19496600
2024-01-10,91.44648742675781,92.47501771703188,90.95538877939539,92.47501771703188,18206100
2024-01-11,91.42794799804688,92.19703045123613,91.32602106717012,91.77079377185255,15833400
2024-01-12,92.61399841308594,93.2626249745852,91.89124895922234,92.79005530497352,18041700
2024-01-16,90.51988983154297,92.66960947056808,90.37162989188874,92.49355255958444,20235700
2024-01-17,89.86201477050781,90.77008228437487,89.49137193917628,89.50990089950204,18384000
2024-01-18,89.6952133178711,89.96392208688349,88.7871388614541,89.88053117293268,20940300
2024-01-19,89.83419036865234,89.89905231923026,89.33383078957833,89.62107556079164,20088400
2024-01-22,89.7137451171875,89.97319295026064,88.74080867374,89.60255015897476,19955900
2024-01-23,90.72373962402344,91.27043222065166,89.6303473613443,89.70447025840693,15863400
2024-01-24,92.2896957397461,92.33602873676905,90.56621287794977,91.10364453795567,17330600
2024-01-25,94.63399505615234,94.68032805018053,92.30822579992207,92.94757728709253,22089500
2024-01-26,95.44013977050781,95.51426973106855,93.76299006199845,94.48573950391028,20817200
2024-01-29,95.56061553955078,95.62547750118301,94.38383221581647,95.42163067135573,18317500
2024-01-30,97.15435791015625,97.18215487899832,94.60619874810463,94.89345058812495,19610900
2024-01-31,95.26409149169922,97.18216021067897,95.22702650806885,97.05243630268404,22415300
2024-02-01,94.87491607666016,96.37601604288858,94.16143461044558,95.96830830823882,19240700
2024-02-02,94.48574829101562,96.36675203128793,94.15217050689196,96.13510118505887,21973400
2024-02-05,94.0965805053711,94.86565597428762,93.12364408270788,94.00391450746176,17190900
2024-02-06,94.74519348144531,95.4772109835691,94.11510291439082,94.5784045940067,13347900
2024-02-07,94.71739196777344,95.18996163774874,93.75372367207305,94.74518893610923,13826800
2024-02-08,96.33895874023438,96.75592745160247,94.61547581291295,94.82859064070621,19636900
2024-02-09,94.30042266845703,97.1450947561384,94.23556071477398,96.45941023585718,20410500
2024-02-12,95.59767150878906,95.81079340228808,94.51354722260307,94.66180716058899,18173100
2024-02-13,94.7746810913086,96.41130727942084,94.08262401531299,96.10269176378529,18917400
2024-02-14,94.30706024169922,95.97174863629802,93.91427172465674,95.2703375122409,17651300
2024-02-15,97.00984191894531,97.206236186067,94.08261479987985,94.08261479987985,23196300
2024-02-16,97.00984191894531,97.8515295965745,96.81344051670038,97.27170094177424,20151400
2024-02-20,96.09333038330078,97.37457735705588,95.99981032090133,97.11271119316464,17650000
2024-02-21,98.0572738647461,98.1788563595789,96.31777370363875,96.34582900702388,20991300
2024-02-22,97.9731216430664,98.58101279679414,96.74798518813465,97.41199409159617,20470700
2024-02-23,97.11271667480469,97.34652041156235,96.21491118187011,97.15012612890077,15975900
2024-02-26,97.49615478515625,98.14145535906013,96.37389974239812,97.00049202235269,13360800
2024-02-27,97.2904052734375,98.3378485340445,97.12206630539572,97.89829638776189,16360000
2024-02-28,97.5616226196289,98.59971177771439,97.26235412311658,97.7019062881774,14810500
2024-02-29,97.7486572265625,98.26302827044451,97.46809704045508,97.89829503391849,17566100
2024-03-01,98.98314666748047,99.49751774290931,98.55294864763263,98.87092544020422,18460100
2024-03-04,97.59902954101562,98.99249777282462,97.29040690524208,98.81481179005613,18138000
2024-03-05,98.79609680175781,99.38527959230241,97.56161347743357,97.75800774094843,19952700
2024-03-06,99.85289764404297,100.60107246237834,99.27306893820072,99.71262110883846,20472800
2024-03-07,100.41403198242188,100.98451367405143,99.69391247358676,99.69391247358676,15195400
2024-03-08,101.35859680175781,101.37730509699738,99.85290011555438,100.28310528457597,16281500
2024-03-11,101.95712280273438,102.05064999858037,100.38596152317353,101.23701048653382,17577300
2024-03-12,101.30248260498047,102.20028809639089,101.03126941458714,101.99453966677363,14957200
2024-03-13,102.43408203125,103.20095792772906,102.04129350417799,102.06934880823698,17122200
2024-03-14,104.24840545654297,104.32322436055054,102.58372408555337,102.71465360000491,22121000
2024-03-15,104.06136322021484,105.02464060178798,103.66857465789788,103.66857465789788,38264400
2024-03-18,105.02464294433594,105.54836103910662,103.90238071038232,104.54768131652756,16770500
2024-03-19,105.7634506225586,106.137538013143,104.80018040801211,104.94981821829528,14878800
2024-03-20,105.669921875,106.05336338099771,104.86563654863093,105.41741700980177,16119700
2024-03-21,106.13753509521484,106.53033076884768,105.27713911511113,105.6044628972024,14878000
2024-03-22,106.13753509521484,106.32458235292651,105.51094283590822,106.12818808367174,14701900
2024-03-25,107.22239685058594,108.27918718929958,106.45552086693445,106.45552086693445,14011700
2024-03-26,106.41809844970703,107.53100640248026,106.06271937597919,107.2317379364139,13152300
2024-03-27,107.52165985107422,107.60582576851161,106.06272686783774,106.12819162644134,12415700
2024-03-28,108.70938110351562,108.90577538194707,107.60582720438397,108.04537936164067,18482100
2024-04-01,109.4107894897461,109.64459321546535,107.90509292530425,108.86837026877126,13817000
2024-04-02,111.55243682861328,111.85170532381258,109.72877055085564,110.28054394023533,19919600
2024-04-03,111.57115173339844,111.99199562700767,111.0380794717688,111.73949071786697,16504300
2024-04-04,111.96393585205078,112.11356653498439,110.9539019855343,111.33734354296372,18467400
2024-04-05,113.50704193115234,114.23650845619444,111.88911691564002,112.20709371137244,21720600
2024-04-08,112.74015045166016,113.85305124590812,112.42217369964438,113.23581316924194,17513900
2024-04-09,113.329345703125,113.76889786262173,112.54376145027209,113.16100673002249,14132300
2024-04-10,114.28326416015625,114.53577619260003,112.90850417566614,113.36675750382952,17409200
2024-04-11,113.89983367919922,114.74152859124486,112.5437676722579,114.74152859124486,17555900
2024-04-12,112.57183074951172,115.73285484242166,111.9171759763993,114.9846799974715,21556200
2024-04-15,111.92650604248047,113.80628976300632,111.71140350192253,113.24515518246302,15029500
2024-04-16,111.00066375732422,112.43154147706889,110.28054425626233,111.81429619044442,18082200
2024-04-17,110.94454193115234,111.61789780631214,109.5323725578226,110.86973016123065,14538600
2024-04-18,110.84165954589844,111.96392163343884,110.32729566567504,111.2905658079392,13821400
2024-04-19,112.11356353759766,113.09554207075585,111.24381336498212,111.44021477971272,21572400
2024-04-22,112.74951171875,113.69408081298488,110.75750645043175,111.5337365688141,16340700
2024-04-23,113.18905639648438,113.21711170141626,111.71141516566921,112.22578620649833,13929800
2024-04-24,113.207763671875,113.40415793975558,111.65530355178585,112.50635251439158,12101200
2024-04-25,113.4696273803711,113.87177007933587,111.66466230852318,113.18906005174505,16041000
2024-04-26,110.31793975830078,111.38408408661394,108.69066796273694,111.29056403125931,27289500
2024-04-29,111.88911437988281,112.27255592852842,110.1309128687271,110.1309128687271,17309900
2024-04-30,110.60786437988281,112.41282944344215,110.33665833461288,111.39344861535415,21083300
2024-05-01,108.51298522949219,110.79491190078234,108.16696027811112,110.61721878404707,27777700
2024-05-02,108.70938110351562,109.66330432460965,108.39141145323339,108.72808939772261,25513600
2024-05-03,108.48492431640625,108.5503890715371,106.73606995059227,108.48492431640625,28023300
2024-05-06,109.18634033203125,110.67332860848187,108.85901654178647,109.11152142708288,31401300
2024-05-07,108.6439208984375,109.96257742548623,108.41947130441021,109.68201008160915,30122000
2024-05-08,108.62521362304688,109.37338127272452,107.93315658493609,108.21371677789388,18957200
2024-05-09,110.76685333251953,110.85101924736342,108.66261983994201,108.67196685150911,17564000
2024-05-10,110.31793975830078,110.97259441602897,109.96256069390401,110.86036606852969,13648100
2024-05-13,110.27120208740234,111.32799244971072,109.53238139450346,110.74815659151659,15060600
2024-05-14,110.94058227539062,111.00657876577681,109.81864193882559,110.11091108295324,15079100
2024-05-15,111.79853820800781,112.04366390675575,109.44151053720182,110.88401032084268,18244300
2024-05-16,111.129150390625,112.47737059313218,110.81802099164379,111.76083212086341,15745200
2024-05-17,112.79793548583984,112.97707192212562,111.21401232463825,111.5345718846718,15104500
2024-05-20,111.88339233398438,113.03362303534111,111.77025960472169,112.88277699863156,11551300
2024-05-21,111.11029052734375,112.61878690073947,111.04429403579138,111.62883952745388,14495000
2024-05-22,108.87583923339844,110.74260135885532,108.38557338716231,110.74260135885532,17879300
2024-05-23,107.01849365234375,110.78973818192817,106.87707054386871,108.98896546637413,15979800
2024-05-24,106.93363952636719,108.49870949711469,106.57537387679912,108.27242964078702,12212900
2024-05-28,108.29129028320312,108.52699307292052,106.60365744565723,107.0279195899172,13978300
2024-05-29,107.13162994384766,107.99902168120839,106.35852507732146,107.98016142981015,13902000
2024-05-30,107.4710464477539,107.60303944002982,106.49995206469025,106.79222123428998,14683700
2024-05-31,110.55403900146484,110.77088154085848,107.47104246993993,107.59361252471561,29037400
2024-06-03,107.90473175048828,109.70550447480358,107.25419695726305,109.64893810836958,19589300
2024-06-04,106.22652435302734,106.62250328660997,104.57660493668855,106.53765374073275,19412200
2024-06-05,106.65078735351562,106.71678383854253,105.10457782453312,106.43393764952584,14863500
2024-06-06,107.45218658447266,107.51818307643147,105.69855729176345,106.30195584483778,13154100
2024-06-07,106.30194854736328,108.32899379419905,106.22652193513738,107.28247292706703,13289200
2024-06-10,106.61309051513672,107.68789469047952,106.25481766130345,106.59423026331471,15239700
2024-06-11,105.75511932373047,106.22652487356585,104.94430120256739,106.056818587902,12462400
2024-06-12,104.58602905273438,106.82049380913196,104.21833332223669,106.82049380913196,13606800
2024-06-13,103.7469482421875,104.5200531603058,103.44524893738715,104.50119290764896,14466900
2024-06-14,102.87012481689453,103.90721563990104,102.37985899236753,103.72807922019946,13313400
2024-06-17,102.16301727294922,103.20010810424178,101.99331097742294,102.9266920062784,21147900
2024-06-18,103.12467193603516,104.3880425064248,102.57784698382355,102.79468950114601,17762900
2024-06-20,105.34970092773438,106.1793792254937,103.3226558044504,103.6243622349645,17433200
2024-06-21,104.4257583618164,106.25480698546252,104.4257583618164,105.50056242916939,52212500
2024-06-24,107.5276107788086,107.98015608687746,105.25543253399788,105.25543253399788,16266700
2024-06-25,107.8293228149414,107.99902912382902,106.97136114415441,107.58418988141958,14188900
2024-06-26,107.86703491210938,108.25358377111728,106.66966063703589,107.84817465962387,15771800
2024-06-27,108.3290023803711,108.41385193104219,107.58418071003037,108.41385193104219,16812700
2024-06-28,108.53642272949219,109.8752128429621,108.12158351959741,109.23410096997847,24565900
2024-07-01,108.38557434082031,110.06377712053927,107.98016523839888,109.0926827385499,11972900
2024-07-02,107.65018463134766,109.3095343809569,106.9996425923309,109.27182106925228,13326700
2024-07-03,108.1969985961914,109.04552998360367,107.73501600060848,107.73501600060848,7732900
2024-07-05,106.8864974975586,108.07443431011123,106.24538565883014,108.0555812529771,12631000
2024-07-08,105.76455688476562,107.05621077163475,105.04801838457647,105.96254636644717,13350500
2024-07-09,104.59546661376953,106.10396294781643,104.29376734696015,104.75574277577621,11727000
2024-07-10,105.51941680908203,105.55713011633122,104.10520015608765,104.57660570708578,10004100
2024-07-11,106.77336120605469,106.83935769788498,104.58603965715047,105.05744522538912,13082700
2024-07-12,106.79222106933594,107.62189952587856,106.18882247898416,107.47104628175133,11684900
2024-07-15,108.62126922607422,109.51694411378791,107.08448967648444,107.73502446370519,13032500
2024-07-16,109.40380096435547,109.69607010372333,107.20704937386853,107.8104479027377,13614100
2024-07-17,110.91230010986328,111.42141898025865,109.8846394368438,110.06376865920433,13602800
2024-07-18,112.00596618652344,113.06191005859658,110.72374246208193,111.20457096393888,13033600
2024-07-19,109.43209075927734,112.08138780996985,109.24353140501559,111.80797171113552,16157700
2024-07-22,108.67784118652344,109.30953014172918,108.02730636581435,108.59299163328774,12065900
2024-07-23,106.92420959472656,108.5835519407084,106.69792975321084,108.24413937151262,11251700
2024-07-24,108.43270111083984,108.61183031943749,106.6036453680695,107.26361022727659,14925200
2024-07-25,110.71430969238281,111.27999492363689,108.00843919866479,108.5835545551452,17021700
2024-07-26,110.62004089355469,111.28000586271418,109.80922267825665,110.09206172514843,11252500
2024-07-29,109.46037292480469,110.67660016978985,108.7815477468522,110.61060367710436,8861800
2024-07-30,111.41197967529297,111.81738871314471,109.58293113577268,109.7054939823502,12483900
2024-07-31,111.80797576904297,112.91107033005211,111.77969258418504,112.79793039754183,15137700
2024-08-01,110.26176452636719,112.65650578462116,109.70550938333622,111.58170161581688,15051500
2024-08-02,110.19576263427734,112.07196196794222,108.81925924328239,109.33780824365772,20403800
2024-08-05,108.20642852783203,109.39437254705994,106.77335879766535,108.93239711466829,18025900
2024-08-06,107.6313247680664,109.01725112193552,107.1316288143779,107.9047336727534,13647800
2024-08-07,109.06439208984375,110.42204242236053,108.66841314055239,108.84754236442528,13660700
2024-08-08,111.14800262451172,111.35542222229529,109.11153434089066,109.44151679505634,13851000
2024-08-09,112.0531005859375,112.4867928395649,110.64831402602725,111.14800277057451,12151900
2024-08-12,112.19451904296875,113.2976062853719,111.27056101530775,112.71306801661693,13228900
2024-08-13,111.11972045898438,111.73254913266108,110.78030787642737,111.51569940760818,11585100
2024-08-14,112.14737701416016,113.04305187138408,110.902866654917,111.34598902101715,12194500
2024-08-15,112.84117889404297,113.69653448576678,112.26143337014851,112.38498296093368,11579400
2024-08-16,112.30894470214844,112.60357410093525,111.82424515273533,112.13787214030026,10056000
2024-08-19,112.6511001586914,114.52339246537905,112.30895500361201,112.52755056140836,12417500
2024-08-20,108.89701080322266,112.76514480264333,108.83048298508966,112.76514480264333,15632000
2024-08-21,108.20321655273438,109.83790840208923,108.11768389249508,109.30568584685314,11752400
2024-08-22,109.0395736694336,109.30568494485567,108.003632203268,108.13668784097904,10609500
2024-08-23,110.55072021484375,110.93088232702537,109.32470120982735,109.32470120982735,10381400
2024-08-26,112.9172134399414,113.0407702903953,111.12095496954592,111.91929609582662,13671000
2024-08-27,111.84325408935547,113.48745195240096,111.57714281695235,113.05976690662021,9991600
2024-08-28,110.74078369140625,111.74821424939334,110.49368451296505,111.19697961873848,10742900
2024-08-29,112.27092742919922,112.89819590439207,110.57921390663144,111.38705373751078,10753900
2024-08-30,112.09036254882812,112.16638916304112,110.52219852124325,110.99739930226967,13284700
2024-09-03,109.74286651611328,110.33211082776874,108.38379202966762,110.09451044378166,15725100
2024-09-04,108.40279388427734,110.38913681021462,108.32676727424654,109.57179093173166,12620600
2024-09-05,107.55694580078125,109.56229372831594,107.4619070923318,109.36271026527548,17200800
2024-09-06,107.05323028564453,108.51684954650545,106.18836864344713,107.95610886005774,13467700
2024-09-09,109.30567932128906,110.38913645890199,107.0722372306304,107.27182067692878,21645300
2024-09-10,105.3235092163086,109.67635045789116,104.70574670150938,109.39122706614104,20913400
2024-09-11,104.2780532836914,105.447043063021,102.42476601621118,105.28547654896535,19571900
2024-09-12,105.71317291259766,105.80821162217889,104.31608140368841,104.44913704729989,15919500
2024-09-13,105.63713836669922,106.89166817769235,105.42804885636892,105.94126658600094,10035400
2024-09-16,107.11975860595703,107.48090858721604,106.15035220837316,106.49249734892946,11729000
2024-09-17,108.51686096191406,108.69743959618799,106.55903587827139,106.7491133083572,12202600
2024-09-18,108.89701080322266,109.89492807521766,108.1651975527713,108.45032091676322,12569900
2024-09-19,110.24658203125,111.74821825087841,109.47675908048605,110.39864976280208,12660600
2024-09-20,109.55278778076172,109.78088938243208,108.58338135212308,109.73336640267024,36206200
2024-09-23,111.53913116455078,111.94780413822464,109.4102336335698,109.60981709731908,16066300
2024-09-24,111.2445068359375,112.29945316030067,111.03541733006537,111.995317696495,11984900
2024-09-25,109.07757568359375,111.24449716897605,108.38378665729466,110.71226740455454,13816000
2024-09-26,107.20529174804688,107.85156505596231,105.62762178275791,105.62762178275791,16887900
2024-09-27,110.07550811767578,110.33211334780798,107.63297640453946,108.11768322922077,15964000
2024-09-30,111.40606689453125,111.56763341205595,109.25815743753829,109.73335819566137,13247600
2024-10-01,113.9816665649414,114.61843391003872,110.18006008533158,110.28460484359996,23235900
2024-10-02,115.4927978515625,116.72832281708796,114.23826804470082,115.88246598334729,17129700
2024-10-03,116.50022888183594,117.06096234061363,114.93206480491574,115.85395550926835,16524300
2024-10-04,118.63862609863281,118.98077123345851,116.35766095012426,117.0894669462308,19752300
2024-10-07,119.15184020996094,120.0737235860817,118.66713340840089,119.03778941812678,15714400
2024-10-08,115.98700714111328,117.86879816755228,115.24569508518347,117.73574252935917,14818500
2024-10-09,116.03451538085938,116.50021733547239,114.80850382962036,114.90354252919862,11144900
2024-10-10,117.0324478149414,117.56467036957402,116.22460793709162,117.05145990674313,10243300
2024-10-11,117.47913360595703,117.87830050798883,116.84236632162225,116.99442679578227,8294800
2024-10-14,117.92582702636719,118.09689959680247,116.5382416221648,117.12748594733975,9808100
2024-10-15,114.38082885742188,115.90146993727976,113.83910024612912,114.82751876078389,15771300
2024-10-16,114.67545318603516,115.41676522636052,114.61842416301823,114.89404147947043,8426800
2024-10-17,114.38082885742188,115.54982599283711,113.77257242547873,114.77049698622316,11204900
2024-10-18,114.05768585205078,114.65643618568076,113.24033998335642,114.46635878639798,12898600
2024-10-21,114.12422943115234,115.4547931628898,113.7820842643916,114.97959234805421,10177800
2024-10-22,114.71346282958984,115.17916480430054,113.99116288083341,114.29529108320146,9201400
2024-10-23,114.30479431152344,114.76099025826456,113.47794958135124,114.01967818942525,8320300
2024-10-24,113.65852355957031,114.4663707182009,113.22133969485812,114.04819169500283,9905600
2024-10-25,113.5634765625,114.45685631923108,113.40191004296003,114.23826077733305,10714600
2024-10-28,113.00275421142578,113.1072989698374,110.97839411762705,110.99740621060495,11844500
2024-10-29,111.46308135986328,113.2593395277621,111.26349792465092,112.69860615040182,14731000
2024-10-30,110.90235137939453,112.40398021188948,110.70276793806903,111.8242419781275,12303700
2024-10-31,110.9878921508789,112.78415050518808,110.89285344581795,111.33954333569169,20512000
2024-11-01,109.24866485595703,114.00067302282753,109.14412009620676,113.98166818059521,20939300
2024-11-04,112.72714233398438,112.81267500356306,110.18006557568356,110.31312122902105,14965400
2024-11-05,113.05976867675781,113.29736906669325,112.15689009539855,113.17381947428267,10436700
2024-11-06,114.99858856201172,115.86345746059717,113.38290881318875,115.14115024596397,20807700
2024-11-07,115.14114379882812,115.47378287543218,113.67752461078227,115.28370547479787,12184400
2024-11-08,115.10314178466797,115.39776396912751,113.72506232401449,114.97959218334374,12836000
2024-11-11,114.494873046875,115.58783625244514,114.11471098611301,114.99858469571464,11969700
2024-11-12,114.38082885742188,115.2932135053366,113.89612202068984,115.12214093066581,11972800
2024-11-13,115.44527435302734,115.99650897753111,112.90770402258894,114.58991153069186,15127900
2024-11-14,115.52193450927734,116.78677294147488,115.30155003754354,116.57597262825108,13041800
2024-11-15,114.32416534423828,116.1735130813798,114.15168705178988,115.368619257001,19051700
2024-11-18,115.28238677978516,115.57943722206448,114.2858462575666,114.78412017396151,14239700
2024-11-19,113.6725845336914,114.74578363877816,113.26055345241951,114.74578363877816,11584400
2024-11-20,115.2919692993164,115.43570243894695,113.68217421871104,114.1900249762439,11360900
2024-11-21,116.83468627929688,117.42877982647896,115.24405225485982,116.0202082606529,14675400
2024-11-22,116.70053100585938,118.06118901634912,116.55679787842554,116.72927616923202,13323400
2024-11-25,114.95659637451172,116.786775925863,114.61163976504541,116.35558381931568,26580300
2024-11-26,113.04017639160156,114.6787166657229,112.9251884158387,114.53498352366216,14827300
2024-11-27,112.74312591552734,113.76841153994036,112.52273413731335,113.15514968638817,11079100
2024-11-29,113.03057861328125,113.54801347601,112.06278337129395,112.53231206615565,9426500
2024-12-02,112.92517852783203,113.26055095622687,111.93822224831125,113.1168251373224,12687300
2024-12-03,112.7527084350586,113.75883310398899,112.35984565052914,113.75883310398899,11756600
2024-12-04,109.5043716430664,112.63772627161798,109.10192470508196,112.58981278875603,19520600
2024-12-05,109.98347473144531,110.78837589970429,109.29356153310073,109.91640024330464,15751200
2024-12-06,108.82403564453125,109.9738860541442,108.75696115914667,109.75350159241086,16171100
2024-12-09,108.18203735351562,110.13678892359597,108.03830422281237,109.84932266218948,17412600
2024-12-10,107.9616470336914,109.1210816320043,107.08009454233179,108.843199525051,20990900
2024-12-11,107.24298095703125,107.69334132860274,106.4668323314712,107.31963959699453,32392200
2024-12-12,107.14716339111328,107.68375926012621,106.15062298396755,106.9267716245856,14543300
2024-12-13,106.2081069946289,107.22381565702837,105.64276599632984,107.22381565702837,13106100
2024-12-16,103.93716430664062,105.7865121131624,103.64012119039084,105.59486549737957,20256100
2024-12-17,103.49639129638672,103.64970128324182,102.32737249051073,102.75856459602251,17554000
2024-12-18,101.97282409667969,104.28211637009703,101.86742029022501,103.07476833016102,17114500
2024-12-19,101.10086059570312,103.17059288050409,100.81339432615562,102.90229492789757,20565600
2024-12-20,101.44581604003906,101.7045298312298,100.45885242479969,101.04336180514004,40141200
2024-12-23,101.85784912109375,102.14530808243752,100.53551304297109,100.90921481011767,12285100
2024-12-24,101.95365905761719,102.71064667831088,101.28290692393618,102.06863970696743,7807000
2024-12-26,102.0398941040039,102.5573289555565,101.512882405427,102.06863926621735,9652400
2024-12-27,102.03031921386719,103.47721268387593,101.34998291243956,101.85784092670829,11943900
2024-12-30,101.34040832519531,102.10697282144176,101.10085554938632,101.8578431982112,11080800
