transcript_id,ticker,quarter,section,fls_type,sentence,sentiment_score
AAPL_2019-Q3,AAPL,2019-Q3,remarks,hedging,"We accomplished these results despite strong headwinds from foreign exchange, which impacted our top line growth rate by 300 basis points compared to a year ago.",0.4676252007484436
AAPL_2019-Q3,AAPL,2019-Q3,remarks,positive,"We surpassed 420 million paid subscriptions to services across our platform, and we remain on track to double our fiscal year 16 Services revenue in 2020.",0.931481122970581
AAPL_2019-Q3,AAPL,2019-Q3,remarks,positive,"On a related note, thousands of Apple employees are using Apple Card every day in our beta test, and we plan to begin the rollout of Apple Card in August.",0.1661622524261474
AAPL_2019-Q3,AAPL,2019-Q3,remarks,positive,"As I noted earlier, we believe Mac OS Catalina will be a breakthrough in the Mac ecosystem.",0.8687291741371155
AAPL_2019-Q3,AAPL,2019-Q3,remarks,positive,"Thousands of developers are already using it to bring their apps to the Mac ecosystem, and we expect to see a wave the popular apps arriving for the Mac as early as this fall.",0.5762844085693359
AAPL_2019-Q3,AAPL,2019-Q3,remarks,positive,"Company gross margin was 37.6%, flat sequentially, and in line with our guidance.",-0.5545975565910339
AAPL_2019-Q3,AAPL,2019-Q3,remarks,hedging,"Turning to services, we reached an all-time revenue record in spite of foreign exchange headwinds with double-digit growth from the App Store, Apple Music, cloud services, and AppleCare, and triple-digit growth from Apple Pay and our App Store search ad business.",0.9347923398017884
AAPL_2019-Q3,AAPL,2019-Q3,remarks,positive,"As we move ahead into the September quarter, I'd like to review our outlook, which includes the types of forward-looking information that Nancy referred to, at the beginning of the call.",0.0214547384530305
AAPL_2019-Q3,AAPL,2019-Q3,remarks,positive,We expect revenue to be between $61 billion and $64 billion.,0.1275296658277511
AAPL_2019-Q3,AAPL,2019-Q3,remarks,positive,We expect gross margin to be between 37.5% and 38.5%.,0.1015177741646766
AAPL_2019-Q3,AAPL,2019-Q3,remarks,positive,We expect OpEx to be between $8.7 billion and $8.8 billion.,0.0673472508788108
AAPL_2019-Q3,AAPL,2019-Q3,remarks,positive,We expect Y&E to be about $200 million and we expect our tax rate to be about 16.5%.,0.1106507703661918
AAPL_2019-Q3,AAPL,2019-Q3,qa,positive,"So, of course, Shannon, as you've seen, our guidance for margin is 50 basis points higher than the guidance that we had given for June.",0.884638786315918
AAPL_2019-Q3,AAPL,2019-Q3,qa,positive,"I would say on the positive, we expect to benefit from leverage, as you've seen from our revenue guidance, and from cost savings because as you know, the commodity environment is fairly favorable right now.",0.9276028871536256
AAPL_2019-Q3,AAPL,2019-Q3,qa,positive,So we will continue to do that.,0.2004634737968444
AAPL_2019-Q3,AAPL,2019-Q3,qa,positive,"As you've seen from this quarter and also from the past, we will continue to run our SG&A portion of OpEx tightly.",0.2171151041984558
AAPL_2020-Q1,AAPL,2020-Q1,remarks,positive,"We generated revenue of $91.8 billion, which is above the high end of our guidance range, with revenue growth accelerating for the third consecutive quarter.",0.9359395503997804
AAPL_2020-Q1,AAPL,2020-Q1,remarks,positive,"Before discrete items, the rate was 16.5%, exactly in line with our guidance.",0.0592991858720779
AAPL_2020-Q1,AAPL,2020-Q1,remarks,positive,"And at this point, we expect to hit our goal of surpassing the 500 million mark already during the March quarter.",0.9311025142669678
AAPL_2020-Q1,AAPL,2020-Q1,remarks,positive,"Finally, as we move ahead into the March quarter, I'd like to review our outlook, which includes the types of forward-looking information that Tejas referred to at the beginning of the call.",0.0436373017728328
AAPL_2020-Q1,AAPL,2020-Q1,remarks,positive,We expect revenue to be between $63 billion and $67 billion.,0.1417252719402313
AAPL_2020-Q1,AAPL,2020-Q1,remarks,positive,We expect gross margin to be between 38% and 39%.,0.1039622351527214
AAPL_2020-Q1,AAPL,2020-Q1,remarks,positive,We expect opex to be between $9.6 billion and $9.7 billion.,0.0570454485714435
AAPL_2020-Q1,AAPL,2020-Q1,remarks,positive,We expect OI&E to be about $250 million.,0.0517819821834564
AAPL_2020-Q1,AAPL,2020-Q1,remarks,positive,And we expect the tax rate to be about 16.5%.,0.1198409795761108
AAPL_2020-Q1,AAPL,2020-Q1,qa,positive,"But we expect that, that loss of leverage will be offset by better mix and cost savings.",0.9311569929122924
AAPL_2020-Q1,AAPL,2020-Q1,qa,positive,"And again, we have attempted to account for this in our guidance range that we've provided you.",0.0828048661351203
AAPL_2020-Q1,AAPL,2020-Q1,qa,positive,So if you can talk about how you're thinking about inventory levels and managing that going forward.,0.0204857718199491
AAPL_2020-Q1,AAPL,2020-Q1,qa,positive,"Most commodities have been declining during the December quarter, and we expect the same to happen in the March quarter.",-0.9552969336509703
AAPL_2020-Q1,AAPL,2020-Q1,qa,positive,"And so, we will continue that practice as we go through the year.",0.1632003635168075
AAPL_2020-Q1,AAPL,2020-Q1,qa,positive,"We also set a goal to pass 500 million paid subscriptions during 2020 and given that we are already at 480 million at the end of December, we expect to pass that mark during the March quarter.",0.8826126456260681
AAPL_2020-Q1,AAPL,2020-Q1,qa,positive,"And so while these services did not have a material impact in our December quarter results, we expect that over time these are contributing to the growth of the Services business, but we feel very happy with the 17%.",0.9157088994979858
AAPL_2020-Q1,AAPL,2020-Q1,qa,positive,"Yeah, I think we felt good about our opex results because they were at the low end of our guidance range, but clearly, we want to make all the necessary investments in the business and from -- in terms of the new services, not only for TV+, but all the new services that we launched during 2019, this is a period where we're making the necessary investments in advertising and marketing and that level of investment is reflected in our opex results.",0.3614987134933471
AAPL_2020-Q1,AAPL,2020-Q1,qa,positive,So we will continue to make all the necessary investments also there.,0.3854084014892578
AAPL_2020-Q1,AAPL,2020-Q1,qa,positive,But how should we think about potential leverage going forward?,0.031395100057125
AAPL_2020-Q1,AAPL,2020-Q1,qa,positive,"And just if you look at this past year, we launched many new initiatives for example on the Services front, which we want to support with the appropriate level of investment, not only marketing and advertising, but also in R&D. As I mentioned earlier, we closed the acquisition of the Intel baseband business because we think it's a very important strategic core technology for the Company going forward.",0.5939063429832458
AAPL_2020-Q1,AAPL,2020-Q1,qa,positive,"And so, we've given you the range that we expect that the current quarter and really don't give a range beyond that.",0.0583300106227397
AAPL_2020-Q2,AAPL,2020-Q2,remarks,hedging,"Now, when you step back and tally all this up, when you consider all the ways COVID-19 has touched Apple, our customers and the way we work, this may not have been the quarter it could have been absent this pandemic.",-0.1523252427577972
AAPL_2020-Q2,AAPL,2020-Q2,remarks,positive,We expect to meet our long-standing goal of doubling our fiscal 2016 Services revenue in 2020.,0.9317370653152466
AAPL_2020-Q2,AAPL,2020-Q2,remarks,positive,"With this momentum, we are confident we will reach our increased target of 600 million paid subscriptions before the end of calendar 2020.",0.9311503171920776
AAPL_2020-Q2,AAPL,2020-Q2,remarks,hedging,"However, based on what we have seen in April and how we think things might play out, I would like to provide some additional insight on headwinds and tailwinds we're facing.",0.0606874972581863
AAPL_2020-Q2,AAPL,2020-Q2,remarks,positive,"From a foreign exchange standpoint, the US dollar has appreciated recently against most currencies around the world, and as a result, we expect our revenue to be negatively impacted by more than $1.5 billion on a year-over-year basis.",-0.928436040878296
AAPL_2020-Q2,AAPL,2020-Q2,remarks,positive,"On iPhone and Wearables, we expect the year-over-year revenue performance to worsen in the June quarter relative to the March quarter.",-0.950020670890808
AAPL_2020-Q2,AAPL,2020-Q2,remarks,positive,"On iPad and Mac, we expect the year-over-year revenue performance to improve in the June quarter.",0.942594051361084
AAPL_2020-Q2,AAPL,2020-Q2,remarks,positive,"First, customers are actively engaging with our ecosystem and digital services, and we believe the very strong recent performance in the App Store, video, Music and cloud services will continue throughout the June quarter.",0.932736337184906
AAPL_2020-Q2,AAPL,2020-Q2,remarks,hedging,"For gross margin, sequential headwinds include foreign exchange, the mix within products and the seasonal loss of leverage on our product business.",-0.9596930146217346
AAPL_2020-Q2,AAPL,2020-Q2,remarks,positive,"We will continue to stay focused on what we do best, investing in our product and service pipeline, managing the business wisely and taking care of our teams, and believe we will come out from this stronger.",0.8691266179084778
AAPL_2020-Q2,AAPL,2020-Q2,qa,positive,"In particular for, as I think Luca shared, we believe that iPad and Mac are going to improve on a year-over-year basis during this quarter.",0.9416447877883912
AAPL_2020-Q2,AAPL,2020-Q2,qa,positive,"So we know that the core of the business, the core of the company is innovation and product and services development, so we will continue to invest in our pipeline.",0.5900959372520447
AAPL_2020-Q2,AAPL,2020-Q2,qa,positive,We're very excited about what we have in store and so we will continue to invest there.,0.7319144010543823
AAPL_2020-Q2,AAPL,2020-Q2,qa,positive,So we will continue to do that.,0.2004634737968444
AAPL_2020-Q2,AAPL,2020-Q2,qa,positive,And so we expect our digital services to continue at the same level of performance that we have seen during the March quarter.,0.9357101917266846
AAPL_2020-Q2,AAPL,2020-Q2,qa,positive,"And that includes the App Store, of course, our video business, our Music business, cloud services, so we expect all these businesses to continue to grow very strongly.",0.8726590871810913
AAPL_2020-Q2,AAPL,2020-Q2,qa,positive,"Given the overall economic environment, the level of demand right now, there are two businesses that we believe are going to be impacted during the June quarter.",-0.5578688383102417
AAPL_2020-Q2,AAPL,2020-Q2,qa,positive,And do you expect that going forward as unemployment uptick and macro impacts kind of layer on through rest of '20?,-0.2449239194393158
AAPL_2020-Q2,AAPL,2020-Q2,qa,positive,"For the June quarter, we would expect NAND and DRAM pricing to remain at this historically low level, while displays and most other commodity prices, we expect to decline.",-0.9389411211013794
AAPL_2020-Q3,AAPL,2020-Q3,remarks,positive,"With this momentum, we remain confident to reach our increased target of 600 million paid subscriptions before the end of calendar 2020.",0.9319872260093688
AAPL_2020-Q3,AAPL,2020-Q3,remarks,positive,"On iPhone, we expect to see recent performance continue for our current product lineup, including the strong customer response for iPhone SE.",0.9400149583816528
AAPL_2020-Q3,AAPL,2020-Q3,remarks,positive,"This year, we project supply to be available a few weeks later.",0.2616645693778991
AAPL_2020-Q3,AAPL,2020-Q3,remarks,positive,We expect the rest of our products categories to have strong year-over-year performance.,0.9344722628593444
AAPL_2020-Q3,AAPL,2020-Q3,remarks,positive,"For Services, we expect the September quarter to have the same trends that we observed during the June quarter except for AppleCare, where during the September quarter a year ago, we expanded our distribution significantly.",0.8595750331878662
AAPL_2020-Q3,AAPL,2020-Q3,remarks,positive,"As a consequence, we expect a difficult comp for AppleCare also considering the COVID-related point-of-sale closures this year.",-0.8767645359039307
AAPL_2020-Q3,AAPL,2020-Q3,remarks,positive,"For opex, we expect to be between $9.8 billion and $9.9 billion.",0.0661454498767852
AAPL_2020-Q3,AAPL,2020-Q3,remarks,positive,We expect the tax rate to be about 16.5% and OI&E to be $50 million.,0.0484716929495334
AAPL_2020-Q3,AAPL,2020-Q3,qa,positive,"As I said when I was talking about providing some commentary for the September quarter, we expect all the non-iPhone product categories to have a very strong year-over-year performance.",0.935505509376526
AAPL_2020-Q3,AAPL,2020-Q3,qa,positive,So we expect the performance that we've seen for Mac in the June quarter to continue.,0.9315458536148072
AAPL_2020-Q3,AAPL,2020-Q3,qa,positive,"Going forward, the variables are always the same.",-0.0169888734817504
AAPL_2020-Q3,AAPL,2020-Q3,qa,positive,"As you know now for several years, we've been managing gross margin, I would say, fairly well in spite of some difficult situations like the one with the strength of the dollar, and we plan to continue to make good trade-off decisions between revenue and units and margins.",0.8713620901107788
AAPL_2020-Q3,AAPL,2020-Q3,qa,positive,And we believe we're going to have a strong back-to-school season.,0.9256120324134828
AAPL_2020-Q3,AAPL,2020-Q3,qa,positive,"We've had to reclose some of the stores here in the United States as the number of cases has gone up, and we will continue to track how the virus is doing.",-0.1365331262350082
AAPL_2020-Q3,AAPL,2020-Q3,qa,positive,"I guess the drivers of wearables being predominantly Watch and AirPods, what are your thoughts going forward on whether there's a little bit of pent-up demand perhaps that might resume as we get back to a more normalized environment?",0.0870860144495964
AAPL_2020-Q3,AAPL,2020-Q3,qa,positive,"We believe, based on what we've heard, that it's the fastest rollout in the history of credit cards, and so we feel very good about that.",0.886761486530304
AAPL_2020-Q4,AAPL,2020-Q4,remarks,hedging,"Back in April, I said we were in the most challenging environment in which Apple as a company has ever operated.",-0.567728579044342
AAPL_2020-Q4,AAPL,2020-Q4,remarks,positive,"Before looking ahead, I want to provide just a few highlights for the amazing fiscal year we just completed.",0.0760226994752883
AAPL_2020-Q4,AAPL,2020-Q4,remarks,positive,"Given the tremendously positive response, we expect iPhone revenue to grow during the December quarter despite shipping iPhone 12 and 12 Pro 4 weeks into the quarter and iPhone 12 mini and 12 Pro Max 7 weeks into the quarter.",0.9168555736541748
AAPL_2020-Q4,AAPL,2020-Q4,remarks,positive,"We expect all other products in aggregate to grow double digits, and we also expect services to continue to grow double digits.",0.921455442905426
AAPL_2020-Q4,AAPL,2020-Q4,remarks,positive,"For gross margin, we expect it to be similar to our most recent quarters despite the costs associated with the launch of several new products.",0.933686912059784
AAPL_2020-Q4,AAPL,2020-Q4,remarks,positive,"For opex, we expect to be between $10.7 billion and $10.8 billion.",0.0806312635540962
AAPL_2020-Q4,AAPL,2020-Q4,remarks,positive,We expect OI&E to be around $50 million and the tax rate to be around 16%.,0.0944007933139801
AAPL_2020-Q4,AAPL,2020-Q4,qa,positive,"In terms of this quarter, given the explanation for last quarter and the momentum that we've got, and as importantly, given the initial data points that we see on iPhone 12 and iPhone 12 Pro, although we don't guide to revenue, as Luca said, I would tell you that we are confident that we will grow this quarter in China.",0.8906906843185425
AAPL_2020-Q4,AAPL,2020-Q4,qa,positive,"What I said in my prepared remarks, we expect gross margins in total for the company to be pretty much in line with what we've seen during the last quarter, which, obviously, as you said, it's very good, right, because we are offering the new phones at price points that are essentially unchanged, and we're taking on a lot of new technology into the phones.",0.8493468761444092
AAPL_2020-Q4,AAPL,2020-Q4,qa,positive,And we've implemented that in a number of places where we believe it helps from the safety of our employee and the safety of the customer's point of view but still allows for an interaction to take place.,0.2344692796468734
AAPL_2021-Q1,AAPL,2021-Q1,remarks,positive,"At Apple, we have every intention to be partners in this effort, and we look forward to working in communities around the world to make it possible.",0.8083974719047546
AAPL_2021-Q1,AAPL,2021-Q1,remarks,positive,"For total company revenue, we believe growth will accelerate on a year-over-year basis and in aggregate, follow typical seasonality on a sequential basis.",0.9032406210899352
AAPL_2021-Q1,AAPL,2021-Q1,remarks,positive,"At the product category level, keep in mind two items: First, during the March quarter last year, we saw elevated activity in our digital services as lockdowns occurred around the world, so our services business faces a tougher year-over-year comparison; second, we believe the year-over-year growth in the Wearables, Home and Accessories category will decelerate compared to Q1.",-0.2596250772476196
AAPL_2021-Q1,AAPL,2021-Q1,remarks,positive,"This year, we plan to decrease AirPods channel inventory as is typical after the holiday quarter.",-0.7365761995315552
AAPL_2021-Q1,AAPL,2021-Q1,remarks,positive,We expect gross margin to be similar to the December quarter.,0.9035438895225524
AAPL_2021-Q1,AAPL,2021-Q1,remarks,positive,We expect opex to be between $10.7 billion and $10.9 billion.,0.0643913000822067
AAPL_2021-Q1,AAPL,2021-Q1,remarks,positive,We expect OI&E to be up around $50 million and our tax rate to be around 17%.,0.9307404160499572
AAPL_2021-Q1,AAPL,2021-Q1,qa,hedging,And then how are you thinking about the headwinds and tailwinds on gross margins as you go into the March quarter?,-0.4821725487709045
AAPL_2021-Q1,AAPL,2021-Q1,qa,positive,"At current rates, we expect some level of benefit around 60 to 70 basis points for the March quarter.",0.7703854441642761
AAPL_2021-Q1,AAPL,2021-Q1,qa,positive,We believe we're going to be able to be in supply demand balance for all the models at some point during the quarter.,0.9106844067573548
AAPL_2021-Q1,AAPL,2021-Q1,qa,positive,"So we -- and we still had some level of supply constraints, which we believe we're going to be able to solve during the March quarter.",0.9153034090995787
AAPL_2021-Q1,AAPL,2021-Q1,qa,positive,"In terms of the sequential change, we talked about -- during the prepared remarks, we talked about total company average, and we said that we expect that sequential progression to be similar to the typical seasonality that you've seen in past years.",0.0885484218597412
AAPL_2021-Q1,AAPL,2021-Q1,qa,positive,"And then I think perhaps most importantly, as you look out, let's say, over the next five years, what do you think is a realistic revenue growth rate for Apple going forward?",0.2482781112194061
AAPL_2021-Q1,AAPL,2021-Q1,qa,hedging,"But do you think with the pandemic and people staying primarily at home, that kind of seasonal bump might not happen in China for gaming downloads?",-0.3863472044467926
AAPL_2021-Q1,AAPL,2021-Q1,qa,positive,"So we expect to have a great quarter in China, but at the same time, we need to keep in mind that the compare is going to be particularly challenging because of what happened a year ago.",0.6261851191520691
AAPL_2021-Q1,AAPL,2021-Q1,qa,positive,"And what would be the level of permanence that you would see in some of those actions such that if those subsidies were removed, could that potentially be a headwind going forward?",-0.5849443674087524
AAPL_2021-Q2,AAPL,2021-Q2,remarks,positive,"As we look forward to WWDC, we're taking new steps to foster -- to support and foster the unmatched community of developers we work with here in the United States and around the world.",0.817478597164154
AAPL_2021-Q2,AAPL,2021-Q2,remarks,positive,"We're also raising our dividend by 7% to $0.22 per share, and we continue to plan for annual increases in the dividend going forward.",0.9319698214530944
AAPL_2021-Q2,AAPL,2021-Q2,remarks,positive,"As we move ahead into the June quarter, I'd like to review our outlook, which includes the types of forward-looking information that Tejas referred to at the beginning of the call.",0.0448005869984626
AAPL_2021-Q2,AAPL,2021-Q2,remarks,positive,We expect our June quarter revenue to grow strong double digits year over year.,0.9313645362854004
AAPL_2021-Q2,AAPL,2021-Q2,remarks,positive,"However, we believe that the sequential revenue decline from the March quarter to the June quarter will be greater than in prior years for two reasons.",-0.9417297840118408
AAPL_2021-Q2,AAPL,2021-Q2,remarks,positive,"Second, we believe supply constraints will have a revenue impact of 3 to $4 billion in the June quarter.",-0.6860015392303467
AAPL_2021-Q2,AAPL,2021-Q2,remarks,positive,We expect gross margin to be between 41.5 and 42.5%.,0.0992801189422607
AAPL_2021-Q2,AAPL,2021-Q2,remarks,positive,We expect opex to be between 11.1 and $11.3 billion.,0.0446341671049594
AAPL_2021-Q2,AAPL,2021-Q2,remarks,positive,We expect OI&E to be around 50 million and our tax rate to be around 14.5%.,0.1084614768624305
AAPL_2021-Q2,AAPL,2021-Q2,qa,positive,"So when you look at our normal seasonality, and you've mentioned a percentage there that is really an average of several years, what we're saying is that we believe that the sequential decline this year is going to be higher than that.",-0.1413955390453338
AAPL_2021-Q2,AAPL,2021-Q2,qa,positive,Have we seen kind of a structural change to the higher band of the product category that you believe can be sustained going forward?,0.2071459293365478
AAPL_2021-Q2,AAPL,2021-Q2,qa,positive,We don't predict going forward other than for our own internal use.,0.0267160963267087
AAPL_2021-Q2,AAPL,2021-Q2,qa,positive,"So we expect to be supply gated, not demand-gated.",0.0601708516478538
AAPL_2021-Q2,AAPL,2021-Q2,qa,positive,"And so, you will continue to see the fact that we -- we will continue to grow our operating expenses, particularly on the R&D side, which continues to be the core of the company.",0.925046443939209
AAPL_2021-Q3,AAPL,2021-Q3,remarks,positive,"As we look forward to more in-person interactions in the future, we're doubling down on innovation and doing all we can to help chart a course to a healthier and more equitable world.",0.4946880638599396
AAPL_2021-Q3,AAPL,2021-Q3,remarks,positive,"For example, during WWDC in June, we previewed our new iCloud+ and Apple Wallet features, which we believe will create a more secure and differentiated customer experience.",0.830248236656189
AAPL_2021-Q3,AAPL,2021-Q3,remarks,positive,"As we move ahead into the September quarter, I'd like to review our outlook, which includes the types of forward-looking information that Tejas referred to at the beginning of the call.",0.0441247969865798
AAPL_2021-Q3,AAPL,2021-Q3,remarks,positive,We expect very strong double-digit year-over-year revenue growth during the September quarter.,0.935343325138092
AAPL_2021-Q3,AAPL,2021-Q3,remarks,positive,We expect revenue growth to be lower than our June quarter year-over-year growth of 36% for three reasons.,-0.9528608918190002
AAPL_2021-Q3,AAPL,2021-Q3,remarks,positive,"First, we expect the foreign exchange impact on our year-over-year growth rate to be three points less favorable than it was during the June quarter.",-0.7747069001197815
AAPL_2021-Q3,AAPL,2021-Q3,remarks,positive,"Second, we expect our services growth rate to return to a more typical level.",0.938819706439972
AAPL_2021-Q3,AAPL,2021-Q3,remarks,positive,"And third, we expect supply constraints during the September quarter to be greater than what we experienced during the June quarter.",-0.66224205493927
AAPL_2021-Q3,AAPL,2021-Q3,remarks,positive,We expect gross margin to be between 41.5% and 42.5%.,0.1125700697302818
AAPL_2021-Q3,AAPL,2021-Q3,remarks,positive,We expect opex to be between $11.3 billion and $11.5 billion.,0.0524282827973365
AAPL_2021-Q3,AAPL,2021-Q3,remarks,positive,"We expect OI&E to be around zero, excluding any potential impact from the mark-to-market of minority investments and our tax rate to be around 16%.",0.0931657627224922
AAPL_2021-Q3,AAPL,2021-Q3,qa,positive,We expect this very strong level of growth that we've experienced during the course of the year to continue into the September quarter.,0.9269810318946838
AAPL_2021-Q3,AAPL,2021-Q3,qa,positive,"And so we expect still significant growth in services, but not to the level that we've seen in June.",0.935616970062256
AAPL_2021-Q3,AAPL,2021-Q3,qa,positive,"And so we came in at a number that was slightly below the low end of that range that we had quoted at the beginning of the quarter, but we expect that number to be higher for the September quarter.",0.4448282420635223
AAPL_2021-Q3,AAPL,2021-Q3,qa,positive,"We'll only enter where we believe we have an ability to do something better and therefore, make a better product for the user.",0.4639252126216888
AAPL_2021-Q3,AAPL,2021-Q3,qa,positive,"So does that mean, thinking about the portfolio going forward, there is less of a need for a lower price product going forward?",0.1007876768708229
AAPL_2021-Q3,AAPL,2021-Q3,qa,positive,And that the current portfolio and the new cycle going forward would be more high end in nature as we currently have today?,0.0474111400544643
AAPL_2021-Q4,AAPL,2021-Q4,remarks,positive,"We are optimistic about the future, especially as we see strong demand for our new products.",0.9206387996673584
AAPL_2021-Q4,AAPL,2021-Q4,remarks,positive,We're very encouraged to see the growth in this area and we will continue to drive those changes in the supply chain in the months and years to come.,0.8610214591026306
AAPL_2021-Q4,AAPL,2021-Q4,remarks,positive,"We are pleased to report very strong financial results for the September quarter, capping a record-setting fiscal year 2021.",0.910132884979248
AAPL_2021-Q4,AAPL,2021-Q4,remarks,positive,"We continue to improve and expand our product offerings in this category, which we believe improved the overall customer experience and showcased the integration between our products and services.",0.94476717710495
AAPL_2021-Q4,AAPL,2021-Q4,remarks,positive,"As we move ahead into the December quarter, I'd like to review our outlook, which includes the types of forward-looking information that Tejas referred to at the beginning of the call.",0.043367113918066
AAPL_2021-Q4,AAPL,2021-Q4,remarks,positive,"We expect revenue for each product category to grow on a year-over-year basis, except for iPad, which we expect to decline year over year due to supply constraints.",-0.4117727279663086
AAPL_2021-Q4,AAPL,2021-Q4,remarks,positive,"For services, we expect our growth rate to decelerate from the September quarter but to remain strong.",0.9002842307090759
AAPL_2021-Q4,AAPL,2021-Q4,remarks,positive,We expect gross margin to be between 41.5 percent and 42.5 percent.,0.0587837696075439
AAPL_2021-Q4,AAPL,2021-Q4,remarks,positive,We expect opex to be between $12.4 billion and $12.6 billion.,0.0556275732815265
AAPL_2021-Q4,AAPL,2021-Q4,remarks,positive,"We expect OI and E to be around negative $50 million, excluding any potential impact from the mark-to-market of minority investments and our tax rate to be around 16 percent.",0.0963165462017059
AAPL_2021-Q4,AAPL,2021-Q4,qa,positive,"And, you know, how we should think about what products you expect to see most impacted going forward?",0.051460862159729
AAPL_2021-Q4,AAPL,2021-Q4,qa,hedging,"You know, it gets -- when I think about the supply chain headwinds, you're talking about $6 billion in September, getting bigger in December.",-0.0197295546531677
AAPL_2021-Q4,AAPL,2021-Q4,qa,hedging,"It is difficult to predict COVID, and so I'm not going to predict where it goes.",-0.0797342285513877
AAPL_2021-Q4,AAPL,2021-Q4,qa,hedging,"I think it would be, you know, would be subject to too much inaccuracy.",-0.3308446109294891
AAPL_2021-Q4,AAPL,2021-Q4,qa,positive,"The reason that we did this is that, as you know, if you've followed us for a while, we believe strongly that privacy is a basic human right.",0.0726276636123657
AAPL_2021-Q4,AAPL,2021-Q4,qa,hedging,"So, as we look to -- well, as I think about this upcoming cycle, how are you looking to manage component cost-related headwinds?",0.0443118140101432
AAPL_2021-Q4,AAPL,2021-Q4,qa,hedging,"When you mentioned, you know, supply chain headwinds going to get worse and you mentioned $6 billion this quarter, there's two ways to think about your terminology of worse.",-0.4334872663021087
AAPL_2021-Q4,AAPL,2021-Q4,qa,positive,"And obviously, the fact that we continue to launch new services and new offerings within the services that we already have, new features that, you know, obviously, gives us a lot of momentum going forward.",0.844548225402832
AAPL_2021-Q4,AAPL,2021-Q4,qa,positive,We look at ones where we believe we can make a substantial difference and have a level of differentiation.,0.6285219192504883
AAPL_2022-Q1,AAPL,2022-Q1,remarks,positive,And we are pleased to see that our active installed base of devices is now at a new record with more than 1.8 billion devices.,0.8826460838317871
AAPL_2022-Q1,AAPL,2022-Q1,remarks,positive,"As we move ahead into the March quarter, I'd like to review our outlook, which includes the types of forward-looking information that Tejas referred to at the beginning of the call.",0.0456797070801258
AAPL_2022-Q1,AAPL,2022-Q1,remarks,positive,"We expect to achieve solid year-over-year revenue growth and set a March quarter revenue record despite significant supply constraints, which we estimate to be less than what we experienced during the December quarter.",0.7886249423027039
AAPL_2022-Q1,AAPL,2022-Q1,remarks,positive,"We expect our revenue growth rate to decelerate from the December quarter, primarily due to two factors.",-0.749616265296936
AAPL_2022-Q1,AAPL,2022-Q1,remarks,positive,"Second, we expect foreign exchange to be a 3-point headwind when compared to the December quarter growth rate.",-0.9522295594215392
AAPL_2022-Q1,AAPL,2022-Q1,remarks,positive,"Specifically related to services, we expect to grow strong double digits but decelerate from the December quarter performance.",-0.0307248532772064
AAPL_2022-Q1,AAPL,2022-Q1,remarks,positive,We expect gross margin to be between 42.5% and 43.5%.,0.107025608420372
AAPL_2022-Q1,AAPL,2022-Q1,remarks,positive,We expect opex to be between $12.5 billion and $12.7 billion.,0.0543161779642105
AAPL_2022-Q1,AAPL,2022-Q1,remarks,positive,"We expect OI&E to be around negative $150 million, excluding any potential impact from the mark-to-market of minority investments, and our tax rate to be around 16%.",0.0970690995454788
AAPL_2022-Q1,AAPL,2022-Q1,qa,positive,I just wanted to dive in to your perspective on China and sort of the macroclimate there and how that sort of pertains to your business as we think about it going forward.,0.0469245389103889
AAPL_2022-Q1,AAPL,2022-Q1,qa,hedging,"And if I can just follow up, and similarly on Apple, can you just help us think about when you think about the next few years, where are the biggest opportunities, either be it in terms of like geographies or either segments -- customer segments that you may not be tapping into currently and have an opportunity in.",0.0864991620182991
AAPL_2022-Q1,AAPL,2022-Q1,qa,positive,"First of all, we expect a record for the March quarter.",0.6872711777687073
AAPL_2022-Q1,AAPL,2022-Q1,qa,positive,We expect solid growth on a year-over-year basis.,0.9351513385772704
AAPL_2022-Q2,AAPL,2022-Q2,remarks,positive,We are excited to be welcoming employees back to the offices in the US and Europe.,0.8595931529998779
AAPL_2022-Q2,AAPL,2022-Q2,remarks,positive,"We are pleased to see these products continue to delight our users, growing 12% year over year.",0.9220815896987916
AAPL_2022-Q2,AAPL,2022-Q2,remarks,positive,"We are pleased to report very strong financial results for the March quarter, during which we set a revenue record of $97.3 billion, up 9% year over year.",0.933060586452484
AAPL_2022-Q2,AAPL,2022-Q2,remarks,positive,"We're also raising our dividend by 5% to $0.23 a share, and we continue to plan for annual increases in the dividend going forward.",0.9322597980499268
AAPL_2022-Q2,AAPL,2022-Q2,remarks,positive,"As we move ahead into the June quarter, I'd like to review our outlook, which includes the types of forward-looking information that Tejas referred to at the beginning of the call.",0.0448005869984626
AAPL_2022-Q2,AAPL,2022-Q2,remarks,positive,We believe our year-over-year revenue performance during the June quarter will be impacted by a number of factors.,-0.8521816730499268
AAPL_2022-Q2,AAPL,2022-Q2,remarks,positive,"We expect these constraints to be in the range of $4 billion to $8 billion, which is substantially larger than what we experienced during the March quarter.",-0.5488871335983276
AAPL_2022-Q2,AAPL,2022-Q2,remarks,positive,"With respect to foreign exchange, we expect it to be a nearly 300 basis point headwind to our year-over-year growth rate.",-0.955887258052826
AAPL_2022-Q2,AAPL,2022-Q2,remarks,positive,"Specifically related to services, we expect to continue to grow double digits but decelerate from our March quarter performance due to some of the factors I just described.",-0.3358754515647888
AAPL_2022-Q2,AAPL,2022-Q2,remarks,positive,We expect gross margin to be between 42% and 43%.,0.1181141510605812
AAPL_2022-Q2,AAPL,2022-Q2,remarks,positive,We expect opex to be between $12.7 billion and $12.9 billion.,0.0528441816568374
AAPL_2022-Q2,AAPL,2022-Q2,remarks,positive,"We expect OI&E to be around negative $100 million, excluding any potential impact from the mark-to-market of minority investments, and our tax rate to be around 16%.",0.0942549407482147
AAPL_2022-Q2,AAPL,2022-Q2,qa,positive,And what products in your portfolio should we expect to be most impacted?,0.0106350034475326
AAPL_2022-Q2,AAPL,2022-Q2,qa,positive,"But looking ahead, we see two causes of supply constraints.",-0.2128810286521911
AAPL_2022-Q2,AAPL,2022-Q2,qa,hedging,COVID is difficult to predict.,-0.0561306066811084
AAPL_2022-Q2,AAPL,2022-Q2,qa,hedging,"And so, we really try to manage to the net of these, and I think we're doing a reasonable job currently navigating the -- what is a challenging environment.",0.6107450127601624
AAPL_2022-Q2,AAPL,2022-Q2,qa,positive,And should we expect it to have similar pro rata impacts?,0.07590052485466
AAPL_2022-Q2,AAPL,2022-Q2,qa,positive,"And of course, as you've seen over the last few years, we've added a lot of new services, and we plan to add new services and new features that we believe that our customers would love.",0.7115312218666077
AAPL_2022-Q2,AAPL,2022-Q2,qa,positive,"I mentioned in my prepared remarks that the growth rate for the June quarter, we expect it to be less than the 17% that we've reported in March for some of the reasons that I described.",-0.8738695383071899
AAPL_2022-Q2,AAPL,2022-Q2,qa,positive,We expect them to be in the range of $4 billion to $8 billion.,0.0942708626389503
AAPL_2022-Q2,AAPL,2022-Q2,qa,positive,"With respect to foreign exchange, we expect it to be nearly 300 basis points headwind.",-0.9293646812438964
AAPL_2022-Q2,AAPL,2022-Q2,qa,positive,So that's what gives us confidence for the June quarter and going forward.,0.4813287854194641
AAPL_2022-Q2,AAPL,2022-Q2,qa,positive,And we believe we have really good opportunities to grow.,0.8316015005111694
AAPL_2022-Q3,AAPL,2022-Q3,remarks,hedging,"Today, Apple is reporting another record June quarter with revenue of $83 billion, which was better than we expected despite supply constraints, strong foreign exchange headwinds, and the impact of our business in Russia.",0.9057781100273132
AAPL_2022-Q3,AAPL,2022-Q3,remarks,positive,"As we look forward, we're clear-eyed about the uncertainty in the macro environment.",0.2820145189762115
AAPL_2022-Q3,AAPL,2022-Q3,remarks,hedging,"We set a June quarter revenue record of $83 billion, up 2% year over year despite supply constraints, over 300 basis points of foreign exchange headwinds and the impact of our business in Russia.",0.9261608719825744
AAPL_2022-Q3,AAPL,2022-Q3,remarks,hedging,iPhone revenue grew 3% year over year to a June quarter record of $40.7 billion despite foreign exchange headwinds as customer response to our iPhone 13 family continue to be strong.,0.9407935738563538
AAPL_2022-Q3,AAPL,2022-Q3,remarks,hedging,"Wearables, Home, and Accessories revenue was $8.1 billion, down 8% year over year as we faced foreign exchange headwinds, different launch timing for Home and Accessories products and supply constraints as well as the overall macroeconomic environment.",-0.967887818813324
AAPL_2022-Q3,AAPL,2022-Q3,remarks,hedging,"Services had a June quarter revenue record of $19.6 billion, up 12% despite almost 500 basis points of FX headwinds as well as impacts from our business in Russia and the macroeconomic environment.",0.9340664744377136
AAPL_2022-Q3,AAPL,2022-Q3,remarks,positive,"And finally, we continue to improve the breadth and the quality of our current Services offerings, from a constant flow of new content on Apple TV+ and Apple Arcade to great new features we recently announced for iCloud and Apple Music, which we believe our customers will love.",0.8703978061676025
AAPL_2022-Q3,AAPL,2022-Q3,remarks,positive,"And with the new M2 chip powering MacBook Air and the 13-inch MacBook Pro, we expect more customers to make Mac available to their entire workforce.",0.626539409160614
AAPL_2022-Q3,AAPL,2022-Q3,remarks,positive,"As we move ahead into the September quarter, I'd like to review our outlook, which includes the types of forward-looking information that Tejas referred to at the beginning of the call.",0.0441247969865798
AAPL_2022-Q3,AAPL,2022-Q3,remarks,positive,"Overall, we believe our year-over-year revenue growth will accelerate during the September quarter compared to the June quarter despite approximately 600 basis points of negative year-over-year impact from foreign exchange.",0.932851016521454
AAPL_2022-Q3,AAPL,2022-Q3,remarks,positive,"On the product side, we expect supply constraints to be lower than what we experienced during the June quarter.",0.319352388381958
AAPL_2022-Q3,AAPL,2022-Q3,remarks,positive,"Specifically related to services, we expect revenue to grow but decelerate from the June quarter due to macroeconomic factors and foreign exchange.",0.8168185949325562
AAPL_2022-Q3,AAPL,2022-Q3,remarks,positive,We expect gross margin to be between 41.5% and 42.5%.,0.1125700697302818
AAPL_2022-Q3,AAPL,2022-Q3,remarks,positive,We expect opex to be between $12.9 billion and $13.1 billion.,0.0527781769633293
AAPL_2022-Q3,AAPL,2022-Q3,remarks,positive,We expect OI&E to be around negative [Inaudible] impact from the mark-to-market of minority investments and our tax rate to be around 16%.,-0.8970847129821777
AAPL_2022-Q3,AAPL,2022-Q3,qa,hedging,"And then very specifically, can you actually just call it what the FX headwinds are embedded in the September quarter gross margin, that would be helpful.",0.0213700421154499
AAPL_2022-Q3,AAPL,2022-Q3,qa,positive,We expect foreign exchange impact on a sequential basis to be 50 basis points.,0.038269817829132
AAPL_2022-Q3,AAPL,2022-Q3,qa,positive,And so it's a mixed bag in terms of what we believe that we saw.,-0.1809636652469635
AAPL_2022-Q3,AAPL,2022-Q3,qa,positive,You're on track to grow units in '21 and '22.,0.6360944509506226
AAPL_2022-Q3,AAPL,2022-Q3,qa,positive,I mentioned in my prepared remarks that we expect some deceleration from the 12% that we've had in the June quarter.,-0.0151944160461425
AAPL_2022-Q3,AAPL,2022-Q3,qa,positive,"Of course, we expect to grow.",0.8471648693084717
AAPL_2022-Q3,AAPL,2022-Q3,qa,positive,And so what we try to do with all of our features on privacy is put the decision back at the user where we believe it belongs as to whether they want to share their data or not.,0.0014748722314834
AAPL_2022-Q3,AAPL,2022-Q3,qa,positive,"In terms of us selling ads, we have a search ad business across the App Store that we believe represents a great way for discovery for small and large developers.",0.3753602504730224
AAPL_2022-Q3,AAPL,2022-Q3,qa,positive,And so we will continue to expand those programs around the world.,0.8335766196250916
AAPL_2022-Q3,AAPL,2022-Q3,qa,positive,And we were so far from that last quarter that we have an estimate of what we believe demand was.,0.0006212592124938
AAPL_2022-Q3,AAPL,2022-Q3,qa,hedging,"Tim, I was hoping you could share a little bit more about how you're thinking about the supply headwinds.",0.0333094932138919
AAPL_2022-Q3,AAPL,2022-Q3,qa,positive,"But of the two -- there are these two components, and of course, we're optimistic about the COVID restriction piece of this.",0.1755986809730529
AAPL_2022-Q3,AAPL,2022-Q3,qa,hedging,"So when you look at those three headwinds and you combine them with the acceleration that we talked about, we feel that that is pretty remarkable.",0.3786145448684692
AAPL_2022-Q3,AAPL,2022-Q3,qa,hedging,"We saw sort of a cocktail of headwinds on Wearables, Home, and Accessories.",-0.914666473865509
AAPL_2022-Q3,AAPL,2022-Q3,qa,positive,"And just given the uncertainty that you've talked about in the macro further on this call a lot, how are you thinking about sort of that investment base going forward?",0.0460060015320777
AAPL_2022-Q3,AAPL,2022-Q3,qa,positive,We believe in investing through the downturn.,0.2202338129281997
AAPL_2022-Q3,AAPL,2022-Q3,qa,hedging,"As you look ahead, the supply chain issues, expedited shipping and all of that, do you think probably the September quarter is kind of the worst of FX and all those headwinds and things?",-0.8360419869422913
AAPL_2022-Q4,AAPL,2022-Q4,remarks,hedging,"For the September quarter, we reported record revenue of $90.1 billion, which was better than we anticipated despite stronger-than-expected foreign currency headwinds.",0.908660352230072
AAPL_2022-Q4,AAPL,2022-Q4,remarks,hedging,"Importantly, in constant currency, we grew nicely in each of our geographic segments, with strong double-digit growth outside the U.S. Products revenue was $71 billion, up 9% over last year despite FX headwinds and a record for the September quarter.",0.9394587874412536
AAPL_2022-Q4,AAPL,2022-Q4,remarks,hedging,"iPhone revenue grew 10% year over year to a September quarter record of $42.6 billion, despite significant foreign exchange headwinds.",0.939192831516266
AAPL_2022-Q4,AAPL,2022-Q4,remarks,hedging,"We achieved an all-time revenue record of $11.5 billion, up 25% year-over-year, despite significant FX headwinds.",0.9336029291152954
AAPL_2022-Q4,AAPL,2022-Q4,remarks,hedging,"Moving to Services, as I mentioned, we set a September quarter record in aggregate and in most geographic segments, generating $19.2 billion in revenue in spite of very large foreign exchange headwinds.",0.9341399073600768
AAPL_2022-Q4,AAPL,2022-Q4,remarks,hedging,"However, certain services were impacted by macroeconomic headwinds, including foreign exchange.",-0.9529350399971008
AAPL_2022-Q4,AAPL,2022-Q4,remarks,positive,"As we move ahead into the December quarter, I'd like to review our outlook, which includes the types of forward-looking information that Tejas referred to at the beginning of the call.",0.043367113918066
AAPL_2022-Q4,AAPL,2022-Q4,remarks,positive,"Overall, we believe total company year-over-year revenue performance will decelerate during the December quarter as compared to the September quarter for a number of reasons.",-0.9214404225349426
AAPL_2022-Q4,AAPL,2022-Q4,remarks,positive,"First, we expect nearly 10 percentage points of negative year-over-year impact from foreign exchange.",-0.9360232949256896
AAPL_2022-Q4,AAPL,2022-Q4,remarks,hedging,"Second, on Mac, in addition to increasing FX headwinds, we have a very challenging compare against last year, which had the benefit of the launch and associated channel fill of our newly redesigned MacBook Pro with M1.",-0.1396888196468353
AAPL_2022-Q4,AAPL,2022-Q4,remarks,positive,"Therefore, we expect Mac revenue to decline substantially year over year during the December quarter.",-0.9618906378746032
AAPL_2022-Q4,AAPL,2022-Q4,remarks,positive,"Specifically on services, we expect to grow but to be impacted by the macroeconomic environment increasingly affecting foreign exchange, digital advertising and gaming.",0.6677245497703552
AAPL_2022-Q4,AAPL,2022-Q4,remarks,positive,We expect gross margin to be between 42.5% and 43.5%.,0.107025608420372
AAPL_2022-Q4,AAPL,2022-Q4,remarks,positive,We expect opex to be between $14.7 billion and $14.9 billion.,0.0460229404270648
AAPL_2022-Q4,AAPL,2022-Q4,remarks,positive,"We expect OI&E to be around negative $300 million, excluding any potential impact from the mark-to-market of minority investments and our tax rate to be around 16.5%.",0.0807837322354316
AAPL_2022-Q4,AAPL,2022-Q4,qa,positive,But what else should we throw into the mix as we look forward?,0.0285253599286079
AAPL_2022-Q4,AAPL,2022-Q4,qa,positive,And so we believe we can offset the negative foreign exchange that we're seeing.,0.9225490689277648
AAPL_2022-Q4,AAPL,2022-Q4,qa,hedging,"In terms of what played the other way, the headwinds, obviously, FX was a headwind that affected wearables, home, and accessories, just like it affected the rest of our products and services.",-0.6716880202293396
AAPL_2023-Q1,AAPL,2023-Q1,remarks,hedging,"As a result of a challenging environment, our revenue was down 5% year over year.",-0.968005359172821
AAPL_2023-Q1,AAPL,2023-Q1,remarks,hedging,"The first was foreign exchange headwinds, which had a nearly 800 basis point impact.",-0.8733488321304321
AAPL_2023-Q1,AAPL,2023-Q1,remarks,hedging,We also faced a challenging macroeconomic environment and foreign exchange headwinds.,-0.948441207408905
AAPL_2023-Q1,AAPL,2023-Q1,remarks,positive,We remain confident in and focused on the long-term opportunity for Mac.,0.8155108690261841
AAPL_2023-Q1,AAPL,2023-Q1,remarks,hedging,"Revenue for Wearables, Home and Accessories was $13.5 billion, which was down 8% year over year driven by foreign exchange headwinds and a challenging macroeconomic environment.",-0.9692286849021912
AAPL_2023-Q1,AAPL,2023-Q1,remarks,positive,"As we look ahead in 2023, we are excited about the year to come.",0.4999172389507293
AAPL_2023-Q1,AAPL,2023-Q1,remarks,hedging,"iPhone revenue was $65.8 billion despite significant foreign exchange headwinds, supply constraints on iPhone 4 Pro and iPhone 14 Pro Max, and a challenging macroeconomic environment.",-0.4252306520938873
AAPL_2023-Q1,AAPL,2023-Q1,remarks,positive,"Second, we believe that the macro environment impacted our Mac performance.",-0.933969259262085
AAPL_2023-Q1,AAPL,2023-Q1,remarks,hedging,"And third, we faced significant foreign exchange headwinds.",-0.9477879405021667
AAPL_2023-Q1,AAPL,2023-Q1,remarks,hedging,"iPad revenue was $9.4 billion, up 30% year over year despite significant FX headwinds.",0.937140166759491
AAPL_2023-Q1,AAPL,2023-Q1,remarks,hedging,The year-over-year decline was driven by significant FX headwinds and a challenging macroeconomic environment.,-0.9605917930603028
AAPL_2023-Q1,AAPL,2023-Q1,remarks,hedging,"We generated $20.8 billion in revenue, a new all-time record in total, and for many services offerings in spite of a difficult foreign exchange environment, and macroeconomic headwinds impacting certain categories such as digital advertising and mobile gaming.",0.8106749057769775
AAPL_2023-Q1,AAPL,2023-Q1,remarks,positive,"As we move into the March quarter, I'd like to review our outlook, which includes the types of forward-looking information that Tejas referred to at the beginning of the call.",0.046658631414175
AAPL_2023-Q1,AAPL,2023-Q1,remarks,positive,"In total, we expect our March quarter year-over-year revenue performance to be similar to the December quarter.",0.9302524328231812
AAPL_2023-Q1,AAPL,2023-Q1,remarks,positive,"Foreign exchange will continue to be a headwind, and we expect a negative year-over-year impact of five percentage points.",-0.9536283612251282
AAPL_2023-Q1,AAPL,2023-Q1,remarks,positive,"For services, we expect revenue to grow year over year while continuing to face macroeconomic headwinds in areas such as digital advertising and mobile gaming.",0.9308772683143616
AAPL_2023-Q1,AAPL,2023-Q1,remarks,positive,"For iPhone, we expect our March quarter year-over-year revenue performance to accelerate relative to the December quarter year-over-year revenue performance.",0.9245997071266174
AAPL_2023-Q1,AAPL,2023-Q1,remarks,positive,"For Mac and iPad, we expect revenue for both product categories to decline double digits year over year because of challenging compares and macroeconomic headwinds.",-0.9657554030418396
AAPL_2023-Q1,AAPL,2023-Q1,remarks,positive,We expect gross margin to be between 43.5% and 44.5%.,0.1004153192043304
AAPL_2023-Q1,AAPL,2023-Q1,remarks,positive,We expect opex to be between $13.7 billion and $13.9 billion.,0.050782211124897
AAPL_2023-Q1,AAPL,2023-Q1,remarks,positive,"We expect OI&E to be around negative $100 million, excluding any potential impact from the mark-to-market of minority investments, and our tax rate to be around 16%.",0.0942549407482147
AAPL_2023-Q1,AAPL,2023-Q1,qa,positive,"And if so, how does that affect ultimately margins and sort of your balance sheet and cash flow items going forward?",0.0031232722103595
AAPL_2023-Q1,AAPL,2023-Q1,qa,positive,"In terms of going forward in the supply chain, we build our products everywhere.",0.1504663825035095
AAPL_2023-Q1,AAPL,2023-Q1,qa,positive,And then how should we think about what currency and hedge is going to do as we look forward?,0.0122059900313615
AAPL_2023-Q1,AAPL,2023-Q1,qa,positive,"Of course, with our guidance, we try to capture every aspect of our cost structure.",0.1231521517038345
AAPL_2023-Q1,AAPL,2023-Q1,qa,hedging,"And so we feel very good about how we performed, and that was -- that's despite the headwinds that we've talked about.",0.8922197222709656
AMZN_2018-Q2,AMZN,2018-Q2,remarks,positive,Our guidance incorporates the order trends that we've seen to date and what we believe today to be appropriate assumptions.,0.1300505250692367
AMZN_2018-Q2,AMZN,2018-Q2,remarks,positive,"Our guidance also assumes, among other things, that we don't conclude any additional business acquisitions, investments, restructurings, or legal settlements.",-0.0187794305384159
AMZN_2018-Q2,AMZN,2018-Q2,qa,positive,"Can you frame some of the strategic rationale there around the acquisition, and how that helps advance your efforts, and how we should think about integration going forward?",0.1197707206010818
AMZN_2018-Q2,AMZN,2018-Q2,qa,positive,We anticipate it's going to be lower this year as we get some efficiencies off what we've built over the last few years but I don't have a number for you today.,-0.6085962653160095
AMZN_2018-Q2,AMZN,2018-Q2,qa,positive,"We expect to close it in the second half of the year, so I'll limit my comments right now but we're excited.",0.1258308291435241
AMZN_2018-Q2,AMZN,2018-Q2,qa,positive,"So we think PillPack has got all those traits, and we look forward to the deal closing and working with them.",0.6260460019111633
AMZN_2019-Q1,AMZN,2019-Q1,remarks,positive,Our guidance incorporates the order trends that we've seen to-date and what we believe today to be appropriate assumptions.,0.1432254314422607
AMZN_2019-Q1,AMZN,2019-Q1,remarks,positive,"Our guidance also assumes among other things that we don't conclude any additional business acquisitions, investments, restructurings or legal settlements.",-0.022623486816883
AMZN_2019-Q1,AMZN,2019-Q1,qa,positive,"We do believe that although there's not explicit lift built in for the faster shipping, we have seen good order trends to -- month-to-date and we expect -- we built the Q2 range about -- around what we've seen.",0.9342164993286132
AMZN_2019-Q1,AMZN,2019-Q1,qa,hedging,"But as we kind of look at the trending and the pacing of the 3P business, you can see a little bit of a deceleration in the 3P seller services line and then 3P unit slow down, you might suggest that the third-party GMV expansion may not be happening quite as fast.",-0.765224277973175
AMZN_2019-Q1,AMZN,2019-Q1,qa,positive,We expect to make steady progress quickly and through the year.,0.9243178963661194
AMZN_2019-Q1,AMZN,2019-Q1,qa,positive,"Should we expect that to rely mostly on USPS, UPS or other shipping services or you're really going to try to build out more of your Amazon owned and operated shipping?",0.0569101125001907
AMZN_2019-Q1,AMZN,2019-Q1,qa,positive,"I would say, we're going to be using all of the available levers that we have right now, both AMZL and also third-party -- all third-party carriers and we'll just see how it develops going forward, but we're going to need definitely the continued support of our external transportation partners.",0.7374987006187439
AMZN_2019-Q1,AMZN,2019-Q1,qa,positive,We will see where we stand at the end of the quarter and I'll give you insight as to what we just saw and what our outlook is for future quarters at that time.,0.1093336567282676
AMZN_2020-Q2,AMZN,2020-Q2,remarks,positive,Our guidance incorporates the order trends that we've seen to date and what we believe today to be appropriate assumptions.,0.1300505250692367
AMZN_2020-Q2,AMZN,2020-Q2,remarks,hedging,"This guidance also reflects our estimates to date regarding the impact of the COVID-19 pandemic on our operations, including those discussed in our filings with the SEC, and is highly dependent on numerous factors that we may not be able to predict or control including: the duration and scope of the pandemic, including any recurrence; actions taken by governments, businesses, and individuals in response to the pandemic; the impact of the pandemic on global and regional economies and economic activity, workforce staffing and productivity, and our significant and continuing spending on employee safety measures; our ability to continue operations in affected areas; and consumer demand and spending patterns, as well as the effects on suppliers, creditors and third-party sellers, all of which are uncertain.",-0.2760566473007202
AMZN_2020-Q2,AMZN,2020-Q2,remarks,positive,"Our guidance also assumes, among other things, that we don't conclude any additional business acquisitions, investments, restructurings or legal settlements.",-0.0123157650232315
AMZN_2020-Q2,AMZN,2020-Q2,remarks,hedging,We also experienced productivity headwinds in our facilities.,-0.9621631503105164
AMZN_2020-Q2,AMZN,2020-Q2,remarks,positive,Our consolidated revenue and operating income significantly exceeded the top end of our guidance range.,0.9214346408843994
AMZN_2020-Q2,AMZN,2020-Q2,remarks,positive,"We expect to incur more than $2 billion in COVID-related expenses in Q3 to help keep employees safe, including continued investment in social distancing, PP&E and testing.",0.750738263130188
AMZN_2020-Q2,AMZN,2020-Q2,remarks,positive,"In addition, I'll remind you that the third quarter is typically when we open the majority of our new fulfillment network capacity, and we expect the same this year.",0.1382946074008941
AMZN_2020-Q2,AMZN,2020-Q2,remarks,positive,"This year, we expect a meaningfully higher year-over-year square footage growth of approximately 50%.",0.9357554316520692
AMZN_2020-Q2,AMZN,2020-Q2,remarks,positive,We expect the majority of this capacity to come online in late Q3 and into Q4.,0.1845888197422027
AMZN_2020-Q2,AMZN,2020-Q2,remarks,positive,"Lastly, we plan to host Prime Day in Q4 this year rather than Q3, as it has been in prior years.",0.0379425063729286
AMZN_2020-Q2,AMZN,2020-Q2,qa,positive,"And due to those factors, is it possible that AWS can accelerate growth going forward?",0.8500912189483643
AMZN_2020-Q2,AMZN,2020-Q2,qa,positive,"We don't think we're going to be back in the short run, but we will continue to improve it.",0.920565664768219
AMZN_2020-Q4,AMZN,2020-Q4,remarks,positive,Our guidance incorporates the order trends that we've seen to date and what we believe today to be appropriate assumptions.,0.1300505250692367
AMZN_2020-Q4,AMZN,2020-Q4,remarks,hedging,"This guidance also reflects our estimates to date regarding the impact of the COVID-19 pandemic on our operations, including those discussed in our filings with the SEC, and is highly dependent on numerous factors that we may not be able to predict or control, including the duration and scope of the pandemic including any recurrence, actions taken by governments, businesses and individuals in response to the pandemic; the impact of the pandemic on global and regional economies and economic activity, workforce staffing and productivity and our significant and continued spending on employee safety measures; our ability to continue operations in affected areas; and consumer demand and consumer spending patterns as well as the effects on suppliers, creditors, and third-party sellers, all of which are uncertain.",-0.2677528858184814
AMZN_2020-Q4,AMZN,2020-Q4,remarks,positive,"Our guidance also assumes, among other things, that we don't conclude any additional business acquisitions, investments, restructurings, or legal settlements.",-0.0187794305384159
AMZN_2020-Q4,AMZN,2020-Q4,remarks,hedging,"We continue to see productivity headwinds from physical separation and training of new employees, and of course investments in PPE for employees and enhanced cleaning for our facilities.",-0.8347141742706299
AMZN_2020-Q4,AMZN,2020-Q4,remarks,positive,"Revenue for the quarter was $125.6 billion, versus our guidance range of $112 billion, to $121 billion.",0.4563763439655304
AMZN_2020-Q4,AMZN,2020-Q4,qa,positive,"If you could talk more about the percentage of packages, perhaps shipped from your fulfillment centers, and then where this can go in the coming years.",0.0386640094220638
AMZN_2020-Q4,AMZN,2020-Q4,qa,positive,How are they performing and should we expect a broader rollout.,0.4281094968318939
AMZN_2020-Q4,AMZN,2020-Q4,qa,positive,"And the second one, understanding the comments Brian earlier about the sort of investments going forward, maybe just talk to us a little bit about one day.",0.0723102986812591
AMZN_2020-Q4,AMZN,2020-Q4,qa,positive,And with its higher advertising as well that we expected and we expect over time and we'll see the growth rate is gonna have the same challenges year over year that perhaps we'll see in North America.,0.822628378868103
AMZN_2020-Q4,AMZN,2020-Q4,qa,positive,"We appreciate your interest in Amazon, and we look forward to talking with you again next quarter.",0.5469030737876892
AMZN_2021-Q1,AMZN,2021-Q1,remarks,positive,Our guidance incorporates the order trends that we've seen to date and what we believe today to be appropriate assumptions.,0.1300505250692367
AMZN_2021-Q1,AMZN,2021-Q1,remarks,hedging,"This guidance also reflects our estimates to date regarding the impact of the COVID-19 pandemic on our operations, including those discussed in our filings with the SEC and is highly dependent on numerous factors that we may not be able to predict or control, including: the duration and scope of the pandemic, including any recurrence; actions taken by governments, businesses and individuals in response to the pandemic; the impact of the pandemic on global and regional economies and economic activity; workforce staffing and productivity; and our significant and continuing spending on employee safety measures; our ability to continue operations in affected areas; and consumer demand and spending patterns, as well as the effects on suppliers, creditors and third-party sellers, all of which are uncertain.",-0.2644626796245575
AMZN_2021-Q1,AMZN,2021-Q1,remarks,positive,"Our guidance also assumes, among other things, that we don't conclude any additional business acquisitions, investments, restructurings or legal settlements.",-0.0123157650232315
AMZN_2021-Q1,AMZN,2021-Q1,remarks,positive,We expect this trend to continue as we move into the post pandemic recovery.,0.9187703132629396
AMZN_2021-Q1,AMZN,2021-Q1,remarks,positive,"Another popular benefit of Prime membership is Prime Day, and we are excited to announce that we will hold the two-day savings event during the second quarter.",0.1801003962755203
AMZN_2021-Q1,AMZN,2021-Q1,remarks,positive,Operating income of $8.9 billion in Q1 was above our guidance range of $3 billion to $6.5 billion.,0.4213174283504486
AMZN_2021-Q1,AMZN,2021-Q1,remarks,positive,"Looking ahead, we expect to incur approximately $1.5 billion in COVID-19-related operating costs in the second quarter.",-0.9445111751556396
AMZN_2021-Q1,AMZN,2021-Q1,qa,positive,"We experimented the other way, obviously, in 2020 by moving it into October, but we believe that it might be a better timing later in Q2.",0.2345576584339141
AMZN_2021-Q1,AMZN,2021-Q1,qa,positive,"Just in terms of spend, just to say we continue to expect to grow that on an absolute basis and invest in that beyond original content.",0.2986619770526886
AMZN_2021-Q1,AMZN,2021-Q1,qa,positive,"We appreciate your interest in Amazon, and we look forward to talking with you again next quarter.",0.5469030737876892
AMZN_2021-Q2,AMZN,2021-Q2,remarks,positive,Our guidance incorporates the order trends that we've seen to date and what we believe today to be appropriate assumptions.,0.1300505250692367
AMZN_2021-Q2,AMZN,2021-Q2,remarks,hedging,"This guidance also reflects our estimates to date regarding the impact of the COVID-19 pandemic on our operations, including those discussed in our filings with the SEC, and is highly dependent on numerous factors that we may not be able to predict or control, including the duration and scope of the pandemic, including any recurrence; actions taken by governments, businesses, and individuals in response to the pandemic; the impact of the pandemic on global and regional economies, and economic activity, workforce staffing and productivity, and our significant and continuing spending on employee safety measures; our ability to continue operations in affected areas; and consumer demand and spending patterns, as well as the effects on suppliers, creditors, and third-party sellers, all of which are uncertain.",-0.2139431983232498
AMZN_2021-Q2,AMZN,2021-Q2,remarks,positive,"Our guidance also assumes, among other things, that we don't conclude any additional business acquisitions, investments, restructurings or legal settlements.",-0.0123157650232315
AMZN_2021-Q2,AMZN,2021-Q2,remarks,positive,Our second-quarter net sales were $113 billion or at about the midpoint of our guidance range.,0.027185209095478
AMZN_2021-Q2,AMZN,2021-Q2,remarks,positive,"We see strong growth in enterprises, governments, educational and research institutions and our start-up and digital-native customers.",0.8776881694793701
AMZN_2021-Q2,AMZN,2021-Q2,remarks,positive,"Unit volumes, while obviously growing at lower rates off last year's large comp, continue to remain high, and we see strong demand for FBA and third-party sellers.",0.9349409341812134
AMZN_2021-Q2,AMZN,2021-Q2,remarks,positive,We believe putting customers first is the only reliable way to create lasting value for our shareholders.,0.4830456972122192
AMZN_2021-Q2,AMZN,2021-Q2,qa,positive,It has -- we've generally overperformed our guidance range.,-0.903177797794342
AMZN_2021-Q2,AMZN,2021-Q2,qa,positive,And we just have to appropriately gauge our run rate going forward.,0.0923674330115318
AMZN_2021-Q2,AMZN,2021-Q2,qa,hedging,"Do you think you will see any incremental headwinds, hiring the necessary people for fulfillment centers this year?",-0.7757815718650818
AMZN_2021-Q2,AMZN,2021-Q2,qa,positive,Was there anything around reopening that made second-quarter AWS exceptionally strong and that we should kind of keep in mind going forward?,0.4327028095722198
AMZN_2021-Q2,AMZN,2021-Q2,qa,positive,"We appreciate your interest in Amazon, and we look forward to talking with you again next quarter.",0.5469030737876892
AMZN_2021-Q3,AMZN,2021-Q3,remarks,positive,Our guidance incorporates the order trends that we've seen to date and what we believe today to be appropriate assumptions.,0.1300505250692367
AMZN_2021-Q3,AMZN,2021-Q3,remarks,positive,"Our guidance also assumes, among other things, that we don't conclude any additional business acquisitions, restructurings or legal settlements.",-0.0097304247319698
AMZN_2021-Q3,AMZN,2021-Q3,remarks,positive,We are excited to add this content to our Prime benefits and increase the value of our prime membership.,0.8361380100250244
AMZN_2021-Q3,AMZN,2021-Q3,remarks,positive,"For the year, we expect our 2021 footprint additions to exceed last year's build-out, which was also significant.",0.9326373934745787
AMZN_2021-Q3,AMZN,2021-Q3,remarks,positive,"To put this in perspective, we are on track to double our fulfillment network over the two-year period since the pandemic's early days.",0.901318371295929
AMZN_2021-Q3,AMZN,2021-Q3,remarks,positive,We are committed to making the necessary investments in both people and capacity to bring more items in stock and to deliver them quickly to customers.,0.7998570203781128
AMZN_2021-Q3,AMZN,2021-Q3,qa,positive,We do see that we will -- and we expect growth.,0.8982811570167542
AMZN_2021-Q3,AMZN,2021-Q3,qa,positive,But we expect just as a comp versus 2020 just because of the 40% growth we saw last year.,0.9098940491676332
AMZN_2021-Q3,AMZN,2021-Q3,qa,positive,But we expect the long-term trends to be strong in this business.,0.9314728379249572
AMZN_2021-Q3,AMZN,2021-Q3,qa,positive,"We see strong growth even off of a base of last year, which was strong.",0.9369327425956726
AMZN_2021-Q3,AMZN,2021-Q3,qa,positive,We expect that to increase in 2022.,0.9270854592323304
AMZN_2021-Q3,AMZN,2021-Q3,qa,positive,"We don't think that is customer-centric nor productive, and we will get through this period and then we are committed to getting our cost structure down.",0.2671639323234558
AMZN_2021-Q3,AMZN,2021-Q3,qa,hedging,"So some of the things that we continue to be excited about and do a lot to work on are things like the Just Walk Out technology that's been in our Amazon Go stores and has now moved into some of our Amazon Fresh stores, just really eliminates, again, one of those things that people may not realize is such a hassle or to turn to shopping and waiting line and eliminating something that's really been positively received by customers as they use that technology.",-0.0579757019877433
AMZN_2021-Q3,AMZN,2021-Q3,qa,hedging,"Just in terms of framing it almost against a year-ago period, could you talk a little bit about the $4 billion of COVID costs from a year ago, the elements of EBIT contribution from things like AWS and third-party and advertising and maybe help investors better understand the bridge between some of the elements of headwinds to profitability in Q4 versus Q4 a year ago.",0.1307602971792221
AMZN_2021-Q3,AMZN,2021-Q3,qa,hedging,It helps customers find curated selection and also see brands that they may not have otherwise seen.,0.0653212070465087
AMZN_2021-Q3,AMZN,2021-Q3,qa,positive,"We appreciate your interest in Amazon, and we look forward to talking with you again next quarter.",0.5469030737876892
AMZN_2021-Q4,AMZN,2021-Q4,remarks,positive,Our guidance incorporates the order trends that we've seen to date and what we believe today to be appropriate assumptions.,0.1300505250692367
AMZN_2021-Q4,AMZN,2021-Q4,remarks,positive,"Our guidance also assumes, among other things, that we don't conclude any additional business acquisitions, restructurings, or legal settlements.",-0.0188656859099864
AMZN_2021-Q4,AMZN,2021-Q4,remarks,positive,We expect to continue to see some negative year-over-year impact from this in Q1 of 2022.,-0.8403028845787048
AMZN_2021-Q4,AMZN,2021-Q4,remarks,positive,"While we navigate these near-term headwinds, the fundamentals of our retail business are strong, and we're optimistic about a number of growth businesses and a strong innovation pipeline.",0.9300740361213684
AMZN_2021-Q4,AMZN,2021-Q4,remarks,positive,We expect the quarterly impact of this change to decrease throughout the year.,-0.7838422656059265
AMZN_2021-Q4,AMZN,2021-Q4,qa,positive,"So, if you wrap that up, you know, we expect capex, including equipment finance leases, to increase year over year.",0.9334460496902466
AMZN_2021-Q4,AMZN,2021-Q4,qa,positive,"So -- but operationally, you know, we continue to add capacity, as I mentioned in the capital section a couple of discussion, and we expect that to increase year over year in 2022.",0.9281261563301086
AMZN_2022-Q1,AMZN,2022-Q1,remarks,positive,Our guidance incorporates the order trends that we've seen to date and what we believe today to be appropriate assumptions.,0.1300505250692367
AMZN_2022-Q1,AMZN,2022-Q1,remarks,positive,"Our guidance also assumes, among other things, that we don't conclude any additional business acquisitions, restructurings or legal settlements.",-0.0097304247319698
AMZN_2022-Q1,AMZN,2022-Q1,remarks,positive,This is the top end of our guidance range of $112 billion to $117 billion.,0.0975629985332489
AMZN_2022-Q1,AMZN,2022-Q1,remarks,positive,"While we will continue to look for ways to mitigate these costs, we expect they will be around for some time.",0.8934403657913208
AMZN_2022-Q1,AMZN,2022-Q1,remarks,positive,"In the last few weeks of the quarter and into April, we've seen productivity improvements across the network, and we expect to reduce these cost headwinds in Q2.",0.9270678162574768
AMZN_2022-Q1,AMZN,2022-Q1,remarks,positive,Our guidance includes an expectation that we will incur approximately $4 billion of these incremental costs in Q2.,-0.2542131841182709
AMZN_2022-Q1,AMZN,2022-Q1,remarks,positive,We expect infrastructure should represent about half of our total capital investments in 2022.,0.34987473487854
AMZN_2022-Q1,AMZN,2022-Q1,remarks,positive,"That said, we expect fulfillment dollars spent on capital projects to be lower in 2022 versus the prior year.",-0.8712443709373474
AMZN_2022-Q1,AMZN,2022-Q1,remarks,positive,"This year, we expect to see stock-based compensation expense of approximately $6 billion, up from $3.3 billion in Q1, largely reflecting wage inflation as we continue to hire and retain employees in high-demand areas, including engineers and other tech workers.",0.7383018732070923
AMZN_2022-Q1,AMZN,2022-Q1,qa,positive,"This year, we expect to see the expense of approximately $6 billion.",0.7705540657043457
AMZN_2022-Q1,AMZN,2022-Q1,qa,positive,"So the issue is switched from disruption to productivity losses to overcapacity on labor, and we believe that that will dissipate.",-0.6021756529808044
AMZN_2022-Q1,AMZN,2022-Q1,qa,positive,"So it's more a factor of -- those costs will now -- we believe, will persist a little longer than we were hoping at the beginning of the year.",0.1143641173839569
AMZN_2022-Q1,AMZN,2022-Q1,qa,positive,"So we expect the year-over-year revenue comps to improve in the second half of the year because, again, we're passing this year of super high growth that I mentioned before from May of 2020 to May of 2021.",0.9375776648521424
AMZN_2022-Q1,AMZN,2022-Q1,qa,positive,"We appreciate your interest, and we look forward to speaking with you again next quarter.",0.6540988683700562
AMZN_2022-Q2,AMZN,2022-Q2,remarks,positive,Our guidance incorporates the order trends that we've seen to date and what we believe today to be appropriate assumptions.,0.1300505250692367
AMZN_2022-Q2,AMZN,2022-Q2,remarks,positive,"Our guidance also assumes, among other things, that we don't conclude any additional business acquisitions, restructurings, or legal settlements.",-0.0188656859099864
AMZN_2022-Q2,AMZN,2022-Q2,remarks,positive,Our growth rates going forward will no longer require this historical explanation.,0.0294163562357425
AMZN_2022-Q2,AMZN,2022-Q2,remarks,positive,"Operating income was $3.3 billion in the quarter, above the top end of our guidance range.",0.7008618116378784
AMZN_2022-Q2,AMZN,2022-Q2,remarks,positive,"These include pressures from higher fuel, trucking, air, and ocean shipping rates, which we expect will continue into Q3.",-0.5065997242927551
AMZN_2022-Q2,AMZN,2022-Q2,remarks,positive,"On the first point, we expect this challenging year-over-year comp will have ended in Q2.",-0.8976013660430908
AMZN_2022-Q2,AMZN,2022-Q2,remarks,positive,"On the second point, we expect fixed cost leverage to improve in the second half of the year as we continue to grow into our capacity.",0.9388498067855836
AMZN_2022-Q2,AMZN,2022-Q2,remarks,positive,"AWS continues to grow at a fast pace, and we believe we're still in the early stages of enterprise and public sector adoption of the cloud.",0.84371417760849
AMZN_2022-Q2,AMZN,2022-Q2,remarks,positive,"We expect technology infrastructure spend to grow year over year, primarily to support the rapid growth and innovation we're seeing with AWS.",0.9150881767272948
AMZN_2022-Q2,AMZN,2022-Q2,remarks,positive,We expect infrastructure to represent a bit more than half of our total capital investments in 2022.,0.2748523354530334
AMZN_2022-Q2,AMZN,2022-Q2,remarks,positive,We expect the fulfillment and transportation dollars spent on capital projects to be lower in 2022 versus the prior year.,-0.91822350025177
AMZN_2022-Q2,AMZN,2022-Q2,remarks,positive,"This rollout is the start of what we expect to be thousands of EDVs in more than 100 cities by the end of the year and 100,000 vehicles across the U.S. by the year 2030.",0.2110479027032852
AMZN_2022-Q2,AMZN,2022-Q2,remarks,positive,"For revenue, note that our guidance includes an estimated approximately 390 basis points of unfavorable impact from year-over-year change in foreign exchange rates.",-0.8862190246582031
AMZN_2022-Q2,AMZN,2022-Q2,remarks,positive,"This third quarter guidance assumes we see approximately $1.5 billion in quarter-over-quarter sequential cost improvement in our fulfillment network operations, which we expect will be largely offset by investments in AWS and additional digital content for Prime members.",0.9284979701042176
AMZN_2022-Q2,AMZN,2022-Q2,qa,positive,"And then also, when you think about margins, the 35% for AWS in 1Q going to 29% in 2Q. What are some of the puts and takes that we should think about going forward just given decreasing server life benefits and tougher macro environment?",-0.2158205956220626
AMZN_2022-Q2,AMZN,2022-Q2,qa,positive,"And if you look, again, where our investment has been over the last few years in the growth of our sales force and our sales support, it is showing benefits, and we expect that to continue.",0.9328025579452516
AMZN_2022-Q2,AMZN,2022-Q2,qa,positive,And how you think about the relative growth rates in advertising going forward between North America and international?,0.0493038892745971
AMZN_2022-Q2,AMZN,2022-Q2,qa,positive,"In our emerging locations, there's a healthy amount of investment we've done to drive expansion, and we expect to continue to do that given the strong competition across many of these markets.",0.917051076889038
AMZN_2022-Q2,AMZN,2022-Q2,qa,hedging,But that's an opportunity for us to support merchants who may or may not be FBA sellers with the tools and the opportunity just to sell their products online and scale their business and build their brand.,0.5721744894981384
AMZN_2022-Q2,AMZN,2022-Q2,qa,positive,"We appreciate your interest in Amazon, and we look forward to talking with you again next quarter.",0.5469030737876892
AMZN_2022-Q3,AMZN,2022-Q3,remarks,positive,Our guidance incorporates the order trends that we've seen to date and what we believe today to be appropriate assumptions.,0.1300505250692367
AMZN_2022-Q3,AMZN,2022-Q3,remarks,positive,"Our guidance also assumes, among other things, that we don't conclude any additional business acquisitions, restructurings or legal settlements.",-0.0097304247319698
AMZN_2022-Q3,AMZN,2022-Q3,remarks,hedging,"With the ongoing macroeconomic uncertainties, we've seen an uptick in AWS customers focused on controlling costs.",0.9294668436050416
AMZN_2022-Q3,AMZN,2022-Q3,remarks,positive,"We have identified initiatives that the teams continue to work hard on, and we expect to see further improvement in the quarters ahead.",0.9318951368331908
AMZN_2022-Q3,AMZN,2022-Q3,remarks,positive,"For the full year 2022, we expect to incur approximately $60 billion in capital investments, which is broadly in line with what we spent in 2021.",0.8903493881225586
AMZN_2022-Q3,AMZN,2022-Q3,remarks,positive,"As the third quarter progressed, we saw moderating sales growth across many of our businesses, as well as the increased foreign currency headwinds I mentioned earlier, and we expect these impacts to persist throughout the fourth quarter.",0.8510659337043762
AMZN_2022-Q3,AMZN,2022-Q3,remarks,positive,"As we've done at similar times in our history, we're also taking actions to tighten our belt, including pausing hiring in certain businesses and winding down products and services where we believe our resources are better spent elsewhere.",-0.7807673215866089
AMZN_2022-Q3,AMZN,2022-Q3,remarks,positive,"We remain heads-down focused on driving a fantastic customer experience, and we believe putting customers first is the only reliable way to create lasting value for shareholders.",0.7259425520896912
AMZN_2022-Q3,AMZN,2022-Q3,qa,positive,"We expect to have over 40,000 people in Las Vegas and many more tuning in virtually.",0.1342950910329818
AMZN_2022-Q3,AMZN,2022-Q3,qa,positive,"That's been flipping the last year, and we expect that to normalize as we move into 2023.",0.8591709733009338
AMZN_2022-Q3,AMZN,2022-Q3,qa,positive,"And we expect, as we see a recovery in income generation, normalization of the inventory versus accounts payable cycle and efficiency in our capex spend, we intend to flip those numbers around.",0.931324541568756
AMZN_2022-Q3,AMZN,2022-Q3,qa,hedging,"The broad disclaimer on AWS margins is that they will fluctuate over time as we balance investments versus renegotiating pricing with the long-term customer commitments, all as headwinds to the business, offset by increasing productivity and efficiencies in our data centers, which drive profitability.",-0.9105932712554932
AMZN_2022-Q3,AMZN,2022-Q3,qa,positive,So we'll keep you posted as we have these quarterly calls on our progress and where we see opportunities.,0.0652089640498161
AMZN_2022-Q3,AMZN,2022-Q3,qa,positive,"As we look forward, if those three areas you just mentioned do turn favorable, how quickly do you think you could get back to kind of historical North America retail operating margins?",0.3696653544902801
AMZN_2022-Q3,AMZN,2022-Q3,qa,positive,But we will continue that fight.,0.1762979626655578
AMZN_2022-Q3,AMZN,2022-Q3,qa,positive,"We appreciate your interest in Amazon, and we look forward to talking with you again next quarter.",0.5469030737876892
AMZN_2022-Q4,AMZN,2022-Q4,remarks,positive,Our guidance incorporates the order trends that we've seen to date and what we believe today to be appropriate assumptions.,0.1300505250692367
AMZN_2022-Q4,AMZN,2022-Q4,remarks,positive,"Our guidance assumes, among other things, that we don't conclude any additional business acquisitions, restructurings, or legal settlements.",-0.023028764873743
AMZN_2022-Q4,AMZN,2022-Q4,remarks,hedging,"In our worldwide stores business, with the ongoing economic uncertainty, coupled with the continuation of inflationary pressures, customers remain cautious about their spending behavior.",-0.8602754473686218
AMZN_2022-Q4,AMZN,2022-Q4,remarks,positive,"As we look ahead, we expect these optimization efforts will continue to be a headwind to AWS growth in at least the next couple of quarters.",-0.756445586681366
AMZN_2022-Q4,AMZN,2022-Q4,remarks,positive,"Overall, it was a strong effort by the operations team, and we look forward to making further headway as we head into 2023.",0.928046703338623
AMZN_2022-Q4,AMZN,2022-Q4,remarks,hedging,"As we consider the ongoing uncertainties of the macroeconomic environment, this led us to the difficult decision to eliminate just over 18,000 roles, primarily impacting our stores and device businesses as well as our human resources teams.",-0.8958583474159241
AMZN_2022-Q4,AMZN,2022-Q4,remarks,positive,We believe putting customers first is the only reliable way to create lasting value for our shareholders.,0.4830456972122192
AMZN_2022-Q4,AMZN,2022-Q4,qa,positive,"And we expect that, again, a lot of the improvement will be in North America operations costs.",0.8665459156036377
AMZN_2022-Q4,AMZN,2022-Q4,qa,positive,"At the same time, and this is true in North America as well as across the entire business, we're working really hard to streamline our costs and trying to do so at the same time that we don't give up on the long-term strategic investments that we believe can meaningfully change broad customer experiences and change Amazon over the long term.",0.7153176665306091
AMZN_2022-Q4,AMZN,2022-Q4,qa,positive,"We believe they're continuing to get products to customers faster, makes customers happier, and they also converted a higher rate when they can see promises of deliveries that are faster.",0.8925043940544128
AMZN_2022-Q4,AMZN,2022-Q4,qa,positive,"And then just the customer experience improvements that we're working all the time, whether it's adding Buy with Prime that allows Prime users to use their Prime benefits on other websites than just Amazon; or adding RxPass in the healthcare space, where our Prime customers for $5 a month can get all the medicines they're using in unlimited fashion; or whether it's just even in our apparel business, where when you're looking clothing you might buy, being able to see virtually your shoes with that outfit to see how it looks and it changes your customer experience, your buying experience, we will continue to work very hard on those customer experiences, and we have a lot more planned.",0.1136736124753952
AMZN_2022-Q4,AMZN,2022-Q4,qa,positive,"And we've been -- we've decided over the last year or so that we're not going to expand the physical Fresh doors until we have that equation with differentiation and economic value that we like, but we're optimistic that we're going to find that in 2023.",0.7970748543739319
AMZN_2022-Q4,AMZN,2022-Q4,qa,positive,And we will continue to add things to Prime and continue to experiment with lots of different features and benefits.,0.4210548400878906
AMZN_2022-Q4,AMZN,2022-Q4,qa,positive,So we're optimistic about it.,0.2733912467956543
AMZN_2022-Q4,AMZN,2022-Q4,qa,positive,"We appreciate your interest in Amazon, and we look forward to talking with you again next quarter.",0.5469030737876892
BAC_2020-Q4,BAC,2020-Q4,remarks,positive,But as we told you last quarter that we believe that I likely bottomed in the third quarter of 2019.,-0.9159618616104126
BAC_2020-Q4,BAC,2020-Q4,remarks,positive,That's a good thing for the co -- the economy going forward.,0.583843469619751
BAC_2020-Q4,BAC,2020-Q4,remarks,positive,"Year over year, we expect it to be flat for '21 versus '20.",-0.2046224176883697
BAC_2020-Q4,BAC,2020-Q4,remarks,positive,"During the last two months of the year, we see more stable results that we hope can continue to turn in decreased demand and growth as we look forward.",-0.5587652921676636
BAC_2020-Q4,BAC,2020-Q4,remarks,positive,"We believe our strong deposit growth reflects our customers' overall experience with us as we continue to innovate around digital capabilities as well as enhance our nationwide physical footprint of financial centers and ATMs, which have continued to prove important to customers and clients.",0.929741621017456
BAC_2020-Q4,BAC,2020-Q4,remarks,hedging,"Offsetting these headwinds, we currently intend to again invest a portion of our excess deposits which continue to grow in Q4, into securities.",0.8656110167503357
BAC_2020-Q4,BAC,2020-Q4,remarks,hedging,"Provision expense was $53 million, which not only reflected an improvement in macroeconomic projections but also incorporated uncertainties that remain in the economy due to the health crisis.",0.9136832356452942
BAC_2020-Q4,BAC,2020-Q4,qa,positive,We believe we found that NII bottom in Q3 and NII indeed moved higher in Q4.,0.857168436050415
BAC_2020-Q4,BAC,2020-Q4,qa,hedging,"So, our continued investment of that cash in Q4 leads us to believe that, you know, we can offset the headwinds of low loan demand in the near term, recent, you know, reinvestment yields and two less days of NII in Q1, leaving NII relatively flat in Q1 versus Q4, before moving up through the balance of the year.",0.9188635349273682
BAC_2020-Q4,BAC,2020-Q4,qa,positive,"Given that we expect some loan demand through the year and using the existing rate curve, which has steepened over the past 90 days, we would expect NII in Q4 '21, for example, to be much higher than Q1 '21.",0.9302020072937012
BAC_2020-Q4,BAC,2020-Q4,qa,positive,"But -- and then asset management, remember we -- we sold asset management because we believe that being the large distributor is the -- is the priority.",0.0721302032470703
BAC_2020-Q4,BAC,2020-Q4,qa,positive,"So, we still have a lot of room to invest in the future and we plan to do some more investments in Q2, but we're obviously always looking at the rate environment.",0.2928984463214874
BAC_2020-Q4,BAC,2020-Q4,qa,positive,"And by the way, when rates rose before, we continued our checking account growth, you know, and we expect that to continue as these are core customer relationships.",0.8563413619995117
BAC_2020-Q4,BAC,2020-Q4,qa,hedging,"Now, I want to correct -- I think I heard you say something you may not have said it, but I want to make sure everybody heard it.",-0.0005997084081172
BAC_2020-Q4,BAC,2020-Q4,qa,positive,We expect NCOs per card to be up in  [Audio gap] down in Q1.,-0.9543117880821228
BAC_2020-Q4,BAC,2020-Q4,qa,positive,"We expect net charge-offs per card which, you know, obviously the primary driver of consumer loans, we expect those to be up in Q1 and then decline in Q2.",-0.6437079906463623
BAC_2020-Q4,BAC,2020-Q4,qa,positive,"But for modeling purposes, you know, a good assumption going forward, absent unusual items, would be about a loss of $200 million in that line except the fourth quarter will normally be higher as it was this year given the seasonal increase in partnership investments that we saw this quarter.",0.3412631154060364
BAC_2020-Q4,BAC,2020-Q4,qa,positive,How do we think about the demand for lending going forward?,0.0327011719346046
BAC_2020-Q4,BAC,2020-Q4,qa,positive,"So, is -- is the uptick in marketing spend sort of reflective of that push to sort of reengaging with consumers and we should expect some nice sort of improvement going forward?",0.8098823428153992
BAC_2020-Q4,BAC,2020-Q4,qa,positive,We look forward to talking to you next time.,0.0897949114441871
BAC_2021-Q1,BAC,2021-Q1,remarks,positive,"But simply put, we believe our decade-plus long dedication to responsible growth has put us in a position to both earn more money and deliver more back to you, our shareholders.",0.9072086215019226
BAC_2021-Q1,BAC,2021-Q1,remarks,positive,We told you six months ago that we believe the third quarter would be the trough and has proven to be so.,-0.5153263807296753
BAC_2021-Q1,BAC,2021-Q1,remarks,positive,"As we move through 2021, we believe the benefits from a steepened interest rate curve should begin to work its way into our revenue, driven by continued investment of our liquidity, as well as, picking up those lost days of interest.",0.9229374527931212
BAC_2021-Q1,BAC,2021-Q1,remarks,positive,We expect a significant decline as you look forward to the second quarter 2021 in expense.,-0.9456740021705629
BAC_2021-Q1,BAC,2021-Q1,remarks,positive,"We will continue to rationalize real estate for our teammates and our customers, and recorded an impairment charge to do that of $240 million in the quarter.",0.5385562777519226
BAC_2021-Q1,BAC,2021-Q1,remarks,hedging,"Compared to Q4, we see this as a good outcome considering the headwinds of two fewer days of interest, lower loan levels, and modestly higher premium amortization expense.",0.8704381585121155
BAC_2021-Q1,BAC,2021-Q1,remarks,hedging,These headwinds were mostly offset by the deployment of excess deposits into securities and a benefit of approximately $100 million from a legacy litigation settlement involving some securities.,-0.9171276092529296
BAC_2021-Q1,BAC,2021-Q1,remarks,positive,"Given those assumptions, we expect some improvement in premium amortization across the next few quarters if mortgage rates follow the forward curve.",0.9345120787620544
BAC_2021-Q1,BAC,2021-Q1,remarks,positive,"To the extent the economic outlook and the remaining uncertainties continue to improve, we expect our reserve levels will move lower.",-0.4610637724399566
BAC_2021-Q1,BAC,2021-Q1,remarks,positive,"With respect to card losses, given the reduction in late-stage delinquencies in the 180-day pipeline, we expect card losses to be lower in Q2.",0.7073221206665039
BAC_2021-Q1,BAC,2021-Q1,remarks,positive,"For the full year, absent any changes in the current tax laws or other unusual items, we expect an effective tax rate to be in the range of 10% to 12%.",0.1751954704523086
BAC_2021-Q1,BAC,2021-Q1,qa,positive,"We expect expenses, you know, just north of -- of $14 billion dependent on, you know, the revenue environment and the amount of progress we make in taking down the COVID costs.",0.4198475182056427
BAC_2021-Q1,BAC,2021-Q1,qa,positive,"Just on reserves, absent, you know, a -- a deterioration in an environment which we don't expect, we believe the reserves will continue to come down in the coming quarters as we remain -- as the remaining, you know, uncertainties continue to diminish.",-0.8684635758399963
BAC_2021-Q1,BAC,2021-Q1,qa,positive,"Look, we've been fairly careful about our guidance.",0.0660710632801055
BAC_2021-Q1,BAC,2021-Q1,qa,positive,"We'll keep telling the story but the key is it's producing, it's produced and they have kind earnings we're producing in the kind of efficiency we're producing, which continues to be down to our benefit going -- going forward.",0.0989007130265235
BAC_2021-Q1,BAC,2021-Q1,qa,positive,"Should we expect, you know, I think we hit charge-offs that we're in the hundreds in the fourth quarter.",-0.2214668691158294
BAC_2021-Q1,BAC,2021-Q1,qa,positive,We look forward to talking to you next quarter and we continue to -- we'll continue to drive responsible growth while we're doing it.,0.8322028517723083
BAC_2021-Q2,BAC,2021-Q2,remarks,positive,We expect it to move higher and Paul is going to discuss that later.,0.2881741821765899
BAC_2021-Q2,BAC,2021-Q2,remarks,positive,"To improve our chances, we could decide to deploy additional liquidity at higher fixed rates in the coming weeks and months as we evaluate the trade-offs between liquidity, capital and earnings.",0.8939349055290222
BAC_2021-Q2,BAC,2021-Q2,remarks,positive,"As we look forward, we continue to invest at a high rate in people and in technology and in new financial centers.",0.5622130036354065
BAC_2021-Q2,BAC,2021-Q2,remarks,positive,"And now as we move forward, we expect that natural attrition will allow us to reduce headcount as we transition back to a more normal business environment.",0.9128665328025818
BAC_2021-Q2,BAC,2021-Q2,remarks,positive,"To the extent the economic outlook and remaining uncertainties continue to improve, we expect our reserve levels could move lower.",-0.6997391581535339
BAC_2021-Q2,BAC,2021-Q2,remarks,positive,We expect our tax credits and associated losses in consolidated other income to increase by at least $100 million in Q3.,0.9124879837036132
BAC_2021-Q2,BAC,2021-Q2,remarks,positive,"For the second half of '21 absent any changes in current tax laws or any other unusual items, we expect our effective tax rate to be in a range of 10% to 12%.",0.0972447618842125
BAC_2021-Q2,BAC,2021-Q2,qa,positive,So we expect those to pick back up.,0.9262627959251404
BAC_2021-Q2,BAC,2021-Q2,qa,positive,But I just want to circle back on like what is the thought process you had alluded to potentially deploying more liquidity in the coming weeks.,0.0582750178873539
BAC_2021-Q2,BAC,2021-Q2,qa,positive,"And so all that investment, though, it'd be like we're having the same conversation we had in '16 before rates rose or when that's going to pay off and then exploded and paid off, and we expect it to happen again as the economy normalizes and we are taking good advantage, as you well know, prior to the pandemic.",0.4196270108222961
BAC_2021-Q2,BAC,2021-Q2,qa,positive,"Given that the environment has been improving, what should we expect on reserves going forward?",0.1692684143781662
BAC_2021-Q2,BAC,2021-Q2,qa,positive,And do you have any line of sight when you talk to your customers about any easing up of those supply chain constraints there as we anticipate that?,0.0059435293078422
BAC_2021-Q2,BAC,2021-Q2,qa,positive,And we look forward to talking next quarter.,0.255018413066864
BAC_2021-Q3,BAC,2021-Q3,remarks,positive,"As we move to Q4, and assuming no significant interest rate changes, we expect benefits from expected loan growth, liquidity deployment and lower premium amortization expense to more than offset the expected reduction in PPP revenue I mentioned.",0.8319222927093506
BAC_2021-Q3,BAC,2021-Q3,remarks,positive,"As we look forward, we continue to see investment in technology and people at a high rate across the businesses.",0.8928917050361633
BAC_2021-Q3,BAC,2021-Q3,remarks,positive,"To the extent the macroeconomic environment and asset quality improves further and remaining uncertainties dissipate, we expect our reserve levels could move lower.",-0.6527204513549805
BAC_2021-Q3,BAC,2021-Q3,remarks,positive,It is worth noting that we continued to see strong momentum in investment banking with our middle market clients.,0.9380063414573668
BAC_2021-Q3,BAC,2021-Q3,qa,positive,"So look, we expect deposit growth to continue, although it's gonna be likely at a slower rate than what was experienced so far this year, and we expect our growth to continue in line with or slightly better than the industry.",0.9331109523773192
BAC_2021-Q3,BAC,2021-Q3,qa,positive,"We're not really providing specific guidance on '22, but let me just give you a couple of reminders and qualifiers that it's going to depend -- NII is going to depend on loan-to-deposit growth, and we expect both of those to continue to grow, consistent with a growing economy.",0.8075759410858154
BAC_2021-Q3,BAC,2021-Q3,qa,positive,"So that's why I'm curious what sort of rate structure, either nominal or curve-wise, you're anticipating going forward.",0.034759521484375
BAC_2021-Q3,BAC,2021-Q3,qa,positive,"Look, we expect our ESG activities to increase over time, so as we go into '22 and '23.",0.9093815088272096
BAC_2021-Q3,BAC,2021-Q3,qa,positive,"As you think about modeling, everybody out there, we expect the fourth quarter loss to be $800 million on the other income line from these tax investments or even perhaps a little higher, reflecting both the sort of typical seasonal increase in the fourth quarter in partnership investments, as well as there were a few deals in the third quarter that got delayed because of all the logistical stuff, and we think they're going to pop into the fourth quarter.",-0.3152700066566467
BAC_2021-Q3,BAC,2021-Q3,qa,positive,"We expect higher Q4 seasonal purchase volume, and that's going to drive additional balances in cards.",0.8651852607727051
BAC_2021-Q3,BAC,2021-Q3,qa,positive,"That's what's going to build into the NII projections going forward because that's 250-, 300-basis-point spread stuff.",0.0445125252008438
BAC_2021-Q3,BAC,2021-Q3,qa,positive,"And just in closing, I want to thank Paul for his service as CFO, and we look forward to Alastair and the team taking over next quarter.",0.4400322735309601
BAC_2021-Q4,BAC,2021-Q4,remarks,positive,We believe there's lots of potential spending capacity left as average deposit balances continue to move up to the end of the year despite the heavy spending you see.,0.9248490333557128
BAC_2021-Q4,BAC,2021-Q4,remarks,positive,"First, I want to start by reiterating Paul's comment last quarter that we expect to see robust NII growth in 2022 compared to 2021.",0.880949854850769
BAC_2021-Q4,BAC,2021-Q4,remarks,positive,"And in the first quarter specifically, we expect two headwinds.",-0.9195429682731628
BAC_2021-Q4,BAC,2021-Q4,remarks,positive,"Second, we expect less PPP fee benefits.",-0.3288712501525879
BAC_2021-Q4,BAC,2021-Q4,remarks,hedging,"Combined, those two headwinds add to about $250 million.",-0.8589354157447815
BAC_2021-Q4,BAC,2021-Q4,remarks,hedging,"Despite those headwinds, we would still expect Q1 to be up about a couple of hundred million from Q4 and should grow nicely each subsequent quarter in 2022.",0.9334375262260436
BAC_2021-Q4,BAC,2021-Q4,remarks,positive,"As we look forward, we continue to invest in technology and people at a high rate across our businesses, and we continue to add new financial centers in expansion and growth markets.",0.8209766745567322
BAC_2021-Q4,BAC,2021-Q4,remarks,positive,"First, relative to Q4 expense, we expect Q1 to include two elements of seasonality.",-0.0120817422866821
BAC_2021-Q4,BAC,2021-Q4,qa,positive,"And as you look at potential actual performance for the year as opposed to the sensitivity, how should we expect total deposits to trend in terms of growth or attrition and also repricing?",0.2780032157897949
BAC_2021-Q4,BAC,2021-Q4,qa,positive,"And last year, we had good ROTCE, and we expect to maintain that.",0.8959078192710876
BAC_2021-Q4,BAC,2021-Q4,qa,positive,Or should we anticipate that you would be more likely to keep duration where it is and benefit from a yield pickup as rates rise?,0.56609708070755
BAC_2021-Q4,BAC,2021-Q4,qa,positive,"So we continue to invest, and you can see the numbers of patents we get, we see the -- everything, we will continue to invest heavily in this platform.",0.3842826187610626
BAC_2021-Q4,BAC,2021-Q4,qa,positive,And we expect every market will get to the 75th percentile of Bank of America business comparative.,0.2042692899703979
BAC_2021-Q4,BAC,2021-Q4,qa,positive,"Thank you for your support, and we look forward to talking to you next time.",0.1750489473342895
BAC_2022-Q1,BAC,2022-Q1,remarks,positive,Net interest income grew 13% and is expected to grow significantly from here.,0.934762954711914
BAC_2022-Q1,BAC,2022-Q1,remarks,positive,"And you see in the bottom charts, we believe this is not just a phenomena at BAC, as industry data points around debt service levels are hovering near historic lows, and household deposit and cash levels are 3 trillion higher than we entered the crisis.",-0.7058312892913818
BAC_2022-Q1,BAC,2022-Q1,remarks,positive,"Currently, we believe this to be modest and reflect our international strategy to focus on large multinational clients that have geographically diverse operations.",0.1264845728874206
BAC_2022-Q1,BAC,2022-Q1,remarks,positive,"Yet, we still grew NII by $200 million in line with our guidance we gave you last quarter.",0.8923500180244446
BAC_2022-Q1,BAC,2022-Q1,remarks,positive,"Given the forward curve expectation for higher interest rates and our expectations of further loan growth, we expect significant NII improvement through the next several quarters.",0.9342056512832642
BAC_2022-Q1,BAC,2022-Q1,remarks,positive,"Looking ahead, we continue to feel good about the asset quality results of our consumer and commercial businesses near term, given our customers' high liquidity, low unemployment, and rising wages.",0.9171714186668396
BAC_2022-Q1,BAC,2022-Q1,remarks,positive,"Looking forward and with continued expectations of growing NII, combined with strong expense control, we expect to drive operating leverage and see our efficiency ratio work back toward 60%.",0.9344972372055054
BAC_2022-Q1,BAC,2022-Q1,remarks,hedging,NII was up 200 million versus the fourth quarter as the benefits of lower premium amortization and loans growth more than offset the headwinds of two less days of interest accruals and lower PPP fees.,0.933944582939148
BAC_2022-Q1,BAC,2022-Q1,remarks,positive,"So, assuming rising rates as reflected in today's forward curve and if we see continued loans growth, I would just reiterate what we said last quarter that we expect to see robust NII growth in 2022 compared to 2021.",0.9208112955093384
BAC_2022-Q1,BAC,2022-Q1,remarks,positive,"As we look forward, we continue to invest heavily in technology, people, and marketing across our lines of business.",0.4770233929157257
BAC_2022-Q1,BAC,2022-Q1,remarks,positive,"And as we look to Q2, we expect our expenses to be down modestly from Q1, as much of the seasonal payroll tax expense abates and is somewhat offset by investment timing, inflation, and the cost of opening up more fully for travel and client entertainment because it feels like we've got a lot of pent-up demand for face-to-face meetings by our clients and our people.",-0.7782270908355713
BAC_2022-Q1,BAC,2022-Q1,remarks,positive,"Not only did we see strong investment flows of more than 70 billion, but deposits grew 59 billion, up 18%.",0.9389858245849608
BAC_2022-Q1,BAC,2022-Q1,remarks,positive,"We expect our effective tax rate in 2022 to be between 10% to 12%, absent any tax law changes or any unusual items.",0.0871355012059211
BAC_2022-Q1,BAC,2022-Q1,qa,positive,"And number two, we're thinking about how we balance that going forward with our scenarios.",0.068643718957901
BAC_2022-Q1,BAC,2022-Q1,qa,positive,"But just simply put, John, we expect to be relatively flat for 2022 versus 2021.",0.3504111170768738
BAC_2022-Q1,BAC,2022-Q1,qa,positive,"And that's what we expect to see as NII kicks back up and efficiency ratios as Mike or John referenced, ought to kick back down pretty nicely.",0.8502626419067383
BAC_2022-Q1,BAC,2022-Q1,qa,positive,"And, you know, we said in our remarks that we believe the second quarter will be up at least $650 million in NII.",0.9208939671516418
BAC_2022-Q1,BAC,2022-Q1,qa,positive,"So, look, we expect, as Brian talked about, we're kind of at a rate floor when rates are at zero.",-0.2052109837532043
BAC_2022-Q1,BAC,2022-Q1,qa,positive,"And given your focus on primary and operating accounts, contrast that with chunkier rate hikes, how should we expect deposit repricing to behave in the second 100 basis points?",0.124785229563713
BAC_2022-Q1,BAC,2022-Q1,qa,positive,I think one of your counterparts said that he was no longer thinking of buffers upon buffers as he thinks of capital management going forward.,8.703023195266724e-05
BAC_2022-Q1,BAC,2022-Q1,qa,positive,"Just given the pace of continued strong loan growth that's anticipated, what level of organic RWA growth should we be underwriting as we think about the capital algorithm going forward?",0.0919591039419174
BAC_2022-Q1,BAC,2022-Q1,qa,positive,"So going forward, I think our growth -- plenty of capital to support the growth that we expect in terms of RWAs.",0.8825445175170898
BAC_2022-Q1,BAC,2022-Q1,qa,positive,"What level should we think -- should we expect, you would bring that down to?",-0.0303268916904926
BAC_2022-Q1,BAC,2022-Q1,qa,positive,We look forward to talking to you next time.,0.0897949114441871
BAC_2022-Q2,BAC,2022-Q2,remarks,positive,"Along the way, we believe our expected earnings generation over the next 18 months will provide an ample amount of capital, which allows us to support customer growth, pay dividends and use the rest to allocate between buying back shares and growing into our new capital requirement.",0.9048353433609008
BAC_2022-Q2,BAC,2022-Q2,remarks,positive,"So we ended the quarter above our expected minimum of 10.4% required October 1, and we expect to build some additional buffer on top of that in Q3.",0.9158973097801208
BAC_2022-Q2,BAC,2022-Q2,remarks,positive,"And retail deposits with our consumer and wealth management clients grew $129 billion, and we believe our retail deposits of $1.4 trillion continue to lead all competitors.",0.8993858098983765
BAC_2022-Q2,BAC,2022-Q2,remarks,positive,And then we expect it to grow again at a faster pace on a sequential basis in the fourth quarter.,0.8815102577209473
BAC_2022-Q2,BAC,2022-Q2,remarks,positive,"And the way we think about those NII increases, given the expense discipline that we have, is we expect the majority of that to fall to the bottom line for shareholders.",0.0901999920606613
BAC_2022-Q2,BAC,2022-Q2,remarks,positive,"As we look forward, more broadly on expenses, we continue to invest heavily in technology, in people and in marketing across the businesses, and we continue to add new financial centers and renovated old ones in expansion and new growth markets.",0.8025625944137573
BAC_2022-Q2,BAC,2022-Q2,remarks,positive,"The third quarter will reflect the full run rate going forward, and we believe these changes are helping to improve overall customer satisfaction and further lower customer attrition.",0.936636447906494
BAC_2022-Q2,BAC,2022-Q2,remarks,positive,"So we view this level as temporary, and we believe it can rise back to more normal levels in the next few quarters when economic uncertainty becomes more muted.",0.9070597887039183
BAC_2022-Q2,BAC,2022-Q2,remarks,hedging,"Some of those deals have been funded, and we're working through any remaining exposure to get them through the market.",0.4200871586799621
BAC_2022-Q2,BAC,2022-Q2,qa,positive,"We created some RWA flex in the background, and we think we can do the same going forward.",0.8198186755180359
BAC_2022-Q2,BAC,2022-Q2,qa,positive,So we already have a modest buffer relative to what we expect at the end of October.,0.824491024017334
BAC_2022-Q2,BAC,2022-Q2,qa,positive,"I mean as much as it's a strong projection going forward, we captured like $2 billion last year second quarter, this year second quarter.",0.2645536959171295
BAC_2022-Q2,BAC,2022-Q2,qa,positive,We anticipate we'll see good loans growth.,0.9378740191459656
BAC_2022-Q3,BAC,2022-Q3,remarks,positive,We expect that to continue.,0.8158102631568909
BAC_2022-Q3,BAC,2022-Q3,remarks,positive,Do we expect deposit rates to increase?,0.809650719165802
BAC_2022-Q3,BAC,2022-Q3,remarks,positive,Our guidance is going to assume interest rates in the most recent forward curve and that they materialize.,0.0631984025239944
BAC_2022-Q3,BAC,2022-Q3,remarks,positive,"With that said, we expect NII in Q4 to be at least 1.25 billion higher than Q3.",0.8806583285331726
BAC_2022-Q3,BAC,2022-Q3,remarks,positive,"As we look forward, we'd expect our fourth quarter expenses will land our full year reported expense at approximately 61 billion.",-0.2991048395633697
BAC_2022-Q3,BAC,2022-Q3,remarks,positive,"Given the change noted for solar investments, we expect the fourth quarter tax rate to be similar to the third quarter tax rate.",0.4761852025985718
BAC_2022-Q3,BAC,2022-Q3,qa,positive,"So the short answer is yes, we believe so.",0.0919619351625442
BAC_2022-Q3,BAC,2022-Q3,qa,positive,And we believe that really for three reasons.,0.1081652864813804
BAC_2022-Q3,BAC,2022-Q3,qa,positive,"But, yes, we believe we'll grow NII next year.",0.896634042263031
BAC_2022-Q3,BAC,2022-Q3,qa,positive,"But as you think about coming years and think about the investments that you've made, you've highlighted the headcount additions in the third quarter, will the expectation of, you know, 1% to 2% expense growth still hold as we look forward?",0.3355060815811157
BAC_2022-Q3,BAC,2022-Q3,qa,positive,"We -- you know, we expect the things to rectify in the near term and bring forth the fruit and drive the expense efficiencies and effectiveness.",0.8163461089134216
BAC_2022-Q3,BAC,2022-Q3,qa,positive,"So, I wonder if you could talk about RWA mitigation going forward and include in that what's left in the levered loan book to distribute.",0.06790092587471
BAC_2022-Q3,BAC,2022-Q3,qa,positive,"So, we're bouncing around low 15s, and we expect that run rate to kind of hold.",-0.4851839244365692
BAC_2022-Q3,BAC,2022-Q3,qa,positive,And what should we look for going forward from those areas?,0.0476924665272235
BAC_2022-Q3,BAC,2022-Q3,qa,positive,"And while we expect it comes down over the next 12 months, you're going into the year with a pretty high level and Social Security is even going up like 8%, as we all know.",0.6437436938285828
BAC_2022-Q3,BAC,2022-Q3,qa,positive,"So, should we expect more of that to come into next year's expense guide as well?",0.0476594567298889
BAC_2022-Q3,BAC,2022-Q3,qa,positive,And we expect it to maintain and grow.,0.8927782773971558
COST_2020-Q1,COST,2020-Q1,remarks,positive,We're currently on track to do so.,0.2772149741649627
COST_2020-Q1,COST,2020-Q1,remarks,positive,"A few other items of note in terms of warehouse expansion, we expect to open net new units of somewhere around 20 plus or minus, with a lot of it planned to open -- new openings, much of it back-loaded toward the end of the fiscal year.",0.4597840905189514
COST_2020-Q1,COST,2020-Q1,remarks,positive,"A few of the stronger departments, home furnishings, domestics, tires and pharmacy, majors electronics were not among those departments as we feel that was -- we believe it was the month most impacted by the holiday shift.",-0.6911347508430481
COST_2020-Q1,COST,2020-Q1,remarks,hedging,"In terms of EU, currently again there's $7.5 billion of U.S. imports that are subject to a current 25% tariff, mostly food items like olive oil, cheese, wine, whiskey, butter cookies, etc.",0.0382543727755546
COST_2020-Q1,COST,2020-Q1,qa,positive,Just wondering if you see any material reason why the 6% growth you reported in the quarter wouldn't be a good proxy in the coming quarters?,-0.2487287670373916
COST_2020-Q1,COST,2020-Q1,qa,hedging,"You guys called out some sales headwinds related to website issue, do you think those sales have been lost or do you think they were just pushed out?",-0.9383937120437622
COST_2020-Q1,COST,2020-Q1,qa,positive,"So you've obviously had pretty meaningful stability I guess on the core-on-core and you alluded to this a couple of quarters ago in terms of your scale and your buying power, but I'm wondering if you could just frame a little bit on how we should think about core-on-core going forward because it does seem like we're kind of in a new norm of that being stable to up generally?",0.103353701531887
COST_2020-Q1,COST,2020-Q1,qa,positive,"We've opened two in Japan essentially south to north for all of 26 or 27 locations, we plan to have a lot more there over time.",0.5327833890914917
COST_2020-Q2,COST,2020-Q2,remarks,hedging,And we would expect the gross margin headwinds to decline but -- continue but decline a little bit as we get to full production capacity and improve operations.,-0.9325505495071412
COST_2020-Q2,COST,2020-Q2,remarks,positive,"For all of fiscal 2020 based on our current estimates, which of course are subject to change, we anticipate that our effective normalized total company tax rate to be approximately 26% to 26.5%.",0.3463749885559082
COST_2020-Q2,COST,2020-Q2,remarks,hedging,Part of that again mostly openings concentrated in our fourth fiscal quarter and of course there's probably a few subject to slipping into early part of next year based on weather.,-0.5634809136390686
COST_2020-Q2,COST,2020-Q2,remarks,positive,"The February results benefited by last week's big uptick in sales, the fourth week of last month, mostly we believe related to the concerns around the coronavirus.",0.9196767210960388
COST_2020-Q2,COST,2020-Q2,qa,positive,"And when we see strong sales, I think it encourages us to do more of that.",0.7027637362480164
COST_2021-Q2,COST,2021-Q2,remarks,positive,"For all of '21 based on our current estimates, which of course these are always subject to change, we anticipate that our effective normalized total company tax rate for the fiscal year to be in the 26% to 27% range.",0.0763078927993774
COST_2021-Q2,COST,2021-Q2,remarks,positive,"In the second half of the fiscal year, but this quarter, in the fourth fiscal quarter, we plan to open 13 more net new units.",0.475269615650177
COST_2021-Q2,COST,2021-Q2,remarks,positive,"We expect these pressures to ease in the coming months, but it's impacting everyone, of course.",-0.880139946937561
COST_2021-Q2,COST,2021-Q2,qa,positive,"And you said on the wages spend, going forward, this $1 billion-plus expense will reduce a little by half starting March 1 given the permanent wage increases.",-0.0002216696739196
COST_2021-Q2,COST,2021-Q2,qa,positive,So can you talk about to what degree do you think you actually left business on the table as we think about just trying to model out against these comparisons going forward?,0.0174716264009475
COST_2021-Q2,COST,2021-Q2,qa,positive,I was wondering if we could circle back on the inflation question and kind of go through some of the puts and takes of inflation items that you'll be anniversary-ing coming up in the coming quarters?,-0.0318863987922668
COST_2021-Q2,COST,2021-Q2,qa,positive,"So we're optimistic it's going to come back and expected, and we've certainly, I think improved our offerings.",0.9422455430030824
COST_2021-Q2,COST,2021-Q2,qa,positive,I guess putting heart pressure monitors across from the bacon going forward.,0.0629922449588775
COST_2021-Q2,COST,2021-Q2,qa,positive,So I just curious where you guys are from a fulfillment perspective and whether you would expect to see a step-up of an investment going forward?,0.1091525703668594
COST_2021-Q2,COST,2021-Q2,qa,positive,"And then just given the announcement on the increase in minimum wages, do you see any other levers going forward that can offset some of the wage pressures that we've seen maybe on a multi-year basis in your business?",0.4280142188072204
COST_2021-Q2,COST,2021-Q2,qa,positive,"Going forward, I mean, you could still have maybe mix benefit from things like stimulus.",0.3551611602306366
COST_2021-Q3,COST,2021-Q3,remarks,positive,"Since it's a permanent wage increase going forward, its impact is simply in our reported numbers and not separated out as COVID-related.",0.0056311003863811
COST_2021-Q3,COST,2021-Q3,remarks,positive,"For all of '21, based on our estimates, which, of course, are, sadly, subject to change, we anticipate that our effective normalized total company tax rate for the year to be in the 26% to 27% range.",0.1158418729901313
COST_2021-Q3,COST,2021-Q3,remarks,positive,"And by June 7, we plan to have tables in seating back at most locations, but with more physical separation, tables of four instead of six and eight, and about half the seating capacity as we had before.",0.1881872862577438
COST_2021-Q3,COST,2021-Q3,remarks,hedging,"Again, these are still subject to doing this in waves and see how it goes and subject to any additional state rules or restrictions in a few cases.",-0.0024593509733676
COST_2021-Q3,COST,2021-Q3,qa,positive,"Costco tends to move more slowly with changing prices than others, should we expect this to be a pressure point, especially as you lap a period of strong gross margin gain given the good sell-through last year?",0.7431870698928833
COST_2021-Q3,COST,2021-Q3,qa,positive,"Certainly, our acquisition of what's now called Costco Logistics has been a big boom, we believe, for our sales strength and competitiveness in those areas.",0.9110877513885498
COST_2021-Q3,COST,2021-Q3,qa,positive,"So just kind of think are there more good guys, the bad guy, and just another way to think about the gross margin core on core going forward?",0.0170126557350158
COST_2021-Q3,COST,2021-Q3,qa,positive,"So I'm wondering if there's anything you could point to on that specifically, and how to think about that going forward.",0.0166136194020509
COST_2021-Q3,COST,2021-Q3,qa,positive,That's something that we will continue to improve on as well.,0.8029013276100159
COST_2021-Q4,COST,2021-Q4,remarks,positive,"Renewal rates are benefiting, we believe, for more members auto renewing, as well as increased penetration of executive members who, on average, renew at a higher rate than nonexecutive members.",0.9368874430656432
COST_2021-Q4,COST,2021-Q4,remarks,positive,"For fiscal '22, based on our current estimates, which, of course, can always change, we anticipate that our effective normalized total company tax rate to be similar to fiscal '21, somewhere in the 26% to 27% range.",0.3128975033760071
COST_2021-Q4,COST,2021-Q4,remarks,positive,"As well, we plan to relocate five locations.",0.4596489369869232
COST_2021-Q4,COST,2021-Q4,qa,positive,And so I'm just curious if -- how do you think about -- or should we expect another increase in terms of wages?,0.3867412507534027
COST_2022-Q1,COST,2022-Q1,remarks,positive,"For the remainder of the year, we plan to open 23 new units and also -- plan to open 23 units, four of which would be relocations.",0.1721755415201187
COST_2022-Q1,COST,2022-Q1,remarks,positive,"And for the year, we project more than 3 million stops, which would be anything from dropping something off to installing and taking away the old appliance for logistics in the full year.",0.0128785073757171
COST_2022-Q1,COST,2022-Q1,remarks,positive,"Currently, in the U.S., we have 112 locations with more -- and we plan to more than double that number during calendar year 2022.",0.8381557464599609
COST_2022-Q1,COST,2022-Q1,qa,positive,And that's how we should kind of think about it going forward long term?,0.0350047573447227
COST_2022-Q1,COST,2022-Q1,qa,positive,And if there's any color you can help us understand on the savings or the impact on the cost structure when you put in some self-checkout and the potential for that initiative going forward.,0.1879434883594513
COST_2022-Q2,COST,2022-Q2,remarks,positive,"Starting this fiscal year, going forward, preopening is now included in SG&A. The year-over-year change in SG&A related to preopening was flat year over year, no basis point delta year over year in the second quarter.",-0.8143309354782104
COST_2022-Q2,COST,2022-Q2,qa,positive,"So there is a reason to believe that some of this, you will keep going forward.",0.2187946736812591
COST_2022-Q2,COST,2022-Q2,qa,hedging,"In other words, in 2022, no stimulus does appear as if the economy might not be -- or at least the consumer economy might not be as strong as last year.",-0.0438352525234222
COST_2022-Q2,COST,2022-Q2,qa,positive,"Well, we continue to raise them as others have, and we will continue to do that.",0.5897103548049927
COST_2022-Q3,COST,2022-Q3,remarks,hedging,"For the 12 weeks, excluding the benefit of gas inflation and the headwinds of FX, the U.S. came in at up 10.7%; Canada better by 12.8%; Other International up $9.1 million; and on a total company basis, ex gas inflation and FX headwinds, better by 10.8%; and e-commerce just below 8% at 7.9% for the quarter.",0.8094898462295532
COST_2022-Q3,COST,2022-Q3,remarks,hedging,"And excluding headwinds from FX of about $10.6 million, membership was up 10.4% in the quarter.",0.9344001412391664
COST_2022-Q3,COST,2022-Q3,remarks,positive,"For the remainder of the fiscal year and in Q4, we expect to open an additional 10 new warehouses, which will put us at 27 for the year, including three relocations, and for a net of 24 net new warehouses for all of fiscal year '22.",0.8087996244430542
COST_2022-Q3,COST,2022-Q3,remarks,positive,We believe our solid sales increases and relatively consistent margins show that we have continued to strike the right balance in passing on higher costs.,0.9390162825584412
COST_2022-Q3,COST,2022-Q3,remarks,hedging,"Before wrapping up, a quick shout out to the 300,000 worldwide Costco employees around the globe and the excellent work and proactive effort they give each day to navigate during these most challenging environment.",0.3648281395435333
COST_2022-Q3,COST,2022-Q3,qa,positive,"Since price increases have continued, it seems, does that pressure continue to accelerate going forward?",0.5879272818565369
COST_2022-Q3,COST,2022-Q3,qa,hedging,I think it continues to be a challenging environment.,-0.8636305928230286
COST_2022-Q3,COST,2022-Q3,qa,positive,I think the categories that we're seeing be a little bit softer than we expect are categories that we expected to be soft.,-0.1127144247293472
COST_2022-Q4,COST,2022-Q4,remarks,positive,"The noncontrolling interest line will become zero going forward, essentially, a small amount, but pretty much zero.",0.0106225609779357
COST_2022-Q4,COST,2022-Q4,remarks,positive,"In all, despite current inflation levels, we believe we continue to remain competitive versus others and able to raise prices as cost increases.",0.9348758459091188
COST_2022-Q4,COST,2022-Q4,qa,positive,"And our view is, is we are confident in our ability to do so.",0.8396084308624268
COST_2022-Q4,COST,2022-Q4,qa,positive,And what happens in the coming quarters as we start to lap the big charges from this year?,-0.4593346416950226
COST_2022-Q4,COST,2022-Q4,qa,positive,That will be a small impact from a seasonal standpoint going forward.,0.2341813892126083
COST_2022-Q4,COST,2022-Q4,qa,positive,"And the thought being, when you think about the structure going forward, could you leave gold star where it is, take executive up and maybe at an executive plus, right, that either has more than 2% or some other features, right?",0.0191643368452787
COST_2022-Q4,COST,2022-Q4,qa,positive,"And then, secondly, when you think about -- I think somebody asked right about inflation going forward.",-0.0252162367105484
COST_2023-Q1,COST,2023-Q1,remarks,positive,"In terms of warehouse expansion, we plan to open a net of 24 units this year, 27 openings, including three relocations, so net of 24.",0.6942698955535889
COST_2023-Q1,COST,2023-Q1,qa,positive,"As it relates to gas, for several quarters now, even beyond a year ago, we talked about the gas profitability for us, and we believe our competitors -- other big chains of gas stations have made more in gas.",0.8427659869194031
COST_2023-Q1,COST,2023-Q1,qa,positive,"So, I think that as we drive market share, part -- we believe that part of it at least is due to the fact that we've continued to be very competitive.",0.7283239364624023
COST_2023-Q1,COST,2023-Q1,qa,positive,"And hopefully, that's not a pressure point going forward.",0.177536278963089
COST_2023-Q1,COST,2023-Q1,qa,positive,"Regarding e-commerce and going forward, what are your thoughts?",-0.0073013342916965
COST_2023-Q1,COST,2023-Q1,qa,positive,"And I think we believe that's more because of COVID, and we were in a good place to shop.",0.7307814359664917
COST_2023-Q1,COST,2023-Q1,qa,positive,"And I guess it's -- look, if consumables continue to outpace discretionary goods based on what we're seeing in the economy, should we expect gross margins to compress a bit just from mix?",0.1424822509288787
COST_2023-Q1,COST,2023-Q1,qa,positive,"As it relates to the special dividend, as you know, we've said before, it's certainly an arrow in our quiver that has boded well for us, we believe.",0.877090334892273
CVX_2020-Q4,CVX,2020-Q4,remarks,positive,We also exceeded our guidance for operating cost savings.,0.6990496516227722
CVX_2020-Q4,CVX,2020-Q4,remarks,positive,"We completed asset sales, received good value and finished our three-year high-grading program in the middle of our guidance range.",0.8944088816642761
CVX_2020-Q4,CVX,2020-Q4,remarks,positive,"And the actions we took to preserve long-term value, which I'll cover on the next slide, should give our shareholders confidence that we intend to sustain and grow the dividend in the future.",0.9060909152030944
CVX_2020-Q4,CVX,2020-Q4,remarks,positive,"While we reduced short-cycle capital that would bring on near-term production, we maintained capital for projects that we expect to deliver production and attractive cash flow for years like our expansion project in Kazakhstan.",0.88181471824646
CVX_2020-Q4,CVX,2020-Q4,remarks,positive,"We believe we're better positioned than others, confident in our ability to succeed in any environment.",0.911432921886444
CVX_2020-Q4,CVX,2020-Q4,remarks,positive,"We expect production to be up to 3% higher than last year, excluding the impact of any asset sales that may close in 2021.",0.9320404529571532
CVX_2020-Q4,CVX,2020-Q4,remarks,positive,"Now looking ahead, in the first quarter, we expect turnarounds and downtime to reduce production by 60,000 barrels of oil equivalent per day, primarily in Australia.",-0.9612215757369996
CVX_2020-Q4,CVX,2020-Q4,remarks,positive,"Gorgon Train 1 repairs are nearing completion, and we expect the facility to be back online in March.",0.3625487983226776
CVX_2020-Q4,CVX,2020-Q4,remarks,positive,"Next month, we expect to resume remobilization for the spring campaign and are targeting a project workforce of 26,000 by the end of the first quarter.",0.2938575446605682
CVX_2020-Q4,CVX,2020-Q4,remarks,positive,"In Indonesia, we expect cost recovery barrels to decrease 75,000 barrels per day from last quarter.",-0.8087558746337891
CVX_2020-Q4,CVX,2020-Q4,remarks,positive,We expect these receivables to reverse by the third quarter.,-0.8994494676589966
CVX_2020-Q4,CVX,2020-Q4,remarks,positive,"And while there are uncertainties and challenges ahead, we're optimistic about the future.",0.5256311297416687
CVX_2020-Q4,CVX,2020-Q4,qa,positive,"And I think, certainly, as you listen to some of the members of the new administration comment, as they introduce this and answered some questions, I think they're looking to flesh out the details here in the coming weeks and months.",0.0722621157765388
CVX_2020-Q4,CVX,2020-Q4,qa,positive,"We plan to restart further mobilization in February, and as Pierre said, targeting 26,000 by the end of the first quarter.",0.3095504343509674
CVX_2020-Q4,CVX,2020-Q4,qa,hedging,"And so we want to be mindful of the uncertainties in the commodity price environment, and there could be some downside risk.",0.0409165620803833
CVX_2020-Q4,CVX,2020-Q4,qa,positive,"So we've outlined that budget premised on a lower price than $60 because we've been through this pandemic, and we expect only a gradual recovery in the global economy, which would support gradual recovery in commodity prices.",0.8465580344200134
CVX_2020-Q4,CVX,2020-Q4,qa,positive,We expect a lower carbon energy system in the future.,0.516228199005127
CVX_2020-Q4,CVX,2020-Q4,qa,positive,We are committed to the dividend.,0.1346154063940048
CVX_2020-Q4,CVX,2020-Q4,qa,positive,"But fundamentally, we intend to continue to be very disciplined in the allocation of capital.",0.81063312292099
CVX_2020-Q4,CVX,2020-Q4,qa,hedging,And the nice thing is we bring some capabilities to bear here that might not have been in Noble's wheelhouse.,0.1468821167945861
CVX_2020-Q4,CVX,2020-Q4,qa,positive,And it seems to me at least that the U.S. side of the pond is still very much in the big oil category in terms of how you see your opportunity set going forward.,0.1114752367138862
CVX_2020-Q4,CVX,2020-Q4,qa,positive,"And Mike said earlier that our Permian production is beating our guidance range, and we'll actually be up because of the Noble barrels that we added 2021 versus 2020 full year and if you adjust for curtailment.",0.9337716698646544
CVX_2020-Q4,CVX,2020-Q4,qa,positive,"One is on when you think about the portfolio and also what you've seen in the market through the sort of '15 -- '14, '15 volatility, the volatility you've seen now, are you starting to change the way you look at the investments that you're making going forward?",-0.0534509681165218
CVX_2020-Q4,CVX,2020-Q4,qa,positive,and changing them to sort of tailor a different environment going forward?,0.0155327059328556
CVX_2020-Q4,CVX,2020-Q4,qa,positive,"On disposals, moving forward, I mean, with the downsized capital program, should we expect a relatively downsized disposal program on a run-rate basis?",0.0579126551747322
CVX_2021-Q1,CVX,2021-Q1,remarks,positive,Pension settlement and curtailment costs will be a special item going forward.,0.0035085640847682
CVX_2021-Q1,CVX,2021-Q1,remarks,positive,We expect cash balances to come back down later in the year.,-0.9531764388084412
CVX_2021-Q1,CVX,2021-Q1,remarks,positive,"As we look forward, we expect to begin the repurchase of shares when we're confident that we can sustain a buyback program for multiple years through the oil price cycle.",0.8903890252113342
CVX_2021-Q1,CVX,2021-Q1,remarks,positive,"Looking ahead, in the second quarter, we expect turnarounds and downtime to reduce production by 90,000 barrels of oil equivalent per day, primarily in Australia at Gorgon Train 3, where the planned turnaround and repairs of propane vessels are under way.",-0.9602039456367492
CVX_2021-Q1,CVX,2021-Q1,remarks,positive,"As we look forward to the next few quarters and the world gets better control of this virus, I'm confident that we'll continue to deliver stronger financial performance and help advance a lower carbon future.",0.933797001838684
CVX_2021-Q1,CVX,2021-Q1,qa,positive,So no change to our guidance of a $14 billion organic program.,0.060686707496643
CVX_2021-Q1,CVX,2021-Q1,qa,positive,"You saw a small inorganic acquisition in the first-quarter number, so that can be different going forward.",0.0147124081850051
CVX_2021-Q1,CVX,2021-Q1,qa,positive,We didn't change our guidance because it's just early.,-0.0296209715306758
CVX_2021-Q1,CVX,2021-Q1,qa,hedging,"But clearly, at Tengiz, when we have prices over $60, that reduces the need for co-lending and might not require any.",0.1910746097564697
CVX_2021-Q1,CVX,2021-Q1,qa,positive,"We remobilized to 25,000, just short of our 26,000 first-quarter objectives than you saw where we plan to go in the second quarter.",0.0857769548892974
CVX_2021-Q1,CVX,2021-Q1,qa,positive,"We intend to invest in there, but we're going to do it at the right time.",0.1737922579050064
CVX_2021-Q1,CVX,2021-Q1,qa,positive,But we intend to do exactly what you say is grow these businesses.,0.1713249385356903
CVX_2021-Q1,CVX,2021-Q1,qa,positive,That's exactly what we intend to do over time.,0.0729036107659339
CVX_2021-Q1,CVX,2021-Q1,qa,positive,We expect that to be completed by the end of this quarter.,0.3819305896759033
CVX_2021-Q1,CVX,2021-Q1,qa,positive,"So we expect to get there here during the course of the year and then, of course, any OPEC+ curtailments.",0.0868001356720924
CVX_2021-Q1,CVX,2021-Q1,qa,hedging,"At this point in time, it's not being curtailed, but that's really subject to the local governments.",-0.0081690102815628
CVX_2021-Q1,CVX,2021-Q1,qa,positive,"We expect the next couple of quarters to be potentially even better because you've got oil prices above $60, refining and chemicals margins much stronger.",0.9346998929977416
CVX_2021-Q1,CVX,2021-Q1,qa,positive,"As we look forward, look, it's going to get better.",0.814546525478363
CVX_2021-Q1,CVX,2021-Q1,qa,positive,"And we think the next couple of quarters are going to be good, and we're well positioned in our downstream and chemicals business.",0.9148680567741394
CVX_2021-Q1,CVX,2021-Q1,qa,positive,"And so, far, we're able to accomplish both, and we think activity will increase going forward.",0.9358644485473632
CVX_2021-Q2,CVX,2021-Q2,remarks,positive,"For 2021, we expect free cash flow, excluding working capital, to exceed $3 billion, assuming an average Brent price of $65 a barrel.",0.8761113286018372
CVX_2021-Q2,CVX,2021-Q2,remarks,positive,This is a rate that we believe is sustainable through the cycle while continuing to pay down debt.,0.8582815527915955
CVX_2021-Q2,CVX,2021-Q2,remarks,positive,"Now, looking ahead, in the third quarter, we expect major turnarounds to reduce upstream production by 150,000 barrels of oil equivalent per day, primarily at TCO, which also reduces our expected curtailments to about 5,000 barrels per day.",-0.9458876252174376
CVX_2021-Q2,CVX,2021-Q2,remarks,positive,We expect to make an incremental pension contribution in the third quarter of $500 million.,0.7245979905128479
CVX_2021-Q2,CVX,2021-Q2,remarks,positive,"Also, we expect higher dividends from CPChem, in line with our share of higher earnings.",0.9416089057922364
CVX_2021-Q2,CVX,2021-Q2,remarks,positive,"On September 14, we'll be hosting our energy transition spotlight to provide more details on how we plan to lower carbon intensity in our operations and grow lower carbon businesses.",0.140666663646698
CVX_2021-Q2,CVX,2021-Q2,qa,positive,We intend to sustain it over the cycle.,0.8506292700767517
CVX_2021-Q2,CVX,2021-Q2,qa,positive,So we lowered our guidance for this year only to 13 billion.,-0.5229825973510742
CVX_2021-Q2,CVX,2021-Q2,qa,positive,"There's no change in our long-term guidance, our guidance through 2025 of 14 to 16 billion.",0.023444240912795
CVX_2021-Q2,CVX,2021-Q2,qa,positive,What's your latest thinking in terms of what that might fit in the use of cash going forward?,0.0280380621552467
CVX_2021-Q2,CVX,2021-Q2,qa,positive,"We did add an additional completion crew in July, and we expect to add another one before year-end.",0.4467165768146515
CVX_2021-Q2,CVX,2021-Q2,qa,positive,"We currently have five drilling rigs out there, and we expect to add at least one or two more in late third quarter and fourth quarter.",0.3255879580974579
CVX_2021-Q2,CVX,2021-Q2,qa,positive,"What we've generated and demonstrated is that we can generate free cash flow while we continue to grow, and that's because we maintain that disciplined focus on the balance as we look forward.",0.8270399570465088
CVX_2021-Q2,CVX,2021-Q2,qa,positive,We expect low carbon intensity from the production from this asset.,0.0676557645201683
CVX_2021-Q2,CVX,2021-Q2,qa,hedging,"Is there a possibility they can be brought back on the table given the tightness we are seeing in ethylene chain margins, or should we think about them as projects which might not be pursued ever?",-0.2196541279554367
CVX_2021-Q2,CVX,2021-Q2,qa,hedging,There are uncertainties I cited.,-0.2003289461135864
CVX_2021-Q3,CVX,2021-Q3,remarks,positive,We're on track to meet that guidance with benefits already flowing then to the bottom line.,0.9007802605628968
CVX_2021-Q3,CVX,2021-Q3,remarks,positive,We believe in the long-term fundamentals of chemicals.,0.1169388145208358
CVX_2021-Q3,CVX,2021-Q3,remarks,positive,"Pending regulatory approval, we anticipate closing in the first quarter of 2022.",0.0829190835356712
CVX_2021-Q3,CVX,2021-Q3,remarks,positive,Now looking ahead.,0.0232851356267929
CVX_2021-Q3,CVX,2021-Q3,remarks,positive,"In the fourth quarter, we expect lower production due to a planned turnaround in Wheatstone, which was completed last week and repairs at the Alba gas plant in Equatorial Guinea.",-0.9621467590332032
CVX_2021-Q3,CVX,2021-Q3,remarks,positive,We expect earnings from JKM-related spot sales of Australia to increase around $50 million from three quarter -- from third quarter due to some fewer spot cargoes as our long-term customers increase deliveries heading into winter.,0.937287986278534
CVX_2021-Q3,CVX,2021-Q3,remarks,positive,"During 4Q, we expect to buy back shares at the high end of our guidance range.",0.622430145740509
CVX_2021-Q3,CVX,2021-Q3,remarks,positive,We're executing a straightforward strategy that's expected to deliver value now and well into the future.,0.626497745513916
CVX_2021-Q3,CVX,2021-Q3,qa,positive,"As you said, Devin, our guidance for fourth quarter is at the high end of the range.",0.1625431925058365
CVX_2021-Q3,CVX,2021-Q3,qa,positive,"As a reminder, Devin, I know you know this, we intend to mean our buyback for multiple years through the cycle.",0.3624835908412933
CVX_2021-Q3,CVX,2021-Q3,qa,positive,So seeing demand and supply a little bit out of sync is something that we've seen in the past and we expect that markets will work.,0.2491220980882644
CVX_2021-Q3,CVX,2021-Q3,qa,positive,We're seeing a commodity pricing right now and we expect markets to rebalance over time.,-0.8191106915473938
CVX_2021-Q3,CVX,2021-Q3,qa,positive,And so we're well positioned there.,0.7060844302177429
CVX_2021-Q3,CVX,2021-Q3,qa,positive,Now that's going to be matched against some physical deliveries in future quarters so we call that timing because we expect to see that unwind when those physical cargoes are delivered.,0.6247445344924927
CVX_2021-Q3,CVX,2021-Q3,qa,positive,I'm worried that we're we are carrying too high a tax rate going forward.,-0.8846291303634644
CVX_2021-Q3,CVX,2021-Q3,qa,positive,We'll do a review of all of our tax attributes at year end and see again what deferred tax assets could have value going forward based on a change in conditions.,0.0891045480966568
CVX_2021-Q3,CVX,2021-Q3,qa,positive,"And so when we set a buyback rate, we intend to maintain it through the cycle.",0.2262429744005203
CVX_2021-Q3,CVX,2021-Q3,qa,positive,"Again, as I've said, even the bottom end of our guidance range, $15 billion, represents at least a 20% increase from where we expect to end up this year.",0.926954984664917
CVX_2021-Q3,CVX,2021-Q3,qa,positive,"That's part of the reason why we lowered our guidance, non-op has been a bit below our expectations, and you can see it in other basins.",-0.9187021851539612
CVX_2021-Q3,CVX,2021-Q3,qa,positive,"We had a planned turnaround that covered a portion of third quarter and early into fourth quarter, as I said, it was completed last week and we expect to have all five of our Australia trains operating this quarter.",0.5991674065589905
CVX_2021-Q3,CVX,2021-Q3,qa,positive,"And as I said, we expect more cargoes.",0.6336178183555603
CVX_2021-Q3,CVX,2021-Q3,qa,positive,As you think about the feedback that you've received since then -- I mean our view was that it was a pragmatic balance between allocation of capital toward good low carbon businesses but not too much to kind of protect return dilution going forward.,0.2335250675678253
CVX_2021-Q3,CVX,2021-Q3,qa,positive,"Is 10% of the budget, you've seen feedback over the last couple months, give you that 10 percent of the budget is enough or do you think that's going to be something where you're going to see increasing pressure to to kind of creep that higher going forward?",0.091461457312107
CVX_2021-Q3,CVX,2021-Q3,qa,positive,We indicated in our energy transition spotlight that we expect to be a leader in the capital capital conversion of particular hydro processing units in our system and we believe we can do that for less than a dollar per gallon of annual capacity.,0.8362622261047363
CVX_2021-Q3,CVX,2021-Q3,qa,positive,"As I said earlier, we expect the markets to correct but it is a better time for us to be engaging.",0.4772050976753235
CVX_2021-Q3,CVX,2021-Q3,qa,positive,"We would expect to see margins come off as we get to the fourth quarter normal seasonal type of dropoff but we're actually preparing for -- with capacity growth over the next few years, we expect that to outpace demand.",0.6179369688034058
CVX_2021-Q3,CVX,2021-Q3,qa,positive,"If you think of the biggest growth that we have going forward, clearly is in the Permian, which I referred to earlier, Tengiz is a project that we're investing in and it's project is going very well and the project will come on in a couple years.",0.3984582126140594
CVX_2021-Q3,CVX,2021-Q3,qa,positive,And as I mentioned earlier we intend to maintain a peak manpower workforce level through the winter months.,0.8941873908042908
CVX_2021-Q3,CVX,2021-Q3,qa,positive,"We have a vaccination rate over 85% for that workforce, so we're well positioned to make a lot of progress this winter.",0.9268216490745544
CVX_2021-Q3,CVX,2021-Q3,qa,positive,"And look, we'll give guidance on 2022 just like with Paul's question when we look forward.",0.100965566933155
CVX_2021-Q3,CVX,2021-Q3,qa,positive,"But again, essentially buying that position at forty dollars and now we have it on the market that's in the public domain and obviously we expect to get much higher value than -- for what was implied in the purchase price.",0.2397868782281875
CVX_2021-Q3,CVX,2021-Q3,qa,positive,And so we believe that our limited capital approach provides us the majority of the margin in sustainably delivered high returns and still allows us to stay connected with customers and invest part of that offering to customers to have EV charging stations in seven countries around the world.,0.7716825604438782
CVX_2021-Q3,CVX,2021-Q3,qa,positive,"And on Angola LNG, so it's in our Looking Ahead slide, Paul, we guide toward $300 million of return of capital.",0.7618097066879272
CVX_2021-Q3,CVX,2021-Q3,qa,positive,"And in terms of guidance going forward just let's just say Angola LNG does sell into the spot market essentially both on oil linked strips and into Europe ETF or international JKM markets, so it does have exposure to international natural gas pricing.",0.1308647096157074
CVX_2021-Q3,CVX,2021-Q3,qa,positive,"So first on petrochemical margins, we indicated as we look to the longest of terms we expect him demand to continue to grow in line with the long term GDP growth.",0.9235042333602904
CVX_2021-Q3,CVX,2021-Q3,qa,positive,"We believe again in kind of the next four to five years, we do see capacity growth in the next couple of years going past demand, which brings us to toward the bottom portion of the margin cycle.",0.6985251903533936
CVX_2021-Q3,CVX,2021-Q3,qa,positive,"Anything above that of course we will take, and it drives us in our CPChem joint venture to make sure that we continue to work on our unit cost reductions, which they have done a very good job on and we'll continue to do going forward.",0.901628077030182
CVX_2021-Q4,CVX,2021-Q4,remarks,positive,"We're showing it through our actions and our performance, which we expect to drive higher returns and lower carbon.",0.8931966423988342
CVX_2021-Q4,CVX,2021-Q4,remarks,positive,And we intend to keep getting better.,0.7402087450027466
CVX_2021-Q4,CVX,2021-Q4,remarks,positive,I expect 2022 will be even better for cash returns to shareholders with another dividend increase announced this week and first quarter buybacks projected at the top of our guidance range.,0.9195860028266908
CVX_2021-Q4,CVX,2021-Q4,remarks,positive,"We're optimistic about the future, focused on continuing to reward our shareholders while investing to grow our businesses and maintaining a strong balance sheet.",0.8381659984588623
CVX_2021-Q4,CVX,2021-Q4,remarks,positive,"Excluding contract expirations and 2022 asset sales, we expect a 2% to 5% increase in production led by the Permian and lower turnaround activity in TCO and Australia.",0.9225499629974364
CVX_2021-Q4,CVX,2021-Q4,remarks,positive,"Also, our guidance for both earnings and cash flow sensitivities is now the same as we're likely to consume the remainder of our NOLs and other favorable tax attributes if prices remain higher.",0.8992944359779358
CVX_2021-Q4,CVX,2021-Q4,remarks,positive,And we look forward to 2022 and beyond confident in our strategy and capabilities that aim to deliver higher returns and lower carbon.,0.9186400175094604
CVX_2021-Q4,CVX,2021-Q4,remarks,positive,"At this time, we expect to be at the New York Stock Exchange with a limited number of participants.",0.0336779989302158
CVX_2021-Q4,CVX,2021-Q4,qa,positive,We're still net long JKM so any effects going forward will depend on the direction of future prices.,-0.0182353481650352
CVX_2021-Q4,CVX,2021-Q4,qa,positive,We expect it sometime this year.,0.0282984785735607
CVX_2021-Q4,CVX,2021-Q4,qa,positive,It actually exceeded our guidance.,0.2556766867637634
CVX_2021-Q4,CVX,2021-Q4,qa,positive,"By the way, the TCO dividend was at the high end of our guidance range.",0.3114469349384308
CVX_2021-Q4,CVX,2021-Q4,qa,positive,And the return of capital from Angola was above our guidance.,-0.3445645868778229
CVX_2021-Q4,CVX,2021-Q4,qa,positive,"The one other thing that you talked about, what should you bear in mind going forward.",0.023859990760684
CVX_2021-Q4,CVX,2021-Q4,qa,hedging,And so I think that's another point that may not be as evident in the quarter.,-0.2195604145526886
CVX_2021-Q4,CVX,2021-Q4,qa,positive,"As Pierre said in his comments, we've got lower planned turnaround activity at TCO and we expect some more uptime at Gorgon.",-0.7047300338745117
CVX_2021-Q4,CVX,2021-Q4,qa,positive,"Wells put on production, a little bit over 200 we anticipate this year, which is up about 50% versus 2021.",0.9327229261398317
CVX_2021-Q4,CVX,2021-Q4,qa,positive,"And our ability to contract well, be a very good partner to work with, all gives us confidence that the little bit of cost pressure we're seeing is very manageable within the range of what we expected, and we intend to deliver our capital program in line with our budget.",0.9228166341781616
CVX_2021-Q4,CVX,2021-Q4,qa,positive,"Our guidance on, let me start by saying we've always been the most levered among the integrated energy companies.",0.3958189189434051
CVX_2021-Q4,CVX,2021-Q4,qa,positive,"The third train is undergoing that pit stop right now and is also addressing a problem with one of the compressors that was identified, and this was an opportune time to make a couple of changes with that in order to reduce risk going forward.",0.3712639808654785
CVX_2021-Q4,CVX,2021-Q4,qa,positive,So we expect to operate reliably.,0.8585121035575867
CVX_2021-Q4,CVX,2021-Q4,qa,positive,We expect higher employee bonuses and we accrued for that.,0.6122875213623047
CVX_2021-Q4,CVX,2021-Q4,qa,positive,"So we'll update you and everyone at our next Investor Day, but that's the playbook that we've been using and we'll continue to use going forward.",0.0726851671934127
CVX_2021-Q4,CVX,2021-Q4,qa,positive,And we've talked a lot about how we need to do better and our commitment to improve major capital project performance going forward.,0.8721120357513428
CVX_2021-Q4,CVX,2021-Q4,qa,hedging,Maybe comment on whether you see any potential for incremental headwinds there on the regulatory front that could impact things in the future.,-0.3731681108474731
CVX_2021-Q4,CVX,2021-Q4,qa,positive,"We expect first oil in 2024, and that holds.",0.148047998547554
CVX_2021-Q4,CVX,2021-Q4,qa,positive,"And our belief going forward, our capital guidance going forward is $15 billion to $17 billion for the next five years.",0.1844211965799331
CVX_2021-Q4,CVX,2021-Q4,qa,positive,"Our guidance is no loan repayment, but also no additional loans.",0.0227003060281276
CVX_2021-Q4,CVX,2021-Q4,qa,positive,"I will make a point, we changed our guidance from focusing on the cash flow line, which is affiliate income less dividends, and just focus on the true cash part.",0.0620236359536647
CVX_2021-Q4,CVX,2021-Q4,qa,positive,"And in the current price environment, obviously, we expect strong dividends from Tengiz this year.",0.9324511289596558
CVX_2021-Q4,CVX,2021-Q4,qa,positive,"But as we look forward and think about where you could ramp up spend, is that $17 billion high end of the range?",0.1232295930385589
CVX_2021-Q4,CVX,2021-Q4,qa,positive,And we intend to stay within that range as we've guided.,0.4368598163127899
CVX_2022-Q1,CVX,2022-Q1,remarks,positive,"Over time, we expect our share buybacks to more than offset the first quarter dilutive effect.",0.9276137351989746
CVX_2022-Q1,CVX,2022-Q1,remarks,positive,"Now, looking ahead.",0.0219368729740381
CVX_2022-Q1,CVX,2022-Q1,remarks,positive,"In the second quarter, we expect lower production due to planned turnarounds at Wheatstone and Angola LNG, impacts from CPC pipeline and the expiration of the Area 1 concession in Thailand.",-0.9591171145439148
CVX_2022-Q1,CVX,2022-Q1,remarks,positive,We anticipate a return of capital between $250 million and $350 million from Angola LNG in the second quarter.,0.9185426235198976
CVX_2022-Q1,CVX,2022-Q1,remarks,positive,"In the second quarter, we expect to invest $600 million as we close the Bunge joint venture and to repurchase shares at the top of our guidance range.",0.3088017404079437
CVX_2022-Q1,CVX,2022-Q1,qa,hedging,And I'm incredibly proud of the work that they've done in a very challenging environment.,0.552551805973053
CVX_2022-Q1,CVX,2022-Q1,qa,positive,"And particularly from TCO, which historically has paid dividends in the fourth quarter, we increased our guidance on expected dividends, but they were light in the first quarter.",0.4758224189281463
CVX_2022-Q1,CVX,2022-Q1,qa,positive,"And then as I mentioned, we expect to make estimated tax payments next quarter, but that will flow through working capital in many of analysts would gather our cash flow ex working capital.",0.0872543826699256
CVX_2022-Q1,CVX,2022-Q1,qa,positive,We expect to close REG around midyear.,0.0375052765011787
CVX_2022-Q1,CVX,2022-Q1,qa,hedging,"I think the entire industry is more efficient today than it was then certainly large companies, which you refer to kind of large-scale M&A. And so I think the synergy opportunities, while no doubt there would be some, they may not be of the same magnitude that they were 20 years ago.",0.1295265257358551
CVX_2022-Q1,CVX,2022-Q1,qa,positive,"And as we look forward, we're working on what it takes beyond that period of time.",0.0780525729060173
CVX_2022-Q1,CVX,2022-Q1,qa,hedging,"Can you talk about some of the, I guess, as you think about the -- some of the headwinds that were maybe felt during the first quarter and relative to headline margins, whether it's lag on timing effects or secondary products or things like that.",-0.1303935497999191
CVX_2022-Q1,CVX,2022-Q1,qa,hedging,And so -- we're subject to the dynamics in those markets.,0.0009640231728553
CVX_2022-Q1,CVX,2022-Q1,qa,positive,"That's in our guidance, Manav, that we provided in -- for the second quarter production impacts from planned turnarounds and downtime.",-0.1575825661420822
CVX_2022-Q1,CVX,2022-Q1,qa,positive,"So can you help us understand, since then and going forward, how does Chevron plan to build on its sustainable aviation fuel business?",0.2337204217910766
CVX_2022-Q1,CVX,2022-Q1,qa,positive,What is the cadence of maintenance across your assets going forward in future years?,-0.0932931005954742
CVX_2022-Q1,CVX,2022-Q1,qa,positive,Has anything that's happened in the last couple of months impacted your thinking around the timeline to deliver those growth projects going forward?,-0.0812894031405448
CVX_2022-Q1,CVX,2022-Q1,qa,hedging,So cost and schedule despite the challenges of COVID and the other kind of regional uncertainties still holding well.,0.9333573579788208
CVX_2022-Q2,CVX,2022-Q2,remarks,positive,"Our development costs are down about 25% since 2019, and we expect to keep them flat this year by offsetting inflation with productivity improvements.",-0.930016040802002
CVX_2022-Q2,CVX,2022-Q2,remarks,positive,"We expect to complete construction by year-end with remaining project activities, primarily focused on systems completion, commissioning, and start-up.",0.1519992351531982
CVX_2022-Q2,CVX,2022-Q2,remarks,positive,"TCO's operations continue to generate strong cash flow, enabling a midyear dividend with project spend decreasing, we're expecting higher dividends going forward.",0.928720474243164
CVX_2022-Q2,CVX,2022-Q2,remarks,positive,Our reliability benchmarks in the first quartile and we intend to stay there with an ongoing focus on operational excellence.,0.9000648856163025
CVX_2022-Q2,CVX,2022-Q2,remarks,positive,"Gorgon Stage 2, the first backfill project is on track to deliver first gas in September.",0.1463173776865005
CVX_2022-Q2,CVX,2022-Q2,remarks,positive,"The lease held by the JV is in Texas State Waters near large industrial emitters, and we believe it is the first U.S. offshore lease dedicated to CCS.",0.1201764568686485
CVX_2022-Q2,CVX,2022-Q2,remarks,positive,Now looking ahead.,0.0232851356267929
CVX_2022-Q2,CVX,2022-Q2,remarks,positive,"In the third quarter, we expect turnarounds and downtime to reduce production in a number of locations.",-0.9584252834320068
CVX_2022-Q2,CVX,2022-Q2,qa,positive,"As we are finishing construction, we expect to finish construction on everything this year and be largely into the commissioning phase.",0.3209929168224334
CVX_2022-Q2,CVX,2022-Q2,qa,positive,The WPMP that we expect in the second half of next year will be around enabling us to boost the pressure from the field up to the facilities.,0.923324167728424
CVX_2022-Q2,CVX,2022-Q2,qa,positive,"And as we look forward, we just continue to work with the Kazakh government and with the International Consortium that owns and operates the CPC pipeline to maintain this important source of -- or export route for the crude.",0.7872487306594849
CVX_2022-Q2,CVX,2022-Q2,qa,positive,"And when we have cash in excess of those first three priorities, we buy back shares, and we intend to do it ratably over the cycle.",0.1215072050690651
CVX_2022-Q2,CVX,2022-Q2,qa,positive,"And as you said, we just increased the guidance to -- we just increased the top of the range of our guidance to $15 billion a year.",0.8838282227516174
CVX_2022-Q2,CVX,2022-Q2,qa,positive,"As we've said with previous buyback rates, we intend to maintain buybacks at this annual rate for a number of years across the commodity cycle.",0.165064051747322
CVX_2022-Q2,CVX,2022-Q2,qa,positive,"And we also see the number of wells that we're putting on production going up, we expect to do over 200 [Inaudible] this year.",0.8403862714767456
CVX_2022-Q2,CVX,2022-Q2,qa,positive,"So we're running now with a fleet of 10 rigs across the Permian in the current time, and we expect to maintain that through the second half.",0.7057708501815796
CVX_2022-Q2,CVX,2022-Q2,qa,positive,We expect to see our investment continue to grow.,0.9314444661140442
CVX_2022-Q2,CVX,2022-Q2,qa,positive,Our guidance remains unchanged.,-0.0011426210403442
CVX_2022-Q2,CVX,2022-Q2,qa,positive,"That's our guidance as we see it today, and we'll continue to update you as we move forward in time.",0.1050673425197601
CVX_2022-Q2,CVX,2022-Q2,qa,positive,"As we look forward, the next 800 wells, we only need to build an additional four central tank batteries.",0.2136381566524505
CVX_2022-Q2,CVX,2022-Q2,qa,positive,Our guidance that we shared at our March Investor Day is $15 billion to $17 billion of organic capital investments through 2026.,0.1303058266639709
CVX_2022-Q2,CVX,2022-Q2,qa,positive,We expect in 2024.,0.0399610586464405
CVX_2022-Q2,CVX,2022-Q2,qa,positive,"We are ramping up our drilling activity in Haynesville, and we expect to see rigs there starting later this year.",0.8889632225036621
CVX_2022-Q2,CVX,2022-Q2,qa,positive,"The beauty of having a portfolio like we do is we can put these pilot projects and we can put these demonstration projects wherever it makes the most sense, both from a regulatory, fiscal, and return standpoint and develop these technologies that we're all going to need going forward.",0.3480780720710754
CVX_2022-Q2,CVX,2022-Q2,qa,positive,"I guess what I'd say is demand, I think, will be much more recession resilient going forward just because we've seen a little bit of that response in the second quarter.",0.7903000116348267
CVX_2022-Q2,CVX,2022-Q2,qa,positive,"Still working, still on track to convert a diesel hydrotreater at El Segundo to have renewable fuel capability and work across other parts of Chevron systems.",0.8613372445106506
CVX_2022-Q2,CVX,2022-Q2,qa,positive,"So our focus on standardization, our focus on minimum viable facilities, our focus on capital efficiency over just scale and NPV, all these together are resulting in and aligning with our technology center so that we continue to develop the technologies that are giving us the returns that we're going to need going forward.",0.7560640573501587
CVX_2022-Q3,CVX,2022-Q3,remarks,positive,We repurchased shares at the high end of our guidance range and ended the quarter with a net debt ratio under 5%.,0.2479067146778106
CVX_2022-Q3,CVX,2022-Q3,remarks,positive,We're on track to beat 2021's free cash flow record.,0.930485188961029
CVX_2022-Q3,CVX,2022-Q3,remarks,positive,"Now looking ahead, in the fourth quarter, we expect modest turnaround.",0.9348962306976318
CVX_2022-Q3,CVX,2022-Q3,remarks,positive,"After producing a record number of LNG cargoes in third quarter, we expect fewer spot cargoes out of Australia due to maintenance and summer temperatures.",-0.8874804377555847
CVX_2022-Q3,CVX,2022-Q3,remarks,positive,"In the fourth quarter, we expect dividends from TCO and Angola LNG, and we expect to end 2022 at the top end of our full-year guidance for affiliate dividends.",0.07157514244318
CVX_2022-Q3,CVX,2022-Q3,remarks,positive,"Also, we expect to buy back shares at the top end of our guidance range.",0.563683032989502
CVX_2022-Q3,CVX,2022-Q3,qa,positive,"We give you a range because we expect to be in the range, but we don't always hit the high end of the range.",0.0382076650857925
CVX_2022-Q3,CVX,2022-Q3,qa,positive,"And so that will result in about a 20% increase, which is very, again, in line with our guidance and consistent with increasing investment and growing energy supplies.",0.929086208343506
CVX_2022-Q3,CVX,2022-Q3,qa,positive,We're on track to complete bulk construction by the end of this year.,0.4639950096607208
CVX_2022-Q3,CVX,2022-Q3,qa,positive,And so we're positioned in a way where we're confident we can maintain that.,0.8147823214530945
CVX_2022-Q3,CVX,2022-Q3,qa,positive,"And as Mike said, we intend to do it across the cycle for multiple years.",0.5753163695335388
CVX_2022-Q3,CVX,2022-Q3,qa,positive,So we signaled that we expect of fewer LNG cargoes in the fourth quarter because during the summer temperatures in the southern hemisphere is just how -- you just produce less.,-0.1844292283058166
CVX_2022-Q3,CVX,2022-Q3,qa,positive,"I mean we intend to grow it further, but it's a real business for us today and it's performing well.",0.9284215569496156
CVX_2022-Q3,CVX,2022-Q3,qa,positive,"Wonder if you could talk a little bit more about how you're viewing the landscape for further acquisitions, upstream, downstream and even New Energies going forward.",0.0901768878102302
CVX_2022-Q3,CVX,2022-Q3,qa,positive,And so we don't need to do a deal unless it really improves on what we expect to deliver otherwise.,0.1378905922174453
CVX_2022-Q3,CVX,2022-Q3,qa,positive,Our investments in our traditional new energy growing both our guidance on upstream production growth is 3% compounded.,0.6736451387405396
CVX_2022-Q3,CVX,2022-Q3,qa,hedging,"And so my message to the policymakers is to be sure that we consider the appropriate balance of all three of those in policy because if you over-index on just one, you can create unintended consequences and vulnerabilities that may not manifest themselves for a little while, but they're there.",-0.0070762187242507
CVX_2022-Q3,CVX,2022-Q3,qa,positive,"But they've been good so far, and we expect across the cycle and out into time that they're going to continue to be an important part of our portfolio.",0.8695664405822754
CVX_2022-Q3,CVX,2022-Q3,qa,positive,"In October, we expect them all to flow in November, we expect the repairs to be completed shortly.",0.4364006519317627
CVX_2022-Q3,CVX,2022-Q3,qa,positive,"But the reason why you're seeing that the cash flow line of affiliate income less dividends being a little bit larger than maybe you'd expect, it's primarily those two drivers in terms of the quirks of Angola LNG accounting and TCO holding cash balances, which will be a temporary thing, and we expect that, that we'll see higher cash in the future from them.",0.4955762028694153
CVX_2022-Q3,CVX,2022-Q3,qa,positive,"And we look forward to continued leasing by the federal government as indicated and kind of encouraged by the Inflation Reduction Act, and we'll participate in those.",0.6871808767318726
CVX_2022-Q3,CVX,2022-Q3,qa,positive,We expect first oil on that in 2024.,0.0856969133019447
GS_2020-Q3,GS,2020-Q3,remarks,hedging,"This audiocast is copyrighted material of The Goldman Sachs Group, Inc. and may not be duplicated, reproduced or rebroadcast without our consent.",-0.0317856557667255
GS_2020-Q3,GS,2020-Q3,remarks,positive,"Additionally, our partnership with Apple continues to grow and we look forward to leveraging our credit card platform for additional partnerships over time.",0.9245995283126832
GS_2020-Q3,GS,2020-Q3,remarks,hedging,"Despite these uncertainties, since our July earnings call, our economists' expectations for 2020 U.S. GDP improved by 120 basis points to an expected contraction of 3.4%, while global growth estimates slipped 50 basis points to an expected 3.9% contraction.",0.7909205555915833
GS_2020-Q3,GS,2020-Q3,remarks,positive,"That said, we will continue to be nimble and remain in close contact with the relevant authorities in cities where we operate and are ready to shift gears if the evolving situation with COVID-19 warrants.",0.9009374380111694
GS_2020-Q3,GS,2020-Q3,remarks,positive,"In particular, new M&A announcements are creating a pipeline for acquisition financing in the coming quarters.",0.888267993927002
GS_2020-Q3,GS,2020-Q3,remarks,hedging,"While it remains difficult to predict client activity and we do not have insight into the forward opportunity, we take confidence in the market share gains experienced by the business through a deepening set of client relationships, which has been a priority for the Global Markets leadership team.",0.8702029585838318
GS_2020-Q3,GS,2020-Q3,remarks,positive,"Nevertheless, even if interest rates remain low, we expect NII to gradually expand over time given our ability to prudently grow loans and further reprice consumer deposits.",0.9316638112068176
GS_2020-Q3,GS,2020-Q3,remarks,positive,"As noted previously, we expect our tax rate under the current tax regime to be approximately 21% over the next few years.",0.3565835058689117
GS_2020-Q3,GS,2020-Q3,remarks,positive,"We are confident in our capital position, now 90 basis points above our 13.6% stress capital buffer requirement.",0.937474012374878
GS_2020-Q3,GS,2020-Q3,remarks,positive,"To that end, we will continue asset harvesting, including our announced sale of Global Atlantic.",0.5706230998039246
GS_2020-Q3,GS,2020-Q3,remarks,positive,"And we expect a resume share repurchases, once permitted, consistent with our long-standing capital management policy.",0.7235756516456604
GS_2020-Q3,GS,2020-Q3,remarks,positive,We expect our GCLA will evolve in the context of client demand for our balance sheet and overall market conditions.,0.7279270887374878
GS_2020-Q3,GS,2020-Q3,remarks,positive,"We expect issuance to remain relatively low for the remainder of the year, although we may consider pre-funding some planned first quarter 2021 issuances.",-0.6333820223808289
GS_2020-Q3,GS,2020-Q3,remarks,positive,"While our path to our medium-term targets will inevitably not be a straight line, we remain confident that execution of our strategic plan will drive better client experience, more durable revenues and higher returns for shareholders over time.",0.9371089935302734
GS_2020-Q3,GS,2020-Q3,qa,positive,We believe we're executing.,0.1985110491514206
GS_2020-Q3,GS,2020-Q3,qa,positive,We made segment shifts at the end of last year to set up the platforms the way we expect it to run them.,0.1062496155500412
GS_2020-Q3,GS,2020-Q3,qa,positive,"With respect to market share gains in Global Markets, I think the market share gains -- we believe, as a management team, that the market share gains are rooted in an evolution back of our strategy to really being very, very client-centric, a one GS approach and really trying to think about how we, as an organization, deliver for our clients in a very central way.",0.3629655838012695
GS_2020-Q3,GS,2020-Q3,qa,positive,"But when you look at our vision for what we're trying to do in building a digital consumer platform that marries our strong expertise in wealth, while also providing a digital experience for general banking services for consumers, we're committed to it, we believe in it, but we want to be perfectly clear.",0.2138952761888504
GS_2020-Q3,GS,2020-Q3,qa,positive,And we believe it's really accretive to the value of Goldman Sachs and our shareholders over a very long period of time.,0.3187851309776306
GS_2020-Q3,GS,2020-Q3,qa,positive,"But if we think about what's been going on this year in terms of significant capital raising, both equity DCM, how do we think about that going forward?",0.0526274628937244
GS_2020-Q3,GS,2020-Q3,qa,positive,"On behalf of our senior management team, we look forward to speaking with many of you in the coming weeks and months.",0.1932608038187027
GS_2020-Q3,GS,2020-Q3,qa,positive,"Otherwise, please stay safe, and we look forward to speaking with you on our fourth quarter call in January.",0.4173549711704254
JNJ_2019-Q2,JNJ,2019-Q2,remarks,positive,"This is a great opportunity for you to engage with our Vice Chairman and not only obtain insights into the drivers of our current performance related to their areas of expertise, but also hear their perspective on our approach to innovation and building differentiated capabilities that we expect to enable continued strong performance over time.",0.6836777925491333
JNJ_2019-Q2,JNJ,2019-Q2,remarks,positive,We anticipate the webcast will last about 75 minutes.,0.0251422077417373
JNJ_2019-Q2,JNJ,2019-Q2,remarks,positive,"We are committed to driving solid financial and operational performance for our shareholders while also delivering on our responsibilities to patients, employees and communities as outlined in Our Credo.",0.7778775691986084
JNJ_2019-Q2,JNJ,2019-Q2,remarks,positive,We expect to deliver competitive growth relative to the market for the year.,0.9345723986625672
JNJ_2019-Q2,JNJ,2019-Q2,remarks,positive,"Other income for 2019 is on par with levels experienced in 2015, and consistent with past practice, we intend to utilize these gains to invest in opportunities that increase shareholder value and better position the business for long-term success.",0.9276629686355592
JNJ_2019-Q2,JNJ,2019-Q2,remarks,hedging,Our strong portfolio of products and commercial capabilities has enabled us to deliver global growth at competitive levels despite significant biosimilars and generic headwinds.,0.9359787106513976
JNJ_2019-Q2,JNJ,2019-Q2,remarks,positive,"And while we expect the penetration of this expanded patient population to occur over time, we are confident in the value this indication provides to patients.",0.927428662776947
JNJ_2019-Q2,JNJ,2019-Q2,remarks,positive,"Hips grew 3.3%, which we expect to represent above market performance globally, driven by our leadership position in the anterior approach and continued strong demand for our primary stem ACTIS, which is now our number one selling stem in the US.",0.943271279335022
JNJ_2019-Q2,JNJ,2019-Q2,remarks,positive,"We continue to pursue opportunities to further improve growth, including new innovation such as the Symfony system we plan to launch in the second half in complex cervical.",0.9117717742919922
JNJ_2019-Q2,JNJ,2019-Q2,remarks,positive,We will continue to work with the FDA to ensure this important technology for patients is available again in the US market as soon as possible.,0.802139401435852
JNJ_2019-Q2,JNJ,2019-Q2,remarks,positive,I will now provide a few comments on the updates to our guidance for 2019.,0.0377187877893447
JNJ_2019-Q2,JNJ,2019-Q2,remarks,positive,"As a result, we are increasing our guidance for operational sales growth by 50 basis points to a range of 1% to 2%.",0.9293540716171264
JNJ_2019-Q2,JNJ,2019-Q2,remarks,positive,We expect the largest impacts from generics and biosimilars for the year in our Pharmaceuticals business to occur in the third quarter.,0.1649606823921203
JNJ_2019-Q2,JNJ,2019-Q2,remarks,positive,"Most notably, we plan to increase investment in our pipelines, and therefore, we would expect our R&D spending to be higher in the second half of the year.",0.9387927055358888
JNJ_2019-Q2,JNJ,2019-Q2,qa,positive,We expect that we will be able to come back to positive territory once we anniversary these factors.,0.9260340929031372
JNJ_2019-Q2,JNJ,2019-Q2,qa,positive,"Second, we will continue to reach more patients through our CAP/PAD indication, which is stucking a ling with our cardiovascular drugs launches like ENTRESTO and BRILINTA.",0.6993627548217773
JNJ_2019-Q2,JNJ,2019-Q2,qa,positive,"We expect to be in positive territory once we anniversary those factors and we will leverage the fact that XARELTO has the most complete set of indications, the largest safety data generated in clinical trials particularly in higher risk patients and the most real world living experience with more than 6 million patients treated in the US.",0.8751778602600098
JNJ_2019-Q2,JNJ,2019-Q2,qa,hedging,"In prior annual periods, you've used SG&A as a factor to offset any other income headwinds.",0.0358060151338577
JNJ_2019-Q2,JNJ,2019-Q2,qa,hedging,But many of the balance for J&J has been headwinds versus some of the pipeline tailwinds.,-0.809164822101593
JNJ_2019-Q2,JNJ,2019-Q2,qa,positive,"When it goes to SPRAVATO, we are working to be sure that we make it available for centers, physicians and patient as SPRAVATO was approved earlier in March and we are excited about the therapeutic gap that is going to fill in treatment-resistant depression.",0.8298624157905579
JNJ_2019-Q2,JNJ,2019-Q2,qa,positive,"Overall, we are very positive about the opportunities that our pipeline have and the opportunities that we will be afforded in the coming years for continuing to reaching more patients and perhaps this may be a good opportunity for Paul to discuss what are the opportunities that we have in the pipeline in the short term.",0.7479132413864136
JNJ_2019-Q2,JNJ,2019-Q2,qa,positive,We expect at the moment a pipeline of 14 medicines which can exceed $1 billion by 2023 and reaching millions of patients.,0.8366864323616028
JNJ_2019-Q2,JNJ,2019-Q2,qa,positive,"In addition, we expect 40 line extensions with more than 10 having the potential to exceed $500 million.",0.8464140295982361
JNJ_2019-Q2,JNJ,2019-Q2,qa,positive,"And at the same time, going forward, we are integrating disease areas and pathways and leveraging new technologies, cell therapy, gene therapy, data signs and you will also see the first vaccines.",0.3354775309562683
JNJ_2019-Q2,JNJ,2019-Q2,qa,positive,"With the data generated, we expect to file in the range of 2021.",0.0250814892351627
JNJ_2019-Q2,JNJ,2019-Q2,qa,positive,And there we anticipate starting a Phase 2 later in the year.,0.4205089211463928
JNJ_2019-Q2,JNJ,2019-Q2,qa,positive,"So we'll continue to pursue defense of the Company's actions, as well as the product going forward.",0.2761698067188263
JNJ_2019-Q2,JNJ,2019-Q2,qa,positive,"What we think is that in that context, we are positioned most favorably than the rest of the companies because of three reasons.",0.3589658439159393
JNJ_2019-Q2,JNJ,2019-Q2,qa,positive,"Actually, Ashley McEvoy and her team are doing a great job in terms of ensuring that across all four platforms so, eye, health, cardiovascular, interventional and orthopedics, that we've got solid plans for execution and improved performance going forward, coupled with stronger innovation.",0.9313754439353944
JNJ_2019-Q2,JNJ,2019-Q2,qa,positive,"And we are projected to have a strong improvement in that margin profile for this year and then, going forward.",0.9374456405639648
JNJ_2019-Q2,JNJ,2019-Q2,qa,positive,So we see a steady climb and we are confident that it would become very important driver of growth for XARELTO.,0.9258749485015868
JNJ_2019-Q2,JNJ,2019-Q2,qa,positive,"If I look at opportunities as to where we're playing, you mentioned digital surgery, that will be a growth driver going forward.",0.4592907726764679
JNJ_2019-Q2,JNJ,2019-Q2,qa,positive,"We continue to manage our portfolio to benefit patients, healthcare systems and shareholders and we will continue to invest for impact.",0.7276904582977295
JNJ_2019-Q2,JNJ,2019-Q2,qa,positive,"As we anniversary some of the LOE challenges in Pharmaceuticals and continue our upward momentum in our Consumer Health and Medical Device segments, we feel the business is poised for even greater success going forward.",0.936042547225952
JNJ_2020-Q4,JNJ,2020-Q4,remarks,hedging,"A further description of these risks, uncertainties, and other factors can be found in our SEC filings, including our 2019 Form 10-K and subsequent Form 10-Qs, along with reconciliations of the non-GAAP financial measures utilized for today's discussion to the most comparable GAAP measures are also available at investor.jnj.com.",0.0184397846460342
JNJ_2020-Q4,JNJ,2020-Q4,remarks,positive,"Joe will conclude by providing insights about our cash position, capital allocation deployment, and our guidance for 2021.",0.1034636050462722
JNJ_2020-Q4,JNJ,2020-Q4,remarks,positive,We anticipate the webcast will last up to 90 minutes.,0.0443820096552372
JNJ_2020-Q4,JNJ,2020-Q4,remarks,positive,We look forward to sharing further details from our Phase 3 study by early next week.,0.0821377709507942
JNJ_2020-Q4,JNJ,2020-Q4,remarks,positive,We believe the industry is just starting to unlock the full potential and benefits of robotic and digital technologies.,0.598222553730011
JNJ_2020-Q4,JNJ,2020-Q4,remarks,positive,"This was primarily driven by higher litigation expenses related to a Missouri Supreme Court verdict on talc in the fourth quarter of 2020, which was previously disclosed in our November 3 8-K filing, and we intend to seek review of that decision by the United States Supreme Court.",-0.797944962978363
JNJ_2020-Q4,JNJ,2020-Q4,remarks,positive,"For your planning purposes, we plan to host a business review featuring our Pharmaceutical business on November 18 of this year.",0.0298610590398311
JNJ_2020-Q4,JNJ,2020-Q4,remarks,positive,"The format and location will be announced at a later date, but we hope that you're able to join us for this event, where we look forward to sharing the details about our robust pipeline and differentiated capabilities that gives us the confidence in our ability to sustain growth in Pharmaceuticals at above-market levels.",0.8634148240089417
JNJ_2020-Q4,JNJ,2020-Q4,remarks,positive,We believe nipocalimab encompasses a pipeline and a product opportunity that can treat a broad range of devastating autoantibody-driven diseases.,0.8764815926551819
JNJ_2020-Q4,JNJ,2020-Q4,remarks,positive,"From a macroeconomic perspective, our outlook assumes stabilizing employment levels and a reduction in social restrictions as the year progresses.",0.9182928204536438
JNJ_2020-Q4,JNJ,2020-Q4,remarks,positive,"From a legislative standpoint, we are not assuming significant changes in current tax policy, and consistent with the past four years in our Pharmaceuticals business, we expect net price decreases at similar levels.",-0.9299047589302064
JNJ_2020-Q4,JNJ,2020-Q4,remarks,positive,"We will continue to focus on providing access to more patients for our innovative products, resulting in growth being volume-driven.",0.9033405780792236
JNJ_2020-Q4,JNJ,2020-Q4,remarks,positive,I'd like to note upfront that our guidance excludes the financial impact from the potential distribution of our COVID-19 vaccine candidate.,0.0364451557397842
JNJ_2020-Q4,JNJ,2020-Q4,remarks,positive,"Being in the final stages of a robust 45,000-person study, analytics will be completed, and we plan to report out the results by early next week.",0.3080016374588012
JNJ_2020-Q4,JNJ,2020-Q4,remarks,positive,We expect adjusted operational sales growth for the full-year 2021 of between 8% and 9.5%.,0.9256542325019836
JNJ_2020-Q4,JNJ,2020-Q4,remarks,positive,"As I discussed on previous earnings calls, we will continue to be rigorous regarding portfolio management, but going forward, we will not include the impact of significant divestiture gains in adjusted EPS.",0.302567720413208
JNJ_2020-Q4,JNJ,2020-Q4,remarks,positive,"I'll address each segment, starting with Pharmaceuticals, where we anticipate another strong year of above-market growth.",0.4856121242046356
JNJ_2020-Q4,JNJ,2020-Q4,remarks,positive,"For 2021, we expect more balanced quarter-to-quarter growth.",0.93443101644516
JNJ_2020-Q4,JNJ,2020-Q4,remarks,positive,"Lastly, while we expect to continue to face pricing pressures and the ongoing negative impact of generic and biosimilar competition, we do not expect any significant new generic or biosimilar entrants in 2021.",0.3623559474945068
JNJ_2020-Q4,JNJ,2020-Q4,remarks,positive,"We believe the combination of the expected market recovery and the actions taken to strengthen our device business positions us to drive revenue growth each quarter versus 2020 with some continued headwinds due to COVID-19 tempering growth in the first quarter and the highest growth rate expected in the second quarter, given the significant market disruption realized in the second quarter of 2020.",0.9095258712768556
JNJ_2020-Q4,JNJ,2020-Q4,remarks,positive,"Therefore, although not linear, for the full year, we anticipate growing competitively with the markets in which we compete.",0.9293270707130432
JNJ_2020-Q4,JNJ,2020-Q4,remarks,positive,We are confident in the strength of our broad-based business and its underlying fundamentals.,0.8507977724075317
JNJ_2020-Q4,JNJ,2020-Q4,remarks,positive,We are positioned to deliver meaningful value to all of our stakeholders not just in 2021 but over the long term.,0.8435338735580444
JNJ_2020-Q4,JNJ,2020-Q4,qa,positive,"Now, getting back to your specific question regarding the breakouts, we're going to have much more information in the coming days.",0.0633829087018966
JNJ_2020-Q4,JNJ,2020-Q4,qa,positive,"At that time, we think it will be more appropriate to provide you with all of the various cuts of the data that we anticipate having.",0.1228165626525878
JNJ_2020-Q4,JNJ,2020-Q4,qa,positive,"As Joe alluded to in his earlier comments and Chris, we expect to have these results in the coming days.",0.8084931969642639
JNJ_2020-Q4,JNJ,2020-Q4,qa,positive,"As I mentioned earlier, I think it would be inappropriate for us to speculate in any significant way, given the proximity that we are today versus when we expect the results.",-0.0754377990961074
JNJ_2020-Q4,JNJ,2020-Q4,qa,positive,"We won't know for certain, but look, we remain optimistic and we're going to remain very diligent as we go through this final review.",0.6674904823303223
JNJ_2020-Q4,JNJ,2020-Q4,qa,positive,"I would say with respect to supply, consistent with the comments that were made earlier, we intend to meet all of the firm order commitments that we have, whether that be to the United States, to the European Union, or to developing countries through the Gavi organization.",0.5203729867935181
JNJ_2020-Q4,JNJ,2020-Q4,qa,positive,"And right now, we're well on track to do that.",0.2901978492736816
JNJ_2020-Q4,JNJ,2020-Q4,qa,positive,"And clearly, on the public health side, we think that's also a very important dynamic for us to consider going forward.",0.3367697894573211
JNJ_2020-Q4,JNJ,2020-Q4,qa,positive,"But again, we would expect to continue to see expansion over the course of 2021 and beyond that, again, see a return to a market that was growing in the mid-single digits previously, and we would expect that to continue going forward as well.",0.9192032217979432
JNJ_2020-Q4,JNJ,2020-Q4,qa,positive,"But we look forward to launching that over the course of 2021 and again, expanding our overall position.",0.9314450025558472
JNJ_2020-Q4,JNJ,2020-Q4,qa,positive,"We believe that our position overall in the contact lens has continued to strengthen, and we did see improvement as we went quarter to quarter and ended the year.",0.940485656261444
JNJ_2020-Q4,JNJ,2020-Q4,qa,positive,We expect that in '21.,0.0960786789655685
JNJ_2020-Q4,JNJ,2020-Q4,qa,positive,"While we're still declining, it's improving sequentially, and we remain optimistic, including the innovation that Alex mentioned.",0.9368914365768432
JNJ_2020-Q4,JNJ,2020-Q4,qa,positive,"We believe the markets where we compete overall in surgery and orthopedics and Vision Care and others, cardiovascular are in the 4% to 5% range, and that's the goal for our businesses.",0.4575623571872711
JNJ_2020-Q4,JNJ,2020-Q4,qa,positive,"We think we're positioned very well as we embark on 2021, and we look forward to keeping you updated as we go through the year and gain more information and insights.",0.7085323929786682
JNJ_2021-Q1,JNJ,2021-Q1,remarks,hedging,"A further description of these risks, uncertainties, and other factors can be found in our SEC filings, including our 2020 Form 10-K, along with reconciliations of the non-GAAP financial measures utilized for today's discussion to the most comparable GAAP measures are also available at investor.jnj.com.",0.0194394700229167
JNJ_2021-Q1,JNJ,2021-Q1,remarks,positive,We anticipate the webcast will last up to 75 minutes.,0.053518820554018
JNJ_2021-Q1,JNJ,2021-Q1,remarks,positive,"We expect the full-year impact from selling days, excluding the impact of the 53rd week in 2020 will be minimal.",0.3259473443031311
JNJ_2021-Q1,JNJ,2021-Q1,remarks,positive,We are on track for the commercialization of our Velys robotic-assisted solution for total knee procedures in the U.S. We believe the combination of this launch along with our differentiated Velys Digital Solutions and Attune platform including some cementless offerings will enhance our portfolio and support improve performance as procedures continue to recover.,0.9302470088005066
JNJ_2021-Q1,JNJ,2021-Q1,remarks,positive,"In addition, we completed our BLA filing for cilta-cel, a BCMA CAR-T for the treatment of multiple myeloma and we anticipate U.S. approval later this year.",0.8008002042770386
JNJ_2021-Q1,JNJ,2021-Q1,remarks,positive,"We expect the commercialization of this product by the end of 2021 under the brand name, Acuvue Ability, pending health authority approval.",0.1070949882268905
JNJ_2021-Q1,JNJ,2021-Q1,remarks,positive,We are excited to accelerate our entry into this growing and important space for patients while we continue to advance our myopia pipeline.,0.9065488576889038
JNJ_2021-Q1,JNJ,2021-Q1,remarks,positive,So let's start simply with we remain confident in our business.,0.2653233110904693
JNJ_2021-Q1,JNJ,2021-Q1,remarks,positive,"Our pharmaceutical segment is on track with our expectations and in 2021, we expect to deliver a 10th consecutive year of operational above-market growth.",0.9357144832611084
JNJ_2021-Q1,JNJ,2021-Q1,remarks,positive,"However, we continue to expect to grow with the market for the year in those areas in which we compete, driven by our strong iconic brands that consumers rely on every day.",0.9314224123954772
JNJ_2021-Q1,JNJ,2021-Q1,remarks,positive,"Despite those uncertain dynamics, we remain confident in the full-year outlook we had in January.",0.9218839406967164
JNJ_2021-Q1,JNJ,2021-Q1,remarks,positive,"Considering the qualitative factors I just referenced, here's what we expect for the full year 2021.",0.0077170319855213
JNJ_2021-Q1,JNJ,2021-Q1,remarks,positive,"Starting with sales, on an adjusted operational basis, we are increasing our guidance and tightening our range to reflect the ongoing confidence in the business to a range of growth to 8.7% to 9.9%.",0.930950403213501
JNJ_2021-Q1,JNJ,2021-Q1,remarks,positive,We are committed to equitable access and to bringing in affordable COVID-19 vaccine to the public on a not-for-profit basis for the emerging pandemic use.,0.6350947022438049
JNJ_2021-Q1,JNJ,2021-Q1,remarks,positive,"Out of an abundance of caution, the CDC and FDA recommended a pause in the use of their vaccine in the U.S. ACIP will reconvene this Friday and we look forward to their review and the outcome of the meeting.",0.066832885146141
JNJ_2021-Q1,JNJ,2021-Q1,qa,hedging,"Is this going to be just some sort of safety warning to physicians, or do you think that's going to be a way to identify certain populations where this might not be an appropriate vaccine?",0.0188177898526191
JNJ_2021-Q1,JNJ,2021-Q1,qa,positive,"So, we remain confident and actually quite optimistic for our ongoing improvement performance in our medical device sector as we head through the remainder of the year.",0.933288872241974
JNJ_2021-Q1,JNJ,2021-Q1,qa,positive,"And we believe that our lineup for new lenses, whether it's our anti-allergy lens or multi-focal and contact lenses, and the improvement that we're seeing in our surgery business will continue to bear out in stronger performance and share gains through the year.",0.9332621693611144
JNJ_2021-Q1,JNJ,2021-Q1,qa,positive,"And just in terms of the risk-sharing model and the not-for-profit model, I just wanted to make sure that your downside is protected in terms of expenses going forward already incurred and where those contracts sit.",0.0804177671670913
JNJ_2021-Q1,JNJ,2021-Q1,qa,positive,We are on track to actually invest about 25% more in the U.S. over that four-year period.,0.7947810292243958
JNJ_2021-Q1,JNJ,2021-Q1,qa,positive,So we continue to expect that there will be pressure to do something to reduce patient out-of-pocket costs.,0.9066481590270996
JNJ_2021-Q1,JNJ,2021-Q1,qa,positive,"So we believe that these negotiations could be collaborative and that, in that context, the Johnson & Johnson pharmaceutical business is especially well-positioned based on our ability to drive growth based on volume and in our very broadly diversified portfolio.",0.8915349841117859
JNJ_2021-Q1,JNJ,2021-Q1,qa,positive,"Well, look, I -- we believe that we're in a very, very early innings of digital, Matt.",0.1353877335786819
JNJ_2021-Q1,JNJ,2021-Q1,qa,positive,"And then just as a follow-up, just wanted to confirm that you're on track to supply 1 billion doses of your COVID-19 vaccine this year.",0.7083061337471008
JNJ_2021-Q1,JNJ,2021-Q1,qa,positive,"Moving forward, we are excited about our possibilities in immunology with our oral agents.",0.7004272937774658
JNJ_2021-Q1,JNJ,2021-Q1,qa,positive,"So for us, immunology remains a core area of growth and focus, and we believe we are in a very strong position to continue to drive growth in the coming years, but even beyond 2025, too.",0.8918852806091309
JNJ_2021-Q2,JNJ,2021-Q2,remarks,hedging,"A further description of these risks, uncertainties and other factors can be found in our SEC filings, including our 2020 Form 10-K and subsequent Form 10-Qs, along with reconciliations of the non-GAAP financial measures utilized for today's discussion to the most comparable GAAP measures, are also available at investor.jnj.com.",0.0178182460367679
JNJ_2021-Q2,JNJ,2021-Q2,remarks,positive,We anticipate the webcast will last up to 75 minutes.,0.053518820554018
JNJ_2021-Q2,JNJ,2021-Q2,remarks,positive,"We expect the full-year impact from selling days, excluding the impact of the 53rd week in 2020, to be minimal.",0.2664510011672973
JNJ_2021-Q2,JNJ,2021-Q2,remarks,positive,"This quarter, we began commercialization of our VELYS robotic-assisted solution for total knee procedures in the U.S. We believe this launch, along with our differentiated VELYS digital solutions and a two-knee platform, including the second-half 2021 launch of ATTUNE Cementless fixed bearing knee with AFFIXIUM 3D-printed technology, will enhance our portfolio and competitiveness as procedures continue to recover.",0.9150874614715576
JNJ_2021-Q2,JNJ,2021-Q2,remarks,positive,"We anticipate U.S. approval for our BCMA CAR-T later this year, which will represent a third NME approval this year.",0.8007984161376953
JNJ_2021-Q2,JNJ,2021-Q2,remarks,positive,"For full-year 2021, we continue to expect our base business, defined as excluding our COVID-19 vaccine, to remain strong.",0.928349494934082
JNJ_2021-Q2,JNJ,2021-Q2,remarks,positive,"Currently, we expect the ultimate final not-for-profit price could be as much as $8 per dose.",0.0021301135420799
JNJ_2021-Q2,JNJ,2021-Q2,remarks,positive,"Given the firm contracts we have in place, pending advanced purchase agreements, we expect to recognize vaccine sales of approximately $2.5 billion in 2021 with more than half of that revenue likely to occur in the fourth quarter.",0.9143761992454528
JNJ_2021-Q2,JNJ,2021-Q2,remarks,positive,"The COVID-19 vaccine market will continue to evolve, and we look forward to sharing additional details as more data become available, including the role our vaccine will play for you to forecast future years.",0.2217283248901367
JNJ_2021-Q2,JNJ,2021-Q2,remarks,positive,"While not predicting currency movements but to provide some direction on the impact of currency fluctuations on our reported adjusted EPS, we expect a slight change from what we communicated on the Q1 earnings call.",0.6439573168754578
JNJ_2021-Q2,JNJ,2021-Q2,remarks,positive,"This is our first approved treatment for lung cancer, which we hope will be an important area for us going forward.",0.7879491448402405
JNJ_2021-Q2,JNJ,2021-Q2,remarks,positive,We anticipate FDA approval of Cilta-cel as our third NME approval later this year.,0.4124493598937988
JNJ_2021-Q2,JNJ,2021-Q2,remarks,positive,Our outlook for the rest of the year remains strong.,0.9286226630210876
JNJ_2021-Q2,JNJ,2021-Q2,remarks,positive,"We look forward to sharing a comprehensive overview of our business, our robust pipeline, and our long-term growth outlook.",0.6497161388397217
JNJ_2021-Q2,JNJ,2021-Q2,remarks,positive,"Now if we look into the future, even if we will continue to see variability in categories.",0.3693380653858185
JNJ_2021-Q2,JNJ,2021-Q2,remarks,positive,"Depending on seasonality and local market conditions, we are confident that our strategy is working.",0.9161977767944336
JNJ_2021-Q2,JNJ,2021-Q2,remarks,positive,"We have made great strides in increasing our profitability to become a leader within our peer set, and we will continue to look for opportunities to improve our margin profile while at the same time investing to grow the top line, launching new products, and Chris referenced some of them in his remarks, and managing through anticipated higher commodity and distribution costs in the back half of 2021.",0.928951621055603
JNJ_2021-Q2,JNJ,2021-Q2,remarks,positive,"Our strategy is working, and we are confident in our ability to continue to deliver profitable growth in line with the categories and markets in which we compete.",0.923789918422699
JNJ_2021-Q2,JNJ,2021-Q2,remarks,positive,"We continue to focus on significant global health concerns, including myopia management where, we plan to have a portfolio of solutions for patients.",0.8004862070083618
JNJ_2021-Q2,JNJ,2021-Q2,qa,hedging,"So just curious how you think this could impact your business in the second-half '21, if it continues to get worse.",-0.8908653855323792
JNJ_2021-Q2,JNJ,2021-Q2,qa,positive,"So our outlook for the rest of the year really remains strong for our sector, regardless of what happens with emerging variants and any blips as it relates to COVID.",0.9012919664382936
JNJ_2021-Q2,JNJ,2021-Q2,qa,positive,"We see strong momentum across our broad-based portfolio, as I told you earlier this morning.",0.9352726340293884
JNJ_2021-Q2,JNJ,2021-Q2,qa,positive,"Having said that, we have proven over the past 18 months that our broad-based portfolio in terms of both categories and geographies allowed us to weather whatever external conditions happen, and we expect continued momentum in the back half of the year.",0.9327957630157472
JNJ_2021-Q2,JNJ,2021-Q2,qa,positive,"As we've discussed, we think the category is going to be high double digit, and we expect to be more in the high single digits at the end of this year versus 2019.",0.4771615266799927
JNJ_2021-Q2,JNJ,2021-Q2,qa,positive,We expect that dilution to kind of reverse itself in the second half of this year.,0.1012855470180511
JNJ_2021-Q2,JNJ,2021-Q2,qa,positive,"So we believe we've got a great profile that stands up competitively with IMBRUVICA, and we'll continue to be able to deliver great growth for us going forward.",0.9291296601295472
JNJ_2021-Q2,JNJ,2021-Q2,qa,positive,So we expect that to continue.,0.4261922240257263
JNJ_2021-Q2,JNJ,2021-Q2,qa,positive,So our strategy and interest there remains the same and making sure that we've got the best innovation for patients going forward.,0.6690345406532288
JNJ_2021-Q2,JNJ,2021-Q2,qa,positive,We believe the good that we're doing in the world and that we will continue to be doing on the COVID vaccine is a great start.,0.8684645295143127
JNJ_2021-Q2,JNJ,2021-Q2,qa,positive,"And in terms of margin improvement, we are committed to continuously improve our margin profile.",0.9356452226638794
JNJ_2021-Q2,JNJ,2021-Q2,qa,positive,I'm very confident in our outlook for the rest of 2021.,0.7622787356376648
JNJ_2021-Q3,JNJ,2021-Q3,remarks,hedging,"A further description of these risks, uncertainties and other factors can be found in our SEC filings, including our 2020 Form 10-K and subsequent Form 10-Qs, along with reconciliations of the non-GAAP financial measures utilized for today's discussion to the most comparable GAAP measures.",0.0361329317092895
JNJ_2021-Q3,JNJ,2021-Q3,remarks,positive,We anticipate the webcast will last up to 60 minutes.,0.03798783197999
JNJ_2021-Q3,JNJ,2021-Q3,qa,positive,We expect that to be fulfilled in the fourth quarter and we're still very much committed to the $2.5 billion of revenue and the supply that is correlated to that.,0.8264862298965454
JNJ_2021-Q3,JNJ,2021-Q3,qa,positive,"Those areas, we have seen strong recovery and we believe that the trajectory on those assets is really going to continue.",0.9300615191459656
JNJ_2021-Q3,JNJ,2021-Q3,qa,positive,But really strong results in 3Q and we anticipate continued strong trajectory through the rest of the year and into '22.,0.9311960935592652
JNJ_2021-Q3,JNJ,2021-Q3,qa,positive,"As you just said, the consumer segment continues to experience very strong momentum.",0.933432161808014
JNJ_2021-Q3,JNJ,2021-Q3,qa,positive,"As we get into Q4 and into 2022, we expect our portfolio of brands continue to be very well positioned in the markets and categories in which we compete.",0.9148026704788208
JNJ_2021-Q3,JNJ,2021-Q3,qa,positive,And while we believe the cases lack merit.,-0.5475857257843018
JNJ_2021-Q3,JNJ,2021-Q3,qa,positive,"So the team has been working very heavily on this and we're gearing up for what we believe will be a very successful launch for patients, hopefully later this year.",0.8637189269065857
JNJ_2021-Q3,JNJ,2021-Q3,qa,positive,"And we expect to have these new sites of care start to really improve, not just -- and take hold not just in the U.S. but even in areas of Europe and really moving joints to more of a day surgery.",0.8289278149604797
JNJ_2021-Q3,JNJ,2021-Q3,qa,positive,"When we look at diagnostic and routine screenings and surgical procedures, we expect the trends will continue to recover globally similar to the trends we saw in quarter 2, where surgical procedures grew low single digit above 2019 baselines.",0.8959739208221436
JNJ_2021-Q3,JNJ,2021-Q3,qa,positive,"And we expect those to recover, although maybe not as, in terms of hospital capacity, at levels significantly above 2019 in the near term.",0.925261914730072
JNJ_2021-Q3,JNJ,2021-Q3,qa,positive,"So I would not expect, based on what we know today, any backward step with respect to medical devices performance going forward across the industry.",0.3669038414955139
JNJ_2021-Q4,JNJ,2021-Q4,remarks,hedging,"A further description of these risks, uncertainties and other factors can be found in our SEC filings, including our 2020 Form 10-K and subsequent Form 10-Qs, along with reconciliations of the non-GAAP financial measures utilized for today's discussion to the most comparable GAAP measures.",0.0361329317092895
JNJ_2021-Q4,JNJ,2021-Q4,remarks,positive,"Joe will provide some additional business commentary, insights about our cash position and capital allocation deployment and our guidance for 2022.",0.0562367737293243
JNJ_2021-Q4,JNJ,2021-Q4,remarks,positive,We anticipate the webcast will last up to 90 minutes.,0.0443820096552372
JNJ_2021-Q4,JNJ,2021-Q4,remarks,positive,"Thank you, Jess, and thanks to everyone for joining us to discuss our fourth quarter and full year 2021 results and our outlook for 2022.",0.7794535160064697
JNJ_2021-Q4,JNJ,2021-Q4,remarks,positive,"In the first half of 2022, we anticipate announcing key executive leadership appointments for the new consumer health company, with plans to provide the new company name and headquarters location around the middle of this year.",0.2114452421665191
JNJ_2021-Q4,JNJ,2021-Q4,remarks,positive,"In the second half of 2022, we plan to provide the updated path forward and applicable financial information, such as refined standup cost estimates and potential short-term dissynergies.",0.0600826665759086
JNJ_2021-Q4,JNJ,2021-Q4,remarks,positive,"Finally, consistent with our previous communications, we expect to execute the separation in 2023.",0.088063009083271
JNJ_2021-Q4,JNJ,2021-Q4,remarks,positive,"Given that we are at our lowest levels of net debt in almost five years, progressing toward a net cash position, we anticipate leaning in on some of our other capital allocation priorities beyond internal R&D. This includes building upon the 59 consecutive years of annual dividend increases.",-0.1136088073253631
JNJ_2021-Q4,JNJ,2021-Q4,remarks,positive,"Let me provide a few comments regarding our guidance for full year 2022, which encompasses expectations for our three business segments.",0.0439799949526786
JNJ_2021-Q4,JNJ,2021-Q4,remarks,positive,"In our pharmaceuticals business, we will continue to drive innovation and market-leading sales growth with continued expansion of existing brands, such as DARZALEX, TREMFYA, STELARA, ERLEADA, and the recently launched RYBREVANT for lung cancer.",0.8752237558364868
JNJ_2021-Q4,JNJ,2021-Q4,remarks,positive,"We believe this medicine is best-in-class, showing unprecedented results in clinical trials.",0.9299241304397584
JNJ_2021-Q4,JNJ,2021-Q4,remarks,positive,"In our medical devices business, we expect COVID-19 and hospital staffing to continue to be a dynamic variable, likely more impactful in the first half of 2022 as we cycle through Omicron.",0.825528621673584
JNJ_2021-Q4,JNJ,2021-Q4,remarks,positive,"In consumer health, we are confident that our well-balanced portfolio positions us well.",0.8845698237419128
JNJ_2021-Q4,JNJ,2021-Q4,remarks,positive,We expect operational sales growth for the full year 2022 between 7% and 8.5%.,0.930562138557434
JNJ_2021-Q4,JNJ,2021-Q4,remarks,positive,"In medical devices, we expect some COVID-19 headwinds and hospital staffing shortages to continue into 2022 but anticipate market recovery as global health systems treat new patients and work through procedure backlogs.",-0.8533610701560974
JNJ_2021-Q4,JNJ,2021-Q4,remarks,positive,"Given this, we expect market recovery to improve as the year progresses and greater contribution from the new products launched in 2021 for an overall better second half.",0.9372225999832152
JNJ_2021-Q4,JNJ,2021-Q4,remarks,positive,"Finally, in pharmaceuticals, we anticipate our market-leading performance will be fairly stable throughout the year, with perhaps some modest adjustments for timing of events associated with alliance revenue or tenders.",0.9013632535934448
JNJ_2021-Q4,JNJ,2021-Q4,remarks,positive,"We expect 2022 adjusted pre-tax operating margin to improve by approximately 50 basis points, driven by operating expense leverage, partially offset by continued inflationary pressures in cost of goods sold.",0.9340860247612
JNJ_2021-Q4,JNJ,2021-Q4,remarks,positive,"We expect this to be between $1.2 billion and $1.4 billion for 2022, consistent with 2021 levels.",0.7945552468299866
JNJ_2021-Q4,JNJ,2021-Q4,remarks,positive,We expect the company's COVID-19 vaccine to contribute approximately an incremental $0.20 to earnings per share in 2022.,0.9072332978248596
JNJ_2021-Q4,JNJ,2021-Q4,remarks,positive,"We are continuing to build upon our promising pharmaceutical pipeline, which we expect to continue to deliver above-market growth rates and are focused on our previously announced long-term goal of growing to a $60 billion segment by 2025.",0.912750005722046
JNJ_2021-Q4,JNJ,2021-Q4,remarks,positive,We expect to file 36 significant line expansions for these 13 products through 2025.,0.6675821542739868
JNJ_2021-Q4,JNJ,2021-Q4,remarks,positive,"In addition, we expect 14 novel therapy filings through 2025, each with the potential to exceed $1 billion in revenue and five of this with the ability to exceed $5 billion.",0.6397563815116882
JNJ_2021-Q4,JNJ,2021-Q4,remarks,positive,We remain confident in our ability to manage through the potential patent expiries as we have done in the past and continue to grow at above-market rates.,0.9267276525497437
JNJ_2021-Q4,JNJ,2021-Q4,remarks,positive,"In the coming year, we will take the steps necessary to be in a position to separate our consumer health business from our pharmaceuticals and medical device businesses during 2023.",0.5454435348510742
JNJ_2021-Q4,JNJ,2021-Q4,remarks,positive,"And as we advance toward a successful new stand-alone consumer health company, we will continue to drive this business with the same focus we always have.",0.6569340229034424
JNJ_2021-Q4,JNJ,2021-Q4,remarks,positive,"And we expect this new and independent company, with nearly $15 billion in 2021 sales, will continue to be a global leader in the consumer health industry.",0.8881722688674927
JNJ_2021-Q4,JNJ,2021-Q4,qa,positive,"When it comes to pharmaceuticals, as you mentioned, we presented our outlook for the business in our November R&D review.",0.1002121865749359
JNJ_2021-Q4,JNJ,2021-Q4,qa,positive,"I would continue building up on Joe's comment that as the Omicron surge resolves, we anticipate that the markets will continue to improve as the year progresses.",0.92851322889328
JNJ_2021-Q4,JNJ,2021-Q4,qa,hedging,"It is very difficult to predict when Omicron is going to peak, but we are beginning already to see cases decreasing in areas where the surge began, like for example in the UK, and some regions in the US already nearing peaks.",-0.7738522887229919
JNJ_2021-Q4,JNJ,2021-Q4,qa,positive,"So while the path is not going to be linear, we expect an improvement as the year starts to go on.",0.9325451254844666
JNJ_2021-Q4,JNJ,2021-Q4,qa,positive,"So we believe we are optimistic of the value of the market in the long term, and we are optimistic about our med tech business and its ongoing recovery and improvement in the overall competitive position.",0.9350759387016296
JNJ_2021-Q4,JNJ,2021-Q4,qa,positive,We expect that to be pretty stable.,0.8876808285713196
JNJ_2021-Q4,JNJ,2021-Q4,qa,positive,"I would add to that that just we take into consideration some of the headwinds related to the pandemic and also macroeconomic headwinds like inflation, and that's something that we take into consideration when we build our guidance.",0.0438837446272373
JNJ_2021-Q4,JNJ,2021-Q4,qa,positive,"We remain optimistic on the fact that -- as I commented before when I was talking about med tech, the strong underlying demand for healthcare is there.",0.8208014965057373
JNJ_2021-Q4,JNJ,2021-Q4,qa,positive,"And have no doubt, as we approach 2023, we'll be able to provide you a more accurate guidance of what we expect.",0.5731899738311768
JNJ_2021-Q4,JNJ,2021-Q4,qa,positive,"As I said, we remain optimistic that we'll be able to deliver growth during the STELARA patent expiration every single year.",0.92754465341568
JNJ_2021-Q4,JNJ,2021-Q4,qa,positive,We look forward to keep you informed throughout the year.,0.1840049475431442
JNJ_2022-Q1,JNJ,2022-Q1,remarks,hedging,"A further description of these risks, uncertainties and other factors can be found in our SEC filings, including our 2021 Form 10-K, along with reconciliations of the non-GAAP financial measures utilized for today's discussion to the most comparable GAAP measures.",0.0295540355145931
JNJ_2022-Q1,JNJ,2022-Q1,remarks,positive,We anticipate the webcast will last up to 60 minutes.,0.03798783197999
JNJ_2022-Q1,JNJ,2022-Q1,remarks,positive,"Given these results, we remain confident in our ability to deliver our 11th consecutive year of above-market adjusted operational sales growth in 2022.",0.9342674016952516
JNJ_2022-Q1,JNJ,2022-Q1,remarks,positive,"We see strong performance in Q1 driven by market recovery, focused commercial strategies, and differentiated new products driving enhanced or sustained market share across most of the 11 priority platforms.",0.9393224120140076
JNJ_2022-Q1,JNJ,2022-Q1,remarks,hedging,"As Jess just mentioned, Johnson & Johnson posted solid performance for the quarter, continuing to invest in the business for the long-term success, while overcoming multiple macroeconomic headwinds, including inflationary pressures and higher input costs.",0.9261533617973328
JNJ_2022-Q1,JNJ,2022-Q1,remarks,positive,We expect these pressures will continue to some degree throughout the remainder of 2022.,0.2793274819850921
JNJ_2022-Q1,JNJ,2022-Q1,remarks,positive,"We are committed to sustaining supply of the products, medicines, and treatments that consumers and patients want and need.",0.5131222605705261
JNJ_2022-Q1,JNJ,2022-Q1,remarks,positive,"We anticipate announcing key executive leadership appointments for the new Consumer Health Company in the coming months, with plans to provide the new company name and headquarters location around the middle of this year.",0.1545137614011764
JNJ_2022-Q1,JNJ,2022-Q1,remarks,positive,"In the second half of 2022, we plan to provide the updated path forward and applicable financial information such as refined standup cost estimates and potential short-term dis-synergies.",0.101992942392826
JNJ_2022-Q1,JNJ,2022-Q1,remarks,positive,"Finally, consistent with previous communications, we expect to execute the separation in 2023.",0.1034631878137588
JNJ_2022-Q1,JNJ,2022-Q1,remarks,positive,"In Consumer Health, we expect supply constraints to continue throughout the year but not to the same extent in the second half.",-0.6235232353210449
JNJ_2022-Q1,JNJ,2022-Q1,remarks,positive,"As a result, we anticipate that the back half performance will improve over the first half.",0.9352054595947266
JNJ_2022-Q1,JNJ,2022-Q1,remarks,positive,"We anticipate continued market recovery and uptake from recently launched products and are monitoring the ever-changing COVID dynamics, particularly the surging cases in China.",0.9252691864967346
JNJ_2022-Q1,JNJ,2022-Q1,remarks,positive,"Similar to Consumer Health, we expect the second half to be stronger than the first half.",0.93360698223114
JNJ_2022-Q1,JNJ,2022-Q1,remarks,positive,We anticipate delivering another year of above-market adjusted operational sales growth with relatively consistent growth throughout the remainder of the year.,0.9332813620567322
JNJ_2022-Q1,JNJ,2022-Q1,remarks,positive,"In summary, Johnson & Johnson had a solid start to the year despite managing macroeconomic headwinds, and we remain confident in our business.",0.9309155344963074
JNJ_2022-Q1,JNJ,2022-Q1,qa,hedging,I'd like to spend a little bit of time talking about the middle of the income statement with all of the multiple headwinds on those factors.,-0.0110840760171413
JNJ_2022-Q1,JNJ,2022-Q1,qa,hedging,We're working through all of the orders and the slots that we have and actually have product now that's been shipped back -- has been manufactured and shipped back to the patients for infusion into the patients.,0.144468143582344
JNJ_2022-Q1,JNJ,2022-Q1,qa,positive,"And I realize that combinations with Darzalex are standard of care, but what are your expectations for broader market disruption going forward, either from a pricing or share perspective?",-0.0482675023376941
JNJ_2022-Q1,JNJ,2022-Q1,qa,positive,And we really think that these are the important advances that are going to really help transform multiple myeloma in the future and going forward versus any of the older therapies.,0.7979647517204285
JNJ_2022-Q1,JNJ,2022-Q1,qa,positive,"I do think that we think we start competitiveness there, and we're making sure that we really have a sustainable business model going forward.",0.837648332118988
JNJ_2022-Q2,JNJ,2022-Q2,remarks,positive,"First, we will continue to advance our industry-leading success in pharmaceuticals by delivering the innovative pipeline we highlighted at our pharmaceutical business review last November.",0.8994879722595215
JNJ_2022-Q2,JNJ,2022-Q2,remarks,positive,"We expect this improvement to continue, enabled by our innovative pipeline as well as the potential for expansion into higher-growth market segments.",0.93247389793396
JNJ_2022-Q2,JNJ,2022-Q2,remarks,positive,We believe MedTech will continue to be a significant source of value for our investors and our stakeholders.,0.8663365244865417
JNJ_2022-Q2,JNJ,2022-Q2,remarks,positive,We are making excellent progress and remain on track to complete the separation in 2023.,0.9196385741233826
JNJ_2022-Q2,JNJ,2022-Q2,remarks,positive,"With these clear priorities in place, we are confident in our ability to execute on both our short-term and long-term objectives.",0.8871249556541443
JNJ_2022-Q2,JNJ,2022-Q2,remarks,positive,We anticipate the webcast will last up to 60 minutes.,0.03798783197999
JNJ_2022-Q2,JNJ,2022-Q2,remarks,positive,"As stated last quarter, we plan to keep our comments brief to leave more time for Q&A. Please refer to the slides for additional segment and franchise commentary.",0.0034694299101829
JNJ_2022-Q2,JNJ,2022-Q2,remarks,positive,"Given these results, we remain confident in our ability to deliver our 11th consecutive year of above-market adjusted operational sales growth in 2022.",0.9342674016952516
JNJ_2022-Q2,JNJ,2022-Q2,remarks,hedging,Operational sales also grew sequentially versus the prior quarter despite headwinds related to regional COVID-19 mobility restrictions as well as labor and supply constraints.,0.9057718515396118
JNJ_2022-Q2,JNJ,2022-Q2,remarks,hedging,"As Joaquin and Jess commented, our results remained solid across our three segments in the second quarter and through the first half of 2022, particularly in light of macroeconomic headwinds, such as inflation, select country experiencing continuing impact from COVID-19, and geopolitical matters.",0.8700604438781738
JNJ_2022-Q2,JNJ,2022-Q2,remarks,positive,We look forward to sharing the new consumer health company's name and branding as well as the headquarters location in the months ahead.,0.3396044671535492
JNJ_2022-Q2,JNJ,2022-Q2,remarks,positive,"Similarly, we look forward to sharing transaction options and further financial details, adhering to regulatory policies later in 2022.",0.2043349891901016
JNJ_2022-Q2,JNJ,2022-Q2,remarks,positive,The major takeaway is we are maintaining the midpoints of our guidance for adjusted operational sales growth of 7% at $97.8 billion and adjusted operational earnings per share of $10.70 or 9.2% growth for the full year.,0.688625156879425
JNJ_2022-Q2,JNJ,2022-Q2,remarks,positive,"In consumer health, we have seen quarter-over-quarter reduction in supply disruptions that we anticipate will continue.",-0.5439082384109497
JNJ_2022-Q2,JNJ,2022-Q2,remarks,positive,"For MedTech, we expect the second half to be stronger than the first half, driven by market recovery from continued enhancement of our competitive position through commercial execution and uptake from our recently launched products.",0.93915855884552
JNJ_2022-Q2,JNJ,2022-Q2,remarks,positive,We expect the fourth quarter 2022 to be slightly stronger than the third quarter.,0.9175251126289368
JNJ_2022-Q2,JNJ,2022-Q2,remarks,positive,"For pharmaceuticals, we anticipate delivering another year of above-market adjusted operational sales growth in our base business, with sales modestly accelerating through the end of the year.",0.9371668696403505
JNJ_2022-Q2,JNJ,2022-Q2,qa,hedging,"So Joaquin and Joe, at a high level, what are your assumptions for the macro headwinds in the second half?",-0.0856685638427734
JNJ_2022-Q2,JNJ,2022-Q2,qa,hedging,"The macro headwinds, I would say, I would classify it as kind of two categories.",-0.0696731433272361
JNJ_2022-Q2,JNJ,2022-Q2,qa,positive,"We are seeing, I would say, an alleviation of some of those constraints, and that's why we anticipate, specifically in our skin health and beauty business to be much stronger in the second half.",0.9314533472061156
JNJ_2022-Q2,JNJ,2022-Q2,qa,positive,"We've raised the bar on our selectivity of where we invest, but we're very proud of the fact that we were able to increase what we believe our future depends upon, and that's innovation by a 9% increase in R&D. Operator Thank you.",0.9237244725227356
JNJ_2022-Q2,JNJ,2022-Q2,qa,hedging,So that is in the middle of the market headwinds due to mobility restrictions inflation and supply challenges.,-0.9363542199134828
JNJ_2022-Q2,JNJ,2022-Q2,qa,positive,"The data, as you know, is already in-house, and we expect to present it in a medical meeting in 2022.",0.0395556353032588
JNJ_2022-Q2,JNJ,2022-Q2,qa,positive,"Now if we believe that the legislation is going to base on the language that we know from the Senate Finance Committee, as you pointed out, that will have a significant detrimental effect on the ability of the industry of the companies to be able to invest in R&D and to develop new medicines.",-0.7201405763626099
JNJ_2022-Q2,JNJ,2022-Q2,qa,positive,"But at the same time, we also want to sit at the table and participate in discussions to address what we believe is the major issue, which is patient affordability and patient access, specifically in Part D. So we think that, that's something that the industry has to address with the relevant stakeholders, and we are very willing to sit at the table and shoulder the consequences of being able to address the patient affordability issue.",0.3370218873023987
JNJ_2022-Q2,JNJ,2022-Q2,qa,positive,We look forward to connecting with all of you again and keeping you updated on our continuous progress on future earnings calls.,0.7259418964385986
JNJ_2022-Q3,JNJ,2022-Q3,remarks,positive,We anticipate the webcast will last approximately 60 minutes.,0.0237228609621524
JNJ_2022-Q3,JNJ,2022-Q3,remarks,positive,"Continuing with the streamlined remarks shared in the prior two quarters, we plan to keep our comments brief to leave more time for Q&A. Please refer to the slides for additional segment and franchise commentary.",0.0236077867448329
JNJ_2022-Q3,JNJ,2022-Q3,remarks,positive,We remain confident in our ability to deliver our 11th consecutive year of above-market adjusted operational sales growth in 2022.,0.9341033697128296
JNJ_2022-Q3,JNJ,2022-Q3,remarks,positive,"As Jess just shared, we are pleased to report solid results across our business segments in the third quarter.",0.9350581169128418
JNJ_2022-Q3,JNJ,2022-Q3,remarks,positive,"We remain confident that we'll continue to grow our pharmaceutical business every year toward our goal of $60 billion in pharmaceutical sales by 2025 despite the Stelara LOE, which is anticipated to occur in the second half of 2023 in the U.S. For medtech, we expect our investments in innovation and commercial capabilities to continue to enhance our competitiveness.",0.9319720268249512
JNJ_2022-Q3,JNJ,2022-Q3,remarks,positive,"At this time, we anticipate positive procedure trends with the caveats that COVID-19 continues to be a dynamic situation regionally, lingering headwinds from hospital staffing, and some impact from volume-based pricing in China.",0.2560451924800873
JNJ_2022-Q3,JNJ,2022-Q3,remarks,positive,"We expect inflationary pressures and higher input costs to persist, and we are continuing to take actions to offset these challenges.",0.9187428951263428
JNJ_2022-Q3,JNJ,2022-Q3,remarks,positive,"As far as standing up Kenvue as an independent company, we expect to announce further details on the type of separation, as well as stand-up cost estimates and how we are addressing stranded costs later this year or early in 2023.",0.0676650330424308
JNJ_2022-Q3,JNJ,2022-Q3,remarks,positive,"We remain on track to complete the separation in mid to late 2023, as indicated in the initial announcement we made in November of 2021.",0.1628038585186004
JNJ_2022-Q3,JNJ,2022-Q3,remarks,positive,"We will continue, particularly in today's times, a little bit of uncertain times, to prioritize programs that are strengthening our core, that are really getting us on the forefront of shaping the new frontiers in medical intervention and a consistent drumbeat of always improving our competitiveness.",0.8841751217842102
JNJ_2022-Q3,JNJ,2022-Q3,remarks,positive,"Some parts of the world are still a little bit below pre-COVID levels, but we are confident in the resiliency and agility of the medtech industry and our anticipated continued recovery across the world.",0.9069104194641112
JNJ_2022-Q3,JNJ,2022-Q3,remarks,positive,And we are on track to receive approval from the U.S. FDA before year end.,0.6392006278038025
JNJ_2022-Q3,JNJ,2022-Q3,remarks,positive,"Importantly, these data demonstrated a benefit in frontline treatment of EGFR mutant non-small cell lung cancer, and we look forward to data from our Phase 3 MARIPOSA Study in the future.",0.9158504605293274
JNJ_2022-Q3,JNJ,2022-Q3,remarks,positive,"As we look ahead, with our focus on transformational medical innovation, our pipeline of current medicines, our robust pipeline of new medicines, and world-class capabilities, we remain really confident in our growth expectations, the ones that we outlined in our pharmaceutical business review last November, including the fact that we expect to be a $60 billion pharmaceutical company by 2025.",0.8558515906333923
JNJ_2022-Q3,JNJ,2022-Q3,qa,positive,"So for 2023, we anticipate another year of above-market growth for the pharmaceuticals group.",0.929452419281006
JNJ_2022-Q3,JNJ,2022-Q3,qa,positive,"These results, we anticipate to be driven by continued growth of our key brands like Darzalex, Tremfya, Erleada, Invega Sustenna, and Uptravi.",0.9204457402229308
JNJ_2022-Q3,JNJ,2022-Q3,qa,positive,"And so while we do anticipate Stelara LOE really in that late September time frame or toward the end of the year, we believe that we've got a lot of tailwinds with our existing portfolio and our new launches to continue to have another year of above-market growth in 2023.",-0.571686863899231
JNJ_2022-Q3,JNJ,2022-Q3,qa,positive,"2023, we expect that the world will continue to be extremely volatile, inflationary pressure, supply chain disruption, geopolitical environment, and continued impact from COVID pandemic in certain parts of the world.",-0.8617344498634338
JNJ_2022-Q3,JNJ,2022-Q3,qa,positive,"Moving forward, we see that the innovation we bring to market this year are extremely well received by consumers around the world, and we expect this to continue in 2023.",0.9208428859710692
JNJ_2022-Q3,JNJ,2022-Q3,qa,positive,So we expect that bolus to continue.,0.6923261880874634
JNJ_2022-Q3,JNJ,2022-Q3,qa,positive,"But as you likely noticed in today's comments, we still hold $34 billion of cash, which positions us extremely well to continue exercising that lever of capital allocation around acquisitions or significant collaborations going forward.",0.803543210029602
JNJ_2022-Q3,JNJ,2022-Q3,qa,hedging,"Hopefully, you saw with our third quarter performance the strength of Johnson & Johnson across all of our segments and our collective ability to manage macroeconomic headwinds, as well as the unfavorable impact from a stronger U.S. dollar.",0.9015967845916748
JNJ_2022-Q3,JNJ,2022-Q3,qa,positive,"Have a great day, and we look forward to our next conversation.",0.1672335863113403
JNJ_2022-Q4,JNJ,2022-Q4,remarks,hedging,"A further description of these risks, uncertainties, and other factors can be found in our SEC filings, including our 2021 Form 10-K, which is available at investor.jnj.com and on the SEC's website.",0.0041495487093925
JNJ_2022-Q4,JNJ,2022-Q4,remarks,positive,"Joe will then close with additional business commentary before sharing an overview of our cash position, our capital allocation priorities, and our guidance for 2023.",0.0301364623010158
JNJ_2022-Q4,JNJ,2022-Q4,remarks,positive,We anticipate the webcast will last approximately 75 minutes.,0.0306431874632835
JNJ_2022-Q4,JNJ,2022-Q4,remarks,positive,"Looking ahead, well, we expect some of the headwinds that impacted 2022 to continue.",-0.3134637475013733
JNJ_2022-Q4,JNJ,2022-Q4,remarks,positive,"In pharmaceutical, we will continue delivering top-line growth annually while driving toward $60 billion in revenue by 2025.",0.912946343421936
JNJ_2022-Q4,JNJ,2022-Q4,remarks,positive,"We believe we will be able to achieve our market growth in 2023 for the 12th consecutive year, even in the face of Stelara loss of exclusivity and macroeconomic challenges.",0.928318738937378
JNJ_2022-Q4,JNJ,2022-Q4,remarks,positive,We expect to continue to build on 2022's momentum.,0.9279586672782898
JNJ_2022-Q4,JNJ,2022-Q4,remarks,positive,"We remain on track to complete the separation in 2023, as indicated in our initial announcement in November of 2021.",0.4325785040855407
JNJ_2022-Q4,JNJ,2022-Q4,remarks,positive,"As we look forward, our track record gives us the confidence that we can grow ahead of our peers and cement the foundation for long-term success.",0.8954000473022461
JNJ_2022-Q4,JNJ,2022-Q4,remarks,positive,"As the largest and most diversified healthcare products company in the world, we will continue to use our scale and breadth to drive innovations, deliver for patients, and shape the future of healthcare around the world.",0.7440508008003235
JNJ_2022-Q4,JNJ,2022-Q4,remarks,positive,"Beginning in Q1 2023, we anticipate that Carvykti, currently reported in other oncology, and Spravato, currently reported in other neuroscience, will meet the threshold to be separately disclosed.",0.2340917289257049
JNJ_2022-Q4,JNJ,2022-Q4,remarks,positive,"As we are still in the process of the Kenvue separation, our guidance represents the current Johnson & Johnson businesses, inclusive of pharmaceuticals, medtech, and consumer health segments.",0.067533902823925
JNJ_2022-Q4,JNJ,2022-Q4,remarks,positive,"We expect operational sales growth for the full-year 2023 in the range of 4.5% to 5.5%, or $96.9 billion to $97.9 billion.",0.9070233702659608
JNJ_2022-Q4,JNJ,2022-Q4,remarks,positive,"Regarding other items on our P&L, we expect 2023 adjusted pre-tax operating margin to be flat driven by continued inflationary pressures and cost of goods sold, offset by continued operating expense leverage.",-0.5273128747940063
JNJ_2022-Q4,JNJ,2022-Q4,remarks,positive,"On an adjusted basis, we expect this to be $1.9 billion, $2.1 billion for 2023.",0.1513019353151321
JNJ_2022-Q4,JNJ,2022-Q4,remarks,positive,"And based on current trends, we expect this benefit to continue through the next couple of years.",0.91476309299469
JNJ_2022-Q4,JNJ,2022-Q4,remarks,positive,"We expect to, again, deliver above-market growth in 2023, driven by key assets such as Darzalex, Erleada, Tremfya, Invega Sustenna, and Uptravi, as well as continued uptake of recently launched products such as Carvykti, Spravato, and Tecvayli.",0.931631326675415
JNJ_2022-Q4,JNJ,2022-Q4,remarks,positive,"This growth is despite lower pharmaceutical market growth than experienced in recent years and considers the Stelara loss of exclusivity which we anticipate occurring in late 2023 in the U.S. While we continue to expect volume growth for Stelara in the U.S. up to the LOE date, we expect this growth to be offset by pricing pressure.",0.3061739206314087
JNJ_2022-Q4,JNJ,2022-Q4,remarks,positive,"Further, we continue to expect a 2023 impact from other post-LOE products, as well as potential increased austerity measures across Europe.",0.923407256603241
JNJ_2022-Q4,JNJ,2022-Q4,remarks,positive,"In medtech, we expect continued competitive growth fueled by market recovery and continued commercial uptake of recently launched products.",0.9307748079299928
JNJ_2022-Q4,JNJ,2022-Q4,remarks,positive,"We anticipate a relatively stable recovery in procedure volumes, with healthcare staffing constraints remaining the most significant limitation on the pace of recovery.",0.9036598205566406
JNJ_2022-Q4,JNJ,2022-Q4,remarks,positive,"Specific to China, we anticipate continued pressure into 2023 related to the easing of the zero-COVID policies, as well as impacts from volume-based procurement.",0.1374990344047546
JNJ_2022-Q4,JNJ,2022-Q4,remarks,positive,"In consumer health, we anticipate continued growth in line with the markets that we compete in.",0.928398072719574
JNJ_2022-Q4,JNJ,2022-Q4,remarks,positive,"Regarding quarterly phasing, it's best summed up with a general theme that we expect the second half to be stronger than the first half and, likely, the second quarter stronger than the first quarter.",0.8902256488800049
JNJ_2022-Q4,JNJ,2022-Q4,remarks,positive,"Also, we expect the ramp of new product launches will occur more prominently in the second half of the year.",0.6671262979507446
JNJ_2022-Q4,JNJ,2022-Q4,remarks,positive,"In medtech, we expect second-half operational sales growth to be higher than the first half of the year as we anticipate ongoing procedure recovery to improve as the year progresses.",0.9409632086753844
JNJ_2022-Q4,JNJ,2022-Q4,remarks,positive,"Consistent with our initial announcement in November of 2021, we continue to expect to complete separation in 2023, and we expect that any interim steps, such as an IPO, would be consistent with that timing subject to market conditions.",0.4732052683830261
JNJ_2022-Q4,JNJ,2022-Q4,remarks,positive,"While our financials will become simpler as we move from a three-segment company to a two-segment company, we will continue to look for ways to enhance our disclosures, such as providing quarterly R&D by segment and a patent expiry table in our Form 10-K. We also expect 2023 to be an important year of scientific innovations and readouts across our segments.",0.796966552734375
JNJ_2022-Q4,JNJ,2022-Q4,remarks,positive,"In medtech, we look forward to providing information on significant innovation programs across the business, including expansion of our digital solutions in orthopedics; our digital robotics solution, Ottava; our pulsed field ablation solutions for cardiac ablation; and advancements in our pipeline and clinical studies for heart recovery associated with Abiomed.",0.7882660031318665
JNJ_2022-Q4,JNJ,2022-Q4,remarks,hedging,"Overall, our approach to 2023 financial guidance should be viewed as responsibly cautious, given the many external uncertainties.",-0.3769707083702087
JNJ_2022-Q4,JNJ,2022-Q4,remarks,positive,We are confident that our current plans position us for long-term growth and value creation for shareholders.,0.9045214653015136
JNJ_2022-Q4,JNJ,2022-Q4,qa,positive,"What I would say, in terms of our outlook for the P&L, is that we're assuming a lot of carryover, quite frankly, of the inflationary impact that we had in 2022.",-0.001458391547203
JNJ_2022-Q4,JNJ,2022-Q4,qa,positive,"And also we are excited about the filing of talquetamab, our GPRC5D/CD3 bispecific.",0.6679989695549011
JNJ_2022-Q4,JNJ,2022-Q4,qa,positive,And we look forward to have some results of CARTITUDE-4 in 2023.,0.3402506411075592
JNJ_2022-Q4,JNJ,2022-Q4,qa,positive,And we expect that readout of our IBD studies in ulcerative colitis and Crohn's disease in 2023.,0.1560071110725402
JNJ_2022-Q4,JNJ,2022-Q4,qa,positive,"Our Invega Sustenna franchise in the U.S., as well as our are pulmonary arterial hypertension franchise with Uptravi and Opsumit that has been affected by COVID-19, but that we expect that will continue to deliver growth.",0.9162401556968688
JNJ_2022-Q4,JNJ,2022-Q4,qa,positive,"We see a disconnect, as I commented, in our pulmonary arterial hypertension franchise with Uptravi and Opsumit, which have been impacted by the pandemic, but we see strong growth moving forward.",0.9080953001976012
JNJ_2022-Q4,JNJ,2022-Q4,qa,positive,"With respect to medtech, we anticipate pretty much what we typically see in any given year, 4% to 6%.",0.0832443088293075
JNJ_2022-Q4,JNJ,2022-Q4,qa,positive,"As some of my earlier comments in the prepared remarks reflect, we anticipate that there will be a little bit of, I'll call it, carryover from some of the COVID surges that we saw in the Asia-Pacific region in the fourth quarter.",0.7384995818138123
JNJ_2022-Q4,JNJ,2022-Q4,qa,positive,"We anticipate 2023 will be a 12th year, but it is off a lower base.",-0.2221398651599884
JNJ_2022-Q4,JNJ,2022-Q4,qa,hedging,"I guess, on operating margins -- and this a question maybe beyond '23 -- I'm just trying to think through the balance of -- I guess, on one hand, some of the inflation headwinds potentially decreasing as you work through some of this inventory is balanced against the Stelara LOE and some of the dis-synergies from the spin.",0.2161950767040252
JNJ_2022-Q4,JNJ,2022-Q4,qa,positive,"So, I guess, something kind of bigger picture about operating margins, is 2023 is a decent proxy going forward?",0.2148497402667999
JNJ_2022-Q4,JNJ,2022-Q4,qa,hedging,"And then, my second question was just a maybe a clarification on some of the immunology comments you made regarding 4Q. I think you mentioned unfavorable mix and rebate dynamics as headwinds.",-0.6439362168312073
JNJ_2022-Q4,JNJ,2022-Q4,qa,positive,Should we expect those dynamics to continue in 2023?,0.1795974820852279
JNJ_2022-Q4,JNJ,2022-Q4,qa,positive,"As the comments indicated, we plan to address all of those, and we've already started in mid 2022 to mitigate some of those.",0.5865863561630249
JNJ_2022-Q4,JNJ,2022-Q4,qa,positive,"None are approved yet, but can we expect the first company to enter with exclusivity for six months, something that we've seen with Humira, and then the rest coming in '24?",0.0719111263751983
JNJ_2022-Q4,JNJ,2022-Q4,qa,positive,Or should we expect all the players to come at once?,0.0114103890955448
JNJ_2022-Q4,JNJ,2022-Q4,qa,positive,"As we have commented, we expect the erosion curve of Stelara to be likely deeper than that of Remicade, given the evolution of the biosimilar market and the fact that Stelara is a self-administered product, as well as potentially -- to your point, potentially, interchangeability in the label.",0.393208384513855
JPM_2020-Q4,JPM,2020-Q4,remarks,positive,"And so, after I review our results I'll spend some time on our outlook for 2021 as well as touch on a few important balance sheet topics that are top of mind for us.",0.0660015419125557
JPM_2020-Q4,JPM,2020-Q4,remarks,positive,"As we stated in our press release last month, the board has authorized share repurchases and we plan to resume buybacks in the first quarter up to our Fed authorized capacity of $4.5 billion after paying our $0.90 dividend.",0.8062914609909058
JPM_2020-Q4,JPM,2020-Q4,remarks,positive,"You can see here on the page, we've included the liquidity coverage ratio for both the firm and the bank, which we believe is important to look at together in order to better understand the liquidity profile of our balance sheet.",0.1711230874061584
JPM_2020-Q4,JPM,2020-Q4,remarks,positive,"Looking forward, we expect IB fees to be up modestly for the first quarter and the overall pipeline remains robust.",0.9379538297653198
JPM_2020-Q4,JPM,2020-Q4,remarks,positive,"We expect M&A to remain active on improved overall CEO confidence and the momentum in equity capital markets is expected to continue, of course dependent on a successful containment of COVID.",0.9314860105514526
JPM_2020-Q4,JPM,2020-Q4,remarks,positive,"Looking forward, we expect markets to remain active in the first quarter and we have seen strong performance since the start of January, but it's obviously too early to predict the full quarter.",0.746242344379425
JPM_2020-Q4,JPM,2020-Q4,remarks,positive,"And given our investments in bank coverage, we believe there is continued upside from here.",0.9325746297836304
JPM_2020-Q4,JPM,2020-Q4,remarks,positive,"Now shifting gears, I'll turn to our outlook for 2021, which I'll cover over the next few pages, starting with NII on Page 12.",0.0249316897243261
JPM_2020-Q4,JPM,2020-Q4,remarks,positive,"As you can see on the page, we expect NII to be around $55.5 billion in 2021, and this is based on the latest implies, which reflects this deepening yield curve we've seen over the past few weeks.",0.0712410137057304
JPM_2020-Q4,JPM,2020-Q4,remarks,positive,"And so as it relates to loan growth, while there should be some opportunities in AWM in wholesale, we expect headwinds, at least in the near term as corporate cash balances are at all-time high, card payment rates are elevated and there continues to be significant prepayments in home lending.",0.6183351278305054
JPM_2020-Q4,JPM,2020-Q4,remarks,positive,"And based on our latest work, we expect that number to be around $68 billion, up versus the prior guidance of $67 billion, largely due to higher volume and revenue-related expenses and the impact of FX, both of which have offsets in the revenue line as well as the impact of expenses from our recent acquisition of cxLoyalty.",0.9316720366477966
JPM_2020-Q4,JPM,2020-Q4,remarks,positive,"And in structural, we expect a net reduction of approximately $200 million.",-0.9407092928886414
JPM_2020-Q4,JPM,2020-Q4,remarks,positive,"Over the past few years, our investment spend has been around $10 billion and we expect that to increase to nearly $12.5 billion in 2021.",0.9189338684082032
JPM_2020-Q4,JPM,2020-Q4,remarks,positive,"We expect marketing spend, largely CCB, to return to pre-COVID levels this year after being down in 2020.",0.7296009063720703
JPM_2020-Q4,JPM,2020-Q4,remarks,positive,And it's these investments that we believe position us well to outperform on a relative basis regardless of the environment.,0.9017958045005798
JPM_2020-Q4,JPM,2020-Q4,remarks,positive,Now let's go to Page 16 and see how this will impact capital going forward.,-0.0040878616273403
JPM_2020-Q4,JPM,2020-Q4,remarks,positive,"But to be clear, we believe the framework as a whole has made the banking system safer as we experienced in 2020.",0.8501128554344177
JPM_2020-Q4,JPM,2020-Q4,remarks,positive,But we're also seeing evidence where the lack of coherence and recalibration is risking unintended consequences going forward.,-0.4514108300209045
JPM_2020-Q4,JPM,2020-Q4,qa,positive,"I mean, so do we expect it to happen?",0.0230545699596405
JPM_2020-Q4,JPM,2020-Q4,qa,hedging,"The 2.17% net charge-off rate was certainly eye-opening relative to, you know, what happened in 2020 and the discussions actually that I've been having with investors on the trajectory of card is, you know, do -- do you think that the bridge that the government built is strong enough that we may not see, you know, a spike in losses in card like we're all expecting?",0.4480358958244324
JPM_2020-Q4,JPM,2020-Q4,qa,hedging,"And just a question on the card business, you mentioned how much of that spend goes through Chase, and just you are -- given that we still have some uncertainties with regards to a true return to open.",0.0907530635595321
JPM_2020-Q4,JPM,2020-Q4,qa,positive,"Importantly, you know, we -- we -- we do -- if GDP is back to 2019 levels by the middle of the year, we expect them to continue to recover, and perhaps, significantly, so in the second half.",0.9239943027496338
JPM_2020-Q4,JPM,2020-Q4,qa,positive,"As it relates to travel, whether it's the second half of '21 or '22, we -- we are confident that our -- our customers will continue to travel and there's pent-up demand onshore for travel and so we are excited about those opportunities, whether they come, you know, in '21 or '22 or beyond.",0.7809484004974365
JPM_2020-Q4,JPM,2020-Q4,qa,positive,And we take very seriously the new entrance like the Goldman Sachs card and there are a bunch of other folks who are doing similar things that we expect to see more of that.,0.174290582537651
JPM_2020-Q4,JPM,2020-Q4,qa,hedging,"Importantly, as we think about branch expansion near-term rate headwinds, we certainly consider that, but at the margin there, not a factor given the long-term franchise value associated with the branch expansion and -- and the fact that it's not just about deposits for any one consumer anyway, because we have the opportunity to have a much broader relationship with them and all of that is factored into the branch expansion.",0.230780228972435
JPM_2020-Q4,JPM,2020-Q4,qa,hedging,But we do consider in -- in the analytics there the near-term headwinds from -- from rates.,-0.5499188899993896
JPM_2020-Q4,JPM,2020-Q4,qa,positive,"So we expect to grow it, but we, you know, I don't -- it's a very hard to say what the base level is and we thought that the base level kind of revise down sometime last year, but will stay as high as it stayed in 2020 then I doubt.",-0.0466446131467819
JPM_2020-Q4,JPM,2020-Q4,qa,hedging,It may not go back to what it was.,-0.1782518923282623
JPM_2020-Q4,JPM,2020-Q4,qa,hedging,So I -- I do expect that stuff is coming and it may not change our world that much.,0.0589537993073463
JPM_2020-Q4,JPM,2020-Q4,qa,positive,"So, we believe that inequality is a real problem.",-0.1852520108222961
JPM_2021-Q1,JPM,2021-Q1,remarks,hedging,"While a strong recovery seems in motion, we're also prepared for more adverse outcomes given remaining uncertainties around the impact of new virus strains and the health of the underlying labor markets.",0.7118238806724548
JPM_2021-Q1,JPM,2021-Q1,remarks,hedging,"So for now, we remain cautious and are still weighted to our downside scenarios, and that about 26 billion were reserved at approximately 7 billion above the current base case.",-0.5823109149932861
JPM_2021-Q1,JPM,2021-Q1,remarks,positive,"And therefore, we expect this leverage issue to persist for some time.",0.2541413009166717
JPM_2021-Q1,JPM,2021-Q1,remarks,positive,"Given the preferreds we plan to issue and the work under way around excess client deposits, while, of course, this could become more challenging, we believe that we should be able to buy back most, if not all, of that capacity.",0.8801054954528809
JPM_2021-Q1,JPM,2021-Q1,remarks,positive,"That said, we are seeing strong momentum in T&E with spend up more than 50% in March compared to February and similar growth across CX loyalty and ultimate reward travel bookings.",0.9413286447525024
JPM_2021-Q1,JPM,2021-Q1,remarks,positive,"Taken together with the pace of the vaccine rollout, we believe there are some permanent to the loss mitigation.",0.8342621326446533
JPM_2021-Q1,JPM,2021-Q1,remarks,hedging,"And while the pipeline is higher than it's ever been, the number of flow deals outside of the pipeline, both this year and last year, make it difficult to predict the second quarter.",-0.5815830230712891
JPM_2021-Q1,JPM,2021-Q1,remarks,positive,"So at this point, I'd say we expect IB fees to be about flat year on year.",0.0485782474279403
JPM_2021-Q1,JPM,2021-Q1,remarks,positive,"And then on expenses, we've increased our guidance to approximately 70 billion, with the largest driver being higher volume and revenue-related expenses, which importantly have offsets in revenue.",0.9341647028923036
JPM_2021-Q1,JPM,2021-Q1,qa,positive,"So at this point, given what we know and what we expect, we don't expect that we would have to retain more common.",0.0837766677141189
JPM_2021-Q1,JPM,2021-Q1,qa,hedging,"So as an example, volumes in CCB, just given the environment, they are very valuable for long-term franchise revenue growth, but we may not see that revenue growth in the near term.",0.63681960105896
JPM_2021-Q1,JPM,2021-Q1,qa,hedging,"So there are expenses associated with volume growth that may not have the revenue growth you would anticipate over the long run, but it's almost entirely volume and revenue-related.",-0.0581238344311714
JPM_2021-Q1,JPM,2021-Q1,qa,positive,"There are a few other things like marketing expense that, given the strength of the recovery that we expect, we now expect to lean more in on marketing expense in the second half of the year.",0.477099061012268
JPM_2021-Q1,JPM,2021-Q1,qa,positive,"And then in terms of the mix, we expect ECM and M&A to continue.",0.8239824175834656
JPM_2021-Q1,JPM,2021-Q1,qa,hedging,"We continue to see that now, which is why I said it makes it a little bit difficult to predict the second quarter.",-0.209315687417984
JPM_2021-Q1,JPM,2021-Q1,qa,positive,"And then I would just mention, we have reflected in our outlook, the fact that we have been patient on deploying further deposit growth into the securities portfolio in terms of duration.",0.8465526103973389
JPM_2021-Q1,JPM,2021-Q1,qa,positive,And so we look forward to a proposal.,0.3357177972793579
JPM_2021-Q1,JPM,2021-Q1,qa,positive,"If we've got to adjust our strategy going forward, so be it.",0.0458944775164127
JPM_2021-Q1,JPM,2021-Q1,qa,positive,And we obviously expect things to be -- we expect the recovery to be robust in the second half of the year.,0.9311569929122924
JPM_2021-Q1,JPM,2021-Q1,qa,positive,"I would tell you, we would expect rates to be moving up over time, and we expect a rather healthy, very strong economy.",0.9157347679138184
JPM_2021-Q1,JPM,2021-Q1,qa,positive,"And so even if everything plays out exactly as we expect, based upon where we closed the books for the first quarter, it would be something less than 7 billion.",-0.041733268648386
JPM_2021-Q1,JPM,2021-Q1,qa,positive,"And we do think, given what we expect here, that we can manage it.",0.8958684802055359
JPM_2021-Q2,JPM,2021-Q2,remarks,hedging,The resulting investment banking revenue of $3.4 billion was roughly flat year on year due to the headwinds of the prior-year's markup in the bridge book.,-0.9610390663146972
JPM_2021-Q2,JPM,2021-Q2,remarks,positive,"Looking ahead to the third quarter, the pipeline remains very strong.",0.9250945448875428
JPM_2021-Q2,JPM,2021-Q2,remarks,positive,We expect M&A activity and the IPO markets to remain active.,0.9038004875183104
JPM_2021-Q2,JPM,2021-Q2,remarks,positive,"Looking forward, while we expect normalization to continue across both investment banking and markets, and most notably in Fixed Income, the timing and the extent of the normalization is obviously hard to predict.",0.3499947786331177
JPM_2021-Q2,JPM,2021-Q2,remarks,positive,"But as you'll note, we've also lowered our outlook for the card net charge-off rate to less than 250 basis points, which, as I mentioned in CCB, provides a meaningful offset to the NII headwind.",-0.8478105664253235
JPM_2021-Q2,JPM,2021-Q2,remarks,positive,"On expenses, we've increased our guidance to approximately $71 billion, driven by higher volume and revenue-related expenses.",0.9344683289527892
JPM_2021-Q2,JPM,2021-Q2,remarks,hedging,Our performance this quarter once again showcases the power of our diversified business model as headwinds in NII from consumer delevering are offset by strong fee generation across AWM and CIB and exceptionally low net charge-offs across the board.,0.9400721788406372
JPM_2021-Q2,JPM,2021-Q2,remarks,positive,"So as we look forward to an increasingly normal environment, we are enthusiastically focused on competing for every piece of share in every market, product and business where we operate and making the necessary investments to win.",0.7806544899940491
JPM_2021-Q2,JPM,2021-Q2,qa,hedging,"And I think the point is, obviously, we're all a little bit focused on the NII headwinds right now.",-0.2423124313354492
JPM_2021-Q2,JPM,2021-Q2,qa,positive,"We could probably give you a more definitive thing after they finish Basel III, which is now 10 years in the making, and SLR and all the updates, and then you'll have more certainty about how this thing operates going forward.",0.0720218420028686
JPM_2021-Q2,JPM,2021-Q2,qa,positive,We've tried very hard in our outlook to give you central case numbers.,0.1266884356737136
JPM_2021-Q2,JPM,2021-Q2,qa,positive,"Should we expect further declines in NCOs as the year progresses, given delinquency trends?",-0.8900237083435059
JPM_2021-Q2,JPM,2021-Q2,qa,hedging,"But some of these things may not work well, but that will be OK.",0.5882422924041748
JPM_2021-Q2,JPM,2021-Q2,qa,positive,"Or do we expect, or do you think we should expect, more disruptive innovation coming from banks in the United States on consumer banking?",-0.0745561495423317
JPM_2021-Q2,JPM,2021-Q2,qa,positive,Or is this going to be a good base year to grow off of going forward?,0.2060515731573104
JPM_2021-Q2,JPM,2021-Q2,qa,hedging,"We've got NII headwinds from the consumer delevering, as we've discussed.",-0.9285593628883362
JPM_2021-Q2,JPM,2021-Q2,qa,positive,"And even though markets is down year on year, it's actually up significantly from what we expect from higher expense guidance.",0.9262623190879822
JPM_2021-Q2,JPM,2021-Q2,qa,hedging,"One was just on thinking through the outlook for NII, like you indicated, $52.5 billion subject to market conditions.",0.0205200519412755
JPM_2021-Q2,JPM,2021-Q2,qa,positive,"We believe that, that comes with higher inflation and, therefore, higher rates.",0.75548255443573
JPM_2021-Q3,JPM,2021-Q3,remarks,hedging,"Reserves stand at $20.5 billion, which still accounts for elevated uncertainties surrounding COVID and the current labor market dynamics, including the expiration of expanded unemployment benefits.",-0.8714994192123413
JPM_2021-Q3,JPM,2021-Q3,remarks,positive,"So as a result, we're optimistic about the growth prospects of revolving card balances.",0.8878388404846191
JPM_2021-Q3,JPM,2021-Q3,remarks,positive,"However, we expect it to take some time for revolving credit card balances to return to pre-pandemic levels given the amount of liquidity in the system.",0.9019275307655334
JPM_2021-Q3,JPM,2021-Q3,remarks,positive,"Looking ahead to the fourth quarter, the overall pipeline is healthy and the M&A market is expected to remain active.",0.9312554001808168
JPM_2021-Q3,JPM,2021-Q3,remarks,positive,"But as you'll see on the page, we've lowered our outlook for the card net charge-off rate to around 2% as delinquencies remain very low.",-0.943679928779602
JPM_2021-Q3,JPM,2021-Q3,remarks,positive,"As we look ahead and the environment normalizes, new challenges will undoubtedly arise, but we feel confident with the position of the company and the strategy going forward.",0.8793495297431946
JPM_2021-Q3,JPM,2021-Q3,qa,positive,"In that context then, if you take that sort of lower number and think about annualizing that, I think it's fair to assume that, that would be a sort of lower-end estimate for the 2022 number in light of what we believe will happen in terms of especially card revolve.",-0.212020993232727
JPM_2021-Q3,JPM,2021-Q3,qa,positive,"As you said, we see some signs of life and we believe that recovery is strongly underway.",0.9187647700309752
JPM_2021-Q3,JPM,2021-Q3,qa,positive,"In home lending, broadly, we expect that this quarter's trend with portfolio additions outpacing prepayments to continue.",0.9170812368392944
JPM_2021-Q3,JPM,2021-Q3,qa,positive,And we're leaning into that and we do expect to see a little bit of net loan growth going forward.,0.92653888463974
JPM_2021-Q3,JPM,2021-Q3,qa,positive,Those things are critical to do to be competitive going forward.,0.1397420763969421
JPM_2021-Q3,JPM,2021-Q3,qa,positive,So that should come out of the run rate as we look forward.,0.2039328813552856
JPM_2021-Q3,JPM,2021-Q3,qa,positive,Can you help us understand like what the magnitude of that is and what you think about overall card revenue rate going forward?,0.0486015193164348
JPM_2021-Q3,JPM,2021-Q3,qa,positive,"And so that is going to remain elevated and if anything, tick up a little bit as we look forward.",0.6885539889335632
JPM_2021-Q3,JPM,2021-Q3,qa,positive,That we should anticipate more pref issuance going forward?,0.0993131250143051
JPM_2021-Q3,JPM,2021-Q3,qa,hedging,"So is there an implicit comment within there about buy now, pay later and the impact it may or may not have?",-0.0321590900421142
JPM_2021-Q3,JPM,2021-Q3,qa,positive,"Just looking ahead, is your expectation that loan growth begins to keep pace with GDP or economic growth or is there anything that would actually justify more meaningful acceleration in lending activity, whether it's just greater pent-up loan demand, normalization of the card payment rates or something else?",0.2909718751907348
JPM_2021-Q3,JPM,2021-Q3,qa,positive,"I mean we've talked a lot about spend, which we believe in, driving card loans higher.",0.8062605857849121
JPM_2021-Q3,JPM,2021-Q3,qa,positive,"Can you share with us, from your guys' perspective, what are you focusing in on with the Basel III final rules and regulations that could affect your growth going forward?",0.008613958954811
JPM_2021-Q3,JPM,2021-Q3,qa,positive,"So that's why we believe that, that should be addressed as was contemplated in the original rule.",0.041767131537199
JPM_2021-Q3,JPM,2021-Q3,qa,positive,"But just higher level, should we anticipate that deposits could actually decline or no, that they are going to be so sticky, even with the liquidity that everybody carries, that we shouldn't really see a decline in deposits after QE ends, so let's call it, second half of next year?",-0.897573709487915
JPM_2021-Q4,JPM,2021-Q4,remarks,positive,"We'll be keeping this format going forward, and you'll see later that this is how we will talk about the outlook.",0.0672636702656745
JPM_2021-Q4,JPM,2021-Q4,remarks,positive,"Our outlook remains constructive, but our reserve balances still account for various sources of uncertainty and potential downside as a result of the remaining abnormal features of the economic environment.",-0.8085473775863647
JPM_2021-Q4,JPM,2021-Q4,remarks,positive,"And looking ahead, we do expect some modest normalization of the wallet in 2022.",0.9174813032150269
JPM_2021-Q4,JPM,2021-Q4,remarks,hedging,"NII, ex-markets, was down nearly 20% on the headwinds of lower rates and card revolve that we've discussed throughout the year.",-0.966249704360962
JPM_2021-Q4,JPM,2021-Q4,remarks,positive,And we do expect some catch-up in those effects as we look forward.,0.8859787583351135
JPM_2021-Q4,JPM,2021-Q4,remarks,positive,"We also continue to expand internationally, including 13 international markets as part of our commercial bank expansion, China in both our CIB and AWM businesses, and in the U.K. with Chase U.K., where we've seen exciting progress since we launched in September, although we expect this to be a multiyear journey before having a measurable impact on the firm overall.",0.9090938568115234
JPM_2021-Q4,JPM,2021-Q4,remarks,positive,"We continue to hire bankers and advisors in investment banking, private banking and wealth management, really across all of the wholesale and consumer footprint, where we believe we have opportunities to better penetrate geographies and sectors to continue to grow share.",0.8274760246276855
JPM_2021-Q4,JPM,2021-Q4,remarks,positive,We believe it's critical to identify and resolve customer pain points and improve the user experience.,0.869439423084259
JPM_2021-Q4,JPM,2021-Q4,remarks,hedging,"But the headwinds likely exceed the tailwinds as capital markets normalize off an elevated wallet, and we continue to make additional investments, as well as the impact of inflationary pressures.",0.91498601436615
JPM_2021-Q4,JPM,2021-Q4,remarks,hedging,So let us try to give you more detail around forward-looking drivers that could be headwinds or tailwinds.,-0.0206251591444015
JPM_2021-Q4,JPM,2021-Q4,remarks,positive,"Of course, there could be an upside case where revolving balances recover much faster, but we believe the risks here are more likely to be skewed to the downside.",-0.38733971118927
JPM_2021-Q4,JPM,2021-Q4,remarks,positive,"But over the next one to two years, we expect to earn modestly below that target.",0.1496226191520691
JPM_2021-Q4,JPM,2021-Q4,remarks,positive,"We expect NII, excluding markets, to be roughly $50 billion in 2022, up approximately $5.5 billion from 2021.",0.9284600615501404
JPM_2021-Q4,JPM,2021-Q4,remarks,hedging,"Despite this, we are going to continue to invest, and we're not going to let temporary headwinds distract us from critical strategic ambitions.",0.7150269746780396
JPM_2021-Q4,JPM,2021-Q4,remarks,positive,"And so, looking at adjusted expenses, we expect roughly $77 billion in 2022, an increase of about $6 billion year on year or 8%.",0.9281079173088074
JPM_2021-Q4,JPM,2021-Q4,remarks,positive,"As we look ahead, we will continue to invest and innovate to build and strengthen this franchise for the long term.",0.9038403630256652
JPM_2021-Q4,JPM,2021-Q4,remarks,hedging,"And while there may be headwinds in the near term as we continue to work through the consequences of the pandemic, we've never felt better about the company and our position in this very competitive dynamic landscape.",0.1288509964942932
JPM_2021-Q4,JPM,2021-Q4,qa,positive,"With the background expectation of growth, and when all of that plays out and is finished playing out, we believe we should be back to 17%, all else equal.",0.8662629723548889
JPM_2021-Q4,JPM,2021-Q4,qa,positive,"And though, obviously, with higher rates, we expect things to be weaker next year.",-0.7058008313179016
JPM_2021-Q4,JPM,2021-Q4,qa,positive,"So when we think a little bit about the revenue outlook in our kind of normalized run rate, we are certainly assuming that many of the investments that we're making now and that we've made over the last couple of years will produce the revenues that we expect in that time horizon.",0.4599760770797729
JPM_2021-Q4,JPM,2021-Q4,qa,hedging,"So it may not be what you do if you have to meet NII next quarter of X, Y or Z or something like that.",-0.1656731963157653
JPM_2021-Q4,JPM,2021-Q4,qa,positive,"There's it's a lot of competition, and we intend to win.",0.8158785700798035
JPM_2021-Q4,JPM,2021-Q4,qa,hedging,We may not do -- we may not become the best digital bank in the U.K. or somewhere in the short run.,0.1443412452936172
JPM_2021-Q4,JPM,2021-Q4,qa,hedging,It might not always work so well.,-0.0497985407710075
JPM_2021-Q4,JPM,2021-Q4,qa,hedging,That may not always be true.,-0.0912207961082458
JPM_2021-Q4,JPM,2021-Q4,qa,positive,And we expect that eventually to normalize.,0.6474472880363464
JPM_2021-Q4,JPM,2021-Q4,qa,positive,"Again, just looking for some more specifics, at least, on digital banking and other tech areas, we expect revenue of pickup, not just -- you mentioned fraud and AML and ransomware and cyber, and that's all -- that's table stakes, as you would say.",0.0548034831881523
JPM_2022-Q1,JPM,2022-Q1,remarks,positive,"And as a result, we believe that our current capital and future earnings profile position as well to continue supporting business growth while meeting increasing capital requirements as we look ahead.",0.9318341612815856
JPM_2022-Q1,JPM,2022-Q1,remarks,hedging,"So, to wrap up, once again, this quarter, the company's performance was strong in a particularly volatile and challenging environment.",0.9336313009262084
JPM_2022-Q1,JPM,2022-Q1,remarks,positive,"Looking ahead, the U.S. economy remains robust, but we're watching high inflation, the reversal of QE, and rising rates, as well as the ongoing effects of the war on the global economy.",0.4228997230529785
JPM_2022-Q1,JPM,2022-Q1,qa,positive,"So, I guess to summarize, when we put all this together between improved income generation, some of the denominator decay effects, and the various levers that we have available to pull across the dimension of time as new information comes into play, we really feel quite good about our capital position from here and the trajectory as we look forward and minimums, you know, evolve.",0.6575088500976562
JPM_2022-Q1,JPM,2022-Q1,qa,hedging,"We talked a little bit over the last couple of quarters about, at the time, some short-term headwinds to that, mostly as a function of the rate environment and a couple of other things.",-0.1592331081628799
JPM_2022-Q1,JPM,2022-Q1,qa,hedging,"Just briefly, just to remember that based on the redefinition, if you drop into the regulatory buffer zone, you're subject to a 60% restriction, which, based on our recent historical net income generation, still gives us like ample, ample capacity to pay the dividend and so on.",0.0920910984277725
JPM_2022-Q1,JPM,2022-Q1,qa,hedging,"I'm simply pointing out that we've -- those are storm clouds on the horizon that may disappear, they may not.",-0.3052345812320709
JPM_2022-Q1,JPM,2022-Q1,qa,positive,"How are you thinking about trading, I guess, going forward?",0.0175882652401924
JPM_2022-Q1,JPM,2022-Q1,qa,positive,"We've been saying that, of course, we expect some normalization.",0.7370349764823914
JPM_2022-Q1,JPM,2022-Q1,qa,positive,I cannot foresee any scenario at all where you're not going to have a lot of volatility in markets going forward.,-0.1538273990154266
JPM_2022-Q2,JPM,2022-Q2,remarks,hedging,"In terms of outlook, while our existing pipeline remains healthy, conversion of the deal backlog may be challenging if the current headwinds continue.",-0.837566077709198
JPM_2022-Q2,JPM,2022-Q2,remarks,positive,"Deposits were down 5% quarter on quarter, driven by migration of nonoperating deposits into higher-yielding alternatives, which we expect to continue given the current rate environment.",-0.9683824181556702
JPM_2022-Q2,JPM,2022-Q2,remarks,positive,"As we look forward, we are mindful of the elevated uncertainty in the global economy, but we feel confident that we are prepared and well-positioned for a broad range of outcomes.",0.829251229763031
JPM_2022-Q2,JPM,2022-Q2,qa,positive,And we intend to drive that SCB down by reducing the things that created it.,0.3375051617622375
JPM_2022-Q2,JPM,2022-Q2,qa,hedging,"But with companies just citing higher inventory levels, declining personal savings rates, growing inflationary pressures, whole list of potential headwinds that could negatively impact loan growth from here, I was hoping you could just speak to the outlook for loan growth across some of the different businesses?",-0.4090318381786346
JPM_2022-Q2,JPM,2022-Q2,qa,positive,And I don't think we expect any particular change there.,0.0332533940672874
JPM_2022-Q2,JPM,2022-Q2,qa,positive,"In other words, $77 billion is the number that we see right now and the number that we believe.",0.0378328710794448
JPM_2022-Q2,JPM,2022-Q2,qa,positive,"And we can see in our outlook a bunch of factors driving up second half expense, including deal, M&A closing and adding to the run rate as well as continued execution of our investment plans, resulting in increased headcount, probably at a faster pace as we kind of have ramped up our hiring capacity and so on.",0.2192197740077972
JPM_2022-Q2,JPM,2022-Q2,qa,positive,"We expect consumer to be relatively stable, and we'll see how it goes.",0.4236180484294891
JPM_2022-Q3,JPM,2022-Q3,remarks,positive,"In terms of the fourth quarter outlook, we expect to be down versus a very strong prior year.",-0.9635844826698304
JPM_2022-Q3,JPM,2022-Q3,remarks,positive,"Going forward, we will also provide guidance for total firmwide NII.",0.1075329482555389
JPM_2022-Q3,JPM,2022-Q3,remarks,positive,"For the fourth quarter, we expect it to be approximately $19 billion, implying full year 2022 NII of approximately $66 billion.",0.0922487452626228
JPM_2022-Q3,JPM,2022-Q3,remarks,positive,"And we expect NII ex markets for the fourth quarter to also be about $19 billion, implying that we expect markets NII to be around zero, which brings the full year to about $61.5 billion.",0.496645450592041
JPM_2022-Q3,JPM,2022-Q3,remarks,positive,Our outlook remains unchanged.,0.0176562517881393
JPM_2022-Q3,JPM,2022-Q3,remarks,positive,"And/or if we change our outlook, meaning that we think the chance of adverse events are higher, we'll change our reserves.",-0.1151675507426261
JPM_2022-Q3,JPM,2022-Q3,remarks,hedging,There are a lot of uncertainties today.,-0.6017104387283325
JPM_2022-Q3,JPM,2022-Q3,qa,hedging,"Obviously, one of the toughest uncertainties is to understand think about flows and mix and beta.",-0.0310984775424003
JPM_2022-Q3,JPM,2022-Q3,qa,positive,"So as we look forward, we know that lags are significant right now.",-0.4879710972309112
JPM_2022-Q3,JPM,2022-Q3,qa,positive,"And then just the second follow-up on Jamie's points about like, OK, if things do look worse ahead, looking ahead, you might have to build a little bit more understandable over the next couple of years.",0.180384874343872
JPM_2022-Q3,JPM,2022-Q3,qa,positive,"But generally, in almost all cases, we think that's normalization, and it's even slower than we expect.",-0.1810643374919891
JPM_2022-Q3,JPM,2022-Q3,qa,hedging,"I mentioned QT as being one of the uncertainties because it's a very large change in the flow of funds around the world, who are the buyers and sellers of sovereign debt.",0.1269265115261078
JPM_2022-Q3,JPM,2022-Q3,qa,hedging,Those are large uncertainties that we know about today and in the future.,-0.0169252604246139
JPM_2022-Q3,JPM,2022-Q3,qa,positive,"As you well know, right now, we're in the middle of some very significant lags, which are affecting the numbers quite a bit and which we expect to persist for some time.",-0.9173396825790404
JPM_2022-Q3,JPM,2022-Q3,qa,positive,"So as we look forward in the near term from here, I would expect similar type sensitivities or rate fluctuations given the lag environment that we're in.",-0.0040808469057083
JPM_2022-Q3,JPM,2022-Q3,qa,positive,And should we expect that to be zero next year?,-0.0072126872837543
JPM_2022-Q3,JPM,2022-Q3,qa,positive,"Fundamentally, we believe the Markets business revenue is rate insensitive.",-0.9246788024902344
JPM_2022-Q3,JPM,2022-Q3,qa,positive,And I do expect future bond losses going forward.,-0.8467596173286438
META_2019-Q2,META,2019-Q2,remarks,positive,"Together, we expect these changes will set a new standard for our industry.",0.700109601020813
META_2019-Q2,META,2019-Q2,remarks,positive,"I don't believe it's sustainable for private companies to be making so many decisions on social issues without a robust democratic process, either the right regulations will get put into place or we expect frustration with our industry will continue to grow.",-0.5943244695663452
META_2019-Q2,META,2019-Q2,remarks,positive,We expect to form this oversight board by the end of this year.,0.0262181870639324
META_2019-Q2,META,2019-Q2,remarks,positive,"The association will create a new currency called Libra, which we powered by Blockchain Technology, so Libra association will be independent of Facebook or any other member but we plan to support this currency across our services.",0.2096500694751739
META_2019-Q2,META,2019-Q2,remarks,positive,There's going to be even more innovation over the next few years and we now have the platform that we're going to build on going forward.,0.7842327356338501
META_2019-Q2,META,2019-Q2,remarks,positive,"So even if it is taken longer than we expected to deliver the scale, I continue to believe that this will be one of the most important contributions we make to the way we all use technology over the long term.",0.761549711227417
META_2019-Q2,META,2019-Q2,remarks,positive,We are committed to earning back trust through the actions we take.,0.5646551251411438
META_2019-Q2,META,2019-Q2,remarks,hedging,Rest of world grew more slowly at 21% and was impacted by currency headwinds.,-0.9539270401000975
META_2019-Q2,META,2019-Q2,remarks,positive,"However, we continue to expect that our constant currency revenue growth rates will decelerate sequentially going forward.",0.6261978149414062
META_2019-Q2,META,2019-Q2,remarks,hedging,We also expect more pronounced deceleration in the fourth quarter and into 2020 partially driven by ad targeting related headwinds and uncertainties.,-0.9289529919624328
META_2019-Q2,META,2019-Q2,remarks,positive,We anticipate full year 2019 expenses to grow 53% to 61% compared to 2018.,0.9225451946258544
META_2019-Q2,META,2019-Q2,remarks,positive,We expect our tax rate for the remaining quarters of 2019 to be approximately 16%.,0.1323510706424713
META_2019-Q2,META,2019-Q2,qa,hedging,And then can you talk to us a little bit more about some of the ad targeting headwinds that you foresee in 4Q and in 2020?,0.0180370118468999
META_2019-Q2,META,2019-Q2,qa,hedging,And then the second question was on the ad targeting related headwinds.,-0.3116799592971802
META_2019-Q2,META,2019-Q2,qa,hedging,"So really it's the compounding of those three issues that are creating headwinds that we think are going to impact us, as we get later in the year and into 2020.",-0.8579829335212708
META_2019-Q2,META,2019-Q2,qa,positive,How should we think about the investments going forward and how that might impact growth versus margins?,-0.012833435088396
META_2019-Q2,META,2019-Q2,qa,positive,"So just broadly, I think we expect the revenue deceleration trend that Q2 is not mark a reversal of that, but we expect to kind of return to constant currency revenue growth deceleration as you get into the remainder of 2019.",0.539640486240387
META_2019-Q2,META,2019-Q2,qa,hedging,Can you just talk about how that could impact expense growth as you think about 2020 where in the past you've talked about more moderate expense growth for next year?,-0.0367089696228504
META_2019-Q2,META,2019-Q2,qa,positive,"It also closes the loop on the data and measurement, we're going to need going forward.",0.0744720995426178
META_2019-Q2,META,2019-Q2,qa,positive,So we believe that there needs to be a regulatory framework in place for each of the major issues that I just talked about.,0.1398451030254364
META_2019-Q2,META,2019-Q2,qa,positive,"We're optimistic about the growth over the long run, but we are as always very prudent and careful on the consumer experience.",0.2068110406398773
META_2019-Q2,META,2019-Q2,qa,positive,"So in the Facebook app overall after helping people connect with friends and family, helping people connected with communities is the next most important social problem that we believe we can help address and that's just going to be an area of increasing value in the product.",0.3143976032733917
META_2019-Q2,META,2019-Q2,qa,positive,So that's -- it's generally going well overall and we're very optimistic about communities in particular going forward is one of the drivers of that.,0.7116032838821411
META_2019-Q2,META,2019-Q2,qa,positive,So there's a lot of granularity that goes into thinking about how revenue will progress that ultimately it's going to depend on the supply and demand characteristics in that given quarter when we do that and we see that we expect constant currency deceleration.,-0.2325271964073181
META_2019-Q2,META,2019-Q2,qa,positive,We appreciate your time and we look forward to speaking with you again.,0.5435842275619507
META_2020-Q1,META,2020-Q1,remarks,positive,"So with that said, I want to use this time today to discuss how we're responding to COVID, what we're seeing across our services and some reflections on how we plan to run the company going forward.",0.1240425854921341
META_2020-Q1,META,2020-Q1,remarks,positive,And also what we should expect going forward with this disease.,0.0477176085114479
META_2020-Q1,META,2020-Q1,remarks,positive,And we plan to lead and offer the best services for social uses in each of those different categories.,0.1898403465747833
META_2020-Q1,META,2020-Q1,remarks,positive,So this is a moment where we feel that we're well positioned to be champions for small businesses interests and supporters of important infrastructure that they're going to need in order to move online.,0.7690973281860352
META_2020-Q1,META,2020-Q1,remarks,positive,"We can continue to pay all of our employees and contractors during this difficult time, which is why we believe we have a real responsibility to help others, especially small businesses around the world.",0.6818655133247375
META_2020-Q1,META,2020-Q1,remarks,positive,"We expect that we will lose some of this increased engagement when shelter-in-place restrictions are relaxed and life returns to a more normal cadence, which we all look forward to.",-0.0976542830467224
META_2020-Q1,META,2020-Q1,remarks,positive,"We expect our business performance will be impacted by issues beyond our control, including the duration and efficacy of shelter-in-place orders, the effectiveness of economic stimuli around the world and the fluctuation of currencies relative to the US dollar.",-0.8531166911125183
META_2020-Q1,META,2020-Q1,remarks,hedging,There is a tremendous amount of macro uncertainty.,-0.6887184977531433
META_2020-Q1,META,2020-Q1,remarks,positive,"We expect to realize operational savings in certain areas such as travel, events and marketing as well as from slower headcount growth in our business functions.",0.8628703355789185
META_2020-Q1,META,2020-Q1,remarks,positive,"However, we plan to continue to invest in product development and to recruit technical talent.",0.8886703252792358
META_2020-Q1,META,2020-Q1,remarks,positive,"As a result, we expect total expenses in 2020 to be between $52 billion and $56 billion, down from the prior range of $54 billion to $59 billion.",-0.9666526913642884
META_2020-Q1,META,2020-Q1,remarks,positive,We plan to continue to grow our capex investments to enhance and expand our global infrastructure footprint over the long-term.,0.9197401404380798
META_2020-Q1,META,2020-Q1,remarks,positive,"We expect our full year 2020 tax rate will be in the high teens, although we may see fluctuations in our quarterly rate depending on our financial results.",-0.0889567285776138
META_2020-Q1,META,2020-Q1,qa,positive,SMBs are also a major part of our business going forward.,0.0672195926308631
META_2020-Q1,META,2020-Q1,qa,positive,"It's hard to know what is just correlated with the pandemic versus people are doing more video chat or messaging, so therefore they also connect more in other parts of the products, but I do think, overall, we believe that providing a broad set of social tools for people is -- and just providing more value for people does include all of the different services which is important because as you know, some of the services for our business we include ads in and some we don't.",0.0864957198500633
META_2020-Q1,META,2020-Q1,qa,hedging,"I guess first, Dave, I was hoping, I know this is not a key focus right now but any updated thoughts or timeline on some of the targeting and measurement headline -- headwinds that you spoke about on the last call?",-0.0480630733072757
META_2020-Q1,META,2020-Q1,qa,hedging,"Yes, I mean the targeting headwinds are having an impact on the business, but obviously that's dwarfed by the impact that COVID-19 is having right now.",-0.3950108289718628
META_2020-Q1,META,2020-Q1,qa,positive,"So, these are impacting the whole industry, and we believe we're relatively well positioned.",0.0465377271175384
META_2020-Q1,META,2020-Q1,qa,hedging,"That said, I think this will have a broad impact on return on investment and could affect what advertisers are able to find and acquire customers effectively for their businesses, may not be able to grow as quickly as they otherwise could and that could have a negative impact on their growth in the economy and obviously revenue for us.",-0.8563507795333862
META_2020-Q1,META,2020-Q1,qa,positive,Stay safe everybody and we look forward to speaking with you again.,0.2294370830059051
META_2020-Q4,META,2020-Q4,remarks,hedging,But there are also a lot of groups that we may not want to encourage people to join even if they don't violate our policies.,0.0229642018675804
META_2020-Q4,META,2020-Q4,remarks,positive,"And we're continuing to fine-tune how this works, but now, we plan to keep civic and political groups out of recommendations for the long term and we plan to expand that policy globally.",0.4350610971450805
META_2020-Q4,META,2020-Q4,remarks,positive,"We launched Quest 2 in October, and it is on track to be the first mainstream virtual reality headset.",0.5180055499076843
META_2020-Q4,META,2020-Q4,remarks,positive,"We're still working on some of the foundational technology to underpin these and the ultimate product is still some years away, but this year, we are excited to deliver a first glimpse of what will be when we launch our first pair of smart glasses from Ray-Ban in partnership with Luxottica.",0.6275196075439453
META_2020-Q4,META,2020-Q4,remarks,hedging,We have been encouraged to see improved demand for our ads during the second half of the year after facing significant headwinds at the onset of the pandemic.,0.9333245754241944
META_2020-Q4,META,2020-Q4,remarks,positive,"Consistent with our outlook, U.S. and Canada DAU declined 1 million sequentially as usage continued to normalize from peak COVID levels experienced earlier in the year.",-0.9610127210617064
META_2020-Q4,META,2020-Q4,remarks,hedging,Rest of world growth improved 25% but continues to be significantly impacted by currency headwinds.,0.8704361319541931
META_2020-Q4,META,2020-Q4,remarks,positive,We believe our business has benefited from two broad economic trends playing out during the pandemic.,0.9149019122123718
META_2020-Q4,META,2020-Q4,remarks,positive,"We believe these shifts provided a tailwind to our advertising business in the second half of 2020, given our strength in product verticals sold via online commerce and our lower exposure to service verticals like travel.",-0.7690387964248657
META_2020-Q4,META,2020-Q4,remarks,positive,"As a result, we expect year-over-year growth rates in total revenue to remain stable or modestly accelerate sequentially in the first and second quarters of 2021.",0.9206932187080384
META_2020-Q4,META,2020-Q4,remarks,hedging,We also expect to face more significant ad targeting headwinds in 2021.,-0.9199607372283936
META_2020-Q4,META,2020-Q4,remarks,positive,"We expect 2021 total expenses to be in the range of $68 billion to $73 billion, unchanged from our prior outlook.",0.8268950581550598
META_2020-Q4,META,2020-Q4,remarks,positive,"We continue to expect 2021 capital expenditures to be in the range of $21 billion to $23 billion driven by data centers, servers, network infrastructure, and office facilities.",0.537813663482666
META_2020-Q4,META,2020-Q4,remarks,positive,Our outlook includes spend that was delayed from 2020 due to the impact of the pandemic on our construction efforts.,-0.907245635986328
META_2020-Q4,META,2020-Q4,remarks,positive,We continue to expect our full-year 2021 tax rates to be in the high teens.,0.1673202216625213
META_2020-Q4,META,2020-Q4,qa,positive,"We don't have the results for Q4, but we expect that sort of trend continued.",0.5837987065315247
META_2020-Q4,META,2020-Q4,qa,hedging,"For Dave and Sheryl, we know you mentioned significant ad targeting headwinds.",-0.5570206046104431
META_2020-Q4,META,2020-Q4,qa,positive,So I don't think our outlook has changed in any significant way on iOS 14.,-0.1308226287364959
META_2020-Q4,META,2020-Q4,qa,positive,"And we do expect there to be high opt-out rates related to that, and that's factored into our outlook.",0.7431758046150208
META_2020-Q4,META,2020-Q4,qa,positive,We expect that to roll out sometime -- we expect later in Q1.,0.101344533264637
META_2020-Q4,META,2020-Q4,qa,positive,And how do you think about aligning investments against the opportunity in the coming years?,0.0418242178857326
META_2020-Q4,META,2020-Q4,qa,hedging,And then you layer on top of that headwind to growth related to privacy-related headwinds.,0.0045661069452762
META_2020-Q4,META,2020-Q4,qa,hedging,"So we certainly anticipate growth, but we're just looking at tougher comps as we hit the back half of the year given really, most importantly, the strength that we saw this year and then, on top of that, the headwinds that we're seeing from some of the privacy changes.",0.2777175307273865
META_2020-Q4,META,2020-Q4,qa,hedging,Is there a way to quantify it or quantify the engagement with it to see if this is one of the headwinds that you guys talk about in terms of potentially emerging in 2021?,-0.0298038870096206
META_2020-Q4,META,2020-Q4,qa,hedging,"And second, on the regulatory headwinds, there is just increasing talk of about Section 220 protection.",-0.3178384900093078
META_2020-Q4,META,2020-Q4,qa,hedging,But one thing to mention just because you were asking about the headwinds and all that is I don't think that this is a factor in any of that.,-0.0109255872666835
META_2020-Q4,META,2020-Q4,qa,positive,This is not something that's factoring into our outlook.,0.0166153013706207
META_2020-Q4,META,2020-Q4,qa,positive,"So, no, it's not factoring in on either the ad side or the engagement side in our outlook.",0.0564374029636383
META_2020-Q4,META,2020-Q4,qa,positive,And could community evolve as a meaningful monetization driver in the coming years?,0.2572321593761444
META_2020-Q4,META,2020-Q4,qa,positive,"We appreciate your time, and we look forward to speaking with you again.",0.3923729062080383
META_2021-Q1,META,2021-Q1,remarks,positive,But we believe that it is the minimum bar for a high-quality experience.,0.1261445134878158
META_2021-Q1,META,2021-Q1,remarks,positive,"And going forward, online commerce will continue to offer an increasingly personalized and convenient experience.",0.4751966595649719
META_2021-Q1,META,2021-Q1,remarks,positive,"Now together, these efforts around creators, commerce, and the next computing platform are a few of the big areas that we were doubling down on going forward.",0.0235990323126316
META_2021-Q1,META,2021-Q1,remarks,hedging,"And part of it is helping them navigate the headwinds that are coming down the line, whether it's the iOS 14 changes or potential regulations.",0.1252429783344268
META_2021-Q1,META,2021-Q1,remarks,hedging,"On the second part, headwinds.",-0.7171822190284729
META_2021-Q1,META,2021-Q1,remarks,hedging,Our year-over-year ad revenue growth also benefited from lapping pandemic-related demand headwinds experienced during March of last year.,0.9376372694969176
META_2021-Q1,META,2021-Q1,remarks,hedging,"Europe and Asia Pacific benefited from currency tailwinds, while Rest of World continued to face currency headwinds.",0.7097037434577942
META_2021-Q1,META,2021-Q1,remarks,positive,We expect that advertising revenue growth will continue to be primarily driven by price during the rest of 2021.,0.8160452246665955
META_2021-Q1,META,2021-Q1,remarks,positive,We expect second-quarter 2021 year-over-year total revenue growth to remain stable or modestly accelerate relative to the growth rate in the first quarter of 2021 as we lap slower growth related to the pandemic during the second quarter of 2020.,0.9132040143013
META_2021-Q1,META,2021-Q1,remarks,positive,"In the third and fourth quarters of 2021, we expect year-over-year total revenue growth rates to significantly decelerate sequentially as we lap periods of increasingly strong growth.",0.7572596669197083
META_2021-Q1,META,2021-Q1,remarks,positive,"We continue to expect increased ad targeting headwinds in 2021 from regulatory and platform changes, notably the recently launched iOS 14.5 update, which we expect to begin having an impact in the second quarter.",-0.8936538100242615
META_2021-Q1,META,2021-Q1,remarks,positive,This is factored into our outlook.,0.0301975402981042
META_2021-Q1,META,2021-Q1,remarks,positive,"We expect 2021 total expenses to be in the range of $70 billion to $73 billion, updated from our prior outlook of $68 billion to $73 billion.",0.8518084287643433
META_2021-Q1,META,2021-Q1,remarks,positive,"We expect 2021 capital expenditures to be in the range of $19 billion to $21 billion, down from our prior estimate of $21 billion to $23 billion.",-0.9621884226799012
META_2021-Q1,META,2021-Q1,remarks,positive,We continue to expect our full-year 2021 tax rate to be in the high teens.,-0.049723744392395
META_2021-Q1,META,2021-Q1,qa,positive,And we believe that Facebook drives hundreds of billions of dollars of off-site e-commerce GMV today through our ads business.,0.0332884043455123
META_2021-Q1,META,2021-Q1,qa,positive,"And our goals going forward are, we want to continue to be the very best place to advertise.",0.3922325074672699
META_2021-Q1,META,2021-Q1,qa,positive,"You know, we continue to expect it will be a headwind for the remainder of the year, but we're making encouraging progress, as Sheryl mentioned, on our own solutions to help advertisers navigate these changes.",0.929960072040558
META_2021-Q1,META,2021-Q1,qa,positive,We will continue trying to work on that.,0.224394604563713
META_2021-Q1,META,2021-Q1,qa,positive,We believe we will still be relatively better positioned.,0.9299856424331664
META_2021-Q1,META,2021-Q1,qa,positive,"We appreciate your time, and we look forward to speaking with you again.",0.3923729658126831
META_2021-Q3,META,2021-Q3,remarks,hedging,"As expected, we did experience revenue headwinds this quarter, including from Apple's changes that are not only negatively affecting our business but millions of small businesses in what is already a difficult time for them and the economy.",-0.9535897970199584
META_2021-Q3,META,2021-Q3,remarks,positive,"Sheryl and Dave will talk about this more later, but the bottom line is we expect we'll be able to navigate these headwinds over time with investments that we're already making today.",0.9120883345603944
META_2021-Q3,META,2021-Q3,remarks,positive,"We have made massive investments in safety and security with more than 40,000 people and we are on track to spend more than $5 billion on safety and security in 2021.",0.6550647616386414
META_2021-Q3,META,2021-Q3,remarks,positive,"And as a result, we believe that our systems are the most effective at reducing harmful content across the industry, and I think that any honest accounts of how we handle these issues should include that.",0.3666598498821258
META_2021-Q3,META,2021-Q3,remarks,positive,We expect this to continue growing and I am optimistic that Reels will be as important for our products as Stories is.,0.8392194509506226
META_2021-Q3,META,2021-Q3,remarks,positive,This is a major area of investment for us and an important part of our strategy going forward.,0.2825675010681152
META_2021-Q3,META,2021-Q3,remarks,positive,"In 2021, we expect these investments to reduce our overall operating profit by approximately $10 billion, and I expect this investment to grow even further for each of the next several years.",-0.8931913375854492
META_2021-Q3,META,2021-Q3,remarks,hedging,I want to explain some of the revenue softness we've seen and what we're doing to mitigate the headwinds and help businesses over the crucial holiday period and beyond.,0.4660553336143493
META_2021-Q3,META,2021-Q3,remarks,hedging,We've been open about the fact that there were headwinds coming and we've experienced that in Q3.,0.1642521917819976
META_2021-Q3,META,2021-Q3,remarks,hedging,"The biggest is the impact of Apple iOS 14 changes, which has created headwinds for others in the industry as well, major challenges for small businesses, and advantaged Apple's own advertising business.",-0.8937653303146362
META_2021-Q3,META,2021-Q3,remarks,positive,"On measurement, as we wrote in a recent blog post, we believe we are underreporting iOS web conversions.",-0.5972926020622253
META_2021-Q3,META,2021-Q3,remarks,positive,"And while we and our advertisers will continue to feel the effect of these changes in future quarters, we will continue working hard to mitigate them.",0.8903225660324097
META_2021-Q3,META,2021-Q3,remarks,positive,"Despite the headwinds, we remain confident about our future.",0.9073013663291932
META_2021-Q3,META,2021-Q3,remarks,positive,"We believe Facebook and Instagram are the best place for people to connect with their friends and families, build communities, and start and grow businesses.",0.4946306347846985
META_2021-Q3,META,2021-Q3,remarks,positive,And we believe they're still the best platform for advertisers to reach people where they are and get measurable outcomes.,0.722084641456604
META_2021-Q3,META,2021-Q3,remarks,hedging,"Though as Sheryl noted, growth was hindered by three primary headwinds.",-0.960317611694336
META_2021-Q3,META,2021-Q3,remarks,hedging,"First, advertising spend was negatively impacted by performance and measurement headwinds related to Apple's ATT changes.",-0.9595039486885072
META_2021-Q3,META,2021-Q3,remarks,hedging,"Second, we are seeing some macro headwinds as growth in online commerce has moderated from the elevated levels experienced earlier in the pandemic and businesses faced supply chain disruptions.",-0.9247484803199768
META_2021-Q3,META,2021-Q3,remarks,positive,"Starting with our results for the fourth quarter of 2021, we plan to break out Facebook Reality Labs or FRL as a separate reporting segment.",0.0453403331339359
META_2021-Q3,META,2021-Q3,remarks,positive,"As Mark noted, we expect our investment in FRL to reduce our overall operating profit in 2021 by approximately $10 billion.",-0.962879478931427
META_2021-Q3,META,2021-Q3,remarks,positive,We are committed to bringing this long-term vision to life and we expect to increase our investments for the next several years.,0.8996623158454895
META_2021-Q3,META,2021-Q3,remarks,positive,We expect fourth-quarter 2021 total revenue to be in the range of $31.5 billion to $34 billion.,0.1045953035354614
META_2021-Q3,META,2021-Q3,remarks,positive,Our outlook reflects the significant uncertainty we face in the fourth quarter in light of continued headwinds from Apple's iOS 14 changes and macroeconomic- and COVID-related factors.,-0.8288261294364929
META_2021-Q3,META,2021-Q3,remarks,positive,"In addition, we expect non-ads revenue to be down year over year in the fourth quarter as we lap the strong launch of Quest 2 during last year's holiday shopping season.",-0.9666752815246582
META_2021-Q3,META,2021-Q3,remarks,positive,"We expect 2021 total expenses to be in the range of $70 billion to $71 billion, updated from our prior outlook of $70 billion to $73 billion.",0.8583461046218872
META_2021-Q3,META,2021-Q3,remarks,positive,"We anticipate our full-year 2022 total expenses will be in the range of $91 billion to $97 billion, driven by investments in technical and product talent and infrastructure-related costs.",0.3367100656032562
META_2021-Q3,META,2021-Q3,remarks,positive,"We expect 2021 capital expenditures to be approximately $19 billion, updated from our prior estimate of $19 billion to $21 billion.",0.865306556224823
META_2021-Q3,META,2021-Q3,remarks,positive,"For 2022, we expect capital expenditures to be in the range of $29 billion to $34 billion, driven by our investments in data centers, servers, network infrastructure, and office facilities.",0.624229907989502
META_2021-Q3,META,2021-Q3,remarks,positive,"A large factor driving the increase in capex spend is an investment in our AI and machine learning capabilities, which we expect to benefit our efforts in ranking and recommendations for experiences across our products, including in feed and video, as well as improving ads performance and relevance.",0.9136165380477904
META_2021-Q3,META,2021-Q3,remarks,positive,We expect our Q4 2021 tax rate to be in the high teens.,-0.0484761148691177
META_2021-Q3,META,2021-Q3,remarks,positive,"Please note that our outlook for 2022 expenses, capital expenditures, and tax rate are preliminary estimates as we have not yet finalized our 2022 budget.",-0.1292726397514343
META_2021-Q3,META,2021-Q3,remarks,hedging,"In closing, this was another solid quarter for our business despite facing some headwinds.",0.882117509841919
META_2021-Q3,META,2021-Q3,remarks,positive,"And we believe the investments we're making in our current services, as well as new products and experiences, will enable us to remain the best place for people to connect and for businesses to advertise, both now and in the years ahead With that, France, let's open up the call for questions.",0.2449263781309127
META_2021-Q3,META,2021-Q3,qa,hedging,Any more specifics you can share about where you've made the most progress from your investment to date and sort of some of the areas we're seeing more challenges you need to continue to invest to really improve to navigate through this more challenging environment?,0.16459621489048
META_2021-Q3,META,2021-Q3,qa,positive,We believe that real-world conversions like sales and app installs are higher.,0.9422788023948668
META_2021-Q3,META,2021-Q3,qa,positive,"So, you know, I think that brings some uncertainty into the Q4 outlook that's reflected in our guidance range.",0.008961796760559
META_2021-Q3,META,2021-Q3,qa,positive,"I know you're speaking about a focus on going forward, but how has it been trending of late?",0.0773708075284957
META_2021-Q3,META,2021-Q3,qa,hedging,"On the iOS changes, is it fair to say that that's the majority that accounts for the majority of the headwinds that you saw in Q3 and expect to see in Q4?",-0.1802172064781189
META_2021-Q3,META,2021-Q3,qa,hedging,"On the first question, yes, the Apple platform changes were the largest factor in terms of Q3 headwinds.",-0.8503420948982239
META_2021-Q3,META,2021-Q3,qa,hedging,"So, I know we're talking about headwinds and IDFA and, you know, supply chains, and everything like that.",-0.1088892146944999
META_2021-Q3,META,2021-Q3,qa,positive,"I will tell you that what we're hearing from advertisers is they are -- or they are seeing, you know, supply chain issues that was true in Q3 and, you know, had an impact there, as well as we expect that to continue to carry over into Q4.",0.0008252561092376
META_2021-Q3,META,2021-Q3,qa,hedging,"There also -- obviously, that intersects with the challenges with the targeting and measurement headwinds from iOS 14.",-0.4016810655593872
META_2021-Q3,META,2021-Q3,qa,positive,"So, you know, it's hard to parse exactly how the platform issues and the macroeconomic factors will play into Q4, but I think those are the two biggest factors driving the range of potential outcomes that we've outlined in our guidance.",0.0561524294316768
META_2021-Q3,META,2021-Q3,qa,positive,We believe we drive hundreds of billions of dollars of off-site e-commerce gross merchandise volume today through our ads business.,0.1701155453920364
META_2021-Q3,META,2021-Q3,qa,positive,We appreciate your time and we look forward to speaking with you again.,0.5435841083526611
META_2021-Q4,META,2021-Q4,remarks,positive,"As we continue to improve the tools for creators, ranking for the people watching, and as we roll out the product everywhere across the world, we expect that this will continue growing quickly.",0.8627806901931763
META_2021-Q4,META,2021-Q4,remarks,positive,"So looking ahead, we're investing in simplifying video across Instagram, building more great, creative, and monetization tools for creators, and helping more people discover and interact with relevant Reels.",0.3272243738174438
META_2021-Q4,META,2021-Q4,remarks,positive,And we believe that this can be an important business for us in the years to come.,0.5549700856208801
META_2021-Q4,META,2021-Q4,remarks,positive,"Now looking ahead, we're focused on further scaling our computing power and transforming our AI infrastructure through advances in foundational research, as well as improvements to data center design, networking, storage, and software.",0.7861022353172302
META_2021-Q4,META,2021-Q4,remarks,positive,"And this year, we plan to launch a version of Horizon on mobile, too, so that'll bring early metaverse experiences to more surfaces beyond VR.",0.2095719277858734
META_2021-Q4,META,2021-Q4,remarks,positive,"But I'm pleased with the momentum and the progress that we've made so far, and I'm confident these are the right investments for us to focus on going forward.",0.8774316906929016
META_2021-Q4,META,2021-Q4,remarks,hedging,But there were a number of dynamic factors that created headwinds for us this past quarter in addition to those Mark described around competition and our shift to short-form video.,-0.7234446406364441
META_2021-Q4,META,2021-Q4,remarks,hedging,"We've also heard from advertisers about other macro trends that contributed to the headwinds in Q4, including global supply chain disruptions, labor shortages, and inflationary pressures.",-0.9216711521148682
META_2021-Q4,META,2021-Q4,remarks,hedging,"Like others in our industry, we faced headwinds as a result of Apple iOS changes.",-0.9398801326751708
META_2021-Q4,META,2021-Q4,remarks,positive,But we expect the overall targeting and measurement headwinds to moderately increase from Apple's changes and from regulatory changes in Q1 and throughout 2022.,0.795578122138977
META_2021-Q4,META,2021-Q4,remarks,positive,"On the shift to short-form video, I want to emphasize that while we're going through a transition, we're optimistic.",0.6656444072723389
META_2021-Q4,META,2021-Q4,remarks,positive,"Right now, Reels monetizes at a lower rate than feed and Stories, but we expect this to improve over time.",0.7844845056533813
META_2021-Q4,META,2021-Q4,remarks,positive,"In the coming year, we'll continue to invest in things that improve ad performance for our clients, in short-form video like Reels, and in making the commerce experience better for consumers and marketers on our platforms.",0.7130267024040222
META_2021-Q4,META,2021-Q4,remarks,positive,I will begin by discussing our consolidated results before moving to segments and ending with our outlook.,0.0204800590872764
META_2021-Q4,META,2021-Q4,remarks,hedging,"This was partially offset by engagement-related headwinds as we faced increased competition for people's time and a shift of engagement within our apps to video surfaces like Reels, which show fewer ads than feed or Stories today.",-0.8978025317192078
META_2021-Q4,META,2021-Q4,remarks,hedging,Worldwide pricing growth slowed from the third quarter as we lapped stronger growth in the year-ago period and faced currency headwinds.,-0.959549844264984
META_2021-Q4,META,2021-Q4,remarks,hedging,Pricing was also negatively impacted by advertisers facing challenges from macroeconomic factors and measurement and targeting headwinds.,-0.960486888885498
META_2021-Q4,META,2021-Q4,remarks,hedging,Facebook user growth was impacted by a few headwinds in the fourth quarter.,-0.9573426842689514
META_2021-Q4,META,2021-Q4,remarks,positive,"In Asia-Pacific and Rest of World, we believe COVID resurgences during prior periods pulled forward user growth.",0.935509204864502
META_2021-Q4,META,2021-Q4,remarks,positive,"In addition to these factors, we believe competitive services are negatively impacting growth, particularly with younger audiences.",-0.9354959726333618
META_2021-Q4,META,2021-Q4,remarks,positive,"We expect first quarter 2022 total revenue to be in the range of $27 billion to $29 billion, which represents 3% to 11% year-over-year growth.",0.916344940662384
META_2021-Q4,META,2021-Q4,remarks,positive,We expect our year-over-year growth in the first quarter to be impacted by headwinds to both impression and price growth.,-0.9460762143135072
META_2021-Q4,META,2021-Q4,remarks,positive,"On the impressions side, we expect continued headwinds from both increased competition for people's time and a shift of engagement within our apps toward video surfaces like Reels, which monetize at lower rates than feed and Stories.",-0.8551400303840637
META_2021-Q4,META,2021-Q4,remarks,positive,"On the pricing side, we expect growth to be negatively impacted by a few factors.",-0.793527364730835
META_2021-Q4,META,2021-Q4,remarks,positive,"First, we will lap a period in which Apple's iOS changes were not in effect and we anticipate modestly increasing ad targeting and measurement headwinds from platform and regulatory changes.",0.3902997076511383
META_2021-Q4,META,2021-Q4,remarks,positive,"Finally, based on current exchange rates, we expect foreign currency to be a headwind to year-over-year growth.",-0.9381095170974731
META_2021-Q4,META,2021-Q4,remarks,positive,"We expect 2022 total expenses to be in the range of $90 billion to $95 billion, updated from our prior outlook of $91 billion to $97 billion.",0.8647143840789795
META_2021-Q4,META,2021-Q4,remarks,positive,"We expect 2022 capital expenditures, including principal payments on finance leases, to be in the range of $29 billion to $34 billion, unchanged from our prior estimate.",0.8594558238983154
META_2021-Q4,META,2021-Q4,remarks,positive,"Absent any changes to U.S. tax laws, we expect our full year 2022 tax rate to be similar to the full year 2021 rate.",0.2082401812076568
META_2021-Q4,META,2021-Q4,qa,hedging,"Then the second one, Dave, when you sort of talk about the headwinds around ad targeting and measurement becoming larger in the first quarter and in 2022, is there anything other than sort of year-on-year data comps there?",-0.0882852971553802
META_2021-Q4,META,2021-Q4,qa,hedging,"But, obviously, as we go into 2022, we're going to be lapping a period in which in Q1 and Q2, those headwinds were not in place in the year-ago period.",-0.3008652925491333
META_2021-Q4,META,2021-Q4,qa,positive,"And, you know, we believe the impact of iOS overall as a headwind on our business in 2022 is on the order of $10 billion, so it's a pretty significant headwind for our business.",-0.8742324113845825
META_2021-Q4,META,2021-Q4,qa,positive,"And if you look at it, you know, we believe those restrictions from Apple are designed in a way that carves out browsers from the tracking prompts Apple requires for apps.",0.0407282635569572
META_2021-Q4,META,2021-Q4,qa,positive,"And as a result, you know, we believe Google Search ad business could have benefited relative to services like ours is based a different set of restrictions from Apple.",0.4208537936210632
META_2021-Q4,META,2021-Q4,qa,positive,"On this part, we've made real progress on that underreporting gap since last quarter, and we believe we'll continue to make more progress in the years ahead.",0.931249737739563
META_2021-Q4,META,2021-Q4,qa,hedging,"On the second part of your question, it's really about sort of what's the landscape of headwinds look like as it relates to targeting and measurement.",-0.0213020592927932
META_2021-Q4,META,2021-Q4,qa,hedging,"We've got incremental headwinds coming from things like iOS 15, which provides some additional sort of targeting and measurement headwinds.",-0.482490599155426
META_2021-Q4,META,2021-Q4,qa,hedging,"But we're continuing to fix more headwinds as it relates to like iOS 15 and also, you know, further regulatory headwinds that restrict the use of data for targeting purposes in regions like Europe.",-0.3677571713924408
META_2021-Q4,META,2021-Q4,qa,hedging,So we'll continue to see headwinds.,-0.907770812511444
META_2021-Q4,META,2021-Q4,qa,hedging,"But, you know, the biggest lapping effect will be in the first half of the year where we didn't have the big iOS 14 headwinds in the same period last year.",-0.3251338601112366
META_2021-Q4,META,2021-Q4,qa,positive,"I'm just curious if there's more in the product pipeline, and could that deeper integration potentially have even greater drag on revenue going forward?",0.0916903167963028
META_2021-Q4,META,2021-Q4,qa,positive,"We think it's growing -- it is going to grow a lot going forward, we believe, in engagement on both of those platforms.",0.9021632075309752
META_2021-Q4,META,2021-Q4,qa,positive,So I think we're optimistic about it.,0.3164683878421783
META_2021-Q4,META,2021-Q4,qa,hedging,"And then, you know, if you look at the Rest of World, we've seen some headwinds there, kind of a little bit unique in the quarter in areas like India, where we saw data plan pricing increase lead to slower growth there.",-0.8720836639404297
META_2021-Q4,META,2021-Q4,qa,hedging,Is that just the revenue headwinds that you're experiencing or any other lumpy items?,-0.8220586776733398
META_2021-Q4,META,2021-Q4,qa,positive,"We appreciate your time, and we look forward to speaking with you again.",0.3923729658126831
META_2022-Q1,META,2022-Q1,remarks,hedging,"Now unfortunately, that's not going to happen in 2022, given the revenue headwinds.",-0.7558379173278809
META_2022-Q1,META,2022-Q1,remarks,positive,But we remain confident in our long-term opportunities and growth.,0.8676990866661072
META_2022-Q1,META,2022-Q1,remarks,hedging,"First, we're managing headwinds from the shift to short-form video that I just mentioned.",-0.0713740736246109
META_2022-Q1,META,2022-Q1,remarks,positive,We're focused on growing Reels as a major part of the discovery engine vision and we expect that this expansion and engagement to shift from a short-term headwind to a tailwind at some point.,0.7368742227554321
META_2022-Q1,META,2022-Q1,remarks,hedging,"Now while this is playing out, we're also managing the headwinds from signal loss that we've discussed a lot recently.",0.2355895936489105
META_2022-Q1,META,2022-Q1,remarks,positive,"We plan to launch a web version of Horizon later this year that will make it easy for people to step into the Metaverse experiences from a lot more platforms, even without needing a headset.",0.3015035390853882
META_2022-Q1,META,2022-Q1,remarks,positive,We expect to be meaningfully better at monetization than others in the space and we think that that should become a sustainable advantage for our platforms as they develop.,0.9192521572113036
META_2022-Q1,META,2022-Q1,remarks,hedging,"We saw solid growth in APAC and Rest of World, but a more challenging environment in North America and Europe.",0.8617885112762451
META_2022-Q1,META,2022-Q1,remarks,hedging,"Despite the headwinds Mark described a moment ago, we saw meaningful growth in areas like video ads and click-to-messaging ads.",0.9370677471160888
META_2022-Q1,META,2022-Q1,remarks,hedging,"Prior to the war in Ukraine, we faced expected headwinds related to the continued slowdown in our online e-commerce vertical, which had grown quickly during the COVID-19 pandemic as well as ongoing targeting and measurement challenges impacting advertising spend.",-0.924854040145874
META_2022-Q1,META,2022-Q1,remarks,positive,We believe that war introduced further volatility into an already uncertain macroeconomic landscape for advertisers.,-0.8885239362716675
META_2022-Q1,META,2022-Q1,remarks,positive,We expect this trend to continue in the second quarter and this will likely cause global MAU to be flat to down sequentially.,-0.919761836528778
META_2022-Q1,META,2022-Q1,remarks,positive,We expect second quarter 2022 total revenue to be in the range of $28 billion to $30 billion.,0.1261813342571258
META_2022-Q1,META,2022-Q1,remarks,positive,Our guidance assumes foreign currency will be approximately a 3% headwind to year-over-year growth in the second quarter based on current exchange rates.,-0.9256240129470824
META_2022-Q1,META,2022-Q1,remarks,positive,"We expect 2022 total expenses to be in the range of $87 billion to $92 billion, lowered from our prior outlook of $90 billion to $95 billion.",-0.948926031589508
META_2022-Q1,META,2022-Q1,remarks,positive,We expect 2022 expense growth to be driven primarily by the family of apps segment followed by Reality Labs.,0.6276451349258423
META_2022-Q1,META,2022-Q1,remarks,positive,"We expect 2022 capital expenditures, including principal payments on finance leases to be in the range of $29 billion to $34 billion, unchanged from our prior estimate.",0.8596417903900146
META_2022-Q1,META,2022-Q1,remarks,positive,"Absent any changes to U.S. tax law, we expect our full year 2022 tax rate to be above the Q1 rate and in the high teens.",0.8393592834472656
META_2022-Q1,META,2022-Q1,remarks,hedging,"Given the resulting revenue headwinds, we have adjusted our plans for hiring and expense growth this year.",0.4192434251308441
META_2022-Q1,META,2022-Q1,qa,hedging,How should we think about how much of this year's capex is sort of onetime-ish that may not persist on a multiyear basis?,-0.1477503180503845
META_2022-Q1,META,2022-Q1,qa,positive,Or is it better to think of it as maybe the capital intensity of the business could just be structurally higher going forward?,-0.0360206067562103
META_2022-Q1,META,2022-Q1,qa,hedging,Can you give us an update on how those headwinds continue to evolve?,0.0701697543263435
META_2022-Q1,META,2022-Q1,qa,positive,"We expect -- we've expected ongoing privacy headwinds from the iOS changes, and we continue to see them.",-0.8373802900314331
META_2022-Q1,META,2022-Q1,qa,hedging,"More specifically, ATT continues to be a headwind, but we're also seeing incremental headwinds from iOS 15 and other regulatory changes.",-0.9012598395347596
META_2022-Q1,META,2022-Q1,qa,hedging,"And again, we factored all of those headwinds into our Q2 outlook.",-0.3497959971427917
META_2022-Q1,META,2022-Q1,qa,hedging,"Of course, any outlook on platform headwinds depends in part on the platforms themselves and how they write and enforce their policies.",-0.0714149475097656
META_2022-Q1,META,2022-Q1,qa,positive,"So we think we've got a response that we're building into the new environment, and we're optimistic about the future.",0.8326815962791443
META_2022-Q1,META,2022-Q1,qa,hedging,"In the past, you've been able to call out potential headwinds.",-0.8036786913871765
META_2022-Q1,META,2022-Q1,qa,positive,"On the $10 billion impact, we shared our estimated $10 billion impact on ATT last quarter to give a sense of the order of magnitude, and we believe it's still to be that order of magnitude on the expected impact.",0.1966189593076706
META_2022-Q1,META,2022-Q1,qa,positive,"So what that says is that this format works not just for this advertiser, but we're hearing this from many across the board and we think we can help a lot of advertisers adopt this in the coming years.",0.5765169262886047
META_2022-Q1,META,2022-Q1,qa,positive,We expect DMA to have significant challenges for our industry.,0.6136908531188965
META_2022-Q1,META,2022-Q1,qa,hedging,So growth slowed in all regions due to pricing headwinds.,-0.9607798457145692
META_2022-Q1,META,2022-Q1,qa,hedging,"Europe decelerated very meaningfully, and the existing headwinds were compounded by the effects of obviously, the Ukraine war.",-0.9493499398231506
META_2022-Q1,META,2022-Q1,qa,hedging,We're working through mitigations on both.,0.5311092734336853
META_2022-Q1,META,2022-Q1,qa,hedging,Some of the data we've relied on has changed that's causing some near-term challenges and headwinds for us.,-0.9467899203300476
META_2022-Q1,META,2022-Q1,qa,positive,"We appreciate your time, and we look forward to speaking with you again.",0.3923729658126831
META_2022-Q2,META,2022-Q2,remarks,positive,And we expect these numbers to more than double by the end of next year.,0.915923833847046
META_2022-Q2,META,2022-Q2,remarks,positive,So the bottom line is I think we're on track here and we just need to push through this one.,0.4878415763378143
META_2022-Q2,META,2022-Q2,remarks,hedging,"Similar to last quarter, we saw solid growth in APAC and other parts of the world outside of North America and Europe, where it's been a more challenging environment.",0.9392192363739014
META_2022-Q2,META,2022-Q2,remarks,positive,We believe we will continue to show up very favorably compared to other advertising options.,0.9324238896369934
META_2022-Q2,META,2022-Q2,remarks,positive,"However, we anticipate headcount growth will slow throughout the rest of the year due to the reduction in our hiring plans.",-0.9364555478096008
META_2022-Q2,META,2022-Q2,remarks,positive,"The deceleration has been broad-based across verticals, and we believe businesses are lowering their advertising spend in response to the increased economic uncertainty.",-0.90433007478714
META_2022-Q2,META,2022-Q2,remarks,hedging,Foreign currency headwinds also increased throughout the second quarter.,-0.8959029316902161
META_2022-Q2,META,2022-Q2,remarks,positive,"While it wasn't a factor contributing to the deceleration in Q2, we're also continuing to face targeting and measurement headwinds such as Apple's iOS changes, which we believe are contributing to the growth challenges across the digital advertising industry.",-0.8547216057777405
META_2022-Q2,META,2022-Q2,remarks,positive,We expect third quarter 2022 total revenue to be in the range of $26 billion to $28.5 billion.,0.1265825480222702
META_2022-Q2,META,2022-Q2,remarks,positive,"This outlook reflects a continuation of the weak advertising demand environment we experienced throughout the second quarter, which we believe is being driven by broader macroeconomic uncertainty.",-0.9557670950889589
META_2022-Q2,META,2022-Q2,remarks,positive,Our guidance assumes foreign currency will be an approximately 6% headwind to year-over-year total revenue growth in the third quarter based on current exchange rates.,-0.924543023109436
META_2022-Q2,META,2022-Q2,remarks,positive,"We expect 2022 total expenses to be in the range of $85 billion to $88 billion, lowered from our prior outlook of $87 billion to $92 billion.",-0.9520032405853271
META_2022-Q2,META,2022-Q2,remarks,positive,"We expect 2022 capital expenditures, including principal payments on finance leases to be in the range of $30 billion to $34 billion, narrowed from our prior range of $29 million to $34 billion.",0.8619569540023804
META_2022-Q2,META,2022-Q2,remarks,positive,"Absent any changes to U.S. tax law, we expect our full year 2022 tax rate to be above the Q2 rate and in the high teens.",0.8258572816848755
META_2022-Q2,META,2022-Q2,qa,hedging,"In the headwinds, you didn't mention TikTok.",-0.1184805333614349
META_2022-Q2,META,2022-Q2,qa,hedging,Any thoughts on competitive headwinds?,-0.4148153662681579
META_2022-Q2,META,2022-Q2,qa,positive,And that's why we're focused on the continual product improvements that we talk about in these calls quarter over quarter and we'll continue to do going forward.,0.5240923166275024
META_2022-Q2,META,2022-Q2,qa,positive,We're optimistic that it can be in the long run.,0.8288288712501526
META_2022-Q2,META,2022-Q2,qa,hedging,So maybe unpacking a little bit some of the headwinds versus tailwinds in Q3 to Q2 would be helpful.,0.1722089052200317
META_2022-Q2,META,2022-Q2,qa,hedging,"That is at the first order, but of course, we're seeing just generally challenging environment for digital advertising.",-0.420240193605423
META_2022-Q2,META,2022-Q2,qa,hedging,"And then finally, just the signals headwinds and the challenges that advertisers are facing on a second order basis may be affecting some spend.",-0.9257146120071412
META_2022-Q2,META,2022-Q2,qa,positive,Is that the right way to think about the buyback strategy going forward?,0.076758973300457
META_2022-Q2,META,2022-Q2,qa,positive,"Like I said in my opening remarks, that's sort of on track but less than the rest of Feed today, but we're optimistic that we'll get it there.",0.8763244152069092
META_2022-Q2,META,2022-Q2,qa,hedging,We know that advertising can be especially subject to these cyclical pressures.,0.0015194863080978
META_2022-Q2,META,2022-Q2,qa,positive,And we think that we are positioned to continue to grow engagement nicely and build the best products in digital in the market.,0.8804231882095337
META_2022-Q2,META,2022-Q2,qa,positive,"We know we need to give them measurable tools, and we've gotten better at selling the next product, and I think we'll continue to get better at that going forward.",0.9048383831977844
META_2022-Q2,META,2022-Q2,qa,positive,"I think there's always unique features in each different format that make an exact analogy imperfect, but we're optimistic on our ability to at least get a good ways on that journey toward closing the gap.",0.7319325804710388
META_2022-Q2,META,2022-Q2,qa,positive,"In terms of M&A, there's -- M&A is definitely a component of our strategy, and we'll continue to look at acquisitions going forward.",0.4241400361061096
META_2022-Q2,META,2022-Q2,qa,positive,"In terms of the specific announcement about the FTC looking to block the Within acquisition, I would refer you to our statement in the newsroom, but we believe that the acquisition of Within would be good for competition and expand the VR ecosystem and would attract new users to VR and make it a more productive space for new and existing developers.",0.8278133273124695
META_2022-Q2,META,2022-Q2,qa,hedging,"And if you look at previous times where you've gained competitive advantage, you also had a big data advantage that seemingly you may not enjoy post-IDFA anymore versus those other companies.",0.5402410626411438
META_2022-Q2,META,2022-Q2,qa,positive,"Dave and Sheryl, just wanted to wish you best of luck going forward, and Sheryl, particularly want to congratulate you.",0.4087575078010559
META_2022-Q2,META,2022-Q2,qa,positive,"We appreciate your time, and we look forward to speaking with you again.",0.3923729658126831
MSFT_2021-Q2,MSFT,2021-Q2,remarks,positive,"This milestone is a testament to the deep trust organizations place in us, and we will continue to invest in new capabilities across all our products and services to protect our customers.",0.843338668346405
MSFT_2021-Q2,MSFT,2021-Q2,remarks,positive,We see strong momentum in usage of our products.,0.9335965514183044
MSFT_2021-Q2,MSFT,2021-Q2,remarks,positive,"We're investing to meet these needs in the coming decade, and I'm optimistic about what's ahead.",0.4862896502017975
MSFT_2021-Q2,MSFT,2021-Q2,remarks,positive,"With that, I'll hand it over to Amy, who will cover our financial results in detail and share our outlook; and I look forward to rejoining you after for questions.",0.0970903486013412
MSFT_2021-Q2,MSFT,2021-Q2,remarks,positive,Now let's move to our outlook.,0.0535607114434242
MSFT_2021-Q2,MSFT,2021-Q2,remarks,positive,"In our consumer business, we expect to see healthy demand for PCs and productivity tools continue, though growth rates will again be impacted by the end of support for Windows 7 last year.",0.921966016292572
MSFT_2021-Q2,MSFT,2021-Q2,remarks,positive,"In gaming, we expect continued strong engagement on the Xbox platform and significant demand for the Xbox Series X and S that will still be constrained by supply.",0.8900178074836731
MSFT_2021-Q2,MSFT,2021-Q2,remarks,positive,We expect a sequential increase on a dollar basis to our capital expenditures as we continue to invest to meet growing global demand for our cloud services.,0.9315269589424132
MSFT_2021-Q2,MSFT,2021-Q2,remarks,positive,"Based on current rates, we expect FX to increase total company revenue, COGS and operating expense growth by approximately two points.",0.9354498982429504
MSFT_2021-Q2,MSFT,2021-Q2,remarks,positive,"In productivity and business processes, we expect revenue between $13.35 billion and $13.6 billion.",0.1247567683458328
MSFT_2021-Q2,MSFT,2021-Q2,remarks,positive,"In our on-premise business, though we anticipate continued improvement in transactional purchasing trends, we expect revenue to decline in the mid- to high teens range, consistent with the ongoing customer shift to the cloud.",-0.9619286060333252
MSFT_2021-Q2,MSFT,2021-Q2,remarks,positive,"In LinkedIn, we expect continued strong engagement on the platform to drive revenue growth in the low 20% range.",0.9325407147407532
MSFT_2021-Q2,MSFT,2021-Q2,remarks,positive,"For Intelligent Cloud, we expect revenue between $14.7 billion and $14.95 billion.",0.0805068612098693
MSFT_2021-Q2,MSFT,2021-Q2,remarks,positive,"And in our per-user business, we expect continued benefit from Microsoft 365 suite momentum.",0.9357030391693116
MSFT_2021-Q2,MSFT,2021-Q2,remarks,positive,"In our on-premise server business, we expect revenue growth to be in the low to mid-single digits driven by continued demand for our hybrid and premium annuity offerings on a strong prior year comparable that included the benefit from the end of support for Windows Server 2008.",0.9341279864311218
MSFT_2021-Q2,MSFT,2021-Q2,remarks,positive,"In more personal computing, we expect revenue between $12.3 billion and $12.7 billion.",0.161633625626564
MSFT_2021-Q2,MSFT,2021-Q2,remarks,positive,"And in gaming, we expect revenue growth of approximately 40%, driven by next-generation console sales, as well as Xbox content and services revenue in the mid-20% range.",0.8623831272125244
MSFT_2021-Q2,MSFT,2021-Q2,remarks,positive,We expect COGS of $13.1 billion to $13.3 billion and operating expense of $11.9 billion to $12 billion.,-0.7942022681236267
MSFT_2021-Q2,MSFT,2021-Q2,remarks,positive,"We expect our Q3 tax rate to be approximately 15%, slightly lower than our full year rate of approximately 16%.",-0.9569665789604188
MSFT_2021-Q2,MSFT,2021-Q2,remarks,positive,"And finally, for FY '21, with our strong performance in the first half of the fiscal year and our outlook for Q3, we expect to deliver another full year of double-digit revenue and operating income growth as well as healthy operating margin expansion, even after excluding the impact of the change in accounting estimate and COVID-related savings.",0.93387633562088
MSFT_2021-Q2,MSFT,2021-Q2,remarks,positive,"Satya discussed our unique, comprehensive and integrated set of products earlier on the call, products and services that span large growth markets, and we will continue to invest broadly and boldly against the significant opportunities ahead of us.",0.8152467012405396
MSFT_2021-Q2,MSFT,2021-Q2,qa,positive,"That's, I think, really the real power of that franchise going forward.",0.1427933126688003
MSFT_2021-Q2,MSFT,2021-Q2,qa,positive,"We obviously are not going to have the same constraints going forward, so I'm not at all assuming that we just remain as is all the way going forward.",0.0356002189218997
MSFT_2021-Q2,MSFT,2021-Q2,qa,positive,So that's how we expect essentially work to evolve.,0.0932114124298095
MSFT_2021-Q2,MSFT,2021-Q2,qa,positive,"I think what I would add is maybe to take a step back from the narrowness, in some ways, of the question, Mark, and expand it to say the overall expense logic that we have going forward and in many ways, that's why I talked about we've seen headcount growth of over 10% in the past year as we invest in the significant opportunities we see and having customers be successful.",0.79008549451828
MSFT_2021-Q2,MSFT,2021-Q2,qa,positive,"So the combination of an Azure PaaS service to SaaS capabilities in Dynamics 365 can be very transformative to digital manufacturing, which is probably going to be one of the bigger trends going forward.",0.5545365214347839
MSFT_2021-Q2,MSFT,2021-Q2,qa,positive,"But as we look forward, are there any puts and takes that we should be aware of?",0.0187999866902828
MSFT_2021-Q2,MSFT,2021-Q2,qa,positive,"Thank you for joining us today, and we look forward to speaking with all of you very soon.",0.2680879533290863
MSFT_2021-Q3,MSFT,2021-Q3,remarks,positive,Core to the competitiveness of every company going forward will be their ability to turn data into predictive and analytical power.,0.4702431857585907
MSFT_2021-Q3,MSFT,2021-Q3,remarks,positive,"In closing, we're innovating across the entire tech stack as we differentiate and lead in areas that will be critical to the success of every customer going forward.",0.7459923028945923
MSFT_2021-Q3,MSFT,2021-Q3,remarks,positive,"With that, I'll hand it over to Amy, who will cover our financial results in detail and share our outlook, and I look forward to rejoining you for questions.",0.1095026433467865
MSFT_2021-Q3,MSFT,2021-Q3,remarks,positive,"My comments today reflect the impact of the ZeniMax acquisition for approximately three weeks this quarter, as well as our outlook.",-0.0136357881128788
MSFT_2021-Q3,MSFT,2021-Q3,remarks,positive,"Demand for our high-value security, compliance, and voice offerings drove strong momentum in E5 again this quarter.",0.936120867729187
MSFT_2021-Q3,MSFT,2021-Q3,remarks,positive,"Next, in our largest quarter of the year, we expect the accelerating trends Satya discussed, our differentiated market position, and continued solid execution to results in another strong quarter.",0.9394336342811584
MSFT_2021-Q3,MSFT,2021-Q3,remarks,positive,"In capital expenditures, we expect a sequential increase on a dollar basis as we continue to invest to meet growing global demand for our cloud services.",0.932884931564331
MSFT_2021-Q3,MSFT,2021-Q3,remarks,positive,"Based on current rates, we expect FX to increase total company productivity and business processes and intelligent cloud revenue growth by approximately 3 points, more personal computing revenue and total operating expense growth by approximately 2 points, and COGS growth by approximately 1 point.",0.9365236759185792
MSFT_2021-Q3,MSFT,2021-Q3,remarks,positive,"In productivity and business processes, we expect revenue between $13.8 billion and $14.05 billion.",0.1186186447739601
MSFT_2021-Q3,MSFT,2021-Q3,remarks,positive,"In our on-premises business, we expect revenue to decline in the high teens, consistent with the ongoing customer shift to the cloud.",-0.9645708203315736
MSFT_2021-Q3,MSFT,2021-Q3,remarks,positive,"In office consumer, we expect mid- to high teens revenue growth, driven by continued momentum in Microsoft 365 consumer subscriptions against the low prior-year comparable impacted by the transactional purchasing weakness noted earlier.",0.9279800653457642
MSFT_2021-Q3,MSFT,2021-Q3,remarks,positive,"In LinkedIn, we expect revenue growth in the mid-30% range, driven by continued strong engagement on the platform and improvements in the advertising and job markets.",0.9386000037193298
MSFT_2021-Q3,MSFT,2021-Q3,remarks,positive,"For intelligent cloud, we expect revenue between $16.2 billion and $16.45 billion.",0.107984684407711
MSFT_2021-Q3,MSFT,2021-Q3,remarks,positive,"And our per-user business should continue to benefit from Microsoft 365 suite momentum, though we expect some moderation in growth rates given the size of the installed base.",0.9340593814849854
MSFT_2021-Q3,MSFT,2021-Q3,remarks,positive,"In our on-premises server business, we expect revenue growth in the mid-single digits, driven by continued demand for our hybrid and premium annuity offerings against a low prior-year comparable and the transactional purchasing noted earlier.",0.935480296611786
MSFT_2021-Q3,MSFT,2021-Q3,remarks,positive,"In more personal computing, we expect revenue between $13.6 billion and $14 billion.",0.1531712710857391
MSFT_2021-Q3,MSFT,2021-Q3,remarks,positive,"In Surface on a strong prior-year comparable, we expect revenue to decline in the mid-teens as we work through the supply chain and executing challenges noted earlier.",-0.9645728468894958
MSFT_2021-Q3,MSFT,2021-Q3,remarks,positive,"In Search ex TAC, we expect revenue growth in the mid-40s driven by improvements in the advertising market.",0.93200021982193
MSFT_2021-Q3,MSFT,2021-Q3,remarks,positive,"In Gaming, we expect revenue growth in the mid- to high single digits.",0.9194013476371764
MSFT_2021-Q3,MSFT,2021-Q3,remarks,positive,"And on the strong prior-year comparable, we expect Xbox content and services revenue to decline in the mid- to high single digits.",-0.9654552936553956
MSFT_2021-Q3,MSFT,2021-Q3,remarks,positive,We expect COGS of $13.7 billion to $13.9 billion and operating expense of $13.1 billion to $13.2 billion.,-0.7934985160827637
MSFT_2021-Q3,MSFT,2021-Q3,remarks,positive,"And finally, we expect our Q4 effective tax rate to be approximately 16%.",0.2293498814105987
MSFT_2021-Q3,MSFT,2021-Q3,remarks,hedging,"Overall, we have performed well through three quarters of our fiscal year in a challenging environment, and we fully expect a strong Q4 to lay the foundation for FY '22.",0.9284776449203492
MSFT_2021-Q3,MSFT,2021-Q3,qa,positive,"Thank you for joining us today, and we look forward to speaking with all of you soon.",0.316207617521286
MSFT_2021-Q4,MSFT,2021-Q4,remarks,positive,"And along with our OEM ecosystem, we are excited to bring Windows 11 to new PCs beginning this holiday.",0.7463163733482361
MSFT_2021-Q4,MSFT,2021-Q4,remarks,positive,"In closing, going forward, every person and every organization will require more digital technology to be more resilient and to transform.",0.2240863442420959
MSFT_2021-Q4,MSFT,2021-Q4,remarks,positive,"Dynamics 365 revenue growth was 49% and 42% in constant currency, with strong momentum in Power Apps and Power Automate, reflecting growing demand for our modern solutions to build apps and automate workflows.",0.937054455280304
MSFT_2021-Q4,MSFT,2021-Q4,remarks,positive,"Now, before we turn to our outlook, I'd like to provide a few reminders for next fiscal year.",0.0452311262488365
MSFT_2021-Q4,MSFT,2021-Q4,remarks,hedging,"Also, our FY21 operating income and margin benefited from two factors that will be headwinds in FY22: first, the change in accounting estimate for the useful life of server and network equipment resulted in $2.7 billion of depreciation expense, shifting from FY21 to future periods; and second, we saved nearly $1.2 billion in operating expense from COVID-19-related restrictions, which will also moderate in FY22 as geographies reopen globally.",-0.059255838394165
MSFT_2021-Q4,MSFT,2021-Q4,remarks,positive,"In capital expenditures, we expect a sequential increase on a dollar basis as we continue to invest to meet global demand for our cloud services.",0.9321924448013306
MSFT_2021-Q4,MSFT,2021-Q4,remarks,positive,"Based on current rates, we expect FX to increase revenue growth of the total company and all individual segment levels by approximately 2 points and total operating expense and COGS growth by approximately 1 point.",0.935469925403595
MSFT_2021-Q4,MSFT,2021-Q4,remarks,positive,"In productivity and business processes, we expect revenue between $14.5 billion and $14.75 billion.",0.1332080364227295
MSFT_2021-Q4,MSFT,2021-Q4,remarks,positive,"In our on-premises business, we expect revenue to decline approximately 20%, consistent with the ongoing customer shift to the cloud.",-0.9655618071556092
MSFT_2021-Q4,MSFT,2021-Q4,remarks,positive,"In Office Consumer, against a strong prior-year comparable, we expect high single-digit revenue growth with continued momentum in Microsoft 365 Consumer subscriptions.",0.9383174777030944
MSFT_2021-Q4,MSFT,2021-Q4,remarks,positive,"And in Dynamics, we expect continued strength in Dynamics 365, which includes our significant momentum in Power Apps to drive revenue growth in the high-20s.",0.93617182970047
MSFT_2021-Q4,MSFT,2021-Q4,remarks,positive,"For Intelligent Cloud, we expect revenue between $16.4 billion and $16.65 billion.",0.1166346669197082
MSFT_2021-Q4,MSFT,2021-Q4,remarks,positive,"And our per-user business should continue to benefit from Microsoft 365 suite momentum, though we expect some moderation in growth rate, given the size of the installed base.",0.9348865151405334
MSFT_2021-Q4,MSFT,2021-Q4,remarks,positive,"In our on-premises server business, we expect revenue growth in the high single digits, driven by continued demand for our hybrid and premium annuity offerings against a low prior-year comparable.",0.935634195804596
MSFT_2021-Q4,MSFT,2021-Q4,remarks,positive,"And in Enterprise Services, we expect revenue to be in the high single digits.",0.6362898945808411
MSFT_2021-Q4,MSFT,2021-Q4,remarks,positive,"In Surface, on a strong prior-year comparable, we expect revenue to decline in the low teens as we continue to work through the supply chain challenges.",-0.9630274176597596
MSFT_2021-Q4,MSFT,2021-Q4,remarks,positive,"In search ex TAC, we expect revenue growth in the high-30s, driven by improvements in the advertising market.",0.9363205432891846
MSFT_2021-Q4,MSFT,2021-Q4,remarks,positive,"In gaming, we expect revenue growth in the low double-digits.",0.9164599180221558
MSFT_2021-Q4,MSFT,2021-Q4,remarks,positive,We expect COGS of $13.55 billion to $13.75 billion and operating expense of $11.6 billion to $11.7 billion.,-0.8458641767501831
MSFT_2021-Q4,MSFT,2021-Q4,remarks,positive,"And finally, we expect our Q1 tax rate to be approximately 16%, lower than our expected full-year rate, given the volume of equity vest in our first quarter.",-0.9518963098526
MSFT_2021-Q4,MSFT,2021-Q4,remarks,positive,Our outlook for FY22 reflects this with healthy double-digit revenue and operating income growth.,0.9408257007598876
MSFT_2021-Q4,MSFT,2021-Q4,remarks,hedging,Together that results in expanded operating margins in FY22 after excluding the headwinds from the useful life change noted earlier.,0.9372910857200624
MSFT_2021-Q4,MSFT,2021-Q4,remarks,positive,"Together with our customers and partners, we look forward to FY22.",0.7681857347488403
MSFT_2021-Q4,MSFT,2021-Q4,qa,positive,And does that continue going forward?,0.0535542741417884
MSFT_2021-Q4,MSFT,2021-Q4,qa,positive,"So that's what we think of going forward, which is really compute will remain distributed, both because of their needs across geographies, regulation, and the very nature of compute architecture.",0.0880847945809364
MSFT_2021-Q4,MSFT,2021-Q4,qa,positive,"You'll continue to see a mix shift to Azure, given the growth we expect there.",0.76522296667099
MSFT_2021-Q4,MSFT,2021-Q4,qa,positive,And we look forward to speaking with all of you soon.,0.1953504383563995
MSFT_2022-Q1,MSFT,2022-Q1,remarks,positive,"Going forward, every business process will be collaborative, powered by data and AI, and will bridge the digital and physical worlds.",0.2126026600599289
MSFT_2022-Q1,MSFT,2022-Q1,remarks,positive,"And together with our OEM partners, we are excited to offer the widest choice of Windows 11 devices at every price point in every form factor this holiday.",0.6885532140731812
MSFT_2022-Q1,MSFT,2022-Q1,remarks,positive,"Now, before we turn to our outlook, I'd like to provide a couple of reminders.",0.0729022622108459
MSFT_2022-Q1,MSFT,2022-Q1,remarks,positive,"Longer-term, we expect the Microsoft Cloud gross margin percentage to be impacted by revenue mix shift to Azure, increased usage of our Microsoft Cloud services, and ongoing strategic investments to support our customers' success.",0.7201467752456665
MSFT_2022-Q1,MSFT,2022-Q1,remarks,positive,"And on a dollar basis, we expect capital expenditures to be roughly in line with last quarter as we continue to invest to support growing demand.",0.9262035489082336
MSFT_2022-Q1,MSFT,2022-Q1,remarks,positive,"Based on current rates, we expect FX to increase revenue at the total company and all individual segment levels by approximately one point, and have no impact on total COGS or operating expense growth.",0.9309738278388976
MSFT_2022-Q1,MSFT,2022-Q1,remarks,positive,"In productivity and business processes, we expect revenue between $15.7 and $15.95 billion.",0.1192002519965171
MSFT_2022-Q1,MSFT,2022-Q1,remarks,positive,"In our on-premises business, we expect revenue to decline in the high teens, consistent with the ongoing customer shift to the cloud.",-0.9645708203315736
MSFT_2022-Q1,MSFT,2022-Q1,remarks,positive,"In Office consumer, we expect revenue to grow in the mid-teens, with continued momentum in Microsoft 365 consumer subscriptions.",0.9321195483207704
MSFT_2022-Q1,MSFT,2022-Q1,remarks,positive,"And in Dynamics, we expect revenue growth similar to Q1, driven by strength in Dynamics 365, including continued momentum in Power Apps.",0.9376493692398072
MSFT_2022-Q1,MSFT,2022-Q1,remarks,positive,"For intelligent cloud, we expect revenue between $18.1 billion and $18.35 billion.",0.081252247095108
MSFT_2022-Q1,MSFT,2022-Q1,remarks,positive,"In Q2, we expect healthy broad-based growth in our Azure consumption business, consistent with recent trends.",0.9364925026893616
MSFT_2022-Q1,MSFT,2022-Q1,remarks,positive,"In our on-premises server business, on a higher prior-year comparable, we expect revenue growth in the mid single digits, driven by continued demand for our hybrid solutions.",0.9377562403678894
MSFT_2022-Q1,MSFT,2022-Q1,remarks,positive,"And in enterprise services, we expect revenue growth to be in the high single digits.",0.911048173904419
MSFT_2022-Q1,MSFT,2022-Q1,remarks,positive,"In more personal computing, we expect revenue between $16.35 billion and $16.75 billion.",0.1830320358276367
MSFT_2022-Q1,MSFT,2022-Q1,remarks,positive,"In Surface, we expect revenue to decline single digits as we continue to work through supply chain uncertainty, particularly in our premium devices.",-0.9625366926193236
MSFT_2022-Q1,MSFT,2022-Q1,remarks,positive,"In search and news advertising ex TAC, we expect revenue growth in the low- to mid-20s.",0.909187078475952
MSFT_2022-Q1,MSFT,2022-Q1,remarks,positive,"And in gaming, on a high prior-year comparable that included the launch of our new consoles and strength across Xbox content and services, we expect revenue growth in the high single digits.",0.9341614842414856
MSFT_2022-Q1,MSFT,2022-Q1,remarks,positive,"And in Xbox content services, we expect revenue growth in the mid-teens with strong engagement on the Xbox platform in a holiday quarter that will include several AAA title launches.",0.933387577533722
MSFT_2022-Q1,MSFT,2022-Q1,remarks,positive,"We expect COGS of $17 billion to $17.2 billion, and operating expenses of $12.7 billion to $12.8 billion.",-0.0250071361660957
MSFT_2022-Q1,MSFT,2022-Q1,remarks,positive,"And finally, we expect our Q2 effective tax rate to be approximately 17%.",0.2161098271608352
MSFT_2022-Q1,MSFT,2022-Q1,qa,positive,"And particularly, in both Q1 and Q2, we see strong demand in the commercial segment and I think that ties directly back to some of Satya's comments about the central nature of the device.",0.6305972337722778
MSFT_2022-Q1,MSFT,2022-Q1,qa,positive,"But as we look going forward, have you seen any early indications that customers are potentially having to slow down the pace with which they move to your commercial cloud?",-0.9084487557411194
MSFT_2022-Q1,MSFT,2022-Q1,qa,hedging,"And, obviously, what happens in the labor market, whether it's in the tech labor market or any other labor market, will ultimately be something that we'd all be subject to.",-0.0663838684558868
MSFT_2022-Q1,MSFT,2022-Q1,qa,positive,"Thank you for joining us today, and we look forward to speaking with all of you soon.",0.3162070512771606
MSFT_2022-Q2,MSFT,2022-Q2,remarks,positive,"With that, I'll hand it over to Amy, who will cover our financial results in detail and share our outlook, and I look forward to rejoining you for questions.",0.1095026433467865
MSFT_2022-Q2,MSFT,2022-Q2,remarks,positive,"Now, before we turn to our outlook, I'd like to provide a couple of reminders.",0.0729022622108459
MSFT_2022-Q2,MSFT,2022-Q2,remarks,positive,"Within the segments, we anticipate roughly two points of negative FX impact on revenue growth in productivity and business processes and intelligent cloud, and one point in more personal computing.",-0.9308361411094666
MSFT_2022-Q2,MSFT,2022-Q2,remarks,positive,"Next, we expect our differentiated market position, customer demand for our high-value hybrid and cloud offerings, and consistent execution to drive another strong quarter of revenue growth.",0.9371839761734008
MSFT_2022-Q2,MSFT,2022-Q2,remarks,positive,"And on a dollar basis, we expect capital expenditures to be slightly down sequentially with normal quarterly variability in the timing of cloud infrastructure buildout.",-0.8900618553161621
MSFT_2022-Q2,MSFT,2022-Q2,remarks,positive,"In productivity and business processes, we expect revenue between $15.6 and $15.85 billion.",0.1230419874191284
MSFT_2022-Q2,MSFT,2022-Q2,remarks,positive,"In our on-premises business, we expect revenue to decline in the high-teens with continued customer shift to the cloud.",-0.9626394510269164
MSFT_2022-Q2,MSFT,2022-Q2,remarks,positive,"In Office consumer, we expect revenue to grow in the high single-digits, with continued momentum in Microsoft 365 consumer subscriptions.",0.935666561126709
MSFT_2022-Q2,MSFT,2022-Q2,remarks,positive,"And in Dynamics, we expect revenue growth in the mid-20% range driven by strength in Dynamics 365, including continued momentum in Power Apps.",0.935341477394104
MSFT_2022-Q2,MSFT,2022-Q2,remarks,positive,"For intelligent cloud, we expect revenue between $18.75 and $19 billion.",0.0926524326205253
MSFT_2022-Q2,MSFT,2022-Q2,remarks,positive,"In Azure, we expect revenue growth to be up sequentially in constant currency, driven by our Azure consumption business, with strong growth on a significant base.",0.9348807334899902
MSFT_2022-Q2,MSFT,2022-Q2,remarks,positive,"And our per-user business should continue to benefit from Microsoft 365 suite momentum, though we expect some moderation in growth rates given the size of the installed base.",0.9340593814849854
MSFT_2022-Q2,MSFT,2022-Q2,remarks,positive,"And in enterprise services, we expect revenue growth to be in the low- to mid-single digits.",0.8954968452453613
MSFT_2022-Q2,MSFT,2022-Q2,remarks,positive,"In more personal computing, we expect revenue between $14.15 and $14.45 billion.",0.1160646006464958
MSFT_2022-Q2,MSFT,2022-Q2,remarks,positive,We expect Windows OEM revenue growth in the high single-digits.,0.9307928681373596
MSFT_2022-Q2,MSFT,2022-Q2,remarks,positive,"In search and news advertising ex-TAC, we expect revenue growth in the mid- to high-teens against a strong prior-year comparable that was driven by a recovery in the advertising market.",0.9371104836463928
MSFT_2022-Q2,MSFT,2022-Q2,remarks,positive,"And in gaming, on a prior-year comparable that included significant strength in hardware from our new consoles, as well as across Xbox content and services, we expect revenue growth in the mid-single digits.",0.93705952167511
MSFT_2022-Q2,MSFT,2022-Q2,remarks,positive,"And in Xbox content and services, we expect revenue growth in the mid- to high-single digits with strong engagement and continued momentum across the platform.",0.9361897706985474
MSFT_2022-Q2,MSFT,2022-Q2,remarks,positive,"We expect COGS of $15.5 to $15.7 billion and operating expense of $13.4 to $13.5 billion driven by headcount investments in high-growth, strategic areas to drive continued long-term revenue growth.",0.9241190552711488
MSFT_2022-Q2,MSFT,2022-Q2,remarks,positive,"And we expect our Q3 effective tax rate to be approximately 18%, slightly higher than our full year expected tax rate of approximately 17%.",0.9255788326263428
MSFT_2022-Q2,MSFT,2022-Q2,qa,hedging,"And all the signals, at least, we are getting is that there are no constraints per se other than, at the end of the day, all businesses are going to be subject to the laws of economic growth in the overall economy.",0.0745851024985313
MSFT_2022-Q2,MSFT,2022-Q2,qa,positive,"I wonder if you could help us kind of walk through the growth algorithm here, call it the P times Q, because there are different trends going on both the P and the Q, and just sort of how that might be changing going forward versus what you have seen.",0.0319992750883102
MSFT_2022-Q2,MSFT,2022-Q2,qa,positive,"So we are excited about, you know, how that workflow gets more efficient.",0.2595633268356323
MSFT_2022-Q2,MSFT,2022-Q2,qa,positive,"Thank you for joining us today, and we look forward to speaking with all of you soon.",0.3162071406841278
MSFT_2022-Q3,MSFT,2022-Q3,remarks,positive,"Going forward, digital technology will be the key input that powers the world's economic output.",0.2667612731456756
MSFT_2022-Q3,MSFT,2022-Q3,remarks,positive,We continue to expect the Nuance acquisition will be minimally dilutive in FY '22 and accretive in FY '23 to non-GAAP EPS.,0.2235538363456726
MSFT_2022-Q3,MSFT,2022-Q3,remarks,positive,"Revenue generated in Russia represents less than 1% of total company revenue, and we expect that it will decline significantly.",-0.9601556658744812
MSFT_2022-Q3,MSFT,2022-Q3,remarks,hedging,"Search and news advertising revenue ex-TAC increased 23% and 25% in constant currency, better than expected, benefiting from an increase in search volumes even as we saw headwinds during March from the impact of the war in Ukraine.",0.9404312968254088
MSFT_2022-Q3,MSFT,2022-Q3,remarks,positive,"Now before we turn to our outlook, a few reminders.",0.0309758372604846
MSFT_2022-Q3,MSFT,2022-Q3,remarks,positive,"Within the segments, we anticipate roughly three points of negative FX impact on revenue growth in productivity and business processes and two points in intelligent cloud and more personal computing.",-0.9366066455841064
MSFT_2022-Q3,MSFT,2022-Q3,remarks,positive,"Third, we anticipate the war in Ukraine to continue to impact our business in Q4 with a roughly $110 million impact on revenue and minimal impact on operating expenses.",0.122649997472763
MSFT_2022-Q3,MSFT,2022-Q3,remarks,positive,"Next, we have taken into account the current impact of shutdowns in China in our outlook.",-0.0221970677375793
MSFT_2022-Q3,MSFT,2022-Q3,remarks,positive,"However, extended production shutdowns that reach into May would further negatively impact our outlook across Windows OEM, Surface, and Xbox hardware.",-0.9487321972846984
MSFT_2022-Q3,MSFT,2022-Q3,remarks,positive,"We expect our differentiated market position, customer demand across the solution portfolio, and consistent execution to drive another strong quarter of revenue growth.",0.93673574924469
MSFT_2022-Q3,MSFT,2022-Q3,remarks,positive,"Capital expenditures, we expect a sequential increase on a dollar basis as we continue to invest to meet growing global demand for our cloud services.",0.9334194660186768
MSFT_2022-Q3,MSFT,2022-Q3,remarks,positive,"In productivity and business processes, we expect revenue between $16.65 billion and $16.9 billion.",0.1497216522693634
MSFT_2022-Q3,MSFT,2022-Q3,remarks,positive,We expect Office 365 revenue growth to be sequentially lower by one point or two on a constant currency basis.,-0.8595194220542908
MSFT_2022-Q3,MSFT,2022-Q3,remarks,positive,"In our on-premises business, we expect revenue to decline similar to last quarter.",-0.9650964736938475
MSFT_2022-Q3,MSFT,2022-Q3,remarks,positive,"In office consumer, we expect revenue to grow in the high single digits, driven by Microsoft 365 subscriptions.",0.9322081804275512
MSFT_2022-Q3,MSFT,2022-Q3,remarks,positive,"For LinkedIn, we expect revenue growth in the high 20s, driven by strong job market and healthy engagement on the platform.",0.9369646310806274
MSFT_2022-Q3,MSFT,2022-Q3,remarks,positive,"And in Dynamics, we expect revenue growth similar to last quarter.",0.939189314842224
MSFT_2022-Q3,MSFT,2022-Q3,remarks,positive,"For intelligent cloud, we expect revenue between $21.1 billion and $21.35 billion.",0.1148234084248542
MSFT_2022-Q3,MSFT,2022-Q3,remarks,positive,"We expect Azure revenue growth to be sequentially lower by roughly two points on a constant currency basis, with a bit more FX impact on U.S. dollar growth than at the segment level.",-0.9263850450515748
MSFT_2022-Q3,MSFT,2022-Q3,remarks,positive,"And our per-user business should continue to benefit from Microsoft 365 suite momentum, though we expect moderation in growth rates, given the size of the installed base.",0.9349141716957092
MSFT_2022-Q3,MSFT,2022-Q3,remarks,positive,"In our on-premises server business, we expect revenue to decline in the low to mid-single digits as demand for our hybrid offerings will be more than offset by the strong prior-year comparable, which included four points of benefits, a benefit from contracts with higher in-period revenue recognition as well as continued transactional weakness from the licensing program transition noted earlier.",-0.9538071751594543
MSFT_2022-Q3,MSFT,2022-Q3,remarks,positive,"And in enterprise services, we expect revenue growth to be in the high single digits.",0.911048173904419
MSFT_2022-Q3,MSFT,2022-Q3,remarks,positive,"In more personal computing, we expect revenue between $14.65 billion and $14.95 billion.",0.1482508182525634
MSFT_2022-Q3,MSFT,2022-Q3,remarks,positive,"As mentioned earlier, our guidance reflects the current constraints from the shutdowns in China, which had negatively impacted Q4 supply for OEM, Surface, and Xbox consoles.",-0.9414114356040956
MSFT_2022-Q3,MSFT,2022-Q3,remarks,positive,"In Windows OEM, we expect revenue growth in the low to mid-single digits, driven by the continued shift to a commercial-led PC market, where revenue per license is higher.",0.936758518218994
MSFT_2022-Q3,MSFT,2022-Q3,remarks,positive,"In Search and news advertising ex-TAC, we expect revenue growth of approximately 20%.",0.917511224746704
MSFT_2022-Q3,MSFT,2022-Q3,remarks,positive,"And in gaming, we expect revenue to decline in the mid-to-high single digits, driven by lower engagement hours year over year as well as constrained console supply.",-0.9649564027786256
MSFT_2022-Q3,MSFT,2022-Q3,remarks,positive,"We expect Xbox content and services revenue to decline mid-single digits, though engagement hours are expected to remain higher than pre-pandemic levels.",-0.9597986936569214
MSFT_2022-Q3,MSFT,2022-Q3,remarks,positive,"We expect COGS of $16.6 billion to $16.8 billion and operating expense of $14.8 billion to $14.9 billion, resulting in another quarter of operating margin expansion, excluding the change in useful life.",0.8887408971786499
MSFT_2022-Q3,MSFT,2022-Q3,remarks,positive,"We expect other income and expense to be negative $50 million, reflecting FX remeasurement impact based on market conditions in April.",-0.9551618099212646
MSFT_2022-Q3,MSFT,2022-Q3,remarks,positive,"Similar to the rest of our guidance, further equity and FX movements through Q4 are not reflected in this number.",-0.0849034786224365
MSFT_2022-Q3,MSFT,2022-Q3,remarks,positive,And we expect our Q4 effective tax rate to be approximately 18%.,0.2685467302799225
MSFT_2022-Q3,MSFT,2022-Q3,remarks,positive,"We expect to close FY '22, even in a more complex macro environment, with the same consistency we have delivered throughout the year, with strong revenue growth, share gains, and improved operating margins as we invest in the areas that are key to sustaining that growth.",0.9382569193840028
MSFT_2022-Q3,MSFT,2022-Q3,qa,positive,And can you give us any sense of the sizing of how much of the growth not just now but going forward?,0.0708140358328819
MSFT_2022-Q3,MSFT,2022-Q3,qa,positive,"So in terms as I think about going forward, there's certainly still room for both seat growth, specifically in frontline worker as you noted, as well as SMB and then ARPU expansion through the E5 transition.",0.8314992785453796
MSFT_2022-Q3,MSFT,2022-Q3,qa,positive,"Thank you for joining us today, and we look forward to speaking with all of you soon.",0.3162070512771606
MSFT_2022-Q4,MSFT,2022-Q4,remarks,hedging,"More broadly, despite the current headwinds in the ad market, we are expanding our opportunity in advertising as we look toward the long term.",0.8814799189567566
MSFT_2022-Q4,MSFT,2022-Q4,remarks,positive,"Our portfolio of best-of-category products and best-of-suite solutions, along with our durable business models, an intense focus on prioritization, and executional excellence, make me confident about our opportunity ahead in the coming year.",0.9184405207633972
MSFT_2022-Q4,MSFT,2022-Q4,remarks,positive,"Excluding the additional FX headwind, segment results were below our guidance range, driven by the PC and ad trends mentioned earlier.",-0.9522095322608948
MSFT_2022-Q4,MSFT,2022-Q4,remarks,positive,Now moving to our outlook.,0.0518372952938079
MSFT_2022-Q4,MSFT,2022-Q4,remarks,positive,"As a result, based on the outstanding balances as of June 30, we expect fiscal year '23 operating income to be favorably impacted by approximately $3.7 billion for the full fiscal year and approximately $1.1 billion in the first quarter.",-0.905047595500946
MSFT_2022-Q4,MSFT,2022-Q4,remarks,positive,"Assuming current rates remain stable, we expect a roughly four-point impact to full-year revenue growth with headwinds in H1 greater than in H2.",0.5100276470184326
MSFT_2022-Q4,MSFT,2022-Q4,remarks,positive,We continue to expect double-digit revenue and operating income growth in both constant currency and U.S. dollars.,0.9398005604743958
MSFT_2022-Q4,MSFT,2022-Q4,remarks,positive,"And even with this significant level of investment in our future, we expect operating margins based on constant currency to be approximately flat year over year in FY '23, excluding the benefit from the latest change in useful life.",0.2781713604927063
MSFT_2022-Q4,MSFT,2022-Q4,remarks,positive,"And in U.S. dollars, we expect FY '23 full-year margins to be roughly flat as the useful life benefit is mostly offset by the FX headwind mentioned earlier.",-0.6317679286003113
MSFT_2022-Q4,MSFT,2022-Q4,remarks,positive,"And finally, we expect our FY '23 effective tax rate to be roughly 19%.",0.1983527839183807
MSFT_2022-Q4,MSFT,2022-Q4,remarks,positive,"With the stronger U.S. dollar and based on current rates, we expect FX to decrease total revenue growth by approximately five points and to decrease total COGS and operating expense growth by approximately three points.",-0.9471353888511658
MSFT_2022-Q4,MSFT,2022-Q4,remarks,positive,"Within the segments, we anticipate roughly six points of negative FX impact on revenue growth in Productivity and Business Processes and Intelligent Cloud and three points in More Personal Computing.",-0.9393142461776732
MSFT_2022-Q4,MSFT,2022-Q4,remarks,positive,"Overall, our outlook has the trends we saw in June continue through Q1.",0.5822239518165588
MSFT_2022-Q4,MSFT,2022-Q4,remarks,positive,"Our differentiated market position, customer demand across our solution portfolio, and consistent execution across the Microsoft Cloud should drive another strong quarter of revenue and share growth, although we expect to continue to see growth moderation in our small- and medium-sized business segment.",0.9363303780555724
MSFT_2022-Q4,MSFT,2022-Q4,remarks,positive,"In capital expenditures, we expect a sequential decrease on a dollar basis, with normal quarterly spend variability and the timing of our cloud infrastructure build-out.",-0.929520845413208
MSFT_2022-Q4,MSFT,2022-Q4,remarks,positive,"In Productivity and Business Processes, we expect revenue to grow between 12% and 14% in constant currency or $15.95 billion to $16.25 billion.",0.9296652674674988
MSFT_2022-Q4,MSFT,2022-Q4,remarks,positive,We expect Office 365 revenue growth to be sequentially lower by roughly two points on a constant currency basis with a bit more FX impact on U.S. dollar growth than at the segment level.,-0.9440830945968628
MSFT_2022-Q4,MSFT,2022-Q4,remarks,positive,"In our on-premises business, on a prior year comparable, which benefited from contracts with higher in-period revenue recognition, we expect revenue to decline in the mid- to high 30s.",-0.9640337228775024
MSFT_2022-Q4,MSFT,2022-Q4,remarks,positive,"In Office consumer, we expect revenue to grow in the low to mid-single digits, driven by Microsoft 365 subscriptions.",0.9314602613449096
MSFT_2022-Q4,MSFT,2022-Q4,remarks,positive,"For LinkedIn, we expect continued strong engagement on the platform, although results will be impacted by the slowdown in advertising spend and hiring, resulting in low to mid-teens rev growth.",-0.8768530488014221
MSFT_2022-Q4,MSFT,2022-Q4,remarks,positive,"And in Dynamics, we expect revenue growth in the mid- to high teens, driven by share growth in Dynamics 365.",0.9042445421218872
MSFT_2022-Q4,MSFT,2022-Q4,remarks,positive,"For Intelligent Cloud, we expect revenue to grow between 25% and 27% in constant currency or $20.3 billion to $20.6 billion.",0.9261178970336914
MSFT_2022-Q4,MSFT,2022-Q4,remarks,positive,We expect Azure revenue growth to be sequentially lower by roughly three points on a constant currency basis.,-0.7214317917823792
MSFT_2022-Q4,MSFT,2022-Q4,remarks,positive,"Azure revenue will continue to be driven by strong growth in consumption, and our per-user business should continue to benefit from Microsoft 365 suite momentum, although we expect moderation in growth rates, given the size of the installed base.",0.9344170689582824
MSFT_2022-Q4,MSFT,2022-Q4,remarks,positive,"In our on-premises server business, we expect revenue to decline low single digits, driven by strong demand for our hybrid offerings offset by the prior year comparable, which included benefit from contracts with higher in-period revenue recognition.",-0.9329094290733336
MSFT_2022-Q4,MSFT,2022-Q4,remarks,positive,"At Enterprise Services, we expect revenue growth to be in the low single digits, driven by enterprise support, partially offset by declines in Microsoft Consulting Services.",0.8837125301361084
MSFT_2022-Q4,MSFT,2022-Q4,remarks,positive,"In More Personal Computing, we expect revenue to grow between 1% and 4% in constant currency or $13 billion to $13.4 billion.",0.9288249015808104
MSFT_2022-Q4,MSFT,2022-Q4,remarks,positive,"In Windows OEM, we expect revenue to decline in the high single digits.",-0.9642091989517212
MSFT_2022-Q4,MSFT,2022-Q4,remarks,positive,"And in gaming, we expect revenue to decline in the low to mid-single digits, driven by declines in first-party content, partially offset by growth in Game Pass subscribers and consoles.",-0.9621759653091432
MSFT_2022-Q4,MSFT,2022-Q4,remarks,positive,We expect Xbox content and services revenue to decline in the low to mid-single digits.,-0.9634174108505248
MSFT_2022-Q4,MSFT,2022-Q4,remarks,positive,We expect COGS to grow between 12% and 14% in constant currency or to be between $14.9 billion and $15.1 billion and operating expense to grow between 19% and 20% in constant currency or to be between $13.3 billion and $13.4 billion.,0.8177197575569153
MSFT_2022-Q4,MSFT,2022-Q4,remarks,positive,And we expect our Q1 effective tax rate to be approximately 19%.,0.216391235589981
MSFT_2022-Q4,MSFT,2022-Q4,remarks,positive,"As we manage through this period, we will continue to invest in future growth while maintaining intense focus on operational excellence and execution discipline.",0.7841597199440002
MSFT_2022-Q4,MSFT,2022-Q4,qa,positive,"Thank you for joining us today, and we look forward to speaking with all of you soon.",0.3162070512771606
MSFT_2023-Q1,MSFT,2023-Q1,remarks,positive,"And based on current trends continuing, we expect our broader commercial business to grow at around 20% in constant currency this fiscal year, as we manage through the cyclical trends affecting our consumer business.",0.9353547692298888
MSFT_2023-Q1,MSFT,2023-Q1,remarks,hedging,"In closing, in a world facing increasing headwinds, digital technology is the ultimate tailwind.",-0.4774231314659118
MSFT_2023-Q1,MSFT,2023-Q1,remarks,hedging,"Search and news advertising revenue, ex TAC, increased 16% and 21% in constant currency, in line with expectations, benefiting from an increase in search volumes and roughly five points of impact from Xandr even as we saw increased ad market headwinds during September.",0.94345885515213
MSFT_2023-Q1,MSFT,2023-Q1,remarks,positive,"Within the segments, we anticipate roughly seven points of negative FX impact on revenue growth in productivity and business processes, six points in Intelligent cloud and three points in more personal computing.",-0.9342414140701294
MSFT_2023-Q1,MSFT,2023-Q1,remarks,positive,"Our outlook has many of the trends we saw at the end of Q1, continue into Q2.",0.19927778840065
MSFT_2023-Q1,MSFT,2023-Q1,remarks,positive,"In capital expenditures, we expect a sequential increase on a dollar basis with normal quarterly spend variability in the timing of our cloud infrastructure build-out.",0.922489047050476
MSFT_2023-Q1,MSFT,2023-Q1,remarks,positive,"In productivity and business processes, we expect revenue to grow between 11% and 13% in constant currency or USD16.6 billion to USD 16.9 billion.",0.9317736625671388
MSFT_2023-Q1,MSFT,2023-Q1,remarks,positive,We expect Office 365 revenue growth to be similar to last quarter on a constant currency basis.,0.9316010475158693
MSFT_2023-Q1,MSFT,2023-Q1,remarks,positive,"In our on-premises business, we expect revenue to decline in the low to mid-30s.",-0.962243676185608
MSFT_2023-Q1,MSFT,2023-Q1,remarks,positive,"In Office Consumer, we expect revenue to decline low to mid-single digits as Microsoft 365 subscription growth will be more than offset by unfavorable FX impact.",-0.9621955156326294
MSFT_2023-Q1,MSFT,2023-Q1,remarks,positive,"For LinkedIn, we expect continued strong engagement on the platform, although results will be impacted by a slowdown in advertising spend and hiring, resulting in mid to high single-digit revenue growth or low to mid-teens growth in constant currency.",-0.9035165905952454
MSFT_2023-Q1,MSFT,2023-Q1,remarks,positive,"And in Dynamics, we expect revenue growth in the low double digits or the low 20s in constant currency, driven by continued share gains in Dynamics 365.",0.9221011400222778
MSFT_2023-Q1,MSFT,2023-Q1,remarks,positive,"For intelligent cloud, we expect revenue to grow between 22% and 24% in constant currency or US$21.25 billion to US$21.55 billion.",0.9283187985420228
MSFT_2023-Q1,MSFT,2023-Q1,remarks,positive,We expect Azure revenue growth to be sequentially lower by roughly 5 points on a constant currency basis.,-0.7897484302520752
MSFT_2023-Q1,MSFT,2023-Q1,remarks,positive,"And our per user business should continue to benefit from Microsoft 365 suite momentum, though we expect moderation in growth rate given the size of the installed base.",0.9353131055831908
MSFT_2023-Q1,MSFT,2023-Q1,remarks,positive,"In our on-premise server business, we expect revenue to decline low single digits, as demand for our hybrid solutions, including strong annuity purchasing from the SQL Server 2022 launch, will be more than offset by unfavorable FX impact.",-0.9393681883811952
MSFT_2023-Q1,MSFT,2023-Q1,remarks,positive,"And in enterprise services, we expect revenue growth to be in the low single digits, driven by enterprise support.",0.8787896633148193
MSFT_2023-Q1,MSFT,2023-Q1,remarks,positive,"In More Personal Computing, we expect revenue of US$14.5 billion to US$14.9 billion.",0.4073956310749054
MSFT_2023-Q1,MSFT,2023-Q1,remarks,positive,"In Windows OEM, we expect revenue to decline in the high 30s.",-0.9640209078788756
MSFT_2023-Q1,MSFT,2023-Q1,remarks,positive,"And in gaming, we expect revenue to decline in the low to mid-teens against a strong prior year comparable.",-0.9651673436164856
MSFT_2023-Q1,MSFT,2023-Q1,remarks,positive,We expect Xbox content and services revenue to decline in the low to mid-teens.,-0.9627239108085632
MSFT_2023-Q1,MSFT,2023-Q1,remarks,positive,"We expect COGS to grow between 6% and 7% in constant currency or to be between US$17.4 billion and US$17.6 billion, and operating expense to grow between 17% and 18% in constant currency, or to be between US$14.3 billion and US$14.4 billion.",0.8752846121788025
MSFT_2023-Q1,MSFT,2023-Q1,remarks,positive,And we expect our Q2 effective tax rate to be between 19% and 20%.,0.1202851384878158
MSFT_2023-Q1,MSFT,2023-Q1,remarks,positive,"And finally, as a reminder, for Q2 cash flow, we expect to make a $2.4 billion cash tax payment related to the capitalization of R&D provision enacted in 2017 TCJA and effective as of July 1, 2022.",0.4050382673740387
MSFT_2023-Q1,MSFT,2023-Q1,remarks,positive,"At the total company level, we continue to expect double-digit revenue and operating income growth on a constant currency basis.",0.9319000840187072
MSFT_2023-Q1,MSFT,2023-Q1,remarks,positive,"On a constant currency basis, excluding the incremental impact of the lower Windows OEM revenue and the favorable impact of the latest accounting change, we continue to expect FY 2023 operating margins to be roughly flat year over year.",-0.8743830323219299
MSFT_2023-Q1,MSFT,2023-Q1,qa,hedging,And those also may not be matched up one-to-one to see sort of a consistent pattern.,-0.0466223917901515
MSFT_2023-Q1,MSFT,2023-Q1,qa,hedging,"The other piece of it, Mark that we didn't talk on before because I was really focused on consumption is that there is per user headwinds as well, right, because we're getting and seeing some of these loss of large numbers in terms of the per-seat business.",-0.8659614324569702
MSFT_2023-Q1,MSFT,2023-Q1,qa,positive,"Thank you for joining us today, and we look forward to speaking with all of you soon.",0.3162070512771606
MSFT_2023-Q2,MSFT,2023-Q2,remarks,positive,"We are pleased to be their exclusive cloud provider, and we'll deploy their models across our consumer and enterprise products as we continue to push the state-of-the-art in AI.",0.8506779670715332
MSFT_2023-Q2,MSFT,2023-Q2,remarks,hedging,"Despite headwinds in the ad market, we continue to innovate across our first- and third-party portfolios.",0.924655258655548
MSFT_2023-Q2,MSFT,2023-Q2,remarks,positive,We will continue to pursue our long-term opportunity and innovation agenda with urgency while also raising the bar on our operational excellence.,0.8449482321739197
MSFT_2023-Q2,MSFT,2023-Q2,remarks,hedging,"My commentary for both the full year and next quarter does not include any impact from Activision, which we continue to work toward closing in fiscal year 2023, subject to obtaining required regulatory approvals.",-0.013669915497303
MSFT_2023-Q2,MSFT,2023-Q2,remarks,positive,"Within the segments, we anticipate roughly four points of negative impact on revenue growth in Productivity and Business Processes, three points in Intelligent Cloud, and two points in More Personal Computing.",-0.9422527551651
MSFT_2023-Q2,MSFT,2023-Q2,remarks,positive,"In our Commercial business, we expect business trends that we saw at the end of December to continue into Q3.",0.8551375269889832
MSFT_2023-Q2,MSFT,2023-Q2,remarks,positive,"In commercial bookings, with a declining expiry base and the strong prior-year comparable in terms of large Azure contracts, we expect growth to be relatively flat over year.",-0.3599759042263031
MSFT_2023-Q2,MSFT,2023-Q2,remarks,positive,We expect consistent execution across our core and sales motions and continued commitments to our platform will be offset by impact from the slowdown of new business noted earlier and three points of unfavorable impact from the inclusion of Nuance in the prior year.,0.3179585039615631
MSFT_2023-Q2,MSFT,2023-Q2,remarks,positive,"In capital expenditures, we expect a sequential increase on a dollar basis with normal quarterly spend variability in the timing of our cloud infrastructure build-out.",0.922489047050476
MSFT_2023-Q2,MSFT,2023-Q2,remarks,positive,"In Productivity and Business Processes, we expect revenue to grow between 11% and 13% in constant currency, or $16.9 billion to $17.2 billion.",0.9323384165763856
MSFT_2023-Q2,MSFT,2023-Q2,remarks,positive,We expect Office 365 revenue growth to be sequentially lower by roughly one point on a constant-currency basis.,-0.8796786069869995
MSFT_2023-Q2,MSFT,2023-Q2,remarks,positive,"In our on-premises business, we expect revenue to decline in the mid-20s.",-0.963907778263092
MSFT_2023-Q2,MSFT,2023-Q2,remarks,positive,"In Office Consumer, we expect revenue growth in the low single digits, driven by Microsoft 365 subscriptions.",0.9153041243553162
MSFT_2023-Q2,MSFT,2023-Q2,remarks,positive,"For LinkedIn, we expect mid-single-digit revenue growth with continued strong engagement on the platform, although impacted by the advertising trends noted earlier and the slowdown in hiring, particularly in the technology industry, where we have significant exposure.",-0.6790919899940491
MSFT_2023-Q2,MSFT,2023-Q2,remarks,positive,"And in Dynamics, we expect revenue growth to be in the low to mid-teens, driven by continued growth in Dynamics 365, which is now over 80% of total Dynamics revenue.",0.913320541381836
MSFT_2023-Q2,MSFT,2023-Q2,remarks,positive,"For Intelligent Cloud, we expect revenue to grow between 17% and 19% in constant currency or $21.7 billion to $22 billion.",0.9224024415016174
MSFT_2023-Q2,MSFT,2023-Q2,remarks,positive,"In Azure, our per-user business should continue to benefit from Microsoft 365 suite momentum, though we expect continued moderation in growth rate given the size of the installed base.",0.9367111325263976
MSFT_2023-Q2,MSFT,2023-Q2,remarks,positive,"And from that, we expect Q3 growth to decelerate roughly four to five points in constant currency.",0.2648540735244751
MSFT_2023-Q2,MSFT,2023-Q2,remarks,positive,"In our on-premises server business, we expect revenue to decline low single digits as demand for our hybrid solutions will be more than offset by unfavorable FX impact.",-0.9513087868690492
MSFT_2023-Q2,MSFT,2023-Q2,remarks,positive,"In More Personal Computing, we expect revenue of $11.9 billion to $12.3 billion.",0.271927535533905
MSFT_2023-Q2,MSFT,2023-Q2,remarks,positive,We expect Q3 PC units to be similar to pre-pandemic levels.,0.8929368257522583
MSFT_2023-Q2,MSFT,2023-Q2,remarks,positive,"And in gaming, on a prior-year comparable that benefited from increased console supply, we expect revenue to decline in the high single digits.",-0.9615564346313475
MSFT_2023-Q2,MSFT,2023-Q2,remarks,positive,We expect Xbox content and services revenue to decline in the low single digits as growth in Xbox Game Pass subscriptions will be more than offset by lower monetization per hour and third-party and first-party content.,-0.9608319401741028
MSFT_2023-Q2,MSFT,2023-Q2,remarks,positive,We expect COGS to grow between 1% and 2% in constant currency or to be between $15.65 billion and $15.85 billion and operating expense to grow between 11% and 12% at constant currency or be $14.7 billion to $14.8 billion.,0.846250057220459
MSFT_2023-Q2,MSFT,2023-Q2,remarks,positive,We expect our Q3 effective tax rate to be between 19% and 20%.,0.0634328201413154
MSFT_2023-Q2,MSFT,2023-Q2,remarks,positive,"And finally, as a reminder, for Q3 cash flow, we expect to make a $1.2 billion cash tax payment related to the TCJA capitalization of R&D provision.",0.7865540981292725
MSFT_2023-Q2,MSFT,2023-Q2,remarks,positive,"As a result, when excluding the Q2 charge and favorable impact from the change in accounting estimate, we expect full-year operating margins to be down roughly one point in constant currency and roughly two points in USD, even with the headwinds from materially lower OEM revenue and higher energy costs.",-0.9622800350189208
MSFT_2023-Q2,MSFT,2023-Q2,qa,hedging,"I mean, there is only -- I always sort of subscribe to that there's only one law of gravity that I think all of us are subject to, which is inflation-adjusted economic growth in the world.",0.011657103896141
MSFT_2023-Q2,MSFT,2023-Q2,qa,hedging,And then also being a bit more cautious on given the macroeconomic headwinds out there in the market.,-0.2848123908042907
MSFT_2023-Q2,MSFT,2023-Q2,qa,positive,"On Office 365 Commercial, with you guys approaching 400 million seats and the E5 business really starting to accelerate here on that consolidated sort of expense ROI that you're putting forth, should we think about the growth there more evenly balanced between seats and ARPU going forward or still to continue to favor seats?",0.232226938009262
MSFT_2023-Q2,MSFT,2023-Q2,qa,positive,"Thank you for joining us today, and we look forward to speaking with all of you soon.",0.3162070512771606
NVDA_2019-Q3,NVDA,2019-Q3,remarks,positive,Our hyperscale revenue grew both sequentially and year-on-year and we believe our visibility is improving.,0.9402886033058168
NVDA_2019-Q3,NVDA,2019-Q3,remarks,positive,Model complexity is expected to grow significantly from here.,0.9156407713890076
NVDA_2019-Q3,NVDA,2019-Q3,remarks,positive,We expect this to become a major new category with exciting growth opportunities.,0.8627510070800781
NVDA_2019-Q3,NVDA,2019-Q3,remarks,positive,"We believe we are well positioned in the industry's leading end-to-end platform that enables customers to develop, test and safely operate autonomous vehicles ranging from cars and trucks to shuttles and robotaxis.",0.8368104696273804
NVDA_2019-Q3,NVDA,2019-Q3,remarks,positive,We expect revenue to be $2.5 billion plus or minus 2%.,0.7926216721534729
NVDA_2019-Q3,NVDA,2019-Q3,qa,positive,"And just another quick follow-up, on PC gaming, how are you looking at growth going forward.",0.0980465337634086
NVDA_2019-Q3,NVDA,2019-Q3,qa,positive,"As you know, going forward, mix [Phonetic] is still the largest driver of our gross margin over time.",0.3162797093391418
NVDA_2019-Q3,NVDA,2019-Q3,qa,positive,"So, just kind of curious when we should -- how we should set our expectations going forward.",0.0417201519012451
NVDA_2019-Q3,NVDA,2019-Q3,qa,positive,What drove that and what should we expect going forward?,0.0067311488091945
NVDA_2019-Q3,NVDA,2019-Q3,qa,positive,We look forward to updating you on our progress in February.,0.1426452100276947
NVDA_2020-Q2,NVDA,2020-Q2,remarks,positive,Q2 revenue was $2.58 billion in line with our outlook down 17% year-on-year and up 16% sequentially.,-0.8305263519287109
NVDA_2020-Q2,NVDA,2020-Q2,remarks,positive,We look forward to delighting gamers with the best performance in ray tracing as we get into the back-to-school and holiday shopping seasons.,0.6250756978988647
NVDA_2020-Q2,NVDA,2020-Q2,remarks,positive,We expect revenue to be $2.9 billion plus or minus 2%.,0.7665703892707825
NVDA_2020-Q2,NVDA,2020-Q2,qa,positive,"We've reached normalized levels through the last couple of quarters and this quarter, just very similar to what we will see going forward as mix is the largest driver of what drives our overall gross margins and our gross margin improvement.",0.8786462545394897
NVDA_2020-Q2,NVDA,2020-Q2,qa,positive,"And so you saw -- you saw hyperscalers adopt AI and the thing that's really exciting for us is beyond recommendations, beyond image enhancement, the area where we believe the most important application for AI is likely conversational AI.",0.1363488286733627
NVDA_2020-Q2,NVDA,2020-Q2,qa,positive,Probably our largest area that we expect improvement in terms of our mix is our mix return regarding our overall gaming business.,0.9231687784194946
NVDA_2020-Q2,NVDA,2020-Q2,qa,positive,"We expect to have a full quarter of our SUPER lineup within the next quarter, including our RTX as well as our notebook becoming a bigger mix as well as it grows.",0.7343125343322754
NVDA_2020-Q2,NVDA,2020-Q2,qa,positive,"You guys saw some growth in Q2, driven primarily by enterprise, it seems like you have some broadening out of the customer spending this quarter, inferencing continues to see strong momentum.",0.93251770734787
NVDA_2020-Q2,NVDA,2020-Q2,qa,positive,"But data centers -- data center infrastructure really has to be planned properly and the build out takes time and we expect Volta to be successful, all the way through -- all the way through next year.",0.776731550693512
NVDA_2020-Q2,NVDA,2020-Q2,qa,positive,In regard to our guidance on revenue and we do guide in terms of the total.,0.0553584024310112
NVDA_2020-Q2,NVDA,2020-Q2,qa,positive,So we believe that our continued growth with the industries is important for us for the long term to expand the use of AI and we're just really pleased with what we're seeing in that growth this quarter.,0.9170454144477844
NVDA_2020-Q2,NVDA,2020-Q2,qa,positive,We look forward to updating you on our progress next quarter.,0.1689812690019607
NVDA_2021-Q3,NVDA,2021-Q3,remarks,positive,"While we continued to increase desktop GPU supply, we believe channel inventories remain low.",-0.052055686712265
NVDA_2021-Q3,NVDA,2021-Q3,remarks,positive,"Looking ahead, we expect continued upgrades as well as growth from NVIDIA GeForce users, given rapidly expanding RTX support and the growing popularity of gaming, esports, content creation and streaming.",0.9349428415298462
NVDA_2021-Q3,NVDA,2021-Q3,remarks,positive,We believe these concerns and those raised by some Arm licensees -- we continue to believe in the merits and benefits of the ongoing acquisition.,0.8577557802200317
NVDA_2021-Q3,NVDA,2021-Q3,remarks,positive,"We expect sequential growth to be driven by Data Center and Gaming, more than offsetting a decline in CMP.",0.913861870765686
NVDA_2021-Q3,NVDA,2021-Q3,qa,positive,"And so we have done that and feel very good about our supply situation, particularly starting in the second half of this year and going forward.",0.9051907658576964
NVDA_2021-Q3,NVDA,2021-Q3,qa,positive,"And we expect next year, the cloud, the cloud service providers to scale out their deep learning and their AI workloads really aggressively and we're seeing that right now.",0.6910794377326965
NVDA_2021-Q3,NVDA,2021-Q3,qa,positive,Let's first focus in terms of our guidance for Q4.,0.0325787737965583
NVDA_2021-Q3,NVDA,2021-Q3,qa,positive,"We are securing supply for next year, not just for the current year and Q4, to allow us to really grow into so much of this opportunity going forward.",0.8805294632911682
NVDA_2021-Q3,NVDA,2021-Q3,qa,hedging,"Are there any margin headwinds maybe on the wafer pricing side that we should sort of think about normalizing out, because gross margin is pretty flat between fiscal Q2 and fiscal Q4.",-0.7363237738609314
NVDA_2021-Q3,NVDA,2021-Q3,qa,positive,"As we look forward long-term, software if sold separately can be another driver of gross margin increases in the future.",0.903239369392395
NVDA_2021-Q3,NVDA,2021-Q3,qa,positive,We look forward to updating you on our progress next quarter.,0.1689812690019607
NVDA_2021-Q3,NVDA,2021-Q3,qa,positive,We look forward to seeing everybody at the conferences that we have planned over the next few months and I'm sure we'll talk before the end of next earnings.,0.1857417225837707
NVDA_2021-Q4,NVDA,2021-Q4,remarks,positive,We expect strong demand when it launches this Friday as 60-class GPUs have traditionally been our most popular products.,0.8279942274093628
NVDA_2021-Q4,NVDA,2021-Q4,remarks,positive,We plan to sell these products to industrial miners.,0.0906569063663482
NVDA_2021-Q4,NVDA,2021-Q4,remarks,positive,"Additionally, we are excited about the new experiences like VR.",0.4349595308303833
NVDA_2021-Q4,NVDA,2021-Q4,remarks,positive,"And with these powerful structural shifts, we expect our Gaming business to remain on a robust growth trajectory.",0.93350487947464
NVDA_2021-Q4,NVDA,2021-Q4,remarks,positive,We expect another great year for GeForce.,0.9113991856575012
NVDA_2021-Q4,NVDA,2021-Q4,remarks,positive,"Looking ahead, the reopening of businesses will benefit desktop workstations, but longer-term workforce trends will likely shift our mix to notebook GPUs and cloud offerings.",0.7828686237335205
NVDA_2021-Q4,NVDA,2021-Q4,remarks,positive,We are delighted by its initial acceptance and look forward to sharing more details on its long-term growth opportunity in the coming months.,0.8487701416015625
NVDA_2021-Q4,NVDA,2021-Q4,remarks,positive,We look forward to growing with them as they continue to scale.,0.8923298716545105
NVDA_2021-Q4,NVDA,2021-Q4,remarks,positive,"Consistent with our outlook, Mellanox had a sequential decline impacted by a non-recurring sales to a China OEM in Q3.",-0.9547393918037416
NVDA_2021-Q4,NVDA,2021-Q4,remarks,positive,"We expect to return to sequential growth in Q1 driven by strong demand for our high-speed networking products, including the ramp of ConnectX adapters with CSPs and all major server OEMs in their upcoming refresh.",0.9329196810722352
NVDA_2021-Q4,NVDA,2021-Q4,remarks,positive,We also see strong momentum in high-performance computing with HDR InfiniBand products.,0.9313180446624756
NVDA_2021-Q4,NVDA,2021-Q4,remarks,positive,"Starting next quarter, we will continue to provide color on networking as part of the data center market platform, but we will no longer breakout Mellanox revenues separately.",0.0659261792898178
NVDA_2021-Q4,NVDA,2021-Q4,remarks,positive,"For the full year, we expect to grow non-GAAP opex in the mid-20% range.",0.8369745016098022
NVDA_2021-Q4,NVDA,2021-Q4,qa,positive,"Sure, let me start off of Stacy in terms of our guidance for Q1.",0.0425214953720569
NVDA_2021-Q4,NVDA,2021-Q4,qa,positive,"So when we think about our guidance for Q1, there's many different types of conclusions that will happen at the end of the quarter in terms of what we ship, but all of our platforms can grow, but the majority of the growth from Q4 to Q1 will likely be Gaming.",0.1035184785723686
NVDA_2021-Q4,NVDA,2021-Q4,qa,positive,"We usually have enough supply to achieve better than the outlook and we had that situation in Q4 and we expect that situation in Q1 and we have enough supply to grow through the year, but supply is constrained and demand is really, really great and so we just have to do a really good job on planning.",0.2933331727981567
NVDA_2021-Q4,NVDA,2021-Q4,qa,positive,"We build the most complex products in the world, the most complex chips, the most complex packages, the most complex systems and during Q4, they improved our cycle time and during Q1, I'm expecting them to improve our cycle time again and we really are blessed to have such an amazing operations and so during these times, it really comes in handy, but overall at the company level, we expect demand to be greater than supply.",0.937710165977478
NVDA_2021-Q4,NVDA,2021-Q4,qa,positive,And so we expect it to be a small part of our business as we go forward.,0.0819544121623039
NVDA_2021-Q4,NVDA,2021-Q4,qa,positive,So I expect our Mellanox networking business to grow very nicely this year and we expect Q1 to be a great growth quarter for compute as well as Mellanox.,0.9348591566085817
NVDA_2021-Q4,NVDA,2021-Q4,qa,positive,We are going to be power constraining in every aspect of computing going forward.,-0.4819491505622864
NVDA_2021-Q4,NVDA,2021-Q4,qa,positive,We look forward to updating you on our progress next quarter.,0.1689812690019607
NVDA_2022-Q2,NVDA,2022-Q2,remarks,positive,"CMP revenue, which is recognized in OEM, was $266 million, lower than our original $400 million estimate on reduced mining profitability and we expect a minimal contribution from CMP going forward.",-0.9663543701171876
NVDA_2022-Q2,NVDA,2022-Q2,remarks,positive,"Looking further out, we have substantial design wins set to ramp that we expect will drive a major inflection in revenue in the coming years.",0.8901558518409729
NVDA_2022-Q2,NVDA,2022-Q2,remarks,positive,We believe everything that moves will be autonomous some day.,0.037875548005104
NVDA_2022-Q2,NVDA,2022-Q2,remarks,positive,We believe more than ever in the power of our combination and the benefits it will deliver for Arm for the UK and for its customers across the world in the era of AI.,0.886249840259552
NVDA_2022-Q2,NVDA,2022-Q2,remarks,positive,"We plan to invest in the UK and we have with the Cambridge-1 supercomputer, and through Arm making UK a global center in science, technology and AI.",0.6516764760017395
NVDA_2022-Q2,NVDA,2022-Q2,remarks,positive,"We are confident in the deal and that regulators should recognize the benefits of the acquisition to Arm, its licensees and the industry.",0.8838391304016113
NVDA_2022-Q2,NVDA,2022-Q2,remarks,positive,We expect another strong quarter with sequential growth driven largely by accelerating demand in data center.,0.9346779584884644
NVDA_2022-Q2,NVDA,2022-Q2,remarks,positive,"In addition, we expect sequential growth in each of our three other market platforms.",0.8731113076210022
NVDA_2022-Q2,NVDA,2022-Q2,remarks,positive,Gaming demand is continuing to exceed supply as we expect channel inventories to remain below target levels as we exit Q3.,-0.4493323862552643
NVDA_2022-Q2,NVDA,2022-Q2,qa,positive,"Now, excluding CMP, we expect our revenue to grow over $500 million sequentially.",0.9220346212387084
NVDA_2022-Q2,NVDA,2022-Q2,qa,positive,"So, our Q3 results don't have seasonality with some for gaming and are really about the supply that we believe we can have for Q3.",-0.0987420082092285
NVDA_2022-Q2,NVDA,2022-Q2,qa,positive,"And I guess it translates into a question of, are the gaming ASPs that we're seeing in the October quarter guidance, are those what you would call sustainable going forward or do you feel like that mix may change as supply comes online?",0.0467909201979637
NVDA_2022-Q2,NVDA,2022-Q2,qa,positive,We will continue to see that as a driver of that overall lifts both our revenue and can lift our overall gross margins.,0.9299298524856568
NVDA_2022-Q2,NVDA,2022-Q2,qa,positive,We want -- the next year we expect to be able to achieve our company's growth plans for next year.,0.9147576689720154
NVDA_2022-Q4,NVDA,2022-Q4,remarks,positive,Gaming has become the top entertainment medium that continues to show strong momentum.,0.8564745783805847
NVDA_2022-Q4,NVDA,2022-Q4,remarks,positive,"We believe strong demand is fueled by continued build-outs for hybrid work environment, as well as growth in key workloads, including design, AI, and rendering.",0.9156032800674438
NVDA_2022-Q4,NVDA,2022-Q4,remarks,positive,"While revenue was gated by supply, we anticipate improving capacity in coming quarters, which should allow us to serve with significant customer demands we're seeing.",0.936979115009308
NVDA_2022-Q4,NVDA,2022-Q4,remarks,positive,"Across the board, we are excited about the traction we are seeing with our new software business models, including NVIDIA AI, NVIDIA Omniverse, and NVIDIA DRIVE.",0.8422828912734985
NVDA_2022-Q4,NVDA,2022-Q4,remarks,hedging,"We gave it our best shot, but the headwinds were too strong, and we could not give regulators the comfort they needed to approve our deal.",-0.7849012017250061
NVDA_2022-Q4,NVDA,2022-Q4,remarks,positive,"We are on track to launch our Arm-based CPU, targeting giant AI and HPC workloads in the first half of next year.",0.6783171892166138
NVDA_2022-Q4,NVDA,2022-Q4,remarks,positive,We're going to turn to our P&L and our outlook.,0.0779335275292396
NVDA_2022-Q4,NVDA,2022-Q4,remarks,positive,We expect sequential growth to be driven primarily by Data Center.,0.3045423924922943
NVDA_2022-Q4,NVDA,2022-Q4,remarks,positive,"For the fiscal year, we expect to grow non-GAAP operating expenses at a similar percent as in fiscal 2022.",0.9232333898544312
NVDA_2022-Q4,NVDA,2022-Q4,qa,positive,"For Q1, our guidance can include an acceleration of Data Center from where we left in terms of Q4.",0.8899036645889282
NVDA_2022-Q4,NVDA,2022-Q4,qa,positive,We expect supply to improve each and every quarter going forward.,0.9384521842002868
NVDA_2022-Q4,NVDA,2022-Q4,qa,positive,"We expect to still be demand constrained, but our supply base is going to increase this quarter, this next quarter, and pretty substantially in the second half.",0.9318245649337769
NVDA_2022-Q4,NVDA,2022-Q4,qa,positive,"And so, we love to see the expansion of CPU footprints, and we're just thrilled that Arm is now growing into robotics and autonomous vehicles and cloud computing and supercomputing and in all these different applications, and we intend to bring the full spectrum of NVIDIA's accelerated computing platform to NVIDIA Arm CPUs.",0.5511587262153625
NVDA_2022-Q4,NVDA,2022-Q4,qa,positive,"And relative to your commentary, that supply starts to get better throughout the year, should we expect that number to start to level off?",0.8744801878929138
NVDA_2022-Q4,NVDA,2022-Q4,qa,positive,"The factors, the drivers that you mentioned in the supply chain, we expanded our supply chain footprint significantly this year to prepare us for both increased supply base and supply availability in each one of the quarters going forward, but also in preparation for some really exciting product launches.",0.9251481890678406
NVDA_2022-Q4,NVDA,2022-Q4,qa,positive,This is going to be a very large business for us going forward.,0.3993616104125976
NVDA_2022-Q4,NVDA,2022-Q4,qa,positive,We believe that every single server in the future will be running AI software.,0.0466393753886222
NVDA_2022-Q4,NVDA,2022-Q4,qa,positive,"And so, I watch the spot, I think this is going to be a very significant business opportunity for us, and we look forward to reporting on it.",0.8277216553688049
NVDA_2022-Q4,NVDA,2022-Q4,qa,positive,"We are working again to try and improve that for every quarter going forward, but that's how you should look at our earnings for Q1 primarily from Data Center.",0.7020531296730042
NVDA_2022-Q4,NVDA,2022-Q4,qa,positive,"This year, we expect a transition in PCIe Gen 4 to Gen 5.",0.7969810962677002
NVDA_2022-Q4,NVDA,2022-Q4,qa,positive,We look forward to updating you on our progress next quarter.,0.1689812690019607
NVDA_2023-Q1,NVDA,2023-Q1,remarks,positive,"Data Center has become our largest market platform, and we see continued strong momentum going forward.",0.9312301874160768
NVDA_2023-Q1,NVDA,2023-Q1,remarks,positive,"As we expect some ongoing impact as we prepare for a new architectural transition later in the year, we are projecting Gaming revenue to decline sequentially in Q2.",-0.9639009237289428
NVDA_2023-Q1,NVDA,2023-Q1,remarks,positive,Channel inventory has nearly normalized and we expect it to remain around these levels in Q2.,0.9256505370140076
NVDA_2023-Q1,NVDA,2023-Q1,remarks,positive,We expect a diminishing contribution going forward.,-0.948345184326172
NVDA_2023-Q1,NVDA,2023-Q1,remarks,positive,Our networking products are still supply constrained though we expect continued improvement throughout the rest of the year.,0.8687805533409119
NVDA_2023-Q1,NVDA,2023-Q1,remarks,positive,We believe H100 is hitting the market at the perfect time.,0.8217489123344421
NVDA_2023-Q1,NVDA,2023-Q1,remarks,positive,"Building on the H100 product side, we are on track to launch our first ever Data Center CPU, Grace, in the first half of 2023.",0.7209400534629822
NVDA_2023-Q1,NVDA,2023-Q1,remarks,positive,We expect to maintain gross margins at current levels in Q2.,0.9310944676399232
NVDA_2023-Q1,NVDA,2023-Q1,remarks,positive,"Going forward, as new products ramp and software becomes a larger percent of revenue, we have opportunities to increase gross margins longer term.",0.9354658126831056
NVDA_2023-Q1,NVDA,2023-Q1,remarks,positive,We are still on track to grow our non-GAAP operating expenses in the high 20s range this year.,0.9320942759513856
NVDA_2023-Q1,NVDA,2023-Q1,remarks,positive,"we expect sequential increases to level off after Q2 as the first half of the year includes a significant amount of expenses related to the bring-up of multiple new products, which should not reoccur in the second half.",0.8398743271827698
NVDA_2023-Q1,NVDA,2023-Q1,remarks,positive,Our outlook assumes an estimated impact of approximately $500 million relating to Russia and China COVID lockdowns.,-0.5489882826805115
NVDA_2023-Q1,NVDA,2023-Q1,remarks,positive,We expect strong sequential growth in Data Center and Automotive to be more than an offset by the sequential decline in Gaming.,0.9015690088272096
NVDA_2023-Q1,NVDA,2023-Q1,qa,positive,The rest of the market is fairly robust and we expect the Gaming dynamics to be intact.,0.9279547333717346
NVDA_2023-Q1,NVDA,2023-Q1,qa,positive,"We expect to have a record, another record quarter this quarter, and we're fairly enthusiastic about the second half.",0.8843748569488525
NVDA_2023-Q1,NVDA,2023-Q1,qa,hedging,"You're still guiding Data Center to a very strong, I think, close to 70% or so year-on-year growth, despite all the headwinds.",0.9340476393699646
NVDA_2023-Q1,NVDA,2023-Q1,qa,positive,"So, I was wondering if you just take out the Russia impact, is that still true, all the orders that you have been getting there intact and you did say that business will see a strong momentum.",0.9023395776748656
NVDA_2023-Q1,NVDA,2023-Q1,qa,positive,"And then on Gaming, Colette, do we expect second half to be up year over year just based on the guide for second quarter?",0.2206033915281295
NVDA_2023-Q1,NVDA,2023-Q1,qa,hedging,It seems like it could be up sequentially but may not return to year-over-year growth in Q3.,0.8518810868263245
NVDA_2023-Q1,NVDA,2023-Q1,qa,hedging,The full impact and duration of the war in Ukraine and COVID lockdowns in China is difficult to predict.,-0.4857419431209564
NVDA_2023-Q1,NVDA,2023-Q1,qa,positive,We look forward to updating you on our progress next quarter.,0.1689812690019607
NVDA_2023-Q2,NVDA,2023-Q2,remarks,hedging,Macroeconomic headwinds across the world drove a sudden slowdown in consumer demand.,-0.961586058139801
NVDA_2023-Q2,NVDA,2023-Q2,remarks,positive,"While Gaming navigates significant short-term macroeconomic challenges, we believe the long-term fundamentals in Gaming remain strong.",0.933381736278534
NVDA_2023-Q2,NVDA,2023-Q2,remarks,hedging,"As macroeconomic headwinds intensified, enterprise demand slowed and OEMs worked to reduce inventory.",-0.9462623596191406
NVDA_2023-Q2,NVDA,2023-Q2,remarks,positive,We expect these trends to persist in Q3.,0.83298659324646
NVDA_2023-Q2,NVDA,2023-Q2,remarks,positive,"While ProViz is undergoing a near-term adjustment after doubling last year, we believe we have expanded the market opportunity over the last couple of years with AI and Omniverse workloads.",0.9391072392463684
NVDA_2023-Q2,NVDA,2023-Q2,remarks,positive,"We believe hybrid work is here to stay, and with it, the need for collaborative 3D design enabled by professional graphic workstations, both at home and in the office, as well as in the cloud.",0.3093900978565216
NVDA_2023-Q2,NVDA,2023-Q2,remarks,positive,We believe Q2 was an inflection point for our Automotive revenue as NVIDIA Orin has great momentum.,0.9363433122634888
NVDA_2023-Q2,NVDA,2023-Q2,remarks,positive,"Looking forward, we expect our $11 billion Automotive design win pipeline to translate to continued growth.",0.927003026008606
NVDA_2023-Q2,NVDA,2023-Q2,remarks,hedging,These charges incurred in the quarter reflect purchase commitments that we made during a time of severe component shortages and our current expectation of ongoing macro uncertainty.,-0.8788790702819824
NVDA_2023-Q2,NVDA,2023-Q2,remarks,positive,We believe our long-term gross margin profile is intact.,0.937403440475464
NVDA_2023-Q2,NVDA,2023-Q2,remarks,positive,Our full year non-GAAP opex is expected to grow over 30%.,0.9315802454948424
NVDA_2023-Q2,NVDA,2023-Q2,remarks,positive,We plan to continue share repurchases.,0.317579448223114
NVDA_2023-Q2,NVDA,2023-Q2,remarks,positive,We expect Gaming and ProViz revenue to decline sequentially as OEMs and channel partners reduce inventory levels to align with current levels of demand and prepare for our new product generation.,-0.9592857956886292
NVDA_2023-Q2,NVDA,2023-Q2,remarks,positive,We expect that decline to be partially offset by sequential growth in Data Center and Automotive.,0.7886261343955994
NVDA_2023-Q2,NVDA,2023-Q2,qa,positive,We expect that sell-through or essentially our end demand for those combined two quarters of Q2 and Q3 to be approximately $5 billion.,0.5162051320075989
NVDA_2023-Q2,NVDA,2023-Q2,qa,positive,"These can include our new Gaming product introductions that are around the corner, as well as new segments of the market that we plan to reach with our Gaming technology, to just name a couple.",0.1415116041898727
NVDA_2023-Q2,NVDA,2023-Q2,qa,positive,"All of this, we anticipate, were working toward a path to being in a good shape going into next year, OK?",0.8699957132339478
NVDA_2023-Q2,NVDA,2023-Q2,qa,positive,"We believe that by the end of the year, we'll be in a good shape going into next year.",0.921441614627838
NVDA_2023-Q2,NVDA,2023-Q2,qa,positive,We expect to ship substantial Hoppers in Q4.,0.8667935132980347
NVDA_2023-Q2,NVDA,2023-Q2,qa,positive,"But we're going to take this opportunity for some of the prior architecture pieces, to write down those, given what we see as just a change in terms of our expectations going forward.",0.0994976460933685
NVDA_2023-Q2,NVDA,2023-Q2,qa,positive,And that's a pretty good understanding of our guidance.,0.3855038583278656
NVDA_2023-Q2,NVDA,2023-Q2,qa,positive,"We felt that Q2 was an inflection point, so we'll continue to grow into Q3 and hopefully Q4 going forward.",0.9177785515785216
NVDA_2023-Q2,NVDA,2023-Q2,qa,hedging,"Even with the current macroeconomic headwinds, demand for our Data Center products have never been stronger.",0.9222506284713744
NVDA_2023-Q2,NVDA,2023-Q2,qa,positive,"Our Automotive revenue is inflecting, and we expect it to be our next billion-dollar business.",0.8622314929962158
NVDA_2023-Q2,NVDA,2023-Q2,qa,positive,We look forward to updating you on our progress next quarter.,0.1689812690019607
NVDA_2023-Q3,NVDA,2023-Q3,remarks,positive,We will align our data center customer commentary going forward accordingly.,0.0735927373170852
NVDA_2023-Q3,NVDA,2023-Q3,remarks,positive,"That said, demand in China more broadly remains soft, and we expect that to continue in the current quarter.",-0.8163115978240967
NVDA_2023-Q3,NVDA,2023-Q3,remarks,positive,We believe Channel inventories are on track to approach normal levels as we exit Q4.,0.92184579372406
NVDA_2023-Q3,NVDA,2023-Q3,remarks,positive,There is tremendous energy in the gaming community that we believe will continue to fuel strong fundamentals over the long term.,0.9004278182983398
NVDA_2023-Q3,NVDA,2023-Q3,remarks,positive,"Despite near-term challenges, we believe our long-term opportunity remains intact, fueled by AI simulation, computationally intensive design and engineering workloads.",0.9273806810379028
NVDA_2023-Q3,NVDA,2023-Q3,remarks,positive,"Sequentially, both GAAP and non-GAAP operating expense growth was in the single-digit percent, and we plan to keep it relatively flat at these levels over the coming quarters.",0.764298677444458
NVDA_2023-Q3,NVDA,2023-Q3,remarks,positive,"We expect our data center revenue to reflect early production shipments of the A100, offset by continued softness in China.",0.9228082895278932
NVDA_2023-Q3,NVDA,2023-Q3,remarks,positive,"In gaming, we expect to resume sequential growth with our revenue still below end demand as we continue to work through the channel inventory correction.",0.9097377061843872
NVDA_2023-Q3,NVDA,2023-Q3,remarks,positive,"And in automotive, we expect the continued ramp of our Oren design wins.",0.9292821884155272
NVDA_2023-Q3,NVDA,2023-Q3,remarks,positive,"All in, we expect modest sequential growth driven by automotive, gaming and data center.",0.906874179840088
NVDA_2023-Q3,NVDA,2023-Q3,qa,positive,"We expect though stronger end demand, though, as we enter into Q4, driven by the upcoming holidays, as well as the continuation of the ADA adoption.",0.937169075012207
NVDA_2023-Q3,NVDA,2023-Q3,qa,positive,We are always looking at our inventory levels at the end of each quarter for our expected demand going forward.,0.0269785150885581
NVDA_2023-Q3,NVDA,2023-Q3,qa,positive,But I think we've done a solid job that we used in this quarter just based on that expectation going forward.,0.9181548357009888
NVDA_2023-Q3,NVDA,2023-Q3,qa,positive,"So now looking at what we've seen in terms of continued lockdowns, continued economy challenges in China it was time for us to take a hard look of what do we think we'll need for data center going forward and not leg for write-downs.",0.0054118782281875
NVDA_2023-Q3,NVDA,2023-Q3,qa,positive,So your question is regarding the sequentials from Q3 to our guidance that we provided for Q4.,0.0168975424021482
NVDA_2023-Q3,NVDA,2023-Q3,qa,positive,"As we are seeing the numbers in terms of our guidance, you're correct, is only growing about $100 million.",0.0512282066047191
NVDA_2023-Q3,NVDA,2023-Q3,qa,positive,"We -- Grace, I think I've said before that we will have production samples in Q1, and we're still on track to do that.",0.2481655180454254
NVDA_2023-Q3,NVDA,2023-Q3,qa,positive,"Or should we expect a more perhaps delayed start of the growth trajectory where we see maybe substantially more growth in, let's say, second half of '23.",-0.4834088087081909
NVDA_2023-Q3,NVDA,2023-Q3,qa,positive,We expect them to have hopper cloud services stood up in Q1.,0.9326905608177184
NVDA_2023-Q3,NVDA,2023-Q3,qa,positive,Let me clarify a little bit in terms of what we believe we should be looking at when we go forward and discussing our data center business.,0.0354744493961334
NVDA_2023-Q3,NVDA,2023-Q3,qa,positive,"Obviously, that's gone from your numbers now, but do you see any potential for liquidation of GPUs that are in the mining network, any impact going forward?",-0.5380333662033081
NVDA_2023-Q3,NVDA,2023-Q3,qa,positive,So curious how we should be modeling that going forward.,0.0623017586767673
NVDA_2023-Q3,NVDA,2023-Q3,qa,hedging,"In our stock-based compensation, what we'll see, it's very difficult to predict what our stock-based compensation would be when it arrives.",-0.1132617145776748
NVDA_2023-Q3,NVDA,2023-Q3,qa,positive,We look forward to updating you on our progress next quarter.,0.1689812690019607
PFE_2020-Q4,PFE,2020-Q4,remarks,hedging,"Despite this challenging environment and the incredible amount of resources we devoted to develop a safe and effective COVID-19 vaccine, we generated 8% operational revenue growth for the year from our core biopharmaceutical product portfolio, excluding the revenue impact from consumer healthcare and excluding $154 million in sales of the Pfizer-BioNTech COVID-19 vaccines that were recorded in the first quarter.",0.9307883977890016
PFE_2020-Q4,PFE,2020-Q4,remarks,hedging,"With the current resurgence of COVID-19, however, we are seeing varying levels of original lockdowns that could impact this recovery.",-0.6299890279769897
PFE_2020-Q4,PFE,2020-Q4,remarks,positive,"Based on the continued strong prescribing patterns, IBRANCE compelling safety and efficacy profile and more than five years of using everyday clinical practice with continued positive patients and physician experiences, we remain confident in its future performance of the metastatic setting.",0.911173939704895
PFE_2020-Q4,PFE,2020-Q4,remarks,positive,"Based on what we have seen so far, we believe it is increasingly like it but a durable COVID-19 vaccine revenue stream like is happening in flu is a potential outcome for a couple of reasons.",0.2879025936126709
PFE_2020-Q4,PFE,2020-Q4,remarks,positive,"We believe these metrics demonstrate that through our science, we are selecting assets to move through the research and development process that have the best chance of benefiting patients.",0.8118324279785156
PFE_2020-Q4,PFE,2020-Q4,remarks,positive,"We aim to sustain these excess rates, which we believe clearly demonstrates the value of our pipeline.",0.8842946290969849
PFE_2020-Q4,PFE,2020-Q4,remarks,positive,"If approved, we believe the vaccine could provide the most comprehensive coverage against pneumococcal disease in adults compared with the standard of care and other pneumococcal conjugate vaccines in late-stage clinical development.",0.9189425110816956
PFE_2020-Q4,PFE,2020-Q4,remarks,positive,"Our Phase 2 diabetes trial for our oral GLP-1 is enrolling rapidly, and we expect to initiate a Phase 2 trial for obesity shortly.",0.6702629327774048
PFE_2020-Q4,PFE,2020-Q4,remarks,positive,"We expect a proof-of-concept readout in the third quarter of this year, which will inform the next step, the potential pivotal Phase 3 program.",0.5199732780456543
PFE_2020-Q4,PFE,2020-Q4,remarks,positive,"We recently initiated the potential registration-enabling Phase 2 trial of elranatamab monotherapy in triple class refractory multiple myeloma, and we anticipate the first patient to be dosed this month.",0.6350276470184326
PFE_2020-Q4,PFE,2020-Q4,remarks,positive,We believe the industry has generated a great deal of goodwill with Congress and public opinion through our COVID-19 treatment and vaccine efforts.,0.9028242230415344
PFE_2020-Q4,PFE,2020-Q4,remarks,positive,"The status quo simply won't cut it, and we look forward to working with the Biden administration and members of Congress from both sides of the aisle to help ensure our breakthroughs are accessible to all.",0.8342448472976685
PFE_2020-Q4,PFE,2020-Q4,remarks,positive,"In summary, 2020 was a transformational and very successful year for our company, and we look forward to sustaining this momentum in 2021 and beyond.",0.9200647473335266
PFE_2020-Q4,PFE,2020-Q4,remarks,positive,We continue to expect a revenue CAGR of at least 6% on a risk-adjusted basis through the end of 2025 and double-digit growth on the bottom line.,0.9315857887268066
PFE_2020-Q4,PFE,2020-Q4,remarks,positive,"At the same time, we will continue to pursue business development opportunities with the potential to enhance our long-term growth prospects post-2025.",0.9306799173355104
PFE_2020-Q4,PFE,2020-Q4,remarks,positive,"Now, I will turn it over to Frank to provide details on the quarter and our outlook for the remainder of 2021.",0.024206131696701
PFE_2020-Q4,PFE,2020-Q4,remarks,positive,We continue to expect that we can manufacture up to 2 billion doses in 2021.,0.8490475416183472
PFE_2020-Q4,PFE,2020-Q4,remarks,positive,Let me speak for a moment about our dividend going forward and how it will initially be linked to the ViiV interest dividend once it is declared.,0.0330279059708118
PFE_2020-Q4,PFE,2020-Q4,remarks,positive,"For the foreseeable future, we expect our board to continue to support annual dividend increases at approximately this year's level.",0.922256588935852
PFE_2020-Q4,PFE,2020-Q4,qa,positive,"So to your question, how do we plan to use strategically this platform?",0.0884066522121429
PFE_2020-Q4,PFE,2020-Q4,qa,positive,"So clearly, we plan to use this expertise so that we will be able to benefit more and more patients.",0.8349871039390564
PFE_2020-Q4,PFE,2020-Q4,qa,positive,"Given that the mRNA vaccines have a high antibody levels, and that was, I think, implied in Albert's answer, we expect them to be much more resistant to breakthroughs for a longer time.",0.7668364644050598
PFE_2020-Q4,PFE,2020-Q4,qa,positive,"So in terms of PCV20, I mean, what we believe our value there is the additional serotype.",0.0911766290664672
PFE_2020-Q4,PFE,2020-Q4,qa,positive,"We believe that the recommendation will be positive as it pertains to PCV20, and we look forward to working with them to achieve that.",0.906972885131836
PFE_2020-Q4,PFE,2020-Q4,qa,positive,Should we anticipate some sort of Phase 1 data by -- at some point in this early summer?,0.0345196202397346
PFE_2020-Q4,PFE,2020-Q4,qa,positive,"So I'm just wondering, should we expect Pfizer to be maybe more active and complete more transactions in the coming months, just trying to boost your pipeline than you otherwise might have been?",0.7850452065467834
PFE_2020-Q4,PFE,2020-Q4,qa,positive,"Or are you already doing quite well in terms of gaining penetration into those patients now, so we should sort of expect the same sort of state of uptake going forward?",0.8574868440628052
PFE_2020-Q4,PFE,2020-Q4,qa,positive,"And we will continue in very intensive reasons to try to bring in Phase 2, Phase 3 predominantly, programs that through our R&D machine very quickly and very successfully can become medicines and vaccines that could generate revenues that will fill the gap, from the 6%, so we can sustain the 6% beyond 2025.",0.8519849181175232
PFE_2020-Q4,PFE,2020-Q4,qa,positive,"And obviously, depending on what they do, that could impact our other income number going forward beyond that.",-0.8515716791152954
PFE_2020-Q4,PFE,2020-Q4,qa,positive,Should we think about less or -- less relevant role for share repo in the paradigm going forward as we think about maybe a little bit higher dividend payout ratio and then some of these priorities to bring in additional assets ahead of the 26 through 28 LOE cycles?,0.0590669214725494
PFE_2020-Q4,PFE,2020-Q4,qa,positive,And we believe there are tremendous opportunities right now to invest in the business.,0.7751638889312744
PFE_2020-Q4,PFE,2020-Q4,qa,positive,We believe our success in development COVID-19 was just the beginning.,0.3902135193347931
PFE_2021-Q1,PFE,2021-Q1,remarks,positive,"We believe this increase is due to COVID-19-related economic hardships that are affecting particularly the demographics of the Ibrance patient population, and we do expect this to normalize over time as the economic impact from the pandemic subsides.",0.9109321236610411
PFE_2021-Q1,PFE,2021-Q1,remarks,positive,"We also are in ongoing discussions with multiple countries around the world about their needs, and we expect these discussions to lead to additional supply agreements.",0.914442241191864
PFE_2021-Q1,PFE,2021-Q1,remarks,positive,"Based on what we have seen, we believe that a durable demand from our COVID-19 vaccine, similar to that of the flu vaccines, is a likely outcome.",0.927437663078308
PFE_2021-Q1,PFE,2021-Q1,remarks,positive,"To that end, together with our partner, BioNTech, we expect to have the capacity to manufacture at least 3 billion doses in 2022.",0.7689222097396851
PFE_2021-Q1,PFE,2021-Q1,remarks,hedging,"In fact, we recently signed an agreement with the UK to supply 60 million additional doses in 2021 and with Israel to supply millions of doses in 2022, enough for the government to boost every eligible citizen, subject to local guidelines, with the option to purchase millions of additional doses for additional boosters.",0.8735220432281494
PFE_2021-Q1,PFE,2021-Q1,remarks,positive,"First, while we are currently distributing our vaccine in the US under an Emergency Use Authorization, we expect to submit this month a Biologics License Application to the US Food and Drug Administration seeking full approval for our COVID-19 vaccine for individuals 16 years of age and older.",0.6272315382957458
PFE_2021-Q1,PFE,2021-Q1,remarks,positive,We expect to have immunogenicity data for both studies in early July.,0.1154079213738441
PFE_2021-Q1,PFE,2021-Q1,remarks,positive,We expect to hear back shortly from the FDA on our application for expanded Emergency Use Authorization for our COVID-19 vaccine to include individuals 12 to 15 years of age.,0.7959950566291809
PFE_2021-Q1,PFE,2021-Q1,remarks,positive,"We expect to have definite readouts and submit for an EUA for two cohorts, including children two to five years of age and five to 11 years of age in September.",0.0482975766062736
PFE_2021-Q1,PFE,2021-Q1,remarks,positive,"On Friday, we submitted new stability data to the FDA, and we believe we could soon receive an update to our EUA prescribing information, allowing the vaccine to be stored at standard refrigerator temperatures of two to eight degrees Celsius for up to four weeks.",0.4696187973022461
PFE_2021-Q1,PFE,2021-Q1,remarks,hedging,"We are also working on a ready-to-use formulation that, subject to generating supportive stability data and obtaining regulatory approval, could potentially be stored at standard refrigerator temperatures for up to 10 weeks and up to fix months at minus-50 to minus-70.",0.1698860079050064
PFE_2021-Q1,PFE,2021-Q1,remarks,positive,"If successful, we expect to have the data to support this formulation in August.",0.8203376531600952
PFE_2021-Q1,PFE,2021-Q1,remarks,positive,"Fifth, as we move closer to a potential approval for our investigational 20-valent pneumococcal conjugate vaccine for adults, which, if approved, may be launched during an ongoing pandemic, we plan to begin this month a study of co-administration of the Pfizer-BioNTech COVID-19 vaccine with the 20-valent pneumococcal conjugate vaccine.",0.3311249613761902
PFE_2021-Q1,PFE,2021-Q1,remarks,positive,"We expect to begin our Phase 1, 3 study for the intravenously administered compound in May and for the orally administered compound in July.",0.0781811773777008
PFE_2021-Q1,PFE,2021-Q1,remarks,positive,"We expect to begin a Phase 2, 3 study in which the IV compound will be tested against the current standard of care this quarter.",0.5717068910598755
PFE_2021-Q1,PFE,2021-Q1,remarks,positive,We are also exploring the potential to address other infectious diseases that we plan to discuss in the near future.,0.3835299015045166
PFE_2021-Q1,PFE,2021-Q1,remarks,positive,"In addition to prophylactic vaccines for infectious diseases, we believe mRNA has the potential to address a wide range of therapeutic areas, including cancer and genetic disease.",0.3192700147628784
PFE_2021-Q1,PFE,2021-Q1,remarks,positive,You can expect to hear more about our plans and potential applications in the coming weeks.,0.0450128391385078
PFE_2021-Q1,PFE,2021-Q1,remarks,positive,"Among pneumococcal conjugate vaccines on the market or in late-stage development, if approved, we believe it could provide the most comprehensive coverage against pneumococcal pneumonia disease in adults.",0.8933647274971008
PFE_2021-Q1,PFE,2021-Q1,remarks,positive,"We are excited about the prospect of soon commercializing this product for its potential indication of uterine fibroids, if approved.",0.8444381952285767
PFE_2021-Q1,PFE,2021-Q1,remarks,positive,"We believe in the efficacy and safety profile of abrocitinib, which was demonstrated in Phase 3 clinical trial of more than 2,800 patients.",0.8345073461532593
PFE_2021-Q1,PFE,2021-Q1,remarks,positive,We look forward to working with the FDA and other regulators around the world over the coming months to potentially help bring this important option to patients.,0.8412842154502869
PFE_2021-Q1,PFE,2021-Q1,remarks,positive,"We anticipate presenting two-year Phase 1, 2 data in the fourth quarter of 2021.",0.0507227480411529
PFE_2021-Q1,PFE,2021-Q1,remarks,positive,"Additionally, we are pleased to report that our lead-in study for our Phase 3 AFFINE study is in hemophilia A now fully enrolled, which could lead to a pivotal readout in 2022.",0.8699969053268433
PFE_2021-Q1,PFE,2021-Q1,remarks,positive,"In the interim, we will continue to progress our trial globally and enroll patients at other sites, which we believe will allow our program to remain on track to potentially enable approvals around the world, including the US.",0.923964023590088
PFE_2021-Q1,PFE,2021-Q1,remarks,positive,We expect the Biden administration will soon announce a human capital component to their infrastructure package that will include health provisions.,0.754569947719574
PFE_2021-Q1,PFE,2021-Q1,remarks,positive,"Looking ahead, we remain focused on being nimble and investing in our R&D organization so we can build on the strong improvement in the clinical success rates that had been seen over the past five years and, potentially, translate that success into strong commercial launches that benefit patients.",0.925324022769928
PFE_2021-Q1,PFE,2021-Q1,remarks,positive,"At the same time, we will continue to pursue business development opportunities with the potential to further enhance our long-term growth prospects.",0.926151156425476
PFE_2021-Q1,PFE,2021-Q1,remarks,hedging,"We now expect that we can manufacture up to 2.5 billion doses in '21, subject to continuous process improvements, expansion at current facilities and adding new suppliers and contract manufacturers.",0.905659019947052
PFE_2021-Q1,PFE,2021-Q1,remarks,positive,We continue to expect that the adjusted income before tax for the COVID-19 vaccine contribution to be in the high 20s as a percentage of revenue.,0.5120898485183716
PFE_2021-Q1,PFE,2021-Q1,remarks,positive,"For the foreseeable future, we expect our board to continue to support annual dividend increases at approximately this year's level.",0.922256588935852
PFE_2021-Q1,PFE,2021-Q1,qa,positive,"Now, beyond '22 and '23, first of all, we believe, as we said multiple times, that there will be a need for boosters.",0.3745871484279632
PFE_2021-Q1,PFE,2021-Q1,qa,hedging,"It could be consistent from different areas, may not be the rebate reform, which I think it is one of the systemic issues that we are having with drug pricing, but it could be that out-of-pocket caps.",-0.0081660747528076
PFE_2021-Q1,PFE,2021-Q1,qa,positive,"And we will continue working on finding the solution that will, I repeat, make medicines affordable for the patients and not throw money to the black hole of the federal budget.",0.6313626766204834
PFE_2021-Q1,PFE,2021-Q1,qa,positive,"So you've heard Albert and me talk about pricing and that pricing has been a headwind, and we expect it to continue to be a headwind for the foreseeable future.",-0.5941539406776428
PFE_2021-Q1,PFE,2021-Q1,qa,positive,"I should also mention it was negative 5% in the US Now, in terms of our guidance, which is what you asked, Geoffrey, our guidance assumed the pricing decrease, negative impact, I'll call it in the range of low to mid-single digits.",-0.8395262360572815
PFE_2021-Q1,PFE,2021-Q1,qa,positive,"So far, we believe that our B2, the current vaccine, is very effective in controlling all known mutations.",0.8777710199356079
PFE_2021-Q1,PFE,2021-Q1,qa,positive,"But as Albert alluded to, we believe it's very important to keep up very high neutralizing antibody levels in addition to the nice T cell immunity.",0.6490882635116577
PFE_2021-Q1,PFE,2021-Q1,qa,positive,We expect to put into the clinic two first-in-human novel vaccines every year for the next two years.,0.2814755439758301
PFE_2021-Q1,PFE,2021-Q1,qa,positive,"And then, in terms of the durability of the franchise, I'm going to try not to repeat what Albert said, but I thought Albert went into a lot of detail on why we believe the COVID revenue franchise has significant durability and why we think we see that as something that's going to take place for the foreseeable future.",0.085310623049736
PFE_2021-Q1,PFE,2021-Q1,qa,positive,And Albert went through a lot of the details how we believe that is.,0.0322694256901741
PFE_2021-Q1,PFE,2021-Q1,qa,hedging,"So while we don't give at this early time an exact date but anticipate that we will move very fast, may not be as fast as a pandemic development but much faster than the traditional flu development.",0.0890666842460632
PFE_2021-Q1,PFE,2021-Q1,qa,positive,"The speed with which we interact with regulators, as well as the continued acceleration of digital solutions such as artificial intelligence, electronic diaries, advanced analytics, electronic health records are just some of the things we plan to bring to all of our clinical trials so we can continue to move at the speed of science.",0.2060455530881881
PFE_2021-Q2,PFE,2021-Q2,remarks,positive,We expect this call to last 90 minutes.,0.0378398410975933
PFE_2021-Q2,PFE,2021-Q2,remarks,positive,We anticipate that the significant amount of the remaining 2021 vaccine manufacturing capacity will be delivered to middle- and low-income countries where we price in line with income levels or at a not-for-profit price.,0.342920571565628
PFE_2021-Q2,PFE,2021-Q2,remarks,positive,"In fact, we are on track to deliver on our commitment to provide this year more than 1 billion doses or approximately 40% of our total production to middle- and low-income counties and another 1 billion in 2022.",0.8885771036148071
PFE_2021-Q2,PFE,2021-Q2,remarks,positive,We anticipate these efforts will continue to support a strong trajectory for the franchise.,0.9288309812545776
PFE_2021-Q2,PFE,2021-Q2,remarks,positive,"We believe the only way to add that indication to the 15-valent vaccine in the US will be to conduct a post-licensure efficacy -- effectiveness trial, which we believe means that for the foreseeable future, Prevnar 20 likely will be the only vaccine with an indication against vaccine type pneumonia for the 20 serotypes.",0.3249826729297638
PFE_2021-Q2,PFE,2021-Q2,remarks,positive,We believe this approach may optimize the benefit-risk profile.,0.8649953603744507
PFE_2021-Q2,PFE,2021-Q2,remarks,positive,We believe these meaningful solutions would have an immediate impact for patients without sacrificing future innovation.,0.89536452293396
PFE_2021-Q2,PFE,2021-Q2,remarks,positive,"Looking forward, we intend to build upon these successes by continuing to follow the science, trust in our people and remain focused on delivering breakthroughs for the patients we serve.",0.8593406081199646
PFE_2021-Q2,PFE,2021-Q2,remarks,positive,"As such, we continue to expect a revenue CAGR of at least 6% on a risk-adjusted basis through the end of 2025 and double-digit growth on the bottom line.",0.9318537712097168
PFE_2021-Q2,PFE,2021-Q2,remarks,positive,"At the same time, we will continue to pursue business development opportunities with the potential to further enhance our long-term growth prospect.",0.9269390106201172
PFE_2021-Q2,PFE,2021-Q2,remarks,positive,"And we are excited to work with Arvinas on the first potential product for breast cancer, which with its encouraging early clinical data has the potential to become a novel hormonal therapy backbone for HR-positive breast cancer.",0.8654096722602844
PFE_2021-Q2,PFE,2021-Q2,remarks,positive,"And then, of course, Frank will provide financial details on the quarter and our outlook for the remainder of 2021.",0.0215808469802141
PFE_2021-Q2,PFE,2021-Q2,remarks,positive,"Starting in 2022, we expect to initiate phase three studies across lines of therapy in metastatic breast cancer, including in combination with Ibrance, followed by pivotal studies in the early breast cancer setting.",0.2745900154113769
PFE_2021-Q2,PFE,2021-Q2,remarks,positive,We expect phase three interim analysis for all three programs in '22.,0.0486141629517078
PFE_2021-Q2,PFE,2021-Q2,remarks,positive,We expect potential proof of concept in January '22 and a phase three study in the first half of '22.,0.2006805092096328
PFE_2021-Q2,PFE,2021-Q2,remarks,positive,"I will show you data on the next slide, which we plan to submit for peer-reviewed publication soon.",0.0296853892505168
PFE_2021-Q2,PFE,2021-Q2,remarks,positive,We plan to initiate a global phase three trial in the third quarter and hope to conclude the study swiftly in part due to the recent spike in RSV infections reported by CDC.,0.906677782535553
PFE_2021-Q2,PFE,2021-Q2,remarks,hedging,We are projected to start first in human trial for a modified RNA or modRNA flu vaccine in the third quarter subject to regulatory approval.,0.2660754323005676
PFE_2021-Q2,PFE,2021-Q2,remarks,positive,"If successful, we project a potential US Emergency Use Authorization submission in the fourth quarter.",0.7752121686935425
PFE_2021-Q2,PFE,2021-Q2,remarks,positive,"Of course, there will be some variability in quarterly growth rates due to a variety of factors, but we continue to expect at least 6% through 2025.",0.3837984204292297
PFE_2021-Q2,PFE,2021-Q2,remarks,positive,"Given the tax effect of increased COVID-19 vaccine revenue, our tax rate [Audio gap] which will impact our guidance, which I will speak to in a minute.",-0.4140215218067169
PFE_2021-Q2,PFE,2021-Q2,remarks,hedging,"We now expect that we can manufacture up to 3 billion doses in 2021, subject to continuous process improvements, expansion of current facilities and adding new suppliers and contract manufacturers.",0.9131800532341005
PFE_2021-Q2,PFE,2021-Q2,remarks,positive,We continue to expect that the adjusted income before tax margin for the COVID-19 vaccine contribution to be in the high 20s as a percentage of revenue.,0.5408536195755005
PFE_2021-Q2,PFE,2021-Q2,remarks,positive,"And going forward, we will continue to maintain a prudent stance toward our capital allocation activities, with the opportunities for deployment shown here on this slide.",0.8191482424736023
PFE_2021-Q2,PFE,2021-Q2,qa,positive,We have said repeatedly that we expect to have a 3 billion doses manufacturing this year.,0.7721105217933655
PFE_2021-Q2,PFE,2021-Q2,qa,positive,"For the mRNA flu vaccines, we plan to start our first in human studies shortly based on some of the encouraging data we showed from preclinical studies.",0.5977282524108887
PFE_2021-Q2,PFE,2021-Q2,qa,positive,"Given the high potency of the mRNA, we are optimistic, and we believe there is a good opportunity that one can create a premier vaccine with superior efficacy versus existing flu vaccine.",0.9358596205711364
PFE_2021-Q2,PFE,2021-Q2,qa,positive,"I think what we have said is not new, i.e. for months, I'm saying that we believe, based on the data that we receive holistically, but we will need a booster eight to 12 months and -- from the second dose.",0.1187998875975608
PFE_2021-Q2,PFE,2021-Q2,qa,positive,"And so, with this, what we anticipate coming up in October are policy questions that will be addressed for both PCV20, as well as the Merck 15.",0.0749514028429985
PFE_2021-Q2,PFE,2021-Q2,qa,positive,"We will continue to monitor and generate data on the impact of a third dose, which we do have ongoing in our phase three, and possibly soon also in real-world evidence.",0.3066666722297668
PFE_2021-Q2,PFE,2021-Q2,qa,positive,We expect the third dose to be potent and somewhat maybe more long-lasting than the second.,0.902186393737793
PFE_2021-Q2,PFE,2021-Q2,qa,positive,"But all in all, we believe that similar to a flu business, it may be likely for the COVID business.",0.1969695538282394
PFE_2021-Q2,PFE,2021-Q2,qa,positive,But we believe that the risk-benefit profile of abrocitinib is going to have a role in the treatment of atopic dermatitis patients.,0.849459707736969
PFE_2021-Q2,PFE,2021-Q2,qa,positive,"And certainly, we believe that by boosting you may strengthen antibodies and T cells.",0.8281196355819702
PFE_2021-Q2,PFE,2021-Q2,qa,positive,"So, of course, we will continue to look for opportunities.",0.3711326122283935
PFE_2021-Q2,PFE,2021-Q2,qa,positive,"So I'd say that, going forward, we'll be more opportunistic because we're just weighing and trading off so many incredible programs on the innovative side that we could also be doing.",0.1898242235183715
PFE_2021-Q2,PFE,2021-Q2,qa,positive,"They still give us better flexibility, and we plan to allocate capital to develop the business with a very big sense of urgency.",0.8451000452041626
PFE_2021-Q2,PFE,2021-Q2,qa,positive,"But all in all, we expect it to look somewhat similar in its direction.",0.645187258720398
PFE_2021-Q3,PFE,2021-Q3,remarks,positive,We expect this call to last 90 minutes.,0.0378398410975933
PFE_2021-Q3,PFE,2021-Q3,remarks,positive,"We also remain on track to produce 3 billion doses this year, of which, at least 1 billion will go to middle- and low-income countries.",0.6122299432754517
PFE_2021-Q3,PFE,2021-Q3,remarks,positive,"In terms of Xeljanz, in it's currently approved indication in the U.S., we believe that Xeljanz prescribing behavior will adjust in the coming months based on the FDA's update, resulting in an initial correction in the short term.",0.6527872681617737
PFE_2021-Q3,PFE,2021-Q3,remarks,positive,"But based on the trends we have observed and the broad application of Xeljanz across its approved indications, we believe Xeljanz has the potential to return to growth, again, once the final U.S. label is issued and physicians have adjusted their prescribing habits accordingly as we go into 2022 and beyond.",0.9164578914642334
PFE_2021-Q3,PFE,2021-Q3,remarks,positive,"Overall, we remain confident in the importance of the JAK inhibitor class for appropriate patients with inflammatory diseases.",0.9004440307617188
PFE_2021-Q3,PFE,2021-Q3,remarks,positive,"Regarding our worldwide exclusive licensing agreement with Akcea, we believe our expertise and breadth of experience in cardiovascular and metabolic diseases makes us well suited to accelerate clinical development of AKCEA-ANGPTL3-LRx, an investigational antisense therapy being developed to treat patients with certain cardiovascular and metabolic diseases.",0.8610756993293762
PFE_2021-Q3,PFE,2021-Q3,remarks,positive,"We are excited about our collaboration with Valneva to develop and commercialize with Valneva to develop and commercialize Valneva's Lyme disease vaccine candidate, VLA15, the only active Lyme disease vaccine program in clinical development today.",0.4812613427639007
PFE_2021-Q3,PFE,2021-Q3,remarks,positive,We look forward to that acquisition closing later this year and in the first half of 2022.,0.113521933555603
PFE_2021-Q3,PFE,2021-Q3,remarks,positive,"Looking ahead, we continue to focus on driving operational excellence across the organization and pursuing the kinds of first-in-class science that will define the new Pfizer.",0.6440204381942749
PFE_2021-Q3,PFE,2021-Q3,remarks,positive,"Given our third quarter performance and our current expectations for the near term, we continue to expect a revenue CAGR of at least 6% on a risk-adjusted basis through the end of 2025 and double-digit growth on the bottom line.",0.93291574716568
PFE_2021-Q3,PFE,2021-Q3,remarks,positive,"Now I will turn it over to Mikael to speak more about our R&D efforts, and then Frank will provide financial details on the quarter and our outlook for the remainder of 2021, which looks solid.",0.3151254653930664
PFE_2021-Q3,PFE,2021-Q3,remarks,positive,We believe that vaccinating younger children is one important step in making our way through this pandemic.,0.7175202369689941
PFE_2021-Q3,PFE,2021-Q3,remarks,positive,"Looking ahead, we expect initial pivotal data from the studies in two to less than five-year-olds this quarter and in six months to less than two-year-olds next quarter with full data readout to follow.",0.1150753945112228
PFE_2021-Q3,PFE,2021-Q3,remarks,positive,We plan to submit data to regulators for potential approval of similar handling conditions for vials used to dose the 12-and-older population.,0.4317740201950073
PFE_2021-Q3,PFE,2021-Q3,remarks,positive,We plan to monitor the participants in our clinical study and at an appropriate time consider a randomized fourth dose booster study to document the impact of additional and possibly annual repeat vaccinations.,0.243594154715538
PFE_2021-Q3,PFE,2021-Q3,remarks,hedging,News over the weekend from another manufacturer suggest that their vaccine may not be available in the near term for younger population.,-0.9025292992591858
PFE_2021-Q3,PFE,2021-Q3,remarks,positive,"We are committed to resuming dosing as quickly as possible once a protocol amendment, which is intended to provide guidelines for clinical management of elevated Factor 8 levels is implemented.",0.4632347524166107
PFE_2021-Q3,PFE,2021-Q3,remarks,positive,We anticipate pivotal data readouts to be based on full analysis of at least 50 study participants for hem A and 40 participants for the hemophilia B program.,0.0608364604413509
PFE_2021-Q3,PFE,2021-Q3,remarks,positive,"For hemophilia B, we anticipate the readout in the first quarter of '23.",0.0416875481605529
PFE_2021-Q3,PFE,2021-Q3,remarks,positive,"A few sites have resumed new patient activities, and we anticipate that nearly all ex-U.S. trial sites will have restarted clinical activity by the end of this month.",0.1556292176246643
PFE_2021-Q3,PFE,2021-Q3,remarks,positive,We expect to initiate Phase 2b studies in both diseases in 2022 exploring higher doses.,0.7528973817825317
PFE_2021-Q3,PFE,2021-Q3,remarks,positive,"Approximately 70% of patients who are positive with this biomarker, and we believe a precision medicine approach utilizing key biomarkers may enhance patient selection and improve patient outcomes.",0.9305877685546876
PFE_2021-Q3,PFE,2021-Q3,remarks,positive,We anticipate the readout of the full Phase 2 study in the first quarter of '22.,0.0512907840311527
PFE_2021-Q3,PFE,2021-Q3,remarks,positive,"Finally, our recent milestones are a reflection of those high clinical success rates that I shared at the beginning, and we look forward to continuing the momentum in '22.",0.8754143714904785
PFE_2021-Q3,PFE,2021-Q3,remarks,positive,"In addition, we expect continued active business development to further augment the clinical portfolio.",0.9310980439186096
PFE_2021-Q3,PFE,2021-Q3,remarks,positive,"Of course, there will be some variability in quarterly growth rates due to a variety of factors, but we continue to expect at least a 6% CAGR through 2025.",0.7513625621795654
PFE_2021-Q3,PFE,2021-Q3,remarks,positive,We continue to expect that we can manufacture 3 billion doses in total by the end of 2021.,0.7884027361869812
PFE_2021-Q3,PFE,2021-Q3,remarks,positive,We continue to expect that the adjusted income before tax margin for the COVID-19 vaccine contribution to be in the high 20s as a percentage of revenue.,0.5408525466918945
PFE_2021-Q3,PFE,2021-Q3,remarks,positive,"We expect the Chantix sales to be zero in Q4 due to the recall and pause in shipments, representing another 2% headwind to growth.",-0.9658957719802856
PFE_2021-Q3,PFE,2021-Q3,remarks,positive,"While we have the capacity to produce 4 billion doses in 2022, at this point, we expect to recognize revenues for 1.7 billion doses in 2022, representing COVID vaccine direct sales and alliance revenues approximately $29 billion.",0.715050995349884
PFE_2021-Q3,PFE,2021-Q3,remarks,positive,"And going forward, we will continue to be prudent in our capital allocation activities with the opportunities for deployment shown here on this slide.",0.7937224507331848
PFE_2021-Q3,PFE,2021-Q3,remarks,positive,"We look forward to an expected closing of the Trillium acquisition as soon as this quarter or in the first half of 2022, subject to the satisfaction of the closing conditions.",0.0378222465515136
PFE_2021-Q3,PFE,2021-Q3,qa,positive,"In that one, we expect based on previous experiences from Tamiflu and other antiviral drug that you're likely to get a good probability for even higher -- hopefully, a very high antiviral effect.",0.923004388809204
PFE_2021-Q3,PFE,2021-Q3,qa,positive,"So think about this year, as we've updated our guidance each quarter, we've been able to increase our revenue guidance to the COVID vaccine because of incremental contracts signed from one quarter to the next.",0.9389227032661438
PFE_2021-Q3,PFE,2021-Q3,qa,positive,"So that will be the rhythm of the numbers, the way to think about it going forward in '22.",0.0016198381781578
PFE_2021-Q3,PFE,2021-Q3,qa,positive,"And this is also where we believe that right now, we can bring it significantly up what The Street projects as a severe decline.",0.8143286108970642
PFE_2021-Q3,PFE,2021-Q3,qa,hedging,"So just to make sure that there is no misunderstanding here, we are investing very heavily, and we count -- we are cautiously optimistic that the studies will reveal the data.",0.3824273347854614
PFE_2021-Q3,PFE,2021-Q3,qa,positive,And we look forward to generate more data and understand this type of new emerging true oral how to optimally position it.,0.504868745803833
PFE_2021-Q3,PFE,2021-Q3,qa,positive,And we see opportunities to combine it with several existing Pfizer assets to give us unique life cycle management.,0.7728410959243774
PFE_2021-Q3,PFE,2021-Q3,qa,positive,We look forward to see a potential deal closure and to work with the staff in Trillium to accelerate these exciting assets.,0.8824009299278259
PFE_2021-Q3,PFE,2021-Q3,qa,positive,"And then, secondly, what should we expect to see with that initial readout?",0.0041702464222908
PFE_2021-Q3,PFE,2021-Q3,qa,positive,We believe it's gonna be active against many different coronavirus.,0.4269253611564636
PFE_2021-Q3,PFE,2021-Q3,qa,positive,So it's a really important drug for the world and fingers crossed as we look forward to readout.,0.2763799726963043
PFE_2021-Q3,PFE,2021-Q3,qa,positive,"We see business development, frankly, as a very important part of our strategy, and we plan to be very active in dealmaking.",0.4884669780731201
PFE_2021-Q3,PFE,2021-Q3,qa,positive,"And we believe that we do have a competitive profile that will allow us to play a role in this very, very big market.",0.8568036556243896
PFE_2021-Q4,PFE,2021-Q4,remarks,positive,We expect this call to last 90 minutes.,0.0378398410975933
PFE_2021-Q4,PFE,2021-Q4,remarks,positive,"As a result, we believe we can do even better with each of these metrics in 2022, each one of them.",0.9308367967605592
PFE_2021-Q4,PFE,2021-Q4,remarks,positive,"Now, I would like to speak to three factors that will help drive our growth going forward.",0.1553823053836822
PFE_2021-Q4,PFE,2021-Q4,remarks,positive,The first is the long-term outlook for COVID-19 and why we believe we are well-positioned to continue to lead the battle against this disease.,0.2254326492547989
PFE_2021-Q4,PFE,2021-Q4,remarks,positive,"Second, our thoughtful capital allocation strategy and why we believe it can help drive our growth in the second part of the decade.",0.6531053781509399
PFE_2021-Q4,PFE,2021-Q4,remarks,positive,"That said, we now have the tools in the form of vaccines and treatments, that we believe will help enable us to not only better manage the pandemic, but also help countries move into an endemic phase.",0.8175762891769409
PFE_2021-Q4,PFE,2021-Q4,remarks,positive,"In other words, we believe these tools will help us allow us to go back to normality and spend time with family and friends, travel, attend indoor dining and concerts and enjoy many other activities while lowering the risk of overburdening hospitals and healthcare systems around the world.",0.8072168827056885
PFE_2021-Q4,PFE,2021-Q4,remarks,positive,"When it comes to Paxlovid, we expect to produce 6 million treatment courses during the first quarter of '22.",0.5012013912200928
PFE_2021-Q4,PFE,2021-Q4,remarks,positive,"Overall, we expect to produce 30 million courses in the first half of 2022 and 120 million courses for the full year, of course, depending on the global need.",0.2787573337554931
PFE_2021-Q4,PFE,2021-Q4,remarks,positive,"Going forward, we are confident in our ability to maintain this leadership position because of our significant investments in R&D combined with our ability to move at the speed of science without compromising quality or safety; the strong credibility we have earned with governments, healthcare providers and consumers; combined with our extensive global field presence and our unparalleled capabilities for high-quality manufacturing at scale.",0.9070609211921692
PFE_2021-Q4,PFE,2021-Q4,remarks,positive,The strength of our balance sheet and cash flows allow us to pursue new business development opportunities going forward that could add at least $25 billion of risk-adjusted revenues to our 2030 top-line expectations.,0.9308969974517822
PFE_2021-Q4,PFE,2021-Q4,remarks,positive,"We expect to do this while still maintaining our growing dividend, as well as flexibility for other uses of our cash.",0.8759363293647766
PFE_2021-Q4,PFE,2021-Q4,remarks,positive,"We believe the opportunities to deliver on this approach exist, and I will be personally focusing on this execution.",0.4341622292995453
PFE_2021-Q4,PFE,2021-Q4,remarks,positive,"As we pursue these opportunities, we will continue to be highly disciplined in our evaluation and prioritization processes.",0.8025819659233093
PFE_2021-Q4,PFE,2021-Q4,remarks,positive,"I see this pace of business development accelerating going forward, and I'm confident it will be an important driver in ensuring Pfizer as a growth company in the back half of this decade.",0.9208576083183287
PFE_2021-Q4,PFE,2021-Q4,remarks,positive,"Although mRNA is not the holy grail, we believe the technology has the potential to have a game-changing impact on global health, which is why we have developed a robust mRNA strategy and are aggressively building our platform.",0.8887386918067932
PFE_2021-Q4,PFE,2021-Q4,remarks,positive,"Going forward, we plan to continue to invest to capitalize on the leadership we have built in terms of both mRNA R&D and manufacturing.",0.8817706108093262
PFE_2021-Q4,PFE,2021-Q4,remarks,positive,"We believe this will give us the potential to use mRNA to treat diseases, not just prevent them.",0.6141297221183777
PFE_2021-Q4,PFE,2021-Q4,remarks,positive,We believe this will give us greater independence in this space.,0.8554606437683105
PFE_2021-Q4,PFE,2021-Q4,remarks,positive,"Our strategic collaboration with Biohaven leverages our leading commercial capabilities in pain and women's health, with Biohaven's groundbreaking oral CGRP receptor antagonist, the only one approved in the U.S. for both acute and preventative treatment of migraine, so that we can potentially bring a valuable new treatment option to patients living with this debilitating neurological disease outside the U.S. And through our proposed acquisition of Arena, we plan to leverage Pfizer's leading research and global development capabilities to accelerate the clinical development of etrasimod for patients with immuno-inflammatory diseases.",0.8434552550315857
PFE_2021-Q4,PFE,2021-Q4,remarks,positive,"The strategy is focused on six areas where we see opportunities to create a meaningful and measurable impact over the next decade: product innovation, equitable access and pricing, product quality and safety; diversity, equity and inclusion; climate change and business ethics.",0.3743376135826111
PFE_2021-Q4,PFE,2021-Q4,remarks,positive,"Each quarter going forward, I will provide examples of how we are embedding ESG into all core areas of our business.",0.1363508850336074
PFE_2021-Q4,PFE,2021-Q4,remarks,positive,We believe that diversity in trials is a matter of equity and good science and are taking decisive steps designed to improve diversity in our trials.,0.8085302710533142
PFE_2021-Q4,PFE,2021-Q4,remarks,positive,"Lastly, I'm pleased to announce that the Compensation Committee of our board of directors has been reviewing methods for linking executive compensation with ESG performance, which we expect to begin this year.",0.2922733426094055
PFE_2021-Q4,PFE,2021-Q4,remarks,positive,"In summary, 2021 was an outstanding year for Pfizer, and we look forward to continuing to apply the lessons learned from COVID-19 to deliver breakthroughs for patients across all our therapeutic areas.",0.9083333611488342
PFE_2021-Q4,PFE,2021-Q4,remarks,positive,"After Mikael, Frank will provide financial details on the fourth quarter and our outlook for 2022.",0.017249708995223
PFE_2021-Q4,PFE,2021-Q4,remarks,positive,"We anticipate a New Drug Application decision by the FDA in the high-risk population in second half of '22; pivotal readouts of our household contact and standard-risk studies in the second quarter and second half of '22, respectively; and the study start in children six to 18 years old in the first quarter of '22.",0.0905836597084999
PFE_2021-Q4,PFE,2021-Q4,remarks,positive,We plan to submit third-dose data once they're available.,0.0860250517725944
PFE_2021-Q4,PFE,2021-Q4,remarks,positive,We plan to conduct a phase 1 dose expansion and expect to complete it in the fourth quarter of this year.,0.5985029339790344
PFE_2021-Q4,PFE,2021-Q4,remarks,positive,We expect the phase 1/2 study to be completed in the second quarter of '23.,0.0697731226682663
PFE_2021-Q4,PFE,2021-Q4,remarks,positive,"The vaccine candidate was generally well tolerated at all dose levels tested, and we are excited about further development and the potential to help prevent this debilitating disease.",0.8968649506568909
PFE_2021-Q4,PFE,2021-Q4,remarks,positive,"Considering the favorable benefit-to-risk profile in this study and observed in the ambulatory patient population and in consultation with the Data Monitoring Committee, we believe the safety profile of our DMD gene therapy is manageable in this patient group.",0.9155471324920654
PFE_2021-Q4,PFE,2021-Q4,remarks,positive,"Pending regulatory feedback, we anticipate phase 3 study sites to begin reopen in the next few months, with a potential to report top-line results and, subject to clinical trial success, submit a BLA by the end of '23.",0.848983645439148
PFE_2021-Q4,PFE,2021-Q4,remarks,positive,And we expect to start the phase 2 study in cancer cachexia in the fourth quarter of this year.,0.2239531278610229
PFE_2021-Q4,PFE,2021-Q4,remarks,positive,We expect to start a phase 2b titration optimization study mid-'22 with doses up to 200-milligram twice a day and complete the phase 2b study in nondiabetic subjects with obesity in the first quarter of next year.,0.2507132887840271
PFE_2021-Q4,PFE,2021-Q4,remarks,positive,"Of course, there will be some variability in quarterly and annual growth rates due to a variety of factors, but we continue to expect at least a 6% CAGR through 2025.",0.7521663308143616
PFE_2021-Q4,PFE,2021-Q4,remarks,positive,We will continue to provide insight into our expected revenues for Comirnaty.,0.5544206500053406
PFE_2021-Q4,PFE,2021-Q4,remarks,positive,"Our revenue guidance represents a record for Pfizer, and we expect total company revenue to be in the range of $98 million to $102 billion, representing an operational growth rate of 24% midpoint.",0.9289104342460632
PFE_2021-Q4,PFE,2021-Q4,remarks,hedging,"Please consider that this revenue range reflects approximately $1.1 billion of anticipated negative impact from changes in foreign currencies and also the impact of the loss of Meridian sales of approximately $300 million, both of which your models may not take into account.",-0.821906328201294
PFE_2021-Q4,PFE,2021-Q4,remarks,positive,"For Paxlovid, we expect sales of approximately $22 billion.",0.3639077246189117
PFE_2021-Q4,PFE,2021-Q4,remarks,positive,"This means that excluding the COVID-related revenues, we expect sales to be $46 billion at the midpoint, representing operational growth of 5%.",0.9222142100334167
PFE_2021-Q4,PFE,2021-Q4,remarks,positive,"While this is slightly below the 6% CAGR that we continue to expect between 2020 and 2025, I would remind you that there will be volatility along the way.",-0.3814352750778198
PFE_2021-Q4,PFE,2021-Q4,remarks,positive,"Given that we are now more than 12 months past the launch of Comirnaty, we expect its negative impact on our cost of sales margins to be less than it was in 2021, assuming a similar level of revenues.",-0.9214114546775818
PFE_2021-Q4,PFE,2021-Q4,remarks,positive,"On adjusted SI&A, we expect $12.5 billion to $13.5 billion, an increase of $900 million at the midpoint.",0.9287971258163452
PFE_2021-Q4,PFE,2021-Q4,remarks,positive,"We expect our adjusted R&D guidance range to be $10.5 billion to $11.5 billion at the midpoint, that is about $500 million higher than last year.",0.9168888330459596
PFE_2021-Q4,PFE,2021-Q4,remarks,positive,We expect an adjusted effective tax rate for the year somewhat higher than 2021 at approximately 16%.,0.9166094660758972
PFE_2021-Q4,PFE,2021-Q4,remarks,positive,"You will note that our guidance assumes a weighted average share count of approximately 5.8 billion, which represents an increase of approximately 100 million shares over 2021.",0.8886227011680603
PFE_2021-Q4,PFE,2021-Q4,remarks,positive,"From the first quarter of '22 and going forward, we've made a decision to modify our adjusted financials treatment of amortization of intangibles.",0.0175768062472343
PFE_2021-Q4,PFE,2021-Q4,remarks,positive,"We receive approximately $600 million in pre-tax income from the JV annually, and this will not change as a result of the demerger transaction, and our guidance assumes that this will continue throughout 2022 with no change to our 32% stake.",0.1454409807920456
PFE_2021-Q4,PFE,2021-Q4,remarks,positive,We continue to expect that we can manufacture 4 billion doses in total by the end of 2022.,0.781314492225647
PFE_2021-Q4,PFE,2021-Q4,remarks,hedging,"While we cannot predict what may be needed due to omicron or other variants, I would also caution you that there is less potential upside to this guidance through the year compared to the situation we faced in 2021 when the vaccine was newly available, and few people have received any doses of the vaccine.",0.2799974977970123
PFE_2021-Q4,PFE,2021-Q4,remarks,positive,We expect that the adjusted income before tax margin for the COVID-19 vaccine contribution to be slightly higher than the high 20s as a percentage of revenue that we had in 2021.,0.9268303513526917
PFE_2021-Q4,PFE,2021-Q4,remarks,positive,"If we remove the projected COVID-19 vaccine and Paxlovid contribution from both periods, you will see that we expect the 2022 revenue range to be $45 billion to $47 billion, representing approximately 5% operational revenue growth at the midpoint.",0.5652972459793091
PFE_2021-Q4,PFE,2021-Q4,remarks,positive,"Please remember, our guidance excludes the former revenue contribution of approximately $300 million for Meridian and all '21 quarters have been recast to exclude Meridian's discontinued operations accounting for its divestiture.",-0.0569792501628398
PFE_2021-Q4,PFE,2021-Q4,remarks,positive,"Going forward, we will not give earnings guidance, excluding the estimated income from our Comirnaty direct sales and alliance revenues and Paxlovid.",-0.0104641150683164
PFE_2021-Q4,PFE,2021-Q4,remarks,positive,"Going forward, we will continue to be prudent in our capital allocation activities with the opportunities for deployment shown here on this slide.",0.8046128153800964
PFE_2021-Q4,PFE,2021-Q4,remarks,positive,"During the year, we raised guidance and for the year, we met or exceeded our guidance in all key metrics.",0.937884509563446
PFE_2021-Q4,PFE,2021-Q4,remarks,positive,"We look forward to a targeted closing of the Arena acquisition as soon as the first half of 2022, subject to the satisfaction of the closing conditions, including antitrust approvals.",0.047954186797142
PFE_2021-Q4,PFE,2021-Q4,remarks,positive,We continue to expect to be active in regards to business development throughout 2022 as we continue to get access to the best external science and bring breakthroughs to patients in 2025 and beyond.,0.8986097574234009
PFE_2021-Q4,PFE,2021-Q4,qa,hedging,"Under its -- the deal is, of course, subject to customary closing conditions and typical antitrust clearance and shareholder approval, which, as you know, we've received.",0.0487316250801086
PFE_2021-Q4,PFE,2021-Q4,qa,positive,"And it's entirely based on us aiming to develop that platform, which has particular relevance for combination vaccine given that possibly, we expect to have much lower mRNA burden and can, over time, build vaccine combination of several different pathogens.",0.6100178360939026
PFE_2021-Q4,PFE,2021-Q4,qa,positive,"And we expect both trials to read out, whether it's somewhere between Q1, Q2, or at the later part of Q2.",0.0460657514631748
PFE_2021-Q4,PFE,2021-Q4,qa,positive,"If we would embark on such a study this year, we expect it can conclude very fast given our experience to run very large trials in this sector and this population of adults.",0.858734130859375
PFE_2021-Q4,PFE,2021-Q4,qa,positive,"Before we move to the next question, I realized that I didn't answer one of the questions that Steve made, Steve Scala, about if we believe that we need business development to grow in the period, '25 to '30.",0.0536710508167743
PFE_2021-Q4,PFE,2021-Q4,qa,positive,It's all factored in our guidance.,0.0422894097864627
PFE_2021-Q4,PFE,2021-Q4,qa,positive,"If you look at our guidance this year, 32.2% to 34.2%, the midpoint is 33.2%, that's down at the midpoint, 4.5%, most of which is being driven by the Paxlovid revenue this year.",-0.9169785976409912
PFE_2021-Q4,PFE,2021-Q4,qa,positive,I can confirm that our guidance for 6% was excluding BD.,0.0133590698242187
PFE_2021-Q4,PFE,2021-Q4,qa,positive,"Albert, you mentioned the strength of your balance and cash flow has allowed you to pursue new BD opportunities going forward that could add at least $25 billion of risk-adjusted revenues for 2030.",0.9296697378158568
PFE_2021-Q4,PFE,2021-Q4,qa,positive,"And the combination of those two things, combined with the capabilities that we have, we think that there is significant growth that we can add to our business through business development going forward.",0.9131537079811096
PFE_2021-Q4,PFE,2021-Q4,qa,positive,"And also, it is very important also to understand, Vamil, that we believe that once you put a target, you better execute way better when you have a target in front of you.",0.1789661049842834
PFE_2021-Q4,PFE,2021-Q4,qa,positive,"And actually, we believe that the target needs to be public because we're a public company, and we don't have a problem to do it.",0.0747725367546081
PFE_2021-Q4,PFE,2021-Q4,qa,positive,"But we believe that with the current -- our analytics that we have done, this is a very reasonable target to achieve without, let's say, utilizing all of our firepower right now.",0.7113646864891052
PFE_2021-Q4,PFE,2021-Q4,qa,positive,And we are confident to put it out there so that people can start measuring against it.,0.4979323148727417
PFE_2021-Q4,PFE,2021-Q4,qa,positive,"And as we think about potentially the standard-risk data, the prophy data kind of playing out over the course of the year, should we anticipate that pricing will be relatively consistent per course in the second half relative to the first half?",0.3293335735797882
PFE_2021-Q4,PFE,2021-Q4,qa,hedging,"We will not be, let's say, commenting on how prices may or may not evolve in the future.",-0.0060153678059577
PFE_2021-Q4,PFE,2021-Q4,qa,positive,"We have generated strong results, of course, for both pace and impact and financial performance, and we look forward to continue that in 2022.",0.9307863116264344
PFE_2022-Q2,PFE,2022-Q2,remarks,positive,We anticipate that this call will last 90 minutes.,0.0435950495302677
PFE_2022-Q2,PFE,2022-Q2,remarks,positive,We believe that Pfizer is well-positioned not only to maintain but to grow both our commercial and scientific leadership in the battle against COVID-19.,0.9172766804695128
PFE_2022-Q2,PFE,2022-Q2,remarks,positive,"In terms of our commercial leadership, we believe Pfizer's skills are even better suited for operating in open markets than they are for government-contracting markets and will be even more competitive when this transition happens.",0.9139150977134703
PFE_2022-Q2,PFE,2022-Q2,remarks,positive,"In terms of our scientific leadership, we expect to further enhance our position through the continued introduction of new innovations, including preparation of new variants of concern and potentially improving the durability of protection.",0.9182971119880676
PFE_2022-Q2,PFE,2022-Q2,remarks,hedging,"In spite of the strong growth we have seen in Paxlovid uptake in the U.S. due to our and the government's efforts, we estimate that the significant amount of eligible patients outside the U.S. are not yet being treated with the drug and may not know they are at high risk of progressive to severe disease.",0.3077433109283447
PFE_2022-Q2,PFE,2022-Q2,remarks,positive,So we believe there remains substantial opportunity to grow Paxlovid utilization.,0.9331164360046388
PFE_2022-Q2,PFE,2022-Q2,remarks,positive,So we believe there is a significant opportunity to continue the growth outside the U.S. as physicians become more knowledgeable about Paxlovid and treat appropriate patients.,0.9184889197349548
PFE_2022-Q2,PFE,2022-Q2,remarks,positive,"Lastly, we believe the simplicity of Prevnar 20 being the only vaccine that can help protect patients with one dose in one visit is preferable to competitors' offerings.",0.5221758484840393
PFE_2022-Q2,PFE,2022-Q2,remarks,positive,And we will continue to channel these profits to the Ukrainian people until peace is achieved.,0.6176038980484009
PFE_2022-Q2,PFE,2022-Q2,remarks,positive,"After Mikael, Dave will provide financial details on the second quarter and our outlook for the remainder of 2022.",0.0135804191231727
PFE_2022-Q2,PFE,2022-Q2,remarks,positive,We plan to submit the BA.4/5 bivalent vaccine candidate for Emergency Use Authorization in the U.S. in preparation for the fall booster campaign.,0.3888930082321167
PFE_2022-Q2,PFE,2022-Q2,remarks,positive,"To support future potential U.S. licensure and global registrations, we plan to initiate a clinical study to evaluate the BA.4/5 bivalent vaccine.",0.7345588207244873
PFE_2022-Q2,PFE,2022-Q2,remarks,positive,"We plan to take a stepwise approach by designing and testing different candidates that engage multiple arms of the immune system, including antibodies and T cells.",0.2015969157218933
PFE_2022-Q2,PFE,2022-Q2,remarks,positive,We project delivering key clinical data this fall.,0.2712989449501037
PFE_2022-Q2,PFE,2022-Q2,remarks,positive,"Second, we plan to initiate a proof-of-concept study with a potential pan-SARS-CoV-2 vaccine candidate by the end of the year.",0.6630634665489197
PFE_2022-Q2,PFE,2022-Q2,remarks,positive,We anticipate a PDUFA date in the first quarter of 2023.,0.0453165471553802
PFE_2022-Q2,PFE,2022-Q2,remarks,positive,"We plan to generate further data in those who are immunocompromised, hospitalized with severe COVID-19, and at increased risk for poor outcomes due to the disease or who are pregnant.",-0.2416843473911285
PFE_2022-Q2,PFE,2022-Q2,remarks,positive,We believe the occurrence of COVID-19 rebound is uncommon and not uniquely associated with any specific treatment.,-0.0209601446986198
PFE_2022-Q2,PFE,2022-Q2,remarks,positive,We believe this is the first evidence of a flu vaccine candidate inducing substantial responses for both CD4 and CD8 T cells.,0.873062252998352
PFE_2022-Q2,PFE,2022-Q2,remarks,positive,"Based on these data, we plan to initiate the Phase 3 efficacy study this year.",0.3250284194946289
PFE_2022-Q2,PFE,2022-Q2,remarks,positive,"We are excited to share that new data on our oral GLP-1 receptor agonists, two abstracts on twice-daily danuglipron and one on our once-daily candidate known as 1532, have been accepted for the European Association for the Study of Diabetes Conference in September.",0.4401364922523498
PFE_2022-Q2,PFE,2022-Q2,remarks,positive,We believe this to be a potentially best-in-class profile across both injectables and orals.,0.9032850861549376
PFE_2022-Q2,PFE,2022-Q2,remarks,positive,We are pleased to now share promising new updated data from our anti-interferon beta monoclonal antibody in specialized rheumatology.,0.8624907732009888
PFE_2022-Q2,PFE,2022-Q2,remarks,positive,"As we continue our development of these candidates, a potential breakthrough therapy for hard-to-treat dermatomyositis which attacks skin and muscles, we believe it may have the ability to address a broader set of inflammatory autoimmune diseases, possibly including polymyositis and lupus.",0.8593767285346985
PFE_2022-Q2,PFE,2022-Q2,remarks,positive,We plan to submit the data for presentation once the study completes.,0.0552382878959178
PFE_2022-Q2,PFE,2022-Q2,remarks,positive,"It was an important quarter for COVID execution, and we look forward to sharing complete readouts from anti-interferon beta and the modFlu candidate before the end of the year.",0.7048925161361694
PFE_2022-Q2,PFE,2022-Q2,remarks,positive,"We continue to expect the vaccine revenue for the year to be approximately $32 billion, unchanged compared to the prior guidance provided on May 3, despite the impact of approximately $1 billion of incremental negative foreign exchange.",0.7577162384986877
PFE_2022-Q2,PFE,2022-Q2,remarks,positive,"For Paxlovid, we expect sales of approximately $22 billion, keeping the guidance unchanged, again despite an incremental $300 million headwind due to FX.",0.4902864098548889
PFE_2022-Q2,PFE,2022-Q2,remarks,positive,"Now given the seasonality that we expect, I'd also like to give you some color on the expected cadence of these COVID-related revenues across the second half.",0.2225471884012222
PFE_2022-Q2,PFE,2022-Q2,remarks,positive,"Based on current guidance for Comirnaty, we expect approximately 25% of second-half sales in Q3 and 75% of sales in Q4, driven by expected deliveries of Omicron-adapted vaccines in Q4, again subject to regulatory approval.",0.8019731044769287
PFE_2022-Q2,PFE,2022-Q2,remarks,positive,"Conversely for Paxlovid, we expect approximately 60% of sales in Q3 and 40% in Q4.",0.3571082353591919
PFE_2022-Q2,PFE,2022-Q2,remarks,positive,"Additionally, we are also increasing our guidance for adjusted R&D expense by $500 million at the low end only with the new range of $11.5 billion to $12 billion, reflecting incremental investments in multiple programs, including mRNA vaccine programs outside of COVID-19 and other programs.",0.922127604484558
PFE_2022-Q2,PFE,2022-Q2,remarks,positive,We believe that our strong financial performance in the quarter and our improving operational outlook for the year sets the stage for long-term shareholder value creation.,0.9309682846069336
PFE_2022-Q2,PFE,2022-Q2,qa,positive,There's really three moving parts as I think about our guidance for the year.,-0.0105123408138751
PFE_2022-Q2,PFE,2022-Q2,qa,hedging,"Secondly, we're experiencing headwinds from an FX perspective to the tune of $1 billion since Q1, but for the year, really $2 billion in that product alone.",-0.9101223349571228
PFE_2022-Q2,PFE,2022-Q2,qa,positive,"So the trial that is -- we announced yesterday is going to measure real efficacy in flu, which we believe that we expect -- of course, science is unpredictable, but we expect to win with flying colors.",0.4640305638313293
PFE_2022-Q2,PFE,2022-Q2,qa,positive,"So I think that we look forward to building on top of what the government has been doing, which has been really excellent, and building on top of that to do more and to support greater initiatives across the country.",0.9182778596878052
PFE_2022-Q2,PFE,2022-Q2,qa,positive,"Internally, we remain confident in our program with Trillium.",0.9249697327613832
PFE_2022-Q2,PFE,2022-Q2,qa,positive,"If you could speak to that and also talk about the sequential prospects going forward, i.e., has the product peaked out in the U.S.?",0.0989950448274612
PFE_2022-Q2,PFE,2022-Q2,qa,positive,And we plan to soon embark on a Phase 3 after proper dialogue with regulators.,0.6434497237205505
PFE_2022-Q2,PFE,2022-Q2,qa,positive,"This year, you saw our transaction with ReViral and subsequently with Biohaven, which, respectively, we believe have the potential to add $1.5 billion and $6 billion in peak sales to our business.",0.9012396335601808
PFE_2022-Q2,PFE,2022-Q2,qa,positive,"And going forward, we're leaving very few stones unturned when we look at opportunities.",0.0877512693405151
PFE_2022-Q2,PFE,2022-Q2,qa,positive,And we will continue doing that.,0.2043195366859436
PFE_2022-Q2,PFE,2022-Q2,qa,positive,We believe we are well-positioned not only to maintain but also to grow both our commercial and scientific leadership in the battle against COVID-19.,0.9146175384521484
PFE_2022-Q2,PFE,2022-Q2,qa,positive,And we believe that the medical need will be there for the years to come.,0.4251675903797149
PFE_2022-Q2,PFE,2022-Q2,qa,positive,"Cibinqo, we expect to launch the adolescence next year.",0.2068779915571212
PFE_2022-Q2,PFE,2022-Q2,qa,positive,"And of course, next year will be the real first year where we expect to have full access for this drug.",0.6956729888916016
PFE_2022-Q2,PFE,2022-Q2,qa,positive,"We expect to launch next year, RSV maternal.",0.2980566918849945
PFE_2022-Q2,PFE,2022-Q2,qa,positive,"We expect to launch next year, RSV adults.",0.1379939764738083
PFE_2022-Q2,PFE,2022-Q2,qa,positive,"We expect to launch next year, Prevnar 20 for pediatrics.",0.2591344714164734
PFE_2022-Q2,PFE,2022-Q2,qa,positive,We expect to launch next year elranatamab for triple-class refractory myeloma.,0.3330784142017364
PFE_2022-Q2,PFE,2022-Q2,qa,positive,"And then a little bit later, we expect maybe this in '23 or beginning of '24, DMD and flu mRNA.",-0.011368740350008
PFE_2022-Q2,PFE,2022-Q2,qa,hedging,And some clearly might not make it to the first line.,-0.7062937021255493
PFE_2022-Q2,PFE,2022-Q2,qa,positive,"But we believe they are seriously derisked, all of that.",-0.7292678952217102
PFE_2022-Q3,PFE,2022-Q3,remarks,positive,We anticipate that this call will last 60 minutes.,0.0445397198200225
PFE_2022-Q3,PFE,2022-Q3,remarks,positive,"While we're not going to talk more about the agenda today, we look forward to providing more details as we get closer to December 12.",0.0513079203665256
PFE_2022-Q3,PFE,2022-Q3,remarks,positive,"We believe this new structure will enable us to maximize the commercial success of the multiple exciting product launches, including several potential blockbusters that are poised to emerge from our scientific pipeline over the next few years.",0.9052441120147704
PFE_2022-Q3,PFE,2022-Q3,remarks,positive,We believe we not only can overcome these expected declines but also can potentially generate strong growth through the end of the decade.,0.9304196834564208
PFE_2022-Q3,PFE,2022-Q3,remarks,positive,Let's take a closer look on how we expect to accomplish this.,0.1042079627513885
PFE_2022-Q3,PFE,2022-Q3,remarks,positive,"We believe the deals we have already done for Arena, Biohaven, Global Blood Therapeutics, and ReViral has the potential to get us more than one-third of the way there and that we have more than enough capital to invest in the additional opportunities needed to meet or exceed this target.",0.90506774187088
PFE_2022-Q3,PFE,2022-Q3,remarks,positive,"Over the next 18 months, we expect to have up to 19 new products or indications in the market, including the five for which we have already begun co-pro promotions or commercialization earlier this year.",0.4419469535350799
PFE_2022-Q3,PFE,2022-Q3,remarks,positive,"If approved, we expect each of these to be key contributors to our growth aspirations through 2025 and beyond.",0.8093361854553223
PFE_2022-Q3,PFE,2022-Q3,remarks,positive,"With regard to our COVID-19 products, while their sales may fall from our expected 2022 levels of approximately combined $55 billion, we believe our COVID-19 franchises will remain multibillion-dollar revenue generators for the foreseeable future which should serve as a buffer for any unforeseen challenges with other products in our portfolio.",-0.376364916563034
PFE_2022-Q3,PFE,2022-Q3,remarks,positive,Let me now briefly highlight three potential blockbusters that we expect to contribute to our long-term growth.,0.2426748871803283
PFE_2022-Q3,PFE,2022-Q3,remarks,positive,We believe we have the potential to be a leader in this space and have a real impact on public health.,0.8302095532417297
PFE_2022-Q3,PFE,2022-Q3,remarks,positive,"We are excited to report positive top-line data from the Phase 3 Renoir trial in late August, with the recent presentation of detailed results at ID week 22.",0.8489375710487366
PFE_2022-Q3,PFE,2022-Q3,remarks,hedging,"So there is the potential that, subject to regulatory approval, by late 2023, early 2024, we could have the only RSV maternal vaccine in the market, along with an RSV vaccine for older adults, that has high efficacy, and it is well tolerated with no safety concerns.",0.8144052028656006
PFE_2022-Q3,PFE,2022-Q3,remarks,positive,"As a result, we expect the market opportunity to grow by about 50% over the next five years.",0.931757390499115
PFE_2022-Q3,PFE,2022-Q3,remarks,positive,We believe that etrasimod can be a multibillion-dollar blockbuster product.,0.862909197807312
PFE_2022-Q3,PFE,2022-Q3,remarks,positive,"We expect to launch the product in the U.S. as soon as the second half of 2023, pending regulatory approval, through our specialty care sales force, which already has strong relationships in the UC market, thanks to its work with Xeljanz biosimilar specifically.",0.8029048442840576
PFE_2022-Q3,PFE,2022-Q3,remarks,positive,"We believe our portfolio, including Nurtec ODT, Vydura, and zavegepant could meet the range of needs in the market, allowing physicians and patients to decide how to appropriately monitor migraine treatment and prevention.",0.8747812509536743
PFE_2022-Q3,PFE,2022-Q3,remarks,positive,"1 market share position in the oral CGRP market, and we expect even stronger growth as we deliver on our promise to further enhance our commercial efforts behind this program.",0.935896635055542
PFE_2022-Q3,PFE,2022-Q3,remarks,positive,"While this is not a new product launch, we believe this is a great example of how we can take this portfolio to new heights by leveraging the full strength of Pfizer's global commercial engine, including in primary care physicians.",0.8448036313056946
PFE_2022-Q3,PFE,2022-Q3,remarks,positive,"We recently expect to launch zavegepant intranasal in the U.S. next year, pending FDA approval, and we plan to globally commercialize.",0.5022934079170227
PFE_2022-Q3,PFE,2022-Q3,remarks,positive,"For Paxlovid, we expect sales of approximately $22 billion, keeping the guidance range unchanged despite the negative incremental impact of changes in FX.",0.6811357736587524
PFE_2022-Q3,PFE,2022-Q3,remarks,positive,We believe that our strong financial performance in the quarter and our improving operational outlook for the year sets the stage for long-term shareholder value creation.,0.9309682846069336
PFE_2022-Q3,PFE,2022-Q3,remarks,positive,"In RSV, we believe a dual focus on developing a vaccine and antivirals could make a significant impact globally.",0.8423880338668823
PFE_2022-Q3,PFE,2022-Q3,remarks,positive,We are pleased to see Paxlovid leading the COVID-19 treatment landscape and remain confident in its safety and efficacy in treating patients and high risk for severe outcomes.,0.928326427936554
PFE_2022-Q3,PFE,2022-Q3,remarks,positive,"Given these impressive results, we look forward to filing BLA for both older adults and pregnant women with the U.S. FDA by year end with potential launches in '23.",0.5097801685333252
PFE_2022-Q3,PFE,2022-Q3,remarks,hedging,"These trials may indicate benefit in up to 20% more patients than are currently treated and potentially prolong duration of use, subject to clinical success and regulatory approval.",0.7651910781860352
PFE_2022-Q3,PFE,2022-Q3,remarks,hedging,"We are encouraged by these results and believe that Talzenna in prostate cancer marry blockbuster potential, subject to regulatory approval.",0.901135265827179
PFE_2022-Q3,PFE,2022-Q3,remarks,positive,We plan to begin dosing soon and anticipate the readout in first quarter 2024.,0.1186437532305717
PFE_2022-Q3,PFE,2022-Q3,remarks,positive,"In closing, we are excited about the developing science within these franchisees and share recent and anticipated milestones in the next 18 months.",0.8655950427055359
PFE_2022-Q3,PFE,2022-Q3,remarks,positive,We look forward to continue our development but for potential patient benefit and sustainable growth.,0.9089952707290648
PFE_2022-Q3,PFE,2022-Q3,qa,positive,"On COVID expectations, should we expect anything from you here on the December 12 Investor event?",0.0268420483916997
PFE_2022-Q3,PFE,2022-Q3,qa,positive,"On December 12, what you should expect, it is a good overview of our very important new product launches in the coming 18 months, with more details about the science and the market potential of those launches as well as some of the most important pipeline potential, new medicines and vaccines, that they are not going to be launched in the next 18 months but will be launched in the period between '24 and '30.",0.0902785211801529
PFE_2022-Q3,PFE,2022-Q3,qa,positive,"Now when we move to COVID, we expect '23 will be a transition year with likely in the U.S. moving from government model into a commercial model for vaccines and therapeutics.",0.6585481762886047
PFE_2022-Q3,PFE,2022-Q3,qa,positive,"We are also very well versed in our work with the vaccine technical committees around the world, in bringing together a broad recommendation, which we believe is what's going to give us access to many, many infants as well as adults to these two tremendous breakthroughs.",0.7998470067977905
PFE_2022-Q3,PFE,2022-Q3,qa,hedging,I'm probably talking about tens of thousands of hospitalizations in the U.S. that may not happen if this vaccine is used to vaccinate maternal prior to delivering the children as appropriately studied in this vaccination.,-0.0299259573221206
PFE_2022-Q3,PFE,2022-Q3,qa,positive,"Clearly, we said they will provide us a good picture of what we expect to be the sales for next year.",0.707791805267334
PFE_2022-Q3,PFE,2022-Q3,qa,hedging,"And they include those who are over 65, right, age-related risks, but equally risks such as mental health illness, risks such as an inactive lifestyle, risks that you may not be aware of.",-0.1527734100818634
PFE_2022-Q3,PFE,2022-Q3,qa,positive,"As long as the product is recommended by CDC, and we believe with this part of efficacy will be recommended, there is zero co-pay.",0.0660775601863861
PFE_2022-Q3,PFE,2022-Q3,qa,positive,"We look forward to advance that drug with Arvinas to pivotal studies in the relatively near future and also to soon reveal to you a lot of progress we had in our breast cancer franchise, including the CDK4 drug.",0.6556763052940369
PFE_2022-Q3,PFE,2022-Q3,qa,positive,And I think that's where we believe our differentiation is.,0.1280377060174942
PFE_2022-Q3,PFE,2022-Q3,qa,positive,"So I think all in all, we're off to an extremely strong start and we look forward to bringing our next vaccine to the market.",0.8539236187934875
PFE_2022-Q3,PFE,2022-Q3,qa,positive,I had kind of a qualitative question on how to think about opex dynamics going forward.,-0.0254118479788303
PFE_2022-Q3,PFE,2022-Q3,qa,positive,"Of course, we know what we expect ourselves.",0.0432890057563781
PFE_2022-Q3,PFE,2022-Q3,qa,positive,"But the totality of data for all endpoints, we believe, clearly speaks to that this is an important vaccine that adds coverage.",0.476284921169281
PFE_2022-Q3,PFE,2022-Q3,qa,positive,"Now, Angela, based on that, what will we expect to be the growth trajectory?",0.0395604595541954
PFE_2022-Q4,PFE,2022-Q4,remarks,positive,"Looking ahead, we foresee strong operational growth of 7% to 9% in 2023, excluding revenues from our COVID-19 products and the impact of foreign exchange.",0.8968505859375
PFE_2022-Q4,PFE,2022-Q4,remarks,positive,"We expect our potential new launches, newly acquired products and inline products will all contribute to this growth.",0.8819845914840698
PFE_2022-Q4,PFE,2022-Q4,remarks,positive,We're in the midst of an 18-month period during which we expect to have up to an unprecedented 19 new products or indications in the market.,0.8797805905342102
PFE_2022-Q4,PFE,2022-Q4,remarks,positive,"One example of a product that is already benefiting from this additional support is CIBINQO, which recently has seen an improving growth trajectory that we expect to continue through the course of 2023.",0.9338762760162354
PFE_2022-Q4,PFE,2022-Q4,remarks,positive,"We have started 2023 with 55% commercial formulary access, and we expect that access to continue to improve during the year, especially with the upcoming expected expansion of the U.S. indication to include adolescents, 12 to 18 years old, if approved.",0.9217092990875244
PFE_2022-Q4,PFE,2022-Q4,remarks,positive,"We look forward to the expected U.S. launches of etrasimod in ulcerative colitis and ritlecitinib in alopecia areata, if approved, as well as the expected launch of Abrilada, our biosimilar HUMIRA, to further expand our franchise in immunology this year.",0.8921117782592773
PFE_2022-Q4,PFE,2022-Q4,remarks,positive,"As you can see in this chart, we expect the 15 of the 19 potential launches that are coming from our internal pipeline to generate 2030 revenues that will more than offset the expected LOE losses forecast for 2025 to 2030.",0.9212993383407592
PFE_2022-Q4,PFE,2022-Q4,remarks,positive,"In addition, we believe we have the ability, if successful, to add at least 25 billion of risk-adjusted revenues to our 2030 top-line expectations through business-development activity.",0.9297621250152588
PFE_2022-Q4,PFE,2022-Q4,remarks,positive,"As we have said previously, we believe the deals we have already done for Arena, Biohaven, Global Blood Therapeutics, and ReViral have the potential to get us more than 40% of the way there with approximately $10.5 billion in expected 2030 revenues.",0.9145165681838988
PFE_2022-Q4,PFE,2022-Q4,remarks,hedging,"Four of these products have already launched or are expected to launch, subject to regulatory approval in 2023.",0.1508422642946243
PFE_2022-Q4,PFE,2022-Q4,remarks,positive,"If approved, we expect each of these to be key incremental contributors to our growth aspirations through 2025 and beyond.",0.8471142053604126
PFE_2022-Q4,PFE,2022-Q4,remarks,positive,"Even without any of these additional potential products, we expect our 2025 to 2030 revenue CAGR to be approximately 6%.",0.6489536762237549
PFE_2022-Q4,PFE,2022-Q4,remarks,positive,"In 2023, we expect about 24% of the population, or 79 million people, to receive vaccine doses during the year.",0.2488059401512146
PFE_2022-Q4,PFE,2022-Q4,remarks,positive,We expect they will receive about 1.3 doses per person on average in 2023.,0.2651525139808655
PFE_2022-Q4,PFE,2022-Q4,remarks,positive,We believe Pfizer will maintain at least its 64% market share and therefore expect about 65 million doses of the Pfizer-BioNTech vaccine to be administered in 2023.,0.8776921629905701
PFE_2022-Q4,PFE,2022-Q4,remarks,positive,"In 2024, we expect the utilization rates and market share figures to stabilize and come in roughly the same as in 2023.",0.9086357951164246
PFE_2022-Q4,PFE,2022-Q4,remarks,positive,"Then, starting in '25, and continuing in 2026 and beyond, we expect to see an increase in COVID-19 vaccination rates, assuming the successful development and approval of a COVID/flu combination product.",0.9288792014122008
PFE_2022-Q4,PFE,2022-Q4,remarks,positive,"Outside the U.S., we expect these general trends to be similar, with some variations from country to country.",0.2586605846881866
PFE_2022-Q4,PFE,2022-Q4,remarks,positive,"We expect 2023 to be a transition year in the U.S. In 2022, we sold at pandemic prices more doses than were eventually used.",0.3211844563484192
PFE_2022-Q4,PFE,2022-Q4,remarks,positive,"This resulted in a government inventory build that we expect to be absorbed some time in 2023, probably the second half.",-0.5394681692123413
PFE_2022-Q4,PFE,2022-Q4,remarks,positive,"Around that time, we expect to start selling Comirnaty through commercial channels at commercial prices.",0.1206438764929771
PFE_2022-Q4,PFE,2022-Q4,remarks,positive,"We expect that in years 2024 and beyond, the doses sold and doses used will more closely align together and the commercial price to remain relatively stable with only inflation-like price increases.",0.8537068963050842
PFE_2022-Q4,PFE,2022-Q4,remarks,positive,"In 2023 and beyond, we expect infections to increase slightly at 2% annually, due to waning immune protection resulting from reduced vaccination rates.",0.8627106547355652
PFE_2022-Q4,PFE,2022-Q4,remarks,positive,"Similarly, we expect treatment rates to increase as awareness, education and additional oral entries will grow the oral antiviral market.",0.9351635575294496
PFE_2022-Q4,PFE,2022-Q4,remarks,positive,"Finally, we expect Paxlovid to maintain very high share despite additional competitive entries, given its strong benefit-risk profile and brand loyalty.",0.9345786571502686
PFE_2022-Q4,PFE,2022-Q4,remarks,positive,"As with Comirnaty, we expect 2023 to be a transition year for Paxlovid as well.",0.653908908367157
PFE_2022-Q4,PFE,2022-Q4,remarks,positive,"This resulted in a government inventory build that we expect to be absorbed some time in 2023, probably second half.",-0.4899690151214599
PFE_2022-Q4,PFE,2022-Q4,remarks,positive,"Around that time, we expect to start selling Paxlovid through the commercial channels at commercial prices.",0.1489995270967483
PFE_2022-Q4,PFE,2022-Q4,remarks,positive,We expect in years 2024 and beyond that the courses sold and used will align closely together.,0.6969780325889587
PFE_2022-Q4,PFE,2022-Q4,remarks,positive,"From December, which is the first month of our non-U.S. fiscal year, through March, we expect to ship millions of courses to meet local demand.",0.7473568320274353
PFE_2022-Q4,PFE,2022-Q4,remarks,positive,We expect we will be able to sell effectively under government reimbursement through March.,0.9142032861709596
PFE_2022-Q4,PFE,2022-Q4,remarks,positive,"And despite China's recent decision not to include Paxlovid on the country's National Drug Reimbursement List, we expect to offer the product on the private market after April 1st, unless, of course, a listing opportunity opens up before then.",0.1305557489395141
PFE_2022-Q4,PFE,2022-Q4,remarks,positive,"R&D continues to be the lifeblood that fuels us as a company, which is why we plan to increase our R&D spend by at least 8.7% in 2023 to $12.4 and 13.4 billion range.",0.924107015132904
PFE_2022-Q4,PFE,2022-Q4,remarks,positive,"With that, I will turn it over to Dave to provide details on our fourth quarter performance and our outlook for 2023.",0.0483651831746101
PFE_2022-Q4,PFE,2022-Q4,remarks,positive,"Given the expected transition to commercial markets for our COVID franchise, and away from an advanced purchase agreement environment, our guidance reflects our best estimates for revenues and profits for these products for the full year, not just what has been contractually secured.",0.4709455966949463
PFE_2022-Q4,PFE,2022-Q4,remarks,positive,"On a total company basis, we expect revenues of $67 to $71 billion, reflecting an operational decline of 31% at the midpoint.",-0.9660868048667908
PFE_2022-Q4,PFE,2022-Q4,remarks,positive,"Importantly, we expect that revenues from our business, excluding COVID, will grow between 7% and 9% on an operational basis in 2023.",0.9313905239105223
PFE_2022-Q4,PFE,2022-Q4,remarks,positive,"All of this spending to support our commercial and research activities, we believe, will not only yield an attractive return, but will also contribute toward setting us on a path to achieve our long-term growth goals.",0.9078184962272644
PFE_2022-Q4,PFE,2022-Q4,remarks,positive,"Looking longer term, we expect this spending will be maintained, with the P&L growing into this cost base as new product revenues begin to be fully realized, with margins improving as a result.",0.9350370168685912
PFE_2022-Q4,PFE,2022-Q4,remarks,positive,"Given that 2023 is both a year of investment and transition, I thought it would be helpful to outline many of our key assumptions built into our guidance.",0.2317784279584884
PFE_2022-Q4,PFE,2022-Q4,remarks,positive,"We believe 2023 will be an important year for Pfizer, and that is why we are deploying our resources into quality execution in order to fully realize the growth opportunities we see within our portfolio and pipeline, which have the potential to impact our trajectory through 2030 and beyond.",0.8991814851760864
PFE_2022-Q4,PFE,2022-Q4,remarks,positive,We plan to externally advance rare disease programs that do not fit into a core therapeutic area of focus.,0.0807333067059516
PFE_2022-Q4,PFE,2022-Q4,remarks,positive,"At the same time, we plan to tap into the expanding external innovation ecosystem by actively pursuing biotech innovation and emerging innovation that fits strategically and accessing external assets that are differentiated.",0.7788379788398743
PFE_2022-Q4,PFE,2022-Q4,remarks,positive,"Taken together, we believe these actions will help position us to lead the industry in reaching more patients with the most impactful near-term blockbuster breakthroughs while driving forward the next wave of innovations.",0.904943823814392
PFE_2022-Q4,PFE,2022-Q4,remarks,positive,"I will talk more about elranatamab and GBT-601 in a moment, so will highlight here that we expect multiple data readouts for TTI-622 in hematological malignancies, two phase 3 readouts for inclacumab in sickle cell disease in the second half of 2024, and a Phase 3 readout for marstacimab in patients with hemophilia A or B in the second quarter of 2023.",0.0660243704915046
PFE_2022-Q4,PFE,2022-Q4,remarks,positive,"If successful, we project submitting for the noninhibitor indication in both hemophilia A and B in the third quarter of '23.",0.1417626738548278
PFE_2022-Q4,PFE,2022-Q4,remarks,positive,"We believe these results may be transformative for patients, with a potential to achieve 35% to 45% hemoglobin occupancy, which is considered optimal for both hemoglobin oxygen affinity and preventing sickling, and approaches levels seen with gene therapies.",0.932077705860138
PFE_2022-Q4,PFE,2022-Q4,remarks,positive,We plan to start the phase 3 part in the second half of 2023.,0.0582895651459693
PFE_2022-Q4,PFE,2022-Q4,remarks,positive,"In addition to the assets I spoke about today, we anticipate multiple milestones over the next 18 months.",0.3427616059780121
PFE_2022-Q4,PFE,2022-Q4,remarks,positive,"We expect a pivotal IBRANCE readout in hormone receptor positive/HER2 positive metastatic breast cancer, a pivotal study start for ARV-471, and a Phase 2 readout for our KAT6 inhibitor.",0.6015468835830688
PFE_2022-Q4,PFE,2022-Q4,remarks,positive,"In addition to the expected launches shown here, we expect a phase 3 data readout from our modRNA flu candidate, and a potential respiratory combination study start.",0.4141534268856048
PFE_2022-Q4,PFE,2022-Q4,qa,positive,"And also, to repeat, I think, David, because he mentioned it already, but in our guidance for this year, we factor only a portion of the European contract.",0.0248835161328315
PFE_2022-Q4,PFE,2022-Q4,qa,positive,"So, I was wondering if you think about the split going forward ex-U.S. Could it be somewhat similar?",0.0026029348373413
PFE_2022-Q4,PFE,2022-Q4,qa,positive,But we expect data readouts within possibly less than a year.,0.0180243551731109
PFE_2022-Q4,PFE,2022-Q4,qa,positive,"So, we believe the assumptions are very reasonable with the expectations that COVID will remain as it is right now.",0.6654592752456665
PFE_2022-Q4,PFE,2022-Q4,qa,positive,"And going forward, should we expect more normal levels ex-U.S. for these products?",0.1662323474884033
PFE_2022-Q4,PFE,2022-Q4,qa,positive,"So, I'm hoping, directionally, you can tell us how that looks going forward once you get past this transitional year of '23.",0.5072681307792664
PFE_2022-Q4,PFE,2022-Q4,qa,positive,"So, without wanting to give direction from what it used to be '21, '22, we expect, going forward, to be higher, the margins.",0.9075404405593872
PFE_2022-Q4,PFE,2022-Q4,qa,positive,"We believe it will be more challenging, but of course, needs to be seen.",0.3227502107620239
PFE_2022-Q4,PFE,2022-Q4,qa,positive,"As you heard, we have included in sour guidance what we believe we can do in the first three months of this year.",0.1757398396730423
PFE_2022-Q4,PFE,2022-Q4,qa,positive,"But now, the step-up, it is clear, we expect that, you know, around 24%, 25%, it is a population in the U.S. that believes needs protection and is diligent enough -- not believes, more belief, but they are diligent enough to follow the recommendation and go and get their annual booster for COVID.",0.1978747844696045
PFE_2022-Q4,PFE,2022-Q4,qa,positive,"When they will present themselves -- excuse me, when the flu people will present themselves, and they will be asked that question, if you want flu single or flu with a combo, and they will be given the information that will protect them in a single injection at the same time, zero co-pay, for COVID as well, we believe it's reasonable to expect that the 25% stable will become 30%.",0.0447009280323982
PFE_2022-Q4,PFE,2022-Q4,qa,positive,"And that, over time, that will move closer to the 50%, we project 40 over there.",0.5286943912506104
PFE_2022-Q4,PFE,2022-Q4,qa,positive,"Firstly, on RSV, can you confirm you're on track to provide that second season of data ahead of approval and reimbursement discussions in May-June for the older adult vaccine?",0.3405510783195495
PFE_2022-Q4,PFE,2022-Q4,qa,positive,We expect that you need a phase 3 that is based on immunogenicity and safety and not a large trial based on events.,0.0824309438467025
TGT_2019-Q3,TGT,2019-Q3,remarks,positive,"With that, I'll turn it over to Brian for his thoughts on our third quarter performance and our outlook for the remainder of the year.",0.0175412129610776
TGT_2019-Q3,TGT,2019-Q3,remarks,positive,"Comparable sales grew 4.5% in the quarter, about 1 point ahead of our guidance, driven by an acceleration of sales in our stores.",0.9386842846870422
TGT_2019-Q3,TGT,2019-Q3,remarks,positive,"Looking ahead to the holidays, our plans are designed to deliver the joy of the season, inspire guests with unique items and services, and save them time and money.",0.3797086775302887
TGT_2019-Q3,TGT,2019-Q3,remarks,positive,And we are confident this new model will allow our team to provide an elevated experience for our guests throughout the holidays.,0.9043124914169312
TGT_2019-Q3,TGT,2019-Q3,remarks,positive,"We plan to maintain our current pace of remodels for one additional year in 2020, and then ramped down to a longer-term pace of 150 to 200 per year beginning in 2021.",0.1916233748197555
TGT_2019-Q3,TGT,2019-Q3,remarks,positive,"We plan to continue opening about 30 of these smaller stores per year because they drive guest engagement and deliver strong financial performance, including much higher-than-average sales productivity and meaningfully higher gross margin rates compared with our larger format stores.",0.9405933022499084
TGT_2019-Q3,TGT,2019-Q3,remarks,positive,"And based on learnings and encouraging early results, we plan to extend the test into several other facilities next year.",0.8259527087211609
TGT_2019-Q3,TGT,2019-Q3,remarks,positive,"Now I'll turn the call over to Michael, who will share his thoughts on third quarter financial performance and our outlook for the fourth quarter and full year.",0.0718466714024543
TGT_2019-Q3,TGT,2019-Q3,remarks,positive,"As we look ahead, we continue to expect to invest about $3.5 billion in capex in 2020, reflecting our plan to complete nearly 300 additional store remodels for the year.",0.8230916857719421
TGT_2019-Q3,TGT,2019-Q3,remarks,positive,"In 2021 and beyond, we expect to moderate the pace of our remodels to a range of about 150 to 200 stores per year.",0.8769389390945435
TGT_2019-Q3,TGT,2019-Q3,remarks,positive,"With this moderation and the number of remodel projects, we expect our pace of capex will move into the $2.5 billion to $3 billion range annually, closer to the amount of D&A we record on our cash flow statement.",0.8680059909820557
TGT_2019-Q3,TGT,2019-Q3,remarks,positive,Now let's turn to our outlook for the fourth quarter and how that translates into our full-year performance.,0.0368036106228828
TGT_2019-Q3,TGT,2019-Q3,remarks,positive,"Our outlook is based on a bottoms up view of fourth quarter sales and profit drivers, many of which are distinctly different from the rest of the year.",-0.803066074848175
TGT_2019-Q3,TGT,2019-Q3,remarks,positive,"Specifically, considerations on our outlook for the fourth quarter include the headwind from six fewer holiday shopping days, the benefit from Target Circle, the rapid acceleration in the fourth quarter digital penetration, a much higher sales mix of toys and electronics compared with the rest of the year and the highly promotional nature of the competitive environment.",0.6187344193458557
TGT_2019-Q3,TGT,2019-Q3,remarks,positive,"Altogether, based on recent trends and our evaluation of all of these factors, we expect our business to generate fourth quarter comparable sales growth of 3% to 4%.",0.9335660934448242
TGT_2019-Q3,TGT,2019-Q3,remarks,positive,"Based on what we've seen so far this year, we are clearly on track to deliver performance meaningfully better than this baseline model in 2019, reflecting some of the unique dynamics we've seen so far.",0.9382078051567078
TGT_2019-Q3,TGT,2019-Q3,remarks,positive,"In keeping with past practice, we plan to provide a post holiday update following this year's holiday season, and the date we're planning on for this year's update is Wednesday, January 15th.",0.0036672875285148
TGT_2019-Q3,TGT,2019-Q3,qa,positive,We will continue to do that over time.,0.179995909333229
TGT_2019-Q3,TGT,2019-Q3,qa,positive,"So we believe it is sustainable because we continue to see it for the second year -- the second year, I guess you would say.",0.8210411667823792
TGT_2019-Q3,TGT,2019-Q3,qa,positive,So we believe we have a significant runway in front of us to continue that.,0.7742421627044678
TGT_2019-Q3,TGT,2019-Q3,qa,positive,"And so, we believe we have a long runway to continue to fulfill.",0.8465605974197388
TGT_2019-Q3,TGT,2019-Q3,qa,positive,"Obviously, if some of the tariffs are pulled back, there's going to be upside going forward.",-0.6292787194252014
TGT_2019-Q3,TGT,2019-Q3,qa,positive,I have enormous trust in their capabilities to lead us going forward.,0.8017275333404541
TGT_2019-Q3,TGT,2019-Q3,qa,positive,And I think that we are incredibly well positioned from a merchandising standpoint going forward.,0.8090920448303223
TGT_2019-Q3,TGT,2019-Q3,qa,positive,We look forward to talking to you in January.,0.1071210950613021
TGT_2020-Q4,TGT,2020-Q4,remarks,positive,"Going forward, we're taking the capabilities that drove Target in 2020 and accelerating them to continue making Target the safest and easiest place to shop.",0.7789809107780457
TGT_2020-Q4,TGT,2020-Q4,remarks,positive,"As we do, we'll invest in more capacity and greater efficiencies so we're positioned to continue growing for the long term.",0.9173036217689514
TGT_2020-Q4,TGT,2020-Q4,remarks,positive,"This helps us more precisely order and position product close to where we anticipate guests will want it, so we can react quickly when there is demand.",0.174252763390541
TGT_2020-Q4,TGT,2020-Q4,remarks,positive,"Based on this experience and our investment focus going forward, we're optimistic about our opportunity to lock in recent share gains and deliver long-term growth on top of the foundation we've already established.",0.91841322183609
TGT_2020-Q4,TGT,2020-Q4,remarks,positive,"As we look ahead to this year and beyond, we expect to see a smaller amount of pressure from the supply chain in digital fulfillment given that digital growth is likely to moderate, and we continue to make progress in reducing average unit fulfillment costs.",0.9159969091415404
TGT_2020-Q4,TGT,2020-Q4,remarks,positive,"At a minimum this year, we expect category mix to exert less pressure than last year, and notably, it could easily become a tailwind like it was in prior years.",-0.7801141142845154
TGT_2020-Q4,TGT,2020-Q4,remarks,positive,"In 2021, we expect our markdown rates will increase somewhat from these abnormally low levels, which will create some gross margin pressure compared with 2020.",0.9164380431175232
TGT_2020-Q4,TGT,2020-Q4,remarks,positive,"As we consider the range of expectations for the combined impact of these three drivers, we believe that our 2021 gross margin rate will remain somewhat lower than our 2019 gross margin rate of 28.9%.",-0.879086434841156
TGT_2020-Q4,TGT,2020-Q4,remarks,positive,"Looking ahead, given that we're focused on locking in last year's gains, we expect to retain significant scale benefits compared with 2019.",0.9304832816123962
TGT_2020-Q4,TGT,2020-Q4,remarks,positive,"In addition, we expect to deliver continued efficiency improvements driven by investments in our supply chain, technology, and operating model, which will help to offset continued investments in our team.",0.9354483485221864
TGT_2020-Q4,TGT,2020-Q4,remarks,positive,"All together, we expect that our 2021 SG&A expense rate will also be lower than our 2019 rate of 20.8%.",-0.833617627620697
TGT_2020-Q4,TGT,2020-Q4,remarks,positive,"On the D&A expense line, we expect to see moderate dollar growth in 2021 as we ramp up remodels and accelerate depreciation on the assets we replace.",0.9233712553977966
TGT_2020-Q4,TGT,2020-Q4,remarks,positive,"Regarding the dividend, later this year we expect to recommend that our board approve a robust increase in the per-share dividend, but as always this recommendation will depend on how our business is performing.",0.9026240706443788
TGT_2020-Q4,TGT,2020-Q4,remarks,positive,Here's where we intend to go with it.,0.0302702542394399
TGT_2020-Q4,TGT,2020-Q4,remarks,positive,"We believe our experience, including our fulfillment options, inspiring assortment, ease, safety, and personal service will convert more and more consumers into guests, and we'll also work tirelessly to engage established guests across more of our channels and offerings.",0.8293964862823486
TGT_2020-Q4,TGT,2020-Q4,remarks,positive,"We appreciate your interest in Target, your engagement in our journey, and your long-term investment in a growth horizon that we believe will remain bright for years to come.",0.8345730900764465
TGT_2020-Q4,TGT,2020-Q4,remarks,positive,We look forward to hearing from you in the Q&A portion of our program.,0.3368997573852539
TGT_2020-Q4,TGT,2020-Q4,qa,positive,"With SG&A, we expect that our SG&A rate will be lower than 2019's rate, and that's a benefit of the significant scale that we've gained since then.",0.6999965310096741
TGT_2020-Q4,TGT,2020-Q4,qa,positive,That focus on execution will continue in 2021 and I wouldn't confuse guidance or the lack thereof with our confidence to continue to take market share and outperform in the coming months and years.,0.7882476449012756
TGT_2020-Q4,TGT,2020-Q4,qa,positive,"But more important than that, when we're growing digital, we're deepening our relationship with guests, and great things happen in aggregate to us when that occurs, so sign me up for more digital growth going forward.",0.197737917304039
TGT_2020-Q4,TGT,2020-Q4,qa,positive,"So biggest driver in 2021 for sure, and I would welcome more digital growth going forward and we expect that's a place where we'll continue to excel.",0.919955313205719
TGT_2020-Q4,TGT,2020-Q4,qa,positive,"When I think about margins, in the long run, the straw that will stir that drink is sales growth, and we're incredibly confident in the way we're positioned to build on the deepening guest trust that we gained this year with long-term sales growth.",0.9172090291976928
TGT_2020-Q4,TGT,2020-Q4,qa,positive,"You can see the power of leverage in our model in an exaggerated way in 2020, no doubt, but that's the focus of where we're investing going forward, is to continue to gain share and grow the top line, because that gives us a lot of levers to pull below there on the margin line.",0.79261714220047
TGT_2020-Q4,TGT,2020-Q4,qa,positive,"I think our outlook for margin over the long term is very bullish as we leverage our multi-category portfolio, we continue to build our own brands as well as great national brand partners, but as we continue to see a guest take advantage of the speed and convenience of same-day digital fulfillment, all those things add up to very healthy mix management and margin control.",0.912018358707428
TGT_2020-Q4,TGT,2020-Q4,qa,positive,"Simeon, I'll come back to we saw a really strong share performance against our entire portfolio in 2020, and that continued in the fourth quarter and we expect to continue to be in a strong share position in 2021.",0.9381499886512756
TGT_2020-Q4,TGT,2020-Q4,qa,positive,That bodes well for the stickiness of those guests and those behaviors going forward.,0.451087474822998
TGT_2020-Q4,TGT,2020-Q4,qa,positive,"We look forward to seeing all of you in person in 2022, and obviously, John and Michael will be available for any follow-up questions today or over the balance of the week.",0.0937054753303527
TGT_2021-Q1,TGT,2021-Q1,remarks,positive,"In a few moments, Brian, Christina, John, and Michael will provide their perspective on the first quarter and their thoughts on our outlook for the second quarter and beyond.",0.0474636852741241
TGT_2021-Q1,TGT,2021-Q1,remarks,positive,"With that, I'll turn it over to Brian for his thoughts on the first quarter and his perspective on our outlook.",0.0375214554369449
TGT_2021-Q1,TGT,2021-Q1,remarks,positive,"As John will outline in more detail, we continue to expand the assortment available for Drive Up and we've earmarked capital investments to make Drive Up even more convenient for our guests and efficient for our team, given that we anticipate continued rapid growth of this service.",0.8653313517570496
TGT_2021-Q1,TGT,2021-Q1,remarks,positive,"Now, I'll turn it over to Christina, who will share more perspective on our first-quarter results and for priorities going forward.",0.2266223132610321
TGT_2021-Q1,TGT,2021-Q1,remarks,positive,"Based on past experience, we expect these remodeled stores will generate an incremental 2% to 4% sales growth in the year following completion, with another 2% incremental growth in the second year.",0.9253142476081848
TGT_2021-Q1,TGT,2021-Q1,remarks,hedging,"On the P&L, the leverage resulting from growth has more than offset all of the unique headwinds we faced over this challenging period, resulting in really strong performance.",0.9324700236320496
TGT_2021-Q1,TGT,2021-Q1,remarks,hedging,"Our first-quarter gross margin rate of 30% was 490 basis points ahead of last year when we faced a number of temporary headwinds, including markdowns and other costs to rightsize our apparel inventory.",-0.9500208497047424
TGT_2021-Q1,TGT,2021-Q1,remarks,positive,"We continue to expect our full-year capex will be approximately $4 billion, but the bulk of those expenditures will be more backloaded in the year given the timing of this year's projects.",0.1078002229332923
TGT_2021-Q1,TGT,2021-Q1,remarks,positive,"This was down about $700 million from the beginning of the quarter, but still well above where we expect to operate over time.",-0.955047369003296
TGT_2021-Q1,TGT,2021-Q1,remarks,positive,"Putting that all together, we expect to see continued strong performance on this line.",0.9338570237159728
TGT_2021-Q1,TGT,2021-Q1,remarks,positive,"As of today, based on our recent results and confidence going forward, we expect to see positive single-digit comps in the back half of the year on top of last year's unprecedented performance.",0.9344021677970886
TGT_2021-Q1,TGT,2021-Q1,remarks,positive,"So despite the anticipated headwind from higher markdown rate following last year's historically low rate, we believe that our business is positioned to deliver a full-year operating margin rate that's well over last year's rate of 7%.",0.9344547390937804
TGT_2021-Q1,TGT,2021-Q1,remarks,positive,"More specifically, we believe this year's operating margin rate could reach 8% or perhaps a little higher.",0.9251041412353516
TGT_2021-Q1,TGT,2021-Q1,qa,positive,"John, the only thing I might add is as we saw our guests turn to same-day services during the pandemic using pickup and Drive Up and ship, we expect those services to be very sticky over time.",0.043911300599575
TGT_2021-Q1,TGT,2021-Q1,qa,positive,"The second thing is we're investing, and we'll continue to invest in the team and in-store payroll to make sure we're staffed and in stock to support the sales we expect to come.",0.3296082317829132
TGT_2021-Q1,TGT,2021-Q1,qa,positive,"And so put all that together, and our guest gets a great experience, we create more capacity, and we have the opportunity to continue to improve what we believe are already advantaged economics because of our sports' hub model.",0.844894289970398
TGT_2021-Q2,TGT,2021-Q2,remarks,positive,"In a few moments, Brian, Christina, John, and Michael will provide their perspective on our second-quarter performance and our outlook and priorities for the third quarter and beyond.",0.0647762641310691
TGT_2021-Q2,TGT,2021-Q2,remarks,positive,"With that, I'll turn it over to Brian for his thoughts on the first quarter and his perspective on our outlook.",0.0375214554369449
TGT_2021-Q2,TGT,2021-Q2,remarks,positive,"In total, we plan to spend $200 million to offer this benefit over the next four years, serving as a meaningful example of how we're investing to promote opportunity and equity in our communities, beginning with our own team.",0.7717868685722351
TGT_2021-Q2,TGT,2021-Q2,remarks,positive,"We continue to benefit from strong momentum in toys, which grew in the low 20% range.",0.9378955364227296
TGT_2021-Q2,TGT,2021-Q2,remarks,hedging,"As we look ahead, despite uncertainties around the Delta variant and rising COVID cases, consumers have healthy balance sheets and remain eager to find safe ways to connect with their loved ones and find some sense of normalcy.",0.8841322660446167
TGT_2021-Q2,TGT,2021-Q2,remarks,positive,"Looking ahead, we'll soon be trading in shorts and t-shirts for cozy sweaters and denim as we usher in the fall.",0.0797243118286132
TGT_2021-Q2,TGT,2021-Q2,remarks,positive,"Bottom line, with Q2 ending inventory up more than 26% or nearly $2.5 billion compared with a year ago, we believe we're well-positioned for the fall and ready to deliver strong growth on top of last year's record increases.",0.9294602870941162
TGT_2021-Q2,TGT,2021-Q2,remarks,positive,"More than 100 remodel projects are currently in flight, and we're on track to complete about 140 remodels in 2021 and an even higher number in 2022.",0.6311452984809875
TGT_2021-Q2,TGT,2021-Q2,remarks,positive,"We're on track to open 12 more stores this fall, including a new location in Orlando adjacent to Disney World, a new site in Hawaii, and a campus location in Madison, Wisconsin, welcome news to all my fellow Badgers out there.",0.7461618185043335
TGT_2021-Q2,TGT,2021-Q2,remarks,positive,"We're planning to add more capacity in 2022, given the sales growth we've already sustained over the last year and a half and the continued growth we expect to generate going forward.",0.9169381260871888
TGT_2021-Q2,TGT,2021-Q2,remarks,positive,"Obviously, this isn't a trend we expect will continue over time, and it's important to note that this year's digital penetration of 17% is well over double the 7.3% we reported in second-quarter 2019.",0.8928732872009277
TGT_2021-Q2,TGT,2021-Q2,remarks,hedging,"And our payables leverage has begun to decline to a more sustainable level, both of which are near-term headwinds to operating cash flow.",-0.9484777450561525
TGT_2021-Q2,TGT,2021-Q2,remarks,positive,It also reflects our confidence in the ongoing strength of our business and the robust cash flow we expect to generate over time.,0.8920590281486511
TGT_2021-Q2,TGT,2021-Q2,remarks,positive,This is up slightly from a year ago and well above the cash position we expect to maintain over time.,0.9349309206008912
TGT_2021-Q2,TGT,2021-Q2,remarks,positive,"But as I've said before, given our current cash position and elevated volatility in the current environment, we believe it will be a multiyear journey before our exceptionally strong cash and credit metrics move fully back to long-term levels consistent with our single A credit ratings.",0.915278136730194
TGT_2021-Q2,TGT,2021-Q2,remarks,positive,"As we've said before, we expect this metric could settle back into the mid to high 20s over time, but to deliver a sustainable after-tax return in that range is a remarkable performance in any industry.",0.9291982650756836
TGT_2021-Q2,TGT,2021-Q2,remarks,hedging,"While the environment remains volatile today, and there are many uncertainties as we look ahead, Target's performance through the first half of the year has consistently exceeded our expectations.",0.9267578721046448
TGT_2021-Q2,TGT,2021-Q2,remarks,positive,"From today's perspective, based on our expectation of high single-digit comp growth in the fall, we expect to see an operating margin rate near the high end of our previous range.",0.9054892659187316
TGT_2021-Q2,TGT,2021-Q2,qa,hedging,Does that -- do the product and freight headwinds persist or perhaps elevate?,-0.1444286406040191
TGT_2021-Q2,TGT,2021-Q2,qa,positive,"Or maybe said a little differently, would you look to lean into investments going forward?",0.0737602412700653
TGT_2021-Q2,TGT,2021-Q2,qa,positive,Or could we expect a little more sustainability in terms of the higher operating margin structure?,0.5927979946136475
TGT_2021-Q2,TGT,2021-Q2,qa,positive,But you should expect that theme to continue going forward.,0.3567327558994293
TGT_2021-Q2,TGT,2021-Q2,qa,positive,"And we want to make sure that our guests continue to find that value going forward, inflation or not.",0.4062802791595459
TGT_2021-Q2,TGT,2021-Q2,qa,positive,"But if you step back and look at the next 12 to 18 months, what are the biggest, I guess, initiatives going forward that would drive outsized growth, that market share gain compared to competitors?",0.1950710415840149
TGT_2021-Q2,TGT,2021-Q2,qa,positive,"And as we think about the key metrics going forward, you'll hear us talk about traffic, and we felt exceptionally good this quarter about driving traffic growth of almost 13%, continue to drive strong comps in both our stores and digital channels.",0.9253852367401124
TGT_2021-Q2,TGT,2021-Q2,qa,positive,So those themes will be very consistent going forward.,0.3597016930580139
TGT_2021-Q2,TGT,2021-Q2,qa,positive,"We feel really good about the back half of the year and the growth we expect to deliver, and we think that yields 8% or north-of-there operating margins for the year.",0.9298202991485596
TGT_2021-Q2,TGT,2021-Q2,qa,positive,"Enjoy the rest of the summer, and we look forward to talking to you later in the year.",0.1111495271325111
TGT_2021-Q3,TGT,2021-Q3,remarks,positive,"In a few moments, Brian, Christina, John, and Michael will provide their perspective on our third quarter performance and our outlook and priorities for the fourth quarter and beyond.",0.0706262066960334
TGT_2021-Q3,TGT,2021-Q3,remarks,positive,"With that, I'll turn it over to Brian for his thoughts on the quarter and his perspective on our outlook.",0.0378605127334594
TGT_2021-Q3,TGT,2021-Q3,remarks,positive,"And obviously, our guests responded to these efforts with strong third quarter traffic, which we expect will continue in Q4 and beyond.",0.933655083179474
TGT_2021-Q3,TGT,2021-Q3,remarks,positive,"And finally, while Target has already had an outstanding year, our team is looking ahead and not slowing down.",0.8823854923248291
TGT_2021-Q3,TGT,2021-Q3,remarks,positive,And a joyous holiday is exactly what we plan to deliver.,0.2159929722547531
TGT_2021-Q3,TGT,2021-Q3,remarks,positive,"We are confident in our ability to navigate the broader retail landscape, and we're eager to share all that we've planned for the upcoming holidays.",0.8863714933395386
TGT_2021-Q3,TGT,2021-Q3,remarks,positive,"We want to create joy for all of our guests this holiday season, and we are excited to do so with our most inclusive assortment to date.",0.7637633681297302
TGT_2021-Q3,TGT,2021-Q3,remarks,positive,"Turning to the work of the properties team, we expect to finish about 145 remodels in 2021, having completed more than 40 remodels prior to the end of Q3 with more than 100 additional projects slated to wrap up before the holiday.",0.5564243793487549
TGT_2021-Q3,TGT,2021-Q3,remarks,positive,"In addition, we have two new sortation centers set to open in the fourth quarter, with two more on track to open early next year.",0.5434682369232178
TGT_2021-Q3,TGT,2021-Q3,remarks,positive,"In support of those growing needs, we recently announced that we're adding more than 30,000 permanent positions across our supply chain network to support the growth we expect to continue delivering in the fourth quarter and beyond.",0.8916970491409302
TGT_2021-Q3,TGT,2021-Q3,remarks,positive,"And given that we don't expect it to end anytime soon, we are committed to growing our physical footprint and our team, so they can continue to deliver on behalf of all of our stakeholders in Q4 and beyond.",0.9180185794830322
TGT_2021-Q3,TGT,2021-Q3,remarks,positive,"As a result, going forward, we expect to increase our leverage and reduce our cash position at a pace that's consistent with our financial expectations, credit rating goals, and assessment of the external environment.",0.1104844808578491
TGT_2021-Q3,TGT,2021-Q3,remarks,positive,"In terms of profitability, we continue to expect that our business will deliver a full year operating margin rate of 8% or higher, up significantly from 7% in 2020.",0.9331237077713012
TGT_2021-Q3,TGT,2021-Q3,remarks,positive,"This rate favorability, combined with the full year sales growth we're positioned to deliver, would translate into another incredibly strong year of profit growth, following a record year in 2020.",0.9345875978469848
TGT_2021-Q3,TGT,2021-Q3,qa,positive,Should we expect your SG&A dollars in the fourth quarter to grow at a similar rate that they grew in the third quarter?,0.904111623764038
TGT_2021-Q3,TGT,2021-Q3,qa,positive,"A guest that we believe is going to enjoy Thanksgiving with family and friends and is really looking forward to the holiday season, which means robust gifting throughout the season.",0.829069972038269
TGT_2021-Q3,TGT,2021-Q3,qa,positive,"But I will say, over time, we expect to be a growth company.",0.7863417863845825
TGT_2021-Q3,TGT,2021-Q3,qa,positive,"We expect to be a company that's growing the topline and gaining share over time, and that's where that algorithm will start.",0.4906713962554931
TGT_2021-Q3,TGT,2021-Q3,qa,positive,"Because labor is going to continue to be tight, and we will continue to focus on retaining our existing team.",0.2927979826927185
TGT_2021-Q3,TGT,2021-Q3,qa,positive,We look forward to talking to all of you as we go into 2022.,0.1313750594854354
TGT_2021-Q4,TGT,2021-Q4,remarks,positive,We believe our constant investment creates that critical connection between social and environmental sustainability.,0.4482619762420654
TGT_2021-Q4,TGT,2021-Q4,remarks,positive,"So now let's go deeper into each of our six strategic pillars, distinct but interwoven aspects of how we intend to grow.",0.0719557255506515
TGT_2021-Q4,TGT,2021-Q4,remarks,positive,Let me share an example of a recent pilot we plan to scale.,0.0881746858358383
TGT_2021-Q4,TGT,2021-Q4,remarks,positive,"This is why we believe our comprehensive view of affordability, which focuses on price but encompasses so much more, sets Target apart from our competitors, driving deepened engagement and growing loyalty.",0.7306023836135864
TGT_2021-Q4,TGT,2021-Q4,remarks,positive,"From its humble beginnings in 2007 with just five team members and known as online vendor marketing, Roundel is now a 500-plus person strong fully integrated Target team, already delivering more than $1 billion in value for Target, and we expect that to grow to $2 billion over the next several years.",0.7994891405105591
TGT_2021-Q4,TGT,2021-Q4,remarks,hedging,"And I'm excited to talk about them and what they do, including ways that may not show up on the balance sheet.",0.0761752948164939
TGT_2021-Q4,TGT,2021-Q4,remarks,positive,"And when a guest tries a new same-day service for the first time, they spend more at Target going forward, including in our stores.",0.0914113968610763
TGT_2021-Q4,TGT,2021-Q4,remarks,positive,"So as we keep driving awareness and trial and adding new experiences, we anticipate continued growth.",0.8791963458061218
TGT_2021-Q4,TGT,2021-Q4,remarks,positive,"Absolutely, but even more so because of the possibility of what we can do going forward.",0.5080715417861938
TGT_2021-Q4,TGT,2021-Q4,remarks,positive,"Among other notable drivers, Shipt membership fees are included on this line, along with the fees we received from third-party vendors on Target Plus, which are expected to grow over time.",0.4712775349617004
TGT_2021-Q4,TGT,2021-Q4,remarks,positive,"Among the factors that will drive our operating margin rate over time, we expect the headwinds and tailwinds will generally balance each other out.",0.5925814509391785
TGT_2021-Q4,TGT,2021-Q4,remarks,positive,"We expect ongoing capex will be in the $4 billion to $5 billion range annually, and we'll be focused first on our continued investments in our stores-as-hubs model, including new locations, full store remodels, fulfillment retrofits and projects to support key national brand partnerships.",0.853761613368988
TGT_2021-Q4,TGT,2021-Q4,remarks,positive,"Even after these sizable capex investments, we expect to have ample capacity for shareholder returns as well given the robust operating cash flow our business continues to generate, amounting to more than $8.5 billion in 2021.",0.9242310523986816
TGT_2021-Q4,TGT,2021-Q4,remarks,hedging,"In this phase, we're still facing multiple challenges and uncertainties, including a tight labor market and persistent supply chain bottlenecks, which are contributing to higher inflation rates than we've seen in decades.",-0.8725277185440063
TGT_2021-Q4,TGT,2021-Q4,remarks,positive,"As a result, with a proven model and the multiple growth investments we've highlighted today, we expect to continue growing the top line in 2022, generating a low to mid-single digit increase in revenue, on top of historically strong growth over the last two years.",0.9347389936447144
TGT_2021-Q4,TGT,2021-Q4,remarks,positive,"We expect this trend to continue, particularly in the first half of this year as we maintain our focus on affordability for our guests.",0.9292067885398864
TGT_2021-Q4,TGT,2021-Q4,remarks,positive,"Altogether, given our expectations for revenue growth and purposeful operating margin rate investments, we're positioned to deliver low single-digit growth in operating income dollars this year.",0.89399653673172
TGT_2021-Q4,TGT,2021-Q4,remarks,positive,"Consistent with the longer term, we expect capex in the $4 billion to $5 billion range this year.",0.749016523361206
TGT_2021-Q4,TGT,2021-Q4,remarks,positive,"Regarding the dividend, later this year, we plan to recommend that our board approve a per share dividend increase in the 20% to 30% range as we continue to move toward a 40% payout ratio over time.",0.913979709148407
TGT_2021-Q4,TGT,2021-Q4,remarks,positive,"In addition, given our current cash position and expectations for strong cash flow, we believe our 2022 share repurchases will be at or above the $7 billion we accomplished in 2021.",0.925227701663971
TGT_2021-Q4,TGT,2021-Q4,remarks,positive,"Putting all of our expectations together, a low to mid-single-digit revenue increase, an operating margin rate of 8% or higher and continued robust share repurchase activity, we're positioned to generate high single-digit growth in adjusted earnings per share this year, on top of a 112% increase over the last two years.",0.938347578048706
TGT_2021-Q4,TGT,2021-Q4,remarks,positive,"As such, we expect our quarterly profit performance will be choppy during the year and generally improve as the year progresses.",0.8813356757164001
TGT_2021-Q4,TGT,2021-Q4,remarks,positive,"Looking ahead, we expect our first quarter 2022 rate will move to something that's relatively high to our history but well below last year's 9.8% rate, which was unusually high due to some unique factors.",0.8866417407989502
TGT_2021-Q4,TGT,2021-Q4,remarks,positive,"As I get ready to close my remarks, I want to pause and spend a minute talking about the key role that efficiency and disciplined expense management have played in our recent success and how we're committed to maintaining that discipline going forward.",0.194684162735939
TGT_2021-Q4,TGT,2021-Q4,remarks,positive,"Looking ahead, the rollout of sortation centers presents a compelling opportunity to further reduce the unit cost of last-mile delivery.",0.9292542934417723
TGT_2021-Q4,TGT,2021-Q4,remarks,positive,We will continue to invest in our strategies.,0.4928725063800812
TGT_2021-Q4,TGT,2021-Q4,remarks,positive,"But I'll tell you, we expect to be a business that continues to grow and gain share year-over-year.",0.8902731537818909
TGT_2021-Q4,TGT,2021-Q4,remarks,positive,"So we are very focused on share, and our guidance will certainly be a company that continues to take share across the entire multi-category portfolio both in stores and from a digital standpoint.",0.7561707496643066
TGT_2021-Q4,TGT,2021-Q4,remarks,positive,"The other thing is, and Cara talked about this quite a bit, but the depth of engagement of the consumer leading to more trip frequency is what we believe will have continued sustainable growth, let alone all the initiatives we talked about.",0.5138342976570129
TGT_2021-Q4,TGT,2021-Q4,remarks,positive,So it's a paradigm that we've seen proven out over the last two years and is continuing to give us the confidence that that's going to drive growth going forward.,0.7732475996017456
TGT_2021-Q4,TGT,2021-Q4,remarks,positive,We've got another thousand stores that we're going to touch going forward.,0.3947150111198425
TGT_2021-Q4,TGT,2021-Q4,remarks,positive,And those scale benefits and efficiency help fuel our business going forward.,0.8165791630744934
TGT_2021-Q4,TGT,2021-Q4,remarks,positive,"I hope you walk away with a clear sense of our direction as a company, the strategies that will guide us going forward, the capabilities we'll continue to invest in, the important role that our team will play and the unique culture that I believe really defines and separates us from many of our peers.",0.1716977655887603
TGT_2021-Q4,TGT,2021-Q4,remarks,positive,"So I hope you leave recognizing we are committed to being a growth company, one that is a profitable growth company for years to come, great stewards of capital and will provide great returns for shareholders.",0.8261423707008362
TGT_2021-Q4,TGT,2021-Q4,remarks,positive,And we look forward to seeing you again in person next year.,0.6066722869873047
TGT_2022-Q1,TGT,2022-Q1,remarks,positive,"In a few moments, Brian, Christina, John, and Michael will provide their perspective on our first quarter performance and our outlook and priorities for the second quarter and beyond.",0.0672664791345596
TGT_2022-Q1,TGT,2022-Q1,remarks,positive,"With that, I'll turn it over to Brian for his thoughts on the quarter and his perspective on our outlook.",0.0378605127334594
TGT_2022-Q1,TGT,2022-Q1,remarks,positive,"However, through a host of factors, this growth was challenged by unusually high costs, resulting in profitability well below what we expected to be and where we expect to operate over time.",-0.7204335331916809
TGT_2022-Q1,TGT,2022-Q1,remarks,positive,"More specifically, we saw a much higher than expected rate in transportation costs and a more dramatic change in our sales mix than we anticipate.",-0.3544133305549621
TGT_2022-Q1,TGT,2022-Q1,remarks,positive,"And while we have a lot of work ahead of us to restore profitability, the level where we expect to operate over time, I want to thank the team for maintaining their laser focus on the guest experience.",0.8973881006240845
TGT_2022-Q1,TGT,2022-Q1,remarks,positive,"While we anticipated a post-stimulus slowdown in these categories, and we expect the consumers to continue refocusing their spending away from goods and services, we didn't anticipate the magnitude of that shift.",-0.8348295092582703
TGT_2022-Q1,TGT,2022-Q1,remarks,positive,"While these were difficult decisions, we believe they'll pay off in the long term, given that building long-term loyalty remains our top priority.",0.918540358543396
TGT_2022-Q1,TGT,2022-Q1,remarks,positive,"While the newly opened centers are still ramping up their capacity, in total, our six sortation centers handled 4.5 million packages in Q1, a number that's expected to grow significantly throughout the year.",0.9288976788520812
TGT_2022-Q1,TGT,2022-Q1,remarks,positive,"Beginning with the top priority, first quarter capex was just under $1 billion, keeping us on track to spend $4 billion to $5 billion for the year.",0.7563046813011169
TGT_2022-Q1,TGT,2022-Q1,remarks,positive,"We plan to recommend that our board approve a healthy increase in the quarterly dividend in the mid-teens to low-20% range later this year, keeping 2022 on track to be our 51st consecutive year of annual dividend increases.",0.925926387310028
TGT_2022-Q1,TGT,2022-Q1,remarks,positive,"While we anticipate having continued ample capacity to return capital through share repurchases this year, given the current supply chain challenges we're facing and their impact on working capital, we now expect our total repurchases this year will be lower than the $7 billion we returned in 2021.",-0.9497442245483398
TGT_2022-Q1,TGT,2022-Q1,remarks,positive,"While this is a very strong number indicative of the underlying health of our business, it was much lower than expected, near the very low end of where we expect to operate over time.",-0.91625714302063
TGT_2022-Q1,TGT,2022-Q1,remarks,positive,"Now, let's turn to our guidance.",0.0387492477893829
TGT_2022-Q1,TGT,2022-Q1,remarks,positive,"In terms of the top line, based on our first quarter results and the trends we've seen so far in May, we continue to expect full year revenue growth in the low- to mid-single-digit range.",0.9279399514198304
TGT_2022-Q1,TGT,2022-Q1,remarks,hedging,"In terms of our profitability, given the unexpected cost headwinds that we're currently facing, we now believe our full year operating margin rate will be well below our prior guidance of 8% or higher.",-0.9318955540657043
TGT_2022-Q1,TGT,2022-Q1,remarks,positive,"More specifically, given the elevated level of volatility we're currently facing and multiple sources of uncertainty going forward, we see a range of potential outcomes centered around a 6% operating margin rate for the full year.",0.822756290435791
TGT_2022-Q1,TGT,2022-Q1,remarks,positive,"As John mentioned, in the second quarter, we expect the challenges we faced in the first quarter will continue to impact our near-term profit performance.",-0.8590168356895447
TGT_2022-Q1,TGT,2022-Q1,remarks,positive,"As such, we expect a Q2 operating margin rate in a wide range, centered around our first quarter rate of 5.3%, well below where we would expect to operate under normal conditions.",0.6239656209945679
TGT_2022-Q1,TGT,2022-Q1,remarks,positive,"As we move into the back half of the year, we continue to expect our profit performance will begin to improve.",0.9365195631980896
TGT_2022-Q1,TGT,2022-Q1,remarks,positive,"In particular, as John mentioned, we expect to have worked through the excess inventory positions that hampered our Q1 performance and which we expect to impact our gross margin in Q2.",-0.8025622367858887
TGT_2022-Q1,TGT,2022-Q1,remarks,hedging,"And today, as we navigate these near-term challenges, we are fortunate to have an incredibly healthy underlying business, one that can stand up to the significant headwinds we're facing and come out stronger on the other side.",0.9354211688041688
TGT_2022-Q1,TGT,2022-Q1,remarks,hedging,"It shows we have a strong foundation from which we can recover from today's challenging environment and restore our operating margins to 8% or higher over time, consistent with our long-term financial algorithm.",0.9406856298446656
TGT_2022-Q1,TGT,2022-Q1,remarks,positive,"And given the loyalty and momentum we've established with our guests and the power of the investments we continue to make, we expect to continue growing the top-line, even as we regain the level of profitability we expect our business will generate over time.",0.9266437888145448
TGT_2022-Q1,TGT,2022-Q1,qa,positive,"Importantly, we believe taking those actions in Q1 and Q2 set us up well for the balance of the year.",0.9296761751174928
TGT_2022-Q1,TGT,2022-Q1,qa,positive,"You know, we expect to see some offset as we don't anniversary the same level of airfreight that we saw in the back half of the year.",0.7238630056381226
TGT_2022-Q1,TGT,2022-Q1,qa,positive,"That certainly impacted our business in the first quarter, and we expect that to continue in Q2.",-0.8543621897697449
TGT_2022-Q1,TGT,2022-Q1,qa,positive,Or can we expect higher prices than what we saw in Q1?,0.4064579606056213
TGT_2022-Q1,TGT,2022-Q1,qa,positive,"And good luck, guys, going forward.",0.7201998829841614
TGT_2022-Q1,TGT,2022-Q1,qa,positive,And then what are you doing going forward to adjust things like cancellations?,-0.013175044208765
TGT_2022-Q1,TGT,2022-Q1,qa,positive,"Or is it just really, you know, sort of adjusting ordering going forward?",-0.0381264649331569
TGT_2022-Q1,TGT,2022-Q1,qa,positive,"Obviously, the first of those factors, we'll to make some progress on here in the second quarter to get us in line with what we expect sales trends to look like for the back part of the year.",0.9013054966926576
TGT_2022-Q1,TGT,2022-Q1,qa,hedging,"But, you know, old normal might not be the current run rate in the near term as we work to secure product, land it early, and avoid some of the disruptions that have caused out-of-stocks over the last year.",-0.0296938419342041
TGT_2022-Q1,TGT,2022-Q1,qa,positive,"I really appreciate everyone participating, and we look forward to talking to you soon.",0.2299069613218307
TGT_2022-Q2,TGT,2022-Q2,remarks,positive,"In a few minutes, Brian, Christina, John, and Michael will provide their perspective on our second quarter performance and our outlook and priorities for the remainder of the year.",0.0435390882194042
TGT_2022-Q2,TGT,2022-Q2,remarks,positive,"We've seen an encouraging start to the back-to-school and back-to-college season, and our teams already deep into their planning for the upcoming Halloween season, a time when we expect our guests will fully embrace trick or treating and scheduling parties to celebrate with family, friends, and neighbors.",0.8502611517906189
TGT_2022-Q2,TGT,2022-Q2,remarks,hedging,"And as I've traveled across the country to visit our stores and distribution centers, I've been inspired to hear how our team is energized and eager to serve our guests with energy, empathy, and care, bringing some daily joy at a time when our guests are dealing with multiple headwinds.",0.6749705672264099
TGT_2022-Q2,TGT,2022-Q2,remarks,positive,"This is one of the reasons we continue to see such strength in our seasonal categories, which we expect will continue in the back half of the year.",0.8923121690750122
TGT_2022-Q2,TGT,2022-Q2,remarks,positive,We'll have more details to share in the coming months.,0.0433019548654556
TGT_2022-Q2,TGT,2022-Q2,remarks,positive,We remain on track to open at least 250 of these unique spaces this year.,0.7053966522216797
TGT_2022-Q2,TGT,2022-Q2,remarks,positive,"Going forward, these improvements will enable our merchandising and supply chain teams to maintain enhanced real-time communication, particularly with respect to categories where we face the highest inventory risk, allowing us to respond to changes with more speed and agility.",0.8995063900947571
TGT_2022-Q2,TGT,2022-Q2,remarks,positive,"This year, we expect to meaningfully reduce our reliance on airfreight by moving to early receipt dates for seasonal inventory.",0.9073923230171204
TGT_2022-Q2,TGT,2022-Q2,remarks,positive,"Well, we don't expect to need this additional capacity over the long term, we believe it's clearly the most efficient approach in today's environment, given the volatility we continue to face.",0.895600438117981
TGT_2022-Q2,TGT,2022-Q2,remarks,positive,"At this point in the year, well over 100 remodels are currently in flight across the country, keeping us on track to complete nearly 200 remodels this year.",0.765774130821228
TGT_2022-Q2,TGT,2022-Q2,remarks,positive,"And finally, we're on track at add about 24 new store locations in 2022.",0.5275747179985046
TGT_2022-Q2,TGT,2022-Q2,remarks,positive,"In support of this goal, we opened two upstream DCs near the end of 2021 and plan to open six new upstream facilities over the next several years, including two on track to open in 2023.",0.7531657814979553
TGT_2022-Q2,TGT,2022-Q2,remarks,hedging,And I'm really proud of how our construction team is managing through these headwinds.,0.8157604932785034
TGT_2022-Q2,TGT,2022-Q2,remarks,hedging,"More specifically, while cost increases are raising the cost of many of these projects, the team has done an excellent job in keeping the vast majority of projects on track and on time, despite the significant headwinds they are facing.",0.9241342544555664
TGT_2022-Q2,TGT,2022-Q2,remarks,positive,"Of the remaining $3 billion, our analysis indicates another $1 billion to $2 billion is related to our decision to move receipt timing earlier, given the volatility we continue to expect in the supply chain.",-0.0158414542675018
TGT_2022-Q2,TGT,2022-Q2,remarks,positive,"Looking forward, given that we anticipate a meaningful improvement in our operating performance in the back half of the year, we continue to expect our full year effective tax rate will be in a range around 21%.",0.9164798259735109
TGT_2022-Q2,TGT,2022-Q2,remarks,hedging,"So, I'm happy that, as John mentioned, the team is doing a great job of keeping projects on track despite facing multiple headwinds, all while inflation in the cost of equipment materials and labor is driving project spending above initial projections.",0.6734530329704285
TGT_2022-Q2,TGT,2022-Q2,remarks,positive,"Of course, while we prefer not to face the cost pressure on these projects, I'm encouraged that so many value-creating projects remain on track to be completed this year, projects that will benefit our operations and our P&L for years to come.",0.8835451602935791
TGT_2022-Q2,TGT,2022-Q2,remarks,positive,"And it's notable, while the current number is well below where we expect to operate over time, an after-tax number in the high teens would have been considered aspirational for our business only a few years ago.",-0.0221965759992599
TGT_2022-Q2,TGT,2022-Q2,remarks,positive,"Now, let's turn to our guidance.",0.0387492477893829
TGT_2022-Q2,TGT,2022-Q2,remarks,positive,"And based on the hard work of our team in the second quarter, we feel really good about how we're positioned going into the back half of the year.",0.907933235168457
TGT_2022-Q2,TGT,2022-Q2,remarks,positive,"Between the last two quarters of the year, we expect our third quarter rate will be well below our Q3 performance over the last couple of years, while our fourth quarter rate should be much more in line with our recent Q4 experience.",-0.8959410786628723
TGT_2022-Q2,TGT,2022-Q2,remarks,hedging,"In contrast, in Q4, we'll be annualizing meaningful cost headwinds that surfaced a year ago, which will make the year-over-year comparison more favorable, despite the current headwinds we're facing.",0.908250629901886
TGT_2022-Q2,TGT,2022-Q2,remarks,hedging,"Even as we navigate a very challenging environment in a year of multiple challenges, including rapidly changing consumer preferences inflation at four-year highs, volatile supply chain conditions, and rising fuel and transportation rates that are expected to add well over $1 billion of cost this year, our business continues to generate historically strong traffic increases, low to mid-single digit revenue growth, and unit share gains across all of our core merchandising categories.",0.9381484985351562
TGT_2022-Q2,TGT,2022-Q2,remarks,positive,"And today, while we expect conditions to remain challenging in the near term, the operating margin rate improvement we're projecting in the back half of the year should serve as an early indicator of the continued rate improvement we should deliver in the years ahead.",0.9301207661628724
TGT_2022-Q2,TGT,2022-Q2,remarks,positive,That's the reason we're positioned to deliver a strong improvement in our profitability this fall despite an environment that's far from ideal.,0.934753119945526
TGT_2022-Q2,TGT,2022-Q2,qa,positive,"As I shared earlier in my prepared remarks, we're optimistic about what back-to-school and back-to-college means.",0.2757959067821502
TGT_2022-Q2,TGT,2022-Q2,qa,positive,"And so, as we're seeing, you know, good, early trends, albeit there's a lot of business left to be done, we believe that, that is a good indicator of the strength of the potential for the fall.",0.8488522171974182
TGT_2022-Q2,TGT,2022-Q2,qa,positive,I think largely we're on track with what we thought at the -- when we came out with the announcement earlier in Q2.,0.2212920039892196
TGT_2022-Q2,TGT,2022-Q2,qa,positive,But that really derisks those categories going forward.,-0.6638942360877991
TGT_2022-Q2,TGT,2022-Q2,qa,positive,"And so, I wouldn't think about the market any differently as we project ahead.",-9.28826630115509e-05
TGT_2022-Q2,TGT,2022-Q2,qa,positive,We expect Q4 to be promotional.,0.6226649880409241
TGT_2022-Q2,TGT,2022-Q2,qa,positive,"And again, we expect to see a very solid back-to-school and back-to-college season because we know children are going to be in classrooms and will be back in campus.",0.9092906713485718
TGT_2022-Q2,TGT,2022-Q2,qa,positive,We look forward to talking to many of you over the next few weeks and seeing you later this year.,0.2068286836147308
UNH_2020-Q4,UNH,2020-Q4,remarks,positive,"We remain optimistic because we are also living in a time of unprecedented collaboration, knowledge sharing, and innovation.",0.7685741186141968
UNH_2020-Q4,UNH,2020-Q4,remarks,positive,"As we move into 2021, we believe we are well-positioned to continue to serve more people even more deeply and more effectively while continuing to build this enterprise and grow strongly in the decades to come.",0.8894880414009094
UNH_2020-Q4,UNH,2020-Q4,remarks,positive,"All in, we expect the UnitedHealthcare will grow in 2021 to serve upwards of 1.5 million more people across its senior, community, employer-sponsored, and individual offerings.",0.9011270403862
UNH_2020-Q4,UNH,2020-Q4,remarks,positive,"Over the course of this year, we expect to grow our employed and affiliated physicians by at least 10,000.",0.9094600677490234
UNH_2020-Q4,UNH,2020-Q4,remarks,positive,"We expect this combination will greatly advance the foundational connectivity and collaboration needed for the next-generation health system, establishing a new, more-modern information and technology-enabled healthcare platform.",0.9102285504341124
UNH_2020-Q4,UNH,2020-Q4,remarks,positive,We expect our advanced practice clinicians will conduct over 2 million in-home visits this year.,0.7030580639839172
UNH_2020-Q4,UNH,2020-Q4,remarks,positive,We expect both the number of patients served and the depth and number of value-based arrangement to continue to accelerate.,0.9234923124313354
UNH_2020-Q4,UNH,2020-Q4,remarks,positive,"We continue to expect 10% to 15% growth in 2021, as care activity returns to normalized levels.",0.9283364415168762
UNH_2020-Q4,UNH,2020-Q4,remarks,positive,This outlook excludes any impact from OptumInsight's combination with Change Healthcare which we expect will close in the second half of the year.,-0.0839698314666748
UNH_2020-Q4,UNH,2020-Q4,remarks,positive,"Within the 900,000 new members -- members we expect to serve for full-year 2021, about 775,000 will be in individual and group Medicare Advantage.",0.0639324113726615
UNH_2020-Q4,UNH,2020-Q4,remarks,positive,"As we look enthusiastically toward the combination with Change Healthcare, we intend to maintaining our long-standing capital policies including our approach to returning capital to shareholders via share repurchase and an advancing dividend, with ample capacities to continue building upon our strategic growth platforms and ongoing priority on expanding our local care delivery capability.",0.8775421977043152
UNH_2020-Q4,UNH,2020-Q4,qa,positive,"That one thing that should be noted is that looking ahead, CMS has implemented rules requiring corridors to be implemented proactively versus retro -- retrospectively so that will approves -- improves in predictability and visibility.",0.8639174699783325
UNH_2020-Q4,UNH,2020-Q4,qa,positive,"It's very important part of how we will continue to advance outsized growth for this enterprise going forward with an aim toward serving, obviously, more people, and doing so at -- with better experiences comes in lower costs.",0.7684873938560486
UNH_2021-Q1,UNH,2021-Q1,remarks,positive,We believe we can develop new products and services which support people more effectively by bringing to bear greater application and adoption of the combined offerings of these two distinct and complementary organizations.,0.7733142375946045
UNH_2021-Q1,UNH,2021-Q1,remarks,positive,We expect the growth in the number of OptumCare patients served under accountable arrangements to accelerate.,0.9337429404258728
UNH_2021-Q1,UNH,2021-Q1,remarks,positive,"We look forward to working with our new partners in Oklahoma and sharing with you on future calls new examples as our work on simplicity, quality, and affordability continues to create improvements and new growth opportunities.",0.8316515684127808
UNH_2021-Q1,UNH,2021-Q1,remarks,positive,"Of the 900,000 new seniors we expect to serve within Medicare Advantage this year, about 775,000 are in individual and group, and 125,000 in dual special needs offering.",0.0511727109551429
UNH_2021-Q1,UNH,2021-Q1,remarks,positive,"As we look forward toward the combination with Change Healthcare, we intend to maintain our long-standing capital policy.",0.7621787190437317
UNH_2021-Q1,UNH,2021-Q1,qa,positive,"Before I ask Wyatt Decker to add, you know, you put your finger on a really key part of the growth strategy going forward.",0.1028103828430175
UNH_2021-Q1,UNH,2021-Q1,qa,positive,"As I mentioned in my prepared comments, there's a tremendous opportunity as we look at those 20 million and growing number of patients who we look after migrating toward what we believe to be a better mechanism to help them manage both their care outcome and also the cost implications.",0.8175209164619446
UNH_2021-Q1,UNH,2021-Q1,qa,positive,"We will continue to grow over 250,000 lives this year, and you can expect that to accelerate in the years to come as we continue to attract individuals through organic growth, as well as, through our partnership with UHC, and as Andrew mentioned, nearly 90 other providers.",0.8771897554397583
UNH_2021-Q1,UNH,2021-Q1,qa,positive,"We will continue to evolve, and -- and one of the pieces that will differentiate us as comprehensive care providers is just that being comprehensive.",0.2333927899599075
UNH_2021-Q1,UNH,2021-Q1,qa,positive,"And then to your point around how much of the 20 million lives that we serve today will ultimately be capitated, we anticipate that not only will a -- a significant portion -- you heard the number, 2 million today and a quarter million as we mentioned growing.",0.1464817374944687
UNH_2021-Q1,UNH,2021-Q1,qa,positive,Should we expect that you should get a significant amount of that risk score headwind that everybody saw for 2021 to reverse next year and get those revenues back?,0.3462167680263519
UNH_2021-Q1,UNH,2021-Q1,qa,positive,"We expect this to close in the second half, as we've previously indicated.",0.5756716728210449
UNH_2021-Q1,UNH,2021-Q1,qa,positive,We're excited about the business and feel like we've made some important changes that put us on a really good track going forward.,0.8618350625038147
UNH_2021-Q1,UNH,2021-Q1,qa,positive,So this is an area I fully anticipate us looking to for material growth going forward.,0.823610246181488
UNH_2021-Q1,UNH,2021-Q1,qa,positive,That's clearly an area we expect to see more in the future.,0.7643572092056274
UNH_2021-Q1,UNH,2021-Q1,qa,positive,We look forward to connecting with you again on these priorities in the weeks and months ahead.,0.4881708323955536
UNH_2021-Q2,UNH,2021-Q2,remarks,positive,And we've increased our outlook for the year to a range of $18.30 to $18.80 per share.,0.9251751899719238
UNH_2021-Q2,UNH,2021-Q2,remarks,positive,We continue to prioritize three key themes that we believe will underpin the next era of growth for our enterprise.,0.5770689249038696
UNH_2021-Q2,UNH,2021-Q2,remarks,positive,We believe this will result in better health of community members and help to optimize limited state resources.,0.9270047545433044
UNH_2021-Q2,UNH,2021-Q2,remarks,positive,We expect to continue to add new partnerships like this.,0.8799194097518921
UNH_2021-Q2,UNH,2021-Q2,remarks,positive,We look forward to updating you on our progress over the quarters to come.,0.1541598439216613
UNH_2021-Q2,UNH,2021-Q2,remarks,positive,The core takeaway is that our outlook for COVID-19 impact is consistent with our past commentary.,0.2799497246742248
UNH_2021-Q2,UNH,2021-Q2,remarks,positive,And we expect this pacing to accelerate strongly in the years ahead.,0.929855465888977
UNH_2021-Q2,UNH,2021-Q2,remarks,positive,"Within this, we expect the pacing through the second half to be fairly level.",0.9076951146125792
UNH_2021-Q2,UNH,2021-Q2,qa,hedging,"And so really, really pleased with the momentum and underlying performance of the company in the first two quarters of this year but also respectful of uncertainties that remain around the COVID puts and takes.",0.8862288594245911
UNH_2021-Q2,UNH,2021-Q2,qa,hedging,But there's still a ways to go and there are uncertainties within that.,-0.120023563504219
UNH_2021-Q2,UNH,2021-Q2,qa,positive,So I don't think we've had a surprise on that element within our outlook.,0.0096247196197509
UNH_2021-Q2,UNH,2021-Q2,qa,positive,"This year, we expect to add about 10,000.",0.4829794466495514
UNH_2021-Q2,UNH,2021-Q2,qa,hedging,"I wondered, relative to your conversations about the relative headwinds.",-0.1940454244613647
UNH_2021-Q2,UNH,2021-Q2,qa,positive,"And we believe that, that is a differentiated patient experience.",0.2886560261249542
UNH_2021-Q3,UNH,2021-Q3,remarks,positive,"All went very well, and we expect him fully back in just a few days.",0.5384302139282227
UNH_2021-Q3,UNH,2021-Q3,remarks,positive,We're here today to discuss third-quarter results and the expanding opportunities we see looking ahead.,0.304726094007492
UNH_2021-Q3,UNH,2021-Q3,remarks,positive,"We expect during 2022 and beyond to further build on these opportunities to connect and integrate multiple channels of care, simplify the experience for patients and providers and deliver quality care that is affordable and in the optimal setting.",0.8861591219902039
UNH_2021-Q3,UNH,2021-Q3,remarks,positive,We believe this combination will make the healthcare system work better for everyone and bring exceptional value to those we serve.,0.8762770295143127
UNH_2021-Q3,UNH,2021-Q3,remarks,positive,"We expect to add a total of over 900,000 Medicare Advantage members.",0.6193670630455017
UNH_2021-Q3,UNH,2021-Q3,remarks,positive,Our businesses are both growing and operating well with strong momentum heading into next year.,0.9349579215049744
UNH_2021-Q3,UNH,2021-Q3,remarks,hedging,"While the pandemic-related impacts remain difficult to predict, given the current trends, we would expect a lower unfavorable COVID impact than experienced in '21.",-0.4890658259391784
UNH_2021-Q3,UNH,2021-Q3,remarks,positive,We look forward to going into more detail on both our view of '22 and the many years of growth beyond at our investor conference.,0.1175481677055358
UNH_2021-Q3,UNH,2021-Q3,qa,positive,"Certainly, as we look forward to 2022, the picture is a lot more clear.",0.5290420055389404
UNH_2021-Q3,UNH,2021-Q3,qa,positive,So we're optimistic as we look forward.,0.405335396528244
UNH_2021-Q3,UNH,2021-Q3,qa,positive,That toggle that John just talked about between COVID and what we expect with abatement.,0.0276693664491176
UNH_2021-Q3,UNH,2021-Q3,qa,hedging,And then I understand that there are a lot of uncertainties around COVID and that $1.80 in net COVID headwinds.,-0.8824693560600281
UNH_2021-Q3,UNH,2021-Q3,qa,positive,"So just in terms of the -- relates to change in impact, I'd just point out that we don't bring in acquisitions into our outlook until those close.",0.0124969035387039
UNH_2021-Q3,UNH,2021-Q3,qa,positive,"Obviously, with the spike that we saw in September, there's a little bit of that that we would expect to flow through in the fourth quarter, but that's fully accounted for in our outlook.",0.4270097613334656
UNH_2021-Q3,UNH,2021-Q3,qa,hedging,"Maybe just to drill down a little bit on the OptumRx and what's incorporated in '22 outlook, headwinds and tailwinds.",0.0006809309124946
UNH_2021-Q3,UNH,2021-Q3,qa,positive,"We're serving over 7 million members today, and we look forward to continuing to expand these offerings.",0.9089060425758362
UNH_2021-Q3,UNH,2021-Q3,qa,positive,Or do you expect status quo going forward?,0.0353140980005264
UNH_2021-Q3,UNH,2021-Q3,qa,positive,"And of course, all that is reflected in how we price going forward.",0.0383829586207866
UNH_2021-Q3,UNH,2021-Q3,qa,positive,"We look forward to sharing with you more at our November 30 investor conference, hopefully, in person in New York.",0.1002872139215469
UNH_2021-Q4,UNH,2021-Q4,remarks,positive,We expect this expertise will serve us well as we transition even larger groups of patients in the years to come.,0.8806570172309875
UNH_2021-Q4,UNH,2021-Q4,remarks,positive,We expect more partnerships in the days ahead.,0.8498448133468628
UNH_2021-Q4,UNH,2021-Q4,remarks,positive,"As we look forward, we believe we have the right capacity in place to execute our business priorities and meet our customers' expectations.",0.8821067214012146
UNH_2021-Q4,UNH,2021-Q4,remarks,positive,"Our expanding relationships serving health systems has been a key factor driving this growth, and we expect these partnerships to continue to grow in '22 and beyond.",0.9297818541526794
UNH_2021-Q4,UNH,2021-Q4,remarks,positive,"We continue to expect our 2022 cash flow to approach $24 billion, about 1.2 times net income.",0.9251891374588012
UNH_2021-Q4,UNH,2021-Q4,remarks,positive,"From this distance, and in contrast to the past two years, we expect the seasonal pattern to be more consistent with our historical experience, with just under 50% of full-year earnings in the first half and the first two quarters comparably even.",0.8059005737304688
UNH_2021-Q4,UNH,2021-Q4,qa,positive,"Absolutely, we are positioned, the OptumHealth, as a growth platform.",0.5895341634750366
UNH_2021-Q4,UNH,2021-Q4,qa,hedging,What we may not have anticipated in increased testing and costs are offset with beneficial unanticipated levels of abatement.,0.9046394228935242
UNH_2021-Q4,UNH,2021-Q4,qa,positive,We believe the way in which we've put together this benefit package really serves the needs of the members.,0.683641791343689
UNH_2021-Q4,UNH,2021-Q4,qa,positive,And it's an area where we expect significant potential as we roll through over the next two or three years.,0.8222364783287048
UNH_2021-Q4,UNH,2021-Q4,qa,positive,And we look forward to sharing our progress with you again in April.,0.3888960182666778
UNH_2022-Q1,UNH,2022-Q1,remarks,positive,"We remain well on track to serve an additional 800,000 people in 2022, consistent with the expectations we set last November.",0.9222216606140136
UNH_2022-Q1,UNH,2022-Q1,remarks,positive,You'll see us expand such offerings as we look forward to 2023.,0.8638090491294861
UNH_2022-Q1,UNH,2022-Q1,remarks,positive,And we plan to do even more in the future.,0.2808850109577179
UNH_2022-Q1,UNH,2022-Q1,remarks,positive,We expect the efforts we have taken in this quarter will save 80 tons of paper over the next five years.,0.8845908045768738
UNH_2022-Q1,UNH,2022-Q1,remarks,positive,And we expect to grow strongly for years to come.,0.8293147683143616
UNH_2022-Q1,UNH,2022-Q1,remarks,positive,"Our expanding health system partnerships are contributing to this growth, and we expect the number and breadth of these partnerships to continue to grow.",0.9225546717643738
UNH_2022-Q1,UNH,2022-Q1,remarks,positive,"Our Medicare Advantage offerings remain on track to add up to 800,000 people.",0.9042177796363832
UNH_2022-Q1,UNH,2022-Q1,remarks,positive,And we continue to expect full year cash flows of about $24 billion or two times net income.,0.8589497208595276
UNH_2022-Q1,UNH,2022-Q1,remarks,positive,"And as we look toward completing both the LHC and Change combinations this year, we will continue to have ample capacities to expand upon the ways we can serve people and help them to live healthier lives.",0.8640502095222473
UNH_2022-Q1,UNH,2022-Q1,remarks,positive,And we continue to expect the seasonal pattern to be more consistent with our historical experience with just under 50% of the full year earnings in the first half.,0.9047857522964478
UNH_2022-Q1,UNH,2022-Q1,qa,positive,"But as we look forward in -- for the remainder of the year, we're going to have to make -- continue to make targeted investments in areas like clinicians and in customer service folks where we see higher levels of attrition.",0.8435157537460327
UNH_2022-Q1,UNH,2022-Q1,qa,positive,"Refresh Mental Health is a great example of that, sits right into that value-based proposition in terms of how we believe we need to bring behavioral health management, alongside medical management.",0.1850515753030777
UNH_2022-Q1,UNH,2022-Q1,qa,positive,"It's a -- we increased our guidance range this year by $0.10, both at the top and the bottom of the guidance range, just to reconfirm that.",0.9127517938613892
UNH_2022-Q1,UNH,2022-Q1,qa,positive,"Now that whole value-based care model, which we believe is truly capable of transforming experiences, not just for patients, but for physicians and payers.",0.3918998539447784
UNH_2022-Q1,UNH,2022-Q1,qa,positive,We look forward to sharing that progress with you again when we next talk in July.,0.2915090024471283
UNH_2022-Q2,UNH,2022-Q2,remarks,positive,"We will continue to use our capabilities to do everything we can to lower out-of-pocket costs for consumers, building on past actions, including point-of-sale discounts.",0.9145054817199708
UNH_2022-Q2,UNH,2022-Q2,remarks,positive,"Based on this initial work, we intend to introduce the card to all our individual Medicare Advantage members in 2023.",0.2721386849880218
UNH_2022-Q2,UNH,2022-Q2,remarks,positive,We are on track to have nearly 700 community pharmacies by the end of the year and continue to increase the integrated community pharmacy footprint in our clinical locations.,0.9195900559425354
UNH_2022-Q2,UNH,2022-Q2,remarks,positive,"We remain, as always, highly respectful of medical cost trends and how they can evolve rapidly, and we will continue to position our offerings accordingly.",0.5456974506378174
UNH_2022-Q2,UNH,2022-Q2,remarks,positive,"In our offerings for seniors, we continue to expect to serve up to 800,000 additional people within Medicare Advantage this year.",0.8128452897071838
UNH_2022-Q2,UNH,2022-Q2,remarks,positive,"At this point, we anticipate the impact to Medicaid enrollment as a result of state redetermination activities will be experienced next year.",0.1085726618766784
UNH_2022-Q2,UNH,2022-Q2,remarks,positive,"Second quarter cash flows from operations were $6.9 billion or 1.3 times net income, and we continue to expect full year cash flows of about $24 billion.",0.3781026005744934
UNH_2022-Q2,UNH,2022-Q2,remarks,positive,"First, the strong momentum throughout our business.",0.6011773347854614
UNH_2022-Q2,UNH,2022-Q2,remarks,positive,"We see tremendous opportunity ahead, and we remain confident in our ability to deliver our long-term 13% to 16% earnings-per-share growth objective and further advance our mission to help people live healthier lives and to help make the health system work better for everyone.",0.9269508719444276
UNH_2022-Q2,UNH,2022-Q2,qa,hedging,"Of course, that includes a sense of where COVID may or may not be.",-0.0018346421420574
UNH_2022-Q2,UNH,2022-Q2,qa,hedging,And I think we've all learned to be deeply respectful of something like a pandemic and the uncertainties it can present.,0.113387830555439
UNH_2022-Q2,UNH,2022-Q2,qa,positive,"So super respectful in our outlook toward how that might progress throughout this year and next, and the potential for that to continue to be somewhat variable and to accelerate again.",0.8534058332443237
UNH_2022-Q2,UNH,2022-Q2,qa,positive,"And you're seeing that in the revenue, you're seeing that in the scripts volume, we see strong utilization, and you also we're seeing that in the earnings growth.",0.7835599780082703
UNH_2022-Q2,UNH,2022-Q2,qa,positive,We believe it really is going to be a significant enhancement of the quality of care that can be delivered.,0.8999276161193848
UNH_2022-Q2,UNH,2022-Q2,qa,positive,"Honestly, we are committed to this agenda very much because we see it as a strategically critical way of extending better care to folks in homes.",0.5799849033355713
UNH_2022-Q2,UNH,2022-Q2,qa,positive,So we're optimistic about this.,0.2614416778087616
UNH_2022-Q2,UNH,2022-Q2,qa,positive,And so we believe this is a really appropriate place for us to lean in and to address that.,0.6763719320297241
UNH_2022-Q2,UNH,2022-Q2,qa,positive,"And still considering this very early innings, third inning in terms of the build that we'd like to see looking ahead for care delivery.",0.1901746690273285
UNH_2022-Q2,UNH,2022-Q2,qa,positive,Now we believe in both Atrius and Kelsey-Seybold organizations.,0.1040071696043014
UNH_2022-Q2,UNH,2022-Q2,qa,positive,Core capability of this company going forward will be consumer capability.,0.1569052636623382
UNH_2022-Q2,UNH,2022-Q2,qa,positive,We look forward to following up as usual with any further questions you might have offline.,0.0405563712120056
UNH_2022-Q3,UNH,2022-Q3,remarks,positive,"We are confident our differentiated offerings will once again this year resonate with consumers who are even more focused on affordability, value, and simplicity, given the rising cost of daily life.",0.9107622504234314
UNH_2022-Q3,UNH,2022-Q3,remarks,positive,"The recently released 2024 plan year star ratings were consistent with our long-term planning expectations, with 81% of our members in four star or better plans, a level we expect will rise as planned refinements are finalized.",0.9276905059814452
UNH_2022-Q3,UNH,2022-Q3,remarks,positive,"Our businesses are growing and operating well, with strong momentum and a keen enterprise focus on executing on our strategic growth priorities.",0.9021539688110352
UNH_2022-Q3,UNH,2022-Q3,remarks,positive,We look forward to discussing this with you in much greater detail in person at our investor conference in New York.,0.0989056751132011
UNH_2022-Q3,UNH,2022-Q3,qa,positive,"So, we've taken a very balanced view as we look forward into the flu, which, as you well know, can affect Q4s or Q1s differentially year to year.",-0.126628428697586
UNH_2022-Q3,UNH,2022-Q3,qa,positive,"And so, we are excited to see how that develops over time and that will continue to be a contributor.",0.7347237467765808
UNH_2022-Q3,UNH,2022-Q3,qa,positive,"And, of course, coming back on my comments is how we think about impact going forward.",0.0276273656636476
UNH_2022-Q3,UNH,2022-Q3,qa,positive,"So, really important that you see that and very much taken into consideration as we thought through our work going forward.",0.1630458086729049
UNH_2022-Q3,UNH,2022-Q3,qa,positive,"And as John said, we've incorporated into our guidance points the space to potentially make the right investments going forward.",0.7410858273506165
UNH_2022-Q3,UNH,2022-Q3,qa,positive,"We like how we are positioned here, leaving 2022 both from a footprint and receptivity and growth and a performance perspective, and looking forward to expanding again in '23.",0.8922853469848633
UNH_2022-Q3,UNH,2022-Q3,qa,positive,"And when you talk about normalization in 2023, should we expect all three of them to be kind of back to normal?",0.0858362838625907
UNH_2022-Q3,UNH,2022-Q3,qa,hedging,Could you rank those for us in terms of how you are thinking those headwinds weigh on '23 a little bit?,0.0275550074875354
UNH_2022-Q3,UNH,2022-Q3,qa,hedging,"I mean if you kind of just think about the blend of headwinds, tailwinds for 2023, in terms of headwinds, I would probably say the external environment, the inflationary pressures, obviously, in among that mix.",-0.0370330028235912
UNH_2022-Q3,UNH,2022-Q3,qa,positive,"I want to thank you for your attention, and we look forward to meeting many of you in person in New York later in the quarter.",0.5448890328407288
UNH_2022-Q4,UNH,2022-Q4,remarks,positive,"For example, this year, we expect 4 million people will participate in fully accountable value-based care provided by Optum Health, almost 1.8 million more than we served as we enter 2022.",0.6575364470481873
UNH_2022-Q4,UNH,2022-Q4,remarks,positive,We believe this connectivity is a path to better outcomes for people and lower costs.,0.9135744571685792
UNH_2022-Q4,UNH,2022-Q4,remarks,positive,"By the end of 2023, we expect to have more than 750 community pharmacies, nearly 200 more than we had at the beginning of 2020.",0.5836467742919922
UNH_2022-Q4,UNH,2022-Q4,remarks,positive,"A good example, as more biosimilars come to market, we're positioned to offer patients their care providers and payers significantly more choices in how to secure the best prices for the therapies they need.",0.7143657207489014
UNH_2022-Q4,UNH,2022-Q4,remarks,positive,"Moreover, one-quarter of our self-funded employers have now chosen to add this offering for their employees, and we expect that number to rise.",0.9197779893875122
UNH_2022-Q4,UNH,2022-Q4,remarks,positive,"Thus far in 2023, it is 1 in 9, and we expect it will continue to rise.",0.9260003566741944
UNH_2022-Q4,UNH,2022-Q4,remarks,positive,"We will continue to innovate in and deliver the software, data analytics, technology-enabled services, revenue cycle management, and advisory services our customers expect.",0.5934126377105713
UNH_2022-Q4,UNH,2022-Q4,remarks,positive,"The key here is that our comprehensive technology solutions are resonating in the market, and we expect to see increasing momentum across all of OptumInsight as we invest in and finalize our integration activities.",0.9281113147735596
UNH_2022-Q4,UNH,2022-Q4,remarks,positive,We expect to make a significant portion of these important investments in the first half of the year.,0.7780281901359558
UNH_2022-Q4,UNH,2022-Q4,remarks,positive,"We expect to serve up to 900,000 more people in '23 across our individual, group, and dual special needs offerings, our 8th consecutive year of above-market growth.",0.9289437532424928
UNH_2022-Q4,UNH,2022-Q4,remarks,positive,"And when all redetermination activities are eventually completed, we expect to serve even more people than we do today across our state-based commercial and exchange-based offerings.",0.7905745506286621
UNH_2022-Q4,UNH,2022-Q4,remarks,positive,"Within our commercial offerings, we expect to serve about 1 million additional people in 2023.",0.4893235266208648
UNH_2022-Q4,UNH,2022-Q4,qa,positive,"That's an extraordinary expansion, and we expect that to continue to grow hard.",0.9203641414642334
UNH_2022-Q4,UNH,2022-Q4,qa,positive,"We expect that to be a big source of lift as we go forward, backed up by an increasing momentum of being able to sign up these very large health system partnerships.",0.9258987307548524
UNH_2022-Q4,UNH,2022-Q4,qa,positive,"And, obviously, we look forward to working with the administration when and if any further updates come forth.",0.260327011346817
UNH_2022-Q4,UNH,2022-Q4,qa,positive,And what we had set out inside our pricing trends are lining up really nicely as we look forward to 2023.,0.7667096853256226
UNH_2022-Q4,UNH,2022-Q4,qa,positive,"and really managing a book of business with greater predictability back to sort of the expectations that we had well pre-pandemic and encouraged about how all of those elements, including flu, are lining up as we look forward.",0.341865599155426
UNH_2022-Q4,UNH,2022-Q4,qa,positive,"As we look forward, it's a very interesting marketplace.",0.2637227773666382
UNH_2022-Q4,UNH,2022-Q4,qa,positive,The advance rate notice for '24 will be out in the coming weeks.,-0.0073527749627828
UNH_2022-Q4,UNH,2022-Q4,qa,positive,"We believe that one of the key elements of that effectiveness that we certainly focused on is our ability to deliver stable benefits year in, year out.",0.888069748878479
UNH_2022-Q4,UNH,2022-Q4,qa,positive,"And we look forward to seeing what that will be, and we'll work with that once it's communicated to us.",0.1163659691810607
UNH_2022-Q4,UNH,2022-Q4,qa,positive,We look forward to sharing our progress on this journey with you again in April.,0.3876437246799469
WMT_2019-Q4,WMT,2019-Q4,remarks,positive,"In a few moments, Doug and Brett will provide their view on the fourth quarter, our outlook for fiscal year 2020 and discuss progress on our strategic initiatives.",0.0715780556201934
WMT_2019-Q4,WMT,2019-Q4,remarks,positive,"We're encouraged by our performance for the year, because we believe our customers are noticing our improvements but we continue to see many ways we can serve them better.",0.9315221905708312
WMT_2019-Q4,WMT,2019-Q4,remarks,positive,We continue to build trust which we believe will become even more of a competitive advantage.,0.919431447982788
WMT_2019-Q4,WMT,2019-Q4,remarks,positive,We will continue to play off and innovate as we shape the future of our omni retail.,0.5996227860450745
WMT_2019-Q4,WMT,2019-Q4,remarks,positive,"In India, we remain optimistic about the eCommerce opportunity given the size of the market.",0.9046399593353271
WMT_2019-Q4,WMT,2019-Q4,remarks,positive,We are committed to providing sellers with a world-class platform to sell on and customers with a high quality of service.,0.770388662815094
WMT_2019-Q4,WMT,2019-Q4,remarks,positive,"We hope for a collaborative regulatory process going forward, which results in a level playing field.",0.8556346893310547
WMT_2019-Q4,WMT,2019-Q4,remarks,hedging,"Uncertainties with trade or other macro factors can make for a more challenging environment, but I like the things we're doing to position ourselves in this important market.",0.4431454241275787
WMT_2019-Q4,WMT,2019-Q4,remarks,positive,We have momentum as we entered the new fiscal year and will continue to execute against our strategic plan which we believe is the winning formula long-term.,0.9306979179382324
WMT_2019-Q4,WMT,2019-Q4,remarks,positive,"As we outlined in October, we expect our losses in eCommerce to increase this coming year reflecting investments in infrastructure, people, online grocery and store number 8 initiatives.",0.9009255766868592
WMT_2019-Q4,WMT,2019-Q4,remarks,positive,"We remain excited about the opportunity in grocery pickup and delivery and plan to double the current number of stores that offer same day grocery delivery in the coming year, while also adding grocery pick up to another 1000 stores.",0.91240257024765
WMT_2019-Q4,WMT,2019-Q4,remarks,positive,"As always, we have several assumptions in our guidance, including the economic conditions, currency rates and the tax and regulatory landscape in our largest and most important markets remain generally consistent.",0.2431562542915344
WMT_2019-Q4,WMT,2019-Q4,remarks,positive,We expect to deliver total net sales growth of at least 3% on a constant-currency basis in FY 2020.,0.9074831008911132
WMT_2019-Q4,WMT,2019-Q4,remarks,positive,"We expect the quarterly cadence of comp store growth to be fairly consistent throughout the year, ranging from approximately 2.5% to 3.5% in any given quarter.",0.8750116229057312
WMT_2019-Q4,WMT,2019-Q4,remarks,positive,Walmart U.S. eCommerce is expected to grow sales around 35% in FY 2020 and we expect the quarterly growth to range from around 30% to below 40% range.,0.9194008708000184
WMT_2019-Q4,WMT,2019-Q4,remarks,positive,"We'll continue to make progress on being more efficient at lowering cost, especially in Walmart U.S. stores, where we expect leverage to be even higher than the 20 basis points, due to continuing strong sales and improved productivity.",0.935890018939972
WMT_2019-Q4,WMT,2019-Q4,remarks,positive,"On a consolidated basis, we expect to slightly lever in Q1 with leverage improving each quarter during the year.",0.9294127225875854
WMT_2019-Q4,WMT,2019-Q4,remarks,positive,"Turning to profitability, we continue to expect consolidated operating income dollars to decline by low single digit percentage, primarily due to Flipkart being included for the full year versus the partial year in fiscal 2019.",-0.9649558663368224
WMT_2019-Q4,WMT,2019-Q4,remarks,positive,We expect EPS to decline by low single digit percentage which assumes an effective tax rate of approximately 26.5% to 27.5%.,-0.7800023555755615
WMT_2019-Q4,WMT,2019-Q4,remarks,positive,"However, instead of hosting an investment community meeting in October as we typically have, we plan to have an event in February 2020 in New York in conjunction with our Q4 earnings release.",0.0051077399402856
WMT_2019-Q4,WMT,2019-Q4,remarks,positive,It's a great company with a long history of transformation and we expect to win.,0.886214017868042
WMT_2019-Q4,WMT,2019-Q4,qa,positive,We expect the productivity in the U.S. stores will continue to be a big part of what we do.,0.7574467062950134
WMT_2019-Q4,WMT,2019-Q4,qa,positive,"So is 4Q kind of something we should expect in terms of the composition going forward because of those numbers are finally getting you to that tipping point where you can see past the Flipkart dilution, I guess?",0.2140364348888397
WMT_2019-Q4,WMT,2019-Q4,qa,positive,"But as for leverage, I mentioned from a total company perspective, we expect to slightly lever-in Q1 and that just to get progressively better as we get through -- those through the year and we certainly couldn't do that or couldn't make that statement if we didn't feel pretty comfortable with what we're seeing in the U.S.. Again we've assumed this kind of sales growth to get that leverage.",0.7426029443740845
WMT_2019-Q4,WMT,2019-Q4,qa,hedging,It's a different situation to go and pick light bulbs our go to pick some of these categories that may not have as much shelf capacity as we have in food.,0.0254046451300382
WMT_2019-Q4,WMT,2019-Q4,qa,hedging,Or how should we think about the top line headwinds from SNAP or tax refunds?,-0.7586114406585693
WMT_2019-Q4,WMT,2019-Q4,qa,positive,"On the SNAP benefits, I mean we are clear you know that, we believe that it did pull forward some into the fourth quarter.",0.9126421809196472
WMT_2019-Q4,WMT,2019-Q4,qa,positive,"On the eCommerce loss guidance where we've said that we expect losses to be a little more in this next year, we're not going to give guidance past that which I think probably won't surprise you.",-0.2339090257883072
WMT_2020-Q4,WMT,2020-Q4,remarks,positive,"We believe that confidence is well founded, and we're excited to give you an update on the opportunities we see ahead.",0.7329100966453552
WMT_2020-Q4,WMT,2020-Q4,remarks,hedging,"Despite various headwinds, Walmart U.S. adjusted operating income increased 6.5% on solid gross margin improvement and continued reduction in eCommerce losses as well as some benefit related to timing of allocations.",0.9375053644180298
WMT_2020-Q4,WMT,2020-Q4,remarks,positive,Let's now talk about how we plan to continue the strong momentum.,0.1970444470643997
WMT_2020-Q4,WMT,2020-Q4,remarks,positive,We're winning and we intend to keep pushing the ball aggressively down the field.,0.731902539730072
WMT_2020-Q4,WMT,2020-Q4,remarks,positive,"As we accelerate investment, capex is expected to be around $14 billion this year with most of the increase versus last year in the U.S. Over the next few years, we expect capex to be around 2.5% to 3% of sales.",0.8347811698913574
WMT_2020-Q4,WMT,2020-Q4,remarks,positive,"And we authorized a new $20 billion share repurchase program, which we plan to execute over the next three years or so.",0.7752129435539246
WMT_2020-Q4,WMT,2020-Q4,remarks,positive,We expect continued strong growth in the U.S. businesses and expect even higher international growth rates as we focus on key markets and making money in new ways.,0.9339333772659302
WMT_2020-Q4,WMT,2020-Q4,remarks,hedging,"We know we'll have both headwinds and tailwinds this year, the balance and degree of which isn't clear.",-0.8017575740814209
WMT_2020-Q4,WMT,2020-Q4,remarks,positive,"In International, excluding divestitures, we expect to see higher level of sales growth versus the U.S. with strength in India, Mexico and China.",0.9409054517745972
WMT_2020-Q4,WMT,2020-Q4,remarks,positive,"And at Sam's, we expect low-single-digit comps excluding fuel and tobacco.",0.0579975619912147
WMT_2020-Q4,WMT,2020-Q4,remarks,positive,"We expect to hold more cash than normal during this time due to strong cash flow, but plan to reallocate that cash in a thoughtful way in the coming quarters into new projects as well as share repurchase.",0.7335667014122009
WMT_2020-Q4,WMT,2020-Q4,remarks,positive,"Due in large part to the International transactions, we expect operating income dollars and EPS to decline slightly in FY '22 on a consolidated basis, but we expect Walmart U.S. operating income to increase in spite of some continued COVID costs, accelerated technology costs and increased wages.",-0.4924200475215912
WMT_2020-Q4,WMT,2020-Q4,remarks,positive,"Due to the International transactions and FY '21 COVID-related expense and profit timing, we expect the FY '22 quarterly profit growth cadence versus last year to be quite variable.",-0.8791680932044983
WMT_2020-Q4,WMT,2020-Q4,remarks,positive,"We expect Q1 operating income to be relatively flat to last year and EPS to be flat to slightly up, reflecting the presence of as in our financials for about half the quarter and some tax rate fluctuations.",-0.0711273849010467
WMT_2020-Q4,WMT,2020-Q4,remarks,positive,"We're one of the largest eCommerce companies in the world, approaching $100 billion in revenue in the next couple of years, and we believe $200 billion a few years after that.",0.6522448658943176
WMT_2020-Q4,WMT,2020-Q4,remarks,positive,"As for Walmart, we will continue to be part of the solutions.",0.3095709681510925
WMT_2020-Q4,WMT,2020-Q4,remarks,positive,We are committed to racial equity.,0.1337281465530395
WMT_2020-Q4,WMT,2020-Q4,remarks,positive,"As we imagine the future, we believe people, our customers, families will want an even better value for their money.",0.7902968525886536
WMT_2020-Q4,WMT,2020-Q4,remarks,positive,"Over time, we believe the big winners in retail will be those that deliver a unique interrelated ecosystem.",0.771307110786438
WMT_2020-Q4,WMT,2020-Q4,remarks,positive,We expect our eCommerce sales globally to be over $100 billion in the next couple of years.,0.820195734500885
WMT_2020-Q4,WMT,2020-Q4,remarks,positive,"Based on everything I've learned over the years and the opportunity I see looking ahead, this is the right time to make these investments.",0.2242849618196487
WMT_2020-Q4,WMT,2020-Q4,remarks,positive,We believe we should do more than provide just an hourly wage.,0.1587013453245163
WMT_2020-Q4,WMT,2020-Q4,remarks,positive,"We'll make these investments in our supply chain and people, while also staying on track to modernize our technology.",0.464106410741806
WMT_2020-Q4,WMT,2020-Q4,remarks,positive,Sam's is a big business for us and it has strong momentum.,0.8337904810905457
WMT_2020-Q4,WMT,2020-Q4,remarks,positive,We're well positioned to grow as an emerging middle class spends more money through their mobile phones.,0.8225029110908508
WMT_2020-Q4,WMT,2020-Q4,remarks,positive,We believe it's important to push toward zero in our own operations even where it's difficult and may not be feasible with current technology.,0.8044418692588806
WMT_2020-Q4,WMT,2020-Q4,remarks,positive,"In summary, we are confident in our strategy.",0.8254004716873169
WMT_2020-Q4,WMT,2020-Q4,qa,positive,"But if we do that, then we wouldn't be able to create this succession that we are committed to creating.",0.0193712823092937
WMT_2020-Q4,WMT,2020-Q4,qa,positive,"So in the past where you're starting with gross margin going down fairly significantly at times, that's really not the case, probably, as we look forward.",-0.940642237663269
WMT_2020-Q4,WMT,2020-Q4,qa,positive,But why shouldn't we expect higher incrementals over time?,0.2683798372745514
WMT_2020-Q4,WMT,2020-Q4,qa,positive,"And when you look at the -- our ability to generate revenue and profit in different ways, if you look at general merchandise business that's growing and changes the mix, as you look at contribution margins and eCommerce changing, all of that leads you to believe that operating income can grow faster than sales in the mid to long-term, and that's what we expect to do as a company.",0.5863289833068848
WMT_2020-Q4,WMT,2020-Q4,qa,positive,"If these things come together the way that we believe they will and the way we've planned them, it does give opportunity for that operating margin to grow over time.",0.8923118114471436
WMT_2020-Q4,WMT,2020-Q4,qa,positive,"As we think about going forward, what I had said in my remarks is that we expected $100 billion in global eCommerce over the next couple of years and could see $200 billion a few years after that.",0.1502600908279419
WMT_2020-Q4,WMT,2020-Q4,qa,positive,"And we believe that represents lasting permanent change, and that's why we think this is the time to invest more aggressively in our supply chain, in automation, in technology and in our people, specifically those in omni roles as we shared today.",0.5903335213661194
WMT_2020-Q4,WMT,2020-Q4,qa,positive,"Walmart.com contribution profit rates for categories have been up year-over-year each and every month since we combined, and we expect that that will continue.",0.9302076697349548
WMT_2020-Q4,WMT,2020-Q4,qa,positive,"And we plan to accelerate it through strategic partnerships with Shopify, ChannelAdvisor and PayPal.",0.857866108417511
WMT_2020-Q4,WMT,2020-Q4,qa,positive,"Five years from now, we expect to be well within the top 10 advertising platforms in the U.S., ahead of big players like, Hearst, Fox and Twitter.",0.7227473855018616
WMT_2020-Q4,WMT,2020-Q4,qa,positive,We're quickly getting items to customers and we expect to see delivery costs to continue to go down as we build volume and density.,-0.3702204525470733
WMT_2020-Q4,WMT,2020-Q4,qa,positive,And we're now moving to scale these locations and we expect to have over 100 of these within the next couple of years.,0.6567929983139038
WMT_2020-Q4,WMT,2020-Q4,qa,positive,"We have closed on the deals with Argentina and Asda, and we expect to close the Japan deal in the very near future.",-0.6484025716781616
WMT_2020-Q4,WMT,2020-Q4,qa,positive,"Going forward, we will double down on each of these fronts.",0.2025510817766189
WMT_2020-Q4,WMT,2020-Q4,qa,positive,"And we are excited about the potential for a high margin advertising business, Walmart Connect, which we expect to grow by 60% in the coming year.",0.9026641845703124
WMT_2020-Q4,WMT,2020-Q4,qa,positive,"But the business rebounded and exited Q4 with strong momentum, delivering GMV growth roughly double that of the full year.",0.932684361934662
WMT_2020-Q4,WMT,2020-Q4,qa,positive,We believe that Flipkart is positioned to win India's e-commerce future.,0.9228411912918092
WMT_2020-Q4,WMT,2020-Q4,qa,positive,"And finally, as I mentioned before, technology and infrastructure will be two very big investment areas next year and going forward.",0.2090715914964676
WMT_2020-Q4,WMT,2020-Q4,qa,positive,"And with the new supplier production facility coming online, we expect to double our sales this year.",0.9370349645614624
WMT_2020-Q4,WMT,2020-Q4,qa,positive,"We will continue to innovate on Scan and Go, and you'll see us testing some exciting new features this year to make this clever tool even better for our members.",0.8547705411911011
WMT_2020-Q4,WMT,2020-Q4,qa,positive,We will continue to accelerate here to maintain our leading position and make shopping Sam's Club the most convenient experience in the channel.,0.9015966653823853
WMT_2020-Q4,WMT,2020-Q4,qa,positive,And we expect to open as many as 30 new clubs between the two markets over the next three years.,0.706288754940033
WMT_2020-Q4,WMT,2020-Q4,qa,positive,"Abroad, we will continue to innovate while building clubs.",0.500446081161499
WMT_2020-Q4,WMT,2020-Q4,qa,positive,What will you be focused on looking ahead?,-0.0160224642604589
WMT_2020-Q4,WMT,2020-Q4,qa,positive,"And going forward, I think, it's a huge advantage whether it's in our core retail business or some of the other income streams that we cover this morning.",0.8165674209594727
WMT_2020-Q4,WMT,2020-Q4,qa,positive,And I guess one or two levers should we look to going forward to get the profit margin growing again into 2022 and beyond if you were to pick all the initiatives you see out there?,0.6833565831184387
WMT_2020-Q4,WMT,2020-Q4,qa,positive,"So, this ability of our team -- for our team to be able to mix across channels in addition to the categories they serve is really exciting as we look forward.",0.7623353600502014
WMT_2020-Q4,WMT,2020-Q4,qa,positive,"You've had some experiments going on with AV here locally there is a vehicle that's running around some experience with drones now trying different things, anything more on density or how you see last mile going forward?",0.0297494120895862
WMT_2020-Q4,WMT,2020-Q4,qa,positive,"So, we do have a run rate going forward, obviously we have run rate on wages, getting into the details of that is not something that we're prepared to do this morning.",-0.1581388413906097
WMT_2020-Q4,WMT,2020-Q4,qa,positive,"On the profit side, as I said this morning, we expect over time to grow operating income faster in the sales and that's what you should expect from us, as investors.",0.9332025647163392
WMT_2020-Q4,WMT,2020-Q4,qa,positive,One of the things that I believe will look a little different going forward is the pieces on gross margin and higher-margin businesses.,0.0541232377290725
WMT_2020-Q4,WMT,2020-Q4,qa,positive,We did not give guidance going forward on that.,-0.0080070681869983
WMT_2022-Q1,WMT,2022-Q1,remarks,positive,"Looking ahead, we'll navigate the supply chain challenges and inflationary pressures, whether that's in cost of goods or wages.",0.0732048004865646
WMT_2022-Q1,WMT,2022-Q1,remarks,hedging,"Canada comps increased 3.4%, with more than 115% growth in e-commerce sales despite headwinds later in the quarter from COVID-related government restrictions on the sales of non-essential categories like apparel and general merchandise.",0.9379445314407348
WMT_2022-Q1,WMT,2022-Q1,remarks,positive,Walmart US operating income is now expected to increase high single digits versus our original guidance of a slight increase.,0.9346044659614564
WMT_2022-Q1,WMT,2022-Q1,remarks,positive,"The second quarter has started off a bit better than originally anticipated as stimulus spending continues to benefit certain general merchandise categories, and we expect grocery market share gains to continue.",0.9361099600791932
WMT_2022-Q1,WMT,2022-Q1,remarks,hedging,The COVID pandemic continues to create both tailwinds and headwinds for our business.,-0.9336339831352234
WMT_2022-Q1,WMT,2022-Q1,qa,positive,"These market share gains that we saw in the latter part of the quarter are very encouraging, and it's great to see that we're positioned well when customers need to shift.",0.9325233697891236
WMT_2022-Q1,WMT,2022-Q1,qa,hedging,"Still a lot of uncertainties that are out there, with headwinds and tailwinds, and they'll play themselves out over the next several months, but I think all of us feel more confident than we did in February and felt like updating guidance was the right thing to do at this point.",0.4314228296279907
WMT_2022-Q1,WMT,2022-Q1,qa,positive,"And as we said, when we get through this year, with the increased wage investments going forward, I still feel good about our ability to leverage long-term.",0.9261494874954224
WMT_2022-Q1,WMT,2022-Q1,qa,positive,"I'll just add on and say that we are excited about the three areas mentioned: Marketplace; WFS, Walmart Fulfillment Services; and Connect, like I said earlier.",0.1254971623420715
WMT_2022-Q1,WMT,2022-Q1,qa,positive,"So, excited about all three of those and they are clearly businesses that will help us with our flywheel going forward.",0.5877920985221863
WMT_2022-Q1,WMT,2022-Q1,qa,positive,"And then finally, with the additional revenue and profit streams we mentioned with Walmart Connect, marketplace and fulfillment services, that will just help us going forward to make sure that we have the right gap for customers.",0.8125298023223877
WMT_2022-Q1,WMT,2022-Q1,qa,positive,"We expect to be launching those other late Q2 early Q3, so we'll be able to talk about that more once those launch.",0.1338187307119369
WMT_2022-Q1,WMT,2022-Q1,qa,positive,"And then finally, we are excited about our last mile business.",0.1564400345087051
WMT_2022-Q1,WMT,2022-Q1,qa,positive,"And then with some of the changes even the last week, we expect that some of these changes with the customer could continue, but we'll continue to watch that as the year moves on.",0.3770462274551391
WMT_2022-Q1,WMT,2022-Q1,qa,positive,"We're excited about the amount of capacity we have in stores to ship to people's home, and then we're continuing to work and invest in the supply chain and have more capacity going forward for pure first party e-commerce.",0.5458227396011353
WMT_2022-Q1,WMT,2022-Q1,qa,positive,So I think we're positioned well.,0.6434375643730164
WMT_2022-Q1,WMT,2022-Q1,qa,positive,Or are we seeing more allocated to savings and therefore there's some pent-up demand that could get spent in the coming months?,0.4180266857147217
WMT_2022-Q1,WMT,2022-Q1,qa,positive,"So this acquisition of MeMD to enable relationships with customers on their device, in their home and be able to execute service care with our pharmacies and clinics on the backside of that is a really exciting prospect and it's a big part of our flywheel going forward.",0.4841613173484802
WMT_2022-Q1,WMT,2022-Q1,qa,positive,And I'm sure there will be other hotspot cities and countries that we'll deal with in the coming weeks because this pandemic is not over.,0.1068692803382873
WMT_2022-Q2,WMT,2022-Q2,remarks,positive,"Recall, earlier this year, we announced a step-up in capex spending, with heavy emphasis on supply chain in the coming years.",0.7246370911598206
WMT_2022-Q2,WMT,2022-Q2,remarks,positive,"For example, Walmart Connect U.S. advertising sales nearly doubled in Q2, and we expect the rapid growth to continue.",0.93569415807724
WMT_2022-Q2,WMT,2022-Q2,remarks,positive,"While businesses like our new Fintech JV are still in a start-up phase, we know the opportunities are significant, and we'll share more in the coming quarters.",0.9083845019340516
WMT_2022-Q2,WMT,2022-Q2,remarks,hedging,"In addition, the pandemic continues to create both tailwinds and headwinds for the business.",-0.9431359767913818
WMT_2022-Q2,WMT,2022-Q2,remarks,positive,"Our eCommerce Marketplace is also expanding, and we expect to make hundreds of thousands of additional items available for fulfillment services this year alone.",0.879766583442688
WMT_2022-Q2,WMT,2022-Q2,remarks,positive,"In Canada, COVID-related government restrictions on the sale of nonessential categories like apparel and general merchandise pressured sales and profitability, but we're optimistic that we'll see a more normalized sales and profit environment in the back half.",-0.1205126941204071
WMT_2022-Q2,WMT,2022-Q2,remarks,positive,"Walmart U.S. comp sales are expected to increase 5% to 6%, representing about $20 billion of growth.",0.934270679950714
WMT_2022-Q2,WMT,2022-Q2,remarks,positive,"We anticipate Sam's Club comps to increase 7.5% to 8.5%, excluding fuel and tobacco, and international constant currency sales growth of 7% to 8%.",0.9385015368461608
WMT_2022-Q2,WMT,2022-Q2,remarks,positive,"On a constant currency basis, we expect full year consolidated adjusted operating income to increase 11.5% to 14%, which is a material step-up from our prior guidance of high single-digit growth and an even more significant increase from our initial guidance in February.",0.936198592185974
WMT_2022-Q2,WMT,2022-Q2,remarks,positive,Walmart U.S. adjusted operating income is expected to increase 11% to 13.5%.,0.9363625645637512
WMT_2022-Q2,WMT,2022-Q2,remarks,positive,The third quarter has started off well as back-to-school shopping is underway and we expect grocery market share gains to continue.,0.9315926432609558
WMT_2022-Q2,WMT,2022-Q2,qa,positive,"We finished the quarter up about 20% in inventory, which I think we're well positioned going into the rest of the year based on where the inventory is.",0.9135316610336304
WMT_2022-Q2,WMT,2022-Q2,qa,positive,"And if we see opportunities to be more aggressive either on the income statement side or the balance sheet, we'll take them, and we'll share it at that time.",0.4428233802318573
WMT_2022-Q2,WMT,2022-Q2,qa,positive,Or are you still confident that the business can keep growing algo going forward?,0.6441848278045654
WMT_2022-Q2,WMT,2022-Q2,qa,positive,How do you feel about kind of as we look forward to the second half holidays?,0.0258333832025527
WMT_2022-Q2,WMT,2022-Q2,qa,positive,But I'll turn it over to Kath to talk about the really strong momentum at Sam's.,0.2025030553340912
WMT_2022-Q4,WMT,2022-Q4,remarks,positive,"We increased capacity by nearly 20% last year, and we expect to increase capacity by another 35% this year.",0.9344893097877502
WMT_2022-Q4,WMT,2022-Q4,remarks,positive,"Recently, we shared some news about our fintech start-up in the U.S. that will operate under the ONE brand going forward.",0.3904953002929687
WMT_2022-Q4,WMT,2022-Q4,remarks,positive,We expect the robust growth will continue this year as we add more capacity.,0.9304094910621644
WMT_2022-Q4,WMT,2022-Q4,remarks,positive,"We have nearly a thousand GoLocal service to pickup points, and we expect to end this year closer to 5,000.",0.3598135411739349
WMT_2022-Q4,WMT,2022-Q4,remarks,positive,And we expect this strong growth to continue.,0.9245845079421996
WMT_2022-Q4,WMT,2022-Q4,remarks,positive,But I feel confident in the underlying strength of the business and our ability to deliver the growth we expect.,0.9172689914703368
WMT_2022-Q4,WMT,2022-Q4,remarks,positive,"Supply chain costs were over $400 million higher than expected, but we expect some of those costs to abate overtime.",0.8865666389465332
WMT_2022-Q4,WMT,2022-Q4,remarks,positive,"We increased share repurchases significantly this year with buybacks of just under $10 billion, a pace we plan to continue or increase in the coming year given our view of the long-term value of the company.",0.9295428991317748
WMT_2022-Q4,WMT,2022-Q4,remarks,positive,We expect Walmart Connect to continue to scale over the next few years with plans to become a top 10 ad business in the midterm.,0.9078603982925416
WMT_2022-Q4,WMT,2022-Q4,remarks,positive,"In fact, we expect to have over 200 million items in our e-commerce assortment by the end of the year.",0.2506242394447326
WMT_2022-Q4,WMT,2022-Q4,remarks,positive,Our guidance assumes that we will see some relief from that as the year progresses and that the U.S. consumer remains in a generally favorable economic position throughout the year.,0.9264687299728394
WMT_2022-Q4,WMT,2022-Q4,remarks,positive,Our guidance will be ex-divestitures.,0.0013026669621467
WMT_2022-Q4,WMT,2022-Q4,remarks,positive,We expect total company sales to increase about 4% with Walmart U.S. comp sales slightly above 3% for the year.,0.9353551268577576
WMT_2022-Q4,WMT,2022-Q4,remarks,positive,"Given the timing of stimulus overlaps, we expect about a 1% to 2% comp sales increase from Walmart U.S. in the first quarter, followed by somewhat higher comp sales growth throughout the remainder of the year.",0.9342920184135436
WMT_2022-Q4,WMT,2022-Q4,remarks,positive,We expect FY '23 total company operating income to increase at a rate slightly higher than sales growth and EPS to grow 5% to 6% versus FY '22 adjusted EPS due in part to our aggressive share repurchase program.,0.935024619102478
WMT_2022-Q4,WMT,2022-Q4,remarks,positive,"We expect Q1 operating income and EPS to be down low double digits to low-teens as we cycle the stimulus effects from last year that resulted in nearly 30% operating income growth, as well as increased wages this year.",-0.9216546416282654
WMT_2022-Q4,WMT,2022-Q4,remarks,positive,"Q2 and Q3 operating income and EPS are expected to increase at low to mid-single digit rates, as year-over-year comparisons ease due in part to the moderation of stimulus benefits last year.",0.9286566972732544
WMT_2022-Q4,WMT,2022-Q4,remarks,positive,"We expect higher growth rates in the back half of the year as we fully cycle wage investments, resulting in fourth quarter operating income and EPS increasing by a high-teens percentage.",0.9346789121627808
WMT_2022-Q4,WMT,2022-Q4,remarks,positive,Our effective tax rate is expected to increase to 25% to 26% due primarily to earnings mix.,0.9295138120651244
WMT_2022-Q4,WMT,2022-Q4,remarks,positive,"For the year, we expect gross margin rates to increase due to pricing, mix, and new business initiatives.",0.9375181794166564
WMT_2022-Q4,WMT,2022-Q4,remarks,positive,"For the first time in a while, we expect some expense deleveraging as we continue to see elevated supply chain wage and tech costs.",0.6732591390609741
WMT_2022-Q4,WMT,2022-Q4,remarks,positive,"Due to that and continued investment in strategic priorities, we anticipate this year's capex being at the upper end of the guidance we gave last year of 2.5% to 3% of sales.",0.7767680287361145
WMT_2022-Q4,WMT,2022-Q4,qa,hedging,"There is a lot of concern around the low- to mid-income consumer, the outlook for that consumer this year, given the stimulus lap, the inflation and, you know, other uncertainties.",-0.1209052428603172
WMT_2022-Q4,WMT,2022-Q4,qa,positive,"As it relates to the four and greater than four, what we told you a year ago was that, that is something we believe we can deliver or beat overtime.",0.3924421966075897
WMT_2022-Q4,WMT,2022-Q4,qa,positive,And we believe that it was important to repeat the number.,0.2773566246032715
WMT_2022-Q4,WMT,2022-Q4,qa,positive,"So, I think our ability to serve all across is quite important going forward.",0.7829176783561707
WMT_2022-Q4,WMT,2022-Q4,qa,positive,"So, we're optimistic that the inventory pull-throughs that we have done and have in transit will get us in great position to be able to serve customers as we get into this fiscal year.",0.9293386340141296
WMT_2022-Q4,WMT,2022-Q4,qa,positive,"And we believe that we have a role that can help there, and we get it in a way that's digital.",0.2859166264533996
WMT_2022-Q4,WMT,2022-Q4,qa,positive,We are excited about continuing to be able to serve customers at the pharmacy.,0.8972415328025818
WMT_2022-Q4,WMT,2022-Q4,qa,positive,"But also, as a reflection of what we believe would be better, in-stock positions in food and consumables.",0.5438409447669983
WMT_2023-Q1,WMT,2023-Q1,remarks,positive,"And while we expect some gross margin pressure in Q2, we expect an improvement over Q1.",0.9177811145782472
WMT_2023-Q1,WMT,2023-Q1,remarks,positive,"Importantly, we expect the solid top-line performance to continue, and we're taking up sales guidance for the year.",0.8790411353111267
WMT_2023-Q1,WMT,2023-Q1,remarks,positive,We expect the inventory position to improve as we go through Q2.,0.9381777048110962
WMT_2023-Q1,WMT,2023-Q1,remarks,positive,We expect Walmart U.S. comp sales growth of about 3.5% for the year versus the original guidance of slightly above 3%.,0.9231818318367004
WMT_2023-Q1,WMT,2023-Q1,remarks,positive,"For Q2, we expect net sales growth of over 5%, including comp sales growth of 4% to 5% for Walmart U.S. As our confidence builds in our ability to manage cost increases more efficiently, operating income and EPS are expected to be flat to slightly up.",0.8730781078338623
WMT_2023-Q1,WMT,2023-Q1,remarks,hedging,"While Q1 profit was lower than expected, during this dynamic and challenging environment, I'm proud of how our teams continue to be laser-focused on serving customers and taking care of shareholders.",0.6085145473480225
WMT_2023-Q1,WMT,2023-Q1,qa,positive,"And therefore, in that context, how much ability going forward do you have to flex the P&L with respect to manage, I guess, the P&L with respect to further markdowns gross margin risk in the U.S. given your high levels of inventory, but also contemplating the risk of further SG&A deleverage if there is more weakening with the consumer?",-0.025453545153141
WMT_2023-Q1,WMT,2023-Q1,qa,positive,"First, just to reiterate, strong top line in the first quarter and our guidance on top line that would reflect our confidence that there will be strength in the top line.",0.8874915838241577
WMT_2023-Q1,WMT,2023-Q1,qa,positive,"We're positioned to do well, and great economies and economies that aren't as good.",0.834187924861908
WMT_2023-Q1,WMT,2023-Q1,qa,positive,"So we're going to be positioning ourselves well to take care of our customers going forward and our teams and our suppliers, we both need to do more to help customers out.",0.6623139977455139
WMT_2023-Q1,WMT,2023-Q1,qa,positive,"And then really on inventories, should we expect $100 million of markdowns in the next couple of quarters?",-0.7622205018997192
WMT_2023-Q1,WMT,2023-Q1,qa,hedging,And does it suggest the cost of doing business is rising as the macro uncertainty increases?,-0.0234144628047943
WMT_2023-Q1,WMT,2023-Q1,qa,positive,And how should we think about that going forward as well?,0.0174391828477382
WMT_2023-Q1,WMT,2023-Q1,qa,positive,"The fuel increase that happened so quickly at the end of February, early in the March, those kinds of things, along with -- we mentioned charges in supply chain and then we had this fire, which our team did a wonderful job, keeping associates safe and getting them out of the building, but we lost those centers, those were costs that came in very quickly that we feel are more isolated in the first quarter and some of those costs did not flow through because we believe they were short term in nature.",-0.6029536724090576
WMT_2023-Q1,WMT,2023-Q1,qa,positive,He asked about the higher-margin growth businesses like Walmart Connect and whether we expect those to continue to grow.,0.70259028673172
WMT_2023-Q1,WMT,2023-Q1,qa,positive,"Those ancillary businesses in the U.S. and around the world are growing, and we expect that to continue.",0.9229526519775392
WMT_2023-Q1,WMT,2023-Q1,qa,positive,"So when you look at today's environment and the price increases vendors are trying to pass on, should we expect private label mix to continue to increase in the coming quarters?",0.6511213779449463
WMT_2023-Q1,WMT,2023-Q1,qa,positive,"I mean we are understanding the environment, trying to convey to you all what we see going forward.",0.0953025668859481
WMT_2023-Q1,WMT,2023-Q1,qa,positive,But we expect customers and members to come our way.,0.8309137225151062
WMT_2023-Q2,WMT,2023-Q2,remarks,positive,The merchants are adjusting by category to reflect where we expect demand to be.,0.061582013964653
WMT_2023-Q2,WMT,2023-Q2,remarks,positive,"We expect inflation to continue influence the choices that families make, and we're adjusting to that reality so we can help them more.",0.5557013154029846
WMT_2023-Q2,WMT,2023-Q2,remarks,positive,"Powered by our Spark Driver platform, I'm excited about the growth I've seen so far and the expectations looking ahead.",0.5522310733795166
WMT_2023-Q2,WMT,2023-Q2,remarks,positive,"We expect to have about 5,000 pickup locations by year end and client satisfaction scores are strong.",0.9328051209449768
WMT_2023-Q2,WMT,2023-Q2,remarks,hedging,and then the reversion back to pre-pandemic norms has been sharp and difficult to predict.,-0.4995359778404236
WMT_2023-Q2,WMT,2023-Q2,remarks,hedging,Currency headwinds negatively affected reported sales results by about $1 billion.,-0.9601891040802002
WMT_2023-Q2,WMT,2023-Q2,remarks,positive,"We're taking additional pricing actions in Q3 to improve inventory levels in the back half of the year, and we built in more conservative category mix assumptions within our guidance.",0.9134354591369628
WMT_2023-Q2,WMT,2023-Q2,remarks,positive,Our sales and profit view reflects trends we've seen year to date as well as the uncertainty around inflation and consumer spending in the coming quarters.,0.2995446324348449
WMT_2023-Q2,WMT,2023-Q2,remarks,positive,"For Q3, we expect net sales growth of about 5%, including comp sales growth of about 3% for Walmart U.S. We're expecting operating income to decline 8% to 10% and adjusted EPS to decline 9% to 11%.",-0.9578620195388794
WMT_2023-Q2,WMT,2023-Q2,remarks,positive,"For fiscal year '23, we expect net sales growth of about 4.5%, including comp sales growth of about 4% for Walmart U.S. We expect adjusted operating income and EPS to decline 9% to 11%.",-0.959750235080719
WMT_2023-Q2,WMT,2023-Q2,qa,positive,"As it relates to our guidance in the back half of the year, the swings that we've seen in consumer behavior have been difficult to predict and the pace at which they've happened has been sharp.",-0.8680662512779236
WMT_2023-Q2,WMT,2023-Q2,qa,positive,And so our guidance for the back half really just assumes no change in what we're seeing in the second quarter in terms of mix changes in our business.,0.0280787721276283
WMT_2023-Q2,WMT,2023-Q2,qa,hedging,"Certainly, we've incurred some costs this year that are more, call it, onetime in nature related to the supply chain and higher inflation, but it's difficult to predict how long that will persist.",-0.5916672348976135
WMT_2023-Q2,WMT,2023-Q2,qa,positive,And so I think it's a huge opportunity for Walmart going forward.,0.7878950834274292
WMT_2023-Q2,WMT,2023-Q2,qa,positive,"And so when we updated our guidance at the end of last month, we had a similar expectation.",0.2056436687707901
WMT_2023-Q2,WMT,2023-Q2,qa,positive,And so that contributes to the better-than-expected performance relative to our guidance at the end of last month.,0.9289923310279846
WMT_2023-Q2,WMT,2023-Q2,qa,positive,"But as you can see in our guidance, we acknowledge reality.",0.1210529804229736
WMT_2023-Q3,WMT,2023-Q3,remarks,positive,"Looking ahead, we updated our outlook for the year on results from Q3.",0.1031841561198234
WMT_2023-Q3,WMT,2023-Q3,remarks,positive,We expect this progress to continue through the fourth quarter and that we'll end the year in even better shape.,0.931649386882782
WMT_2023-Q3,WMT,2023-Q3,remarks,positive,We believe this seamless integration will help both businesses scale even faster.,0.9290414452552797
WMT_2023-Q3,WMT,2023-Q3,remarks,positive,"And lastly, our guidance for the balance of the year.",0.0355084240436553
WMT_2023-Q3,WMT,2023-Q3,remarks,positive,And our board has just approved a new $20 billion share repurchase authorization that we expect to utilize over the next several years.,0.8496989011764526
WMT_2023-Q3,WMT,2023-Q3,remarks,positive,"However, we believe our strong price positioning is contributing to share gains as we attract value-seeking customers across the household income spectrum.",0.9364584684371948
WMT_2023-Q3,WMT,2023-Q3,remarks,hedging,Gross profit rate decreased 77 basis points due primarily to higher markdowns and product mix headwinds.,-0.958587646484375
WMT_2023-Q3,WMT,2023-Q3,remarks,hedging,"Walmart International delivered strong sales results, with sales up 13.3% in constant currency, despite continued macro headwinds.",0.9332952499389648
WMT_2023-Q3,WMT,2023-Q3,remarks,positive,"In this period of macroeconomic uncertainty, we believe that we are well equipped to continue gaining market share in an environment where consumers need to stretch their dollars further.",0.9266507625579834
WMT_2023-Q3,WMT,2023-Q3,remarks,positive,We will continue to advocate for customers and work with our supplier partners to maintain strong price gaps and deliver lower relative pricing versus competitors.,0.9260900020599364
WMT_2023-Q3,WMT,2023-Q3,remarks,positive,"With these considerations in mind, we're maintaining a balanced approach to our guidance, incorporating a cautious view on the consumer together with our confidence in our ability to execute.",0.4935984313488006
WMT_2023-Q3,WMT,2023-Q3,remarks,positive,"Despite a good start to Q4, our guidance assumes that the consumer could slow spending, especially in general merchandise categories, given persistent inflationary pressures in food and consumables.",-0.9429981112480164
WMT_2023-Q3,WMT,2023-Q3,remarks,positive,"Our guidance provides flexibility to compete in a promotional environment, accounts for pricing action to reduce remaining excess inventory, and anticipates ongoing mix pressure.",0.9003064036369324
WMT_2023-Q3,WMT,2023-Q3,remarks,positive,"For Q4, we expect net sales growth of about 3%, including comp sales growth of about 3% for Walmart U.S., with food and consumables growth continuing to outpace general merchandise.",0.934242069721222
WMT_2023-Q3,WMT,2023-Q3,remarks,positive,We expect year-over-year operating income within a range of a 1% increase to a 1% decrease.,0.5443872213363647
WMT_2023-Q3,WMT,2023-Q3,remarks,positive,"For the full year, incorporating the Q3 upside, we now expect net sales growth of about 5.5%, including comp sales growth of 5.5% for Walmart U.S. On an adjusted basis, we expect operating income to decline 6.5% to 7.5% and EPS to decline 6% to 7%.",-0.9595632553100586
WMT_2023-Q3,WMT,2023-Q3,remarks,hedging,"In addition, we've had significant currency headwinds this year.",-0.934549868106842
WMT_2023-Q3,WMT,2023-Q3,qa,positive,That number is getting down to the point where we probably won't be talking about that going forward because we always have some inventory we don't want even in a more normal circumstance.,-0.8611244559288025
WMT_2023-Q3,WMT,2023-Q3,qa,hedging,"First, I'd say that the core business is continuing to perform pretty well in the face of a difficult macroenvironment, but we do have headwinds next year, as we called out, both currency, as well as the LIFO charge.",-0.3110598623752594
WMT_2023-Q3,WMT,2023-Q3,qa,positive,"The count of items is up about 50%, which positions us well in categories like apparel as we look forward and also other strong categories like home.",0.9343332052230836
WMT_2023-Q3,WMT,2023-Q3,qa,positive,"On 3Q, I think there's a couple of things that stand out in terms of the performance relative to our guidance.",0.1492074429988861
WMT_2023-Q3,WMT,2023-Q3,qa,hedging,"A lot of people may come to us for Tide or come to us for bananas, but they may not buy a T-shirt or a sweater.",-0.0139137022197246
WMT_2023-Q3,WMT,2023-Q3,qa,positive,"So, you know, going forward, you're going to hear from us talk about this more and more as an omni offer, which is really flexible for the customer.",0.1678516864776611
WMT_2023-Q3,WMT,2023-Q3,qa,hedging,"Is that mean we should expect that 2023 is going to be a sub-algo year for Walmart of achieving 4% top-line growth and 4.5% operating income growth, and then you'll get that back in 2024 when some of those headwinds recede such that the combination of those two years should produce the algorithm?",0.6860381960868835
WMT_2023-Q3,WMT,2023-Q3,qa,hedging,"And, Michael, with the second part of that question, while I wasn't here when we first talked about the growth algorithm, I'm quite certain that the team did not contemplate the ability to know our LIFO change in that number or the FX headwinds.",0.0318843089044094
WMT_2023-Q3,WMT,2023-Q3,qa,positive,"You know, one of the things, Peter, that excites me the most about this business is the opportunity that we have going forward with a changing business model that is really reflective of where consumers -- because our patterns are shifting, too.",0.1878125816583633
WMT_2023-Q3,WMT,2023-Q3,qa,positive,"And with continued high prices, the consumer continuing to be pressured, we expect to have that mix effects -- effect prolonged into next year.",-0.1528011560440063
WMT_2023-Q3,WMT,2023-Q3,qa,positive,"So, I think we're positioned well to be able to navigate.",0.8111072778701782
XOM_2020-Q4,XOM,2020-Q4,remarks,positive,"With continuing weak margins, we expect further industry closures.",-0.9636002779006958
XOM_2020-Q4,XOM,2020-Q4,remarks,positive,We expect to realize the full earnings of these trading strategies when they close in the future.,0.7993070483207703
XOM_2020-Q4,XOM,2020-Q4,remarks,positive,"In the downstream, we anticipate higher scheduled maintenance and turnarounds to be offset by additional efficiencies.",0.915350377559662
XOM_2020-Q4,XOM,2020-Q4,remarks,positive,"In Chemical, we anticipate continued demand resilience across packaging, hygiene, and medical segments with continuing recovery in automotive and construction markets.",0.9257647395133972
XOM_2020-Q4,XOM,2020-Q4,remarks,positive,"Lastly, at current crude prices and downstream and chemical margins, we expect cash flow from operating activities to cover the dividend and our planned capex, which has flexibility to adjust depending on the business environment.",0.8321144580841064
XOM_2020-Q4,XOM,2020-Q4,remarks,positive,"Going forward, we're continuing to work to reduce cost by leveraging synergies from aligned organizations and work processes across the upstream, downstream and chemical.",0.852051854133606
XOM_2020-Q4,XOM,2020-Q4,remarks,positive,"This year, we expect to achieve a further $1 billion of structural efficiencies.",0.9301164150238036
XOM_2020-Q4,XOM,2020-Q4,remarks,positive,"The Brent price required for $16 billion, which is the low end of our guidance and closer to where I expect our actual spend to be in 2021, is $50 a barrel.",-0.0613905005156993
XOM_2020-Q4,XOM,2020-Q4,remarks,positive,"By 2025, we expect downstream and chemical margins to be off their lows and closer to a long-term average.",0.8882509469985962
XOM_2020-Q4,XOM,2020-Q4,remarks,hedging,"Recognizing the market uncertainty, we've attempted to strike the right balance between maintaining a strong dividend, fortifying the balance sheet to delever and continuing to invest in high-return cash-accretive projects.",0.8884111642837524
XOM_2020-Q4,XOM,2020-Q4,remarks,positive,"Using IHS crude price and third-party margins, we expect the cash flow from project start-ups over our investment horizon to represent roughly 40% of our operating cash flow in 2025.",0.8152158260345459
XOM_2020-Q4,XOM,2020-Q4,remarks,positive,"Going forward, with the pandemic-related impacts on our balance sheet and market outlook, we are pacing Permian investments to maintain positive free cash flow, deliver industry-leading capital efficiency and achieve double-digit returns at less than $35 a barrel.",0.9379344582557678
XOM_2020-Q4,XOM,2020-Q4,remarks,positive,I'll come back to our plans for this in a moment as we expect it to underpin our long-term strategy in driving emission reductions.,0.3218861818313598
XOM_2020-Q4,XOM,2020-Q4,remarks,positive,"As I said earlier, through 2025, we expect to invest more than $3 billion in lower emissions initiatives, which include energy-efficient process technology, advanced biofuels, hydrogen and carbon capture and storage, which is a crucial technology for achieving the goals outlined in the Paris Agreement.",0.581492006778717
XOM_2020-Q4,XOM,2020-Q4,remarks,positive,"We believe there's an opportunity to leverage our deep operating experience, history of process innovation, project execution skills, subsurface expertise and ability to scale technology to uniquely contribute in this area.",0.8910048604011536
XOM_2020-Q4,XOM,2020-Q4,remarks,positive,We look forward to sharing more information as this effort advances.,0.4420528709888458
XOM_2020-Q4,XOM,2020-Q4,qa,positive,"And so that's what I would tell you is the foundation of the plans that we've got and the improvement opportunities that we see going forward, independent of where the market takes us.",0.2352690696716308
XOM_2020-Q4,XOM,2020-Q4,qa,positive,It's one of the three capital allocation priorities and we think absolutely critical to underpin the business we've got going forward and to ride through the cycles that we face.,0.2934564352035522
XOM_2020-Q4,XOM,2020-Q4,qa,positive,But we continue to look in that space and it will be an active program going forward.,0.8149150609970093
XOM_2020-Q4,XOM,2020-Q4,qa,positive,"And as we leverage the new organization and reconfigured our plans in response to the pandemic and the consequences of that, we changed a lot of things and operating under a new set of constraints, obviously, drawing down our balance sheet to the point that we did require a different approach going forward.",-0.7823835611343384
XOM_2020-Q4,XOM,2020-Q4,qa,positive,"And frankly, as we put those plans together, we recognize that was a change from the past, in our past plans, and wanted to make sure that we effectively communicated that going forward.",0.2454991489648819
XOM_2020-Q4,XOM,2020-Q4,qa,positive,"As we come out of that, which is what we expected, our plan is to rebuild the balance sheet so that we can be in a position going forward to absorb what other shocks come in the future.",0.8715581297874451
XOM_2020-Q4,XOM,2020-Q4,qa,positive,"And I think longer term going forward -- which is one of the reasons why our 2022 through 2025 range and guidance is higher, is just a recognition that in a more steady-state environment, the spend needs to be higher to support kind of the growth and to underpin the capital allocation priorities we have.",0.825167715549469
XOM_2021-Q1,XOM,2021-Q1,remarks,positive,"After I cover the quarterly financial and operating results, Darren will provide his perspectives on the quarterly results and how we are positioned for 2021.",0.0363869592547416
XOM_2021-Q1,XOM,2021-Q1,remarks,hedging,The sale price of more than $1 billion is subject to closing adjustments and has potential upside of approximately $300 million in contingent payments based on commodity prices.,-0.2088754773139953
XOM_2021-Q1,XOM,2021-Q1,remarks,positive,We expect to realize the full-earnings impact of these trading strategies when they close in the future.,0.7195284962654114
XOM_2021-Q1,XOM,2021-Q1,remarks,positive,We expect lower volumes with seasonal gas demand and higher maintenance.,-0.9403318166732788
XOM_2021-Q1,XOM,2021-Q1,remarks,hedging,"The sale of the U.K. central and northern North Sea assets is expected to close near midyear, subject to regulatory and third-party approvals.",0.0522489845752716
XOM_2021-Q1,XOM,2021-Q1,remarks,positive,"In the downstream, we anticipate demand improvement in line with third-party forecasts, with Jet continuing to recover at a slower pace than gasoline and diesel.",0.9106072187423706
XOM_2021-Q1,XOM,2021-Q1,remarks,positive,"In chemical, we anticipate a tight supply and demand balance with ongoing industry maintenance impacting global supply, and we have higher planned turnarounds in the quarter.",-0.8720623254776001
XOM_2021-Q1,XOM,2021-Q1,remarks,positive,"Corporate and financing expenses are anticipated to be about $600 million, and we expect to further reduce debt if price and margins remain at current levels.",-0.4076852202415466
XOM_2021-Q1,XOM,2021-Q1,remarks,positive,"This time last year, I joined the call to discuss the challenges of COVID-19 and how we plan to respond.",0.2110761851072311
XOM_2021-Q1,XOM,2021-Q1,remarks,positive,"In total, we expect to achieve $6 billion of annual savings by 2023 versus 2019.",0.9253353476524352
XOM_2021-Q1,XOM,2021-Q1,remarks,positive,"It also facilitated the launch of our low carbon solutions business in the first quarter, a strategic business that we expect to grow with significant investments as we advance low-carbon technologies.",0.857069730758667
XOM_2021-Q1,XOM,2021-Q1,remarks,positive,"Investments are in line with our outlook for the year of $16 billion to $19 billion, and debt was reduced by over $4 billion.",-0.7889726758003235
XOM_2021-Q1,XOM,2021-Q1,remarks,positive,We expect to complete the project for about 25% less than the average cost of a Gulf Coast steam cracker.,0.4918485283851623
XOM_2021-Q1,XOM,2021-Q1,remarks,positive,"We are excited by the results of the significant work and strategic investments made since 2017 to reshape our portfolio into one of the most price competitive in the industry, generating strong returns in a variety of price environments.",0.9227405786514282
XOM_2021-Q1,XOM,2021-Q1,remarks,positive,We are committed to providing products to help customers reduce their emissions.,0.6928979754447937
XOM_2021-Q1,XOM,2021-Q1,remarks,positive,"We will continue to deliver industry-leading safety and reliability performance, meet our emission reduction plans, and help society transition to a lower-carbon future.",0.8930277824401855
XOM_2021-Q1,XOM,2021-Q1,qa,positive,"I think you're going to see things move with activity as you go through the year, but my expectation is the theme that you're seeing with these reductions will continue and we will -- we're on track to deliver the $6 billion by the end of 2023.",0.875392735004425
XOM_2021-Q1,XOM,2021-Q1,qa,positive,"So that's, obviously, going to be an important factor going forward.",0.1635248064994812
XOM_2021-Q1,XOM,2021-Q1,qa,positive,"So if you remember how we did that breakeven as we made some assumptions about the kind of low end of chemical and downstream margins and then average chemical margin and downstream margins going forward and recognizing that, you know, that wasn't necessarily forecasted, it was just one way to characterize it.",-0.0803037136793136
XOM_2021-Q1,XOM,2021-Q1,qa,hedging,And so that's kind of how we built and why the numbers that you see in the first quarter are lower than maybe what would be a ratable run rate is because we had anticipated a probably more challenging environment.,-0.682977020740509
XOM_2021-Q1,XOM,2021-Q1,qa,positive,And so that's the work that certainly we've been talking about for some time and the work that we've been investing in with respect to technologies to bring down the cost of the technologies that we believe will be required to achieve that.,0.1674539297819137
XOM_2021-Q1,XOM,2021-Q1,qa,hedging,"And the final point I'd make with respect to some of the new directors that we've brought on is, you know, thinking about a transition with all the uncertainties associated within the challenges, how to best allocate your capital in that space, and make sure that one, that you're moving the business in the direction consistent with some of those broader trends but doing in a way that protects shareholder value and generates returns.",0.1777778714895248
XOM_2021-Q1,XOM,2021-Q1,qa,positive,It also has the potential with time to basically be used in making hydrogen and that could play a role going forward as well.,0.3100157678127289
XOM_2021-Q2,XOM,2021-Q2,remarks,positive,"As the energy system evolves with society's needs, we look forward to continuing our role as a leader, helping lead society through the transition leveraging the deep thinking and analytical rigor of our 20,000 scientists and engineers and the hard work of all of our people.",0.7745124697685242
XOM_2021-Q2,XOM,2021-Q2,remarks,positive,We look forward to the depth of experience and perspectives she'll bring.,0.358957976102829
XOM_2021-Q2,XOM,2021-Q2,remarks,positive,We expect to realize the full earnings benefit of these trading strategies when they close in the future.,0.9069921374320984
XOM_2021-Q2,XOM,2021-Q2,remarks,positive,"Next quarter, we expect lower levels of planned maintenance.",-0.7636491656303406
XOM_2021-Q2,XOM,2021-Q2,remarks,positive,"In the upstream, we expect higher volumes with lower planned maintenance.",0.8480945825576782
XOM_2021-Q2,XOM,2021-Q2,remarks,hedging,"The sale of the U.K. Central and Northern North Sea assets is now expected to close by the end of the year, subject to regulatory and third-party approvals.",-0.0163473933935165
XOM_2021-Q2,XOM,2021-Q2,remarks,positive,"In the downstream, we anticipate demand improvement with continued economic recovery, lower turnarounds and maintenance are planned for the quarter.",0.924853265285492
XOM_2021-Q2,XOM,2021-Q2,remarks,positive,"In chemical, we anticipate some easing and the tight supply demand balance as industry downtime improves and additional capacity comes online.",0.8558600544929504
XOM_2021-Q2,XOM,2021-Q2,remarks,positive,"Corporate and financing expenses are expected to be about $600 million, and we anticipate further debt reductions if prices and margins remain at current levels.",-0.9002566933631897
XOM_2021-Q2,XOM,2021-Q2,remarks,positive,"Looking ahead, although we anticipate lengthening of supply and rising feed across the regions, our outlook is for chemical margins to remain strong in the coming months.",0.9255982637405396
XOM_2021-Q2,XOM,2021-Q2,remarks,positive,Our focus going forward remains on advancing a number of major chemical and also downstream projects that will further strengthen our integrated manufacturing platforms and upgrade our product mix to meet a range of future demand scenarios.,0.921807825565338
XOM_2021-Q2,XOM,2021-Q2,remarks,positive,This capability continues to be an enduring competitive advantage and will only increase in importance going forward.,0.9169098138809204
XOM_2021-Q2,XOM,2021-Q2,remarks,positive,"We expect to grow production a further 40,000 oil equivalent barrels per day in the third quarter.",0.9234943389892578
XOM_2021-Q2,XOM,2021-Q2,remarks,positive,"We believe that the depth and breadth of our operating experience, history of process innovation, project execution, subsurface expertise and ability to scale technology gives us a competitive advantage in what is expected to be a fast-growing market for Low Carbon Solutions.",0.9181421399116516
XOM_2021-Q2,XOM,2021-Q2,remarks,positive,"Next year, we anticipate final investment decisions for a large CCS expansion at our LaBarge facility in Wyoming and a new carbon capture technology pilot associated with the Porthos project in Rotterdam.",0.7025458812713623
XOM_2021-Q2,XOM,2021-Q2,qa,positive,We'll be talking about that and the investments that we're planning going forward.,0.0631386935710907
XOM_2021-Q2,XOM,2021-Q2,qa,positive,"So I think that integration, we view as a real strength going forward.",0.7423297166824341
XOM_2021-Q2,XOM,2021-Q2,qa,positive,"So as we look going forward the Permian, we're going to be looking at making sure we hold on to those efficiencies that we've captured, making sure that we -- those are sustainable.",0.5060991644859314
XOM_2021-Q2,XOM,2021-Q2,qa,positive,My expectation was as the board goes through its deliberations as our organization develop plans and options that you're going to see more of a continuum in the discussion and the evolution of those plans going forward.,0.1050873771309852
XOM_2021-Q2,XOM,2021-Q2,qa,positive,"And the work that we are doing in technology to advance what we believe we're going to be important solutions to address transition -- the transition, that hasn't changed.",0.2343426197767257
XOM_2021-Q2,XOM,2021-Q2,qa,positive,"And so with respect to that, of course, you heard, we think we've got a good plan on our investments and the range that we'll be investing going forward.",0.599537193775177
XOM_2021-Q2,XOM,2021-Q2,qa,positive,"And the other advantage those have -- when you think about all our investments going forward, these investments are focused on generating those performance products, and they're not more capital intensive.",0.0937533676624298
XOM_2021-Q2,XOM,2021-Q2,qa,positive,"So it's a key part of our strategy going forward, and we're just continuing to double down on that in terms of technology improvements and growing those products preferential to the rest of our chemical portfolio.",0.6196319460868835
XOM_2021-Q3,XOM,2021-Q3,remarks,positive,We expect to conclude the call at 9:30 a.m. Central Time.,0.0041282270103693
XOM_2021-Q3,XOM,2021-Q3,remarks,positive,We expect to deliver more than $6 billion in structural savings by 2023.,0.917380154132843
XOM_2021-Q3,XOM,2021-Q3,remarks,positive,We expect to keep our capital spend within the previously communicated range of 20 to $25 billion.,0.770037055015564
XOM_2021-Q3,XOM,2021-Q3,remarks,positive,"Over the changes we've made to our businesses, our new project organization and improved use of technology, we expect to deliver the same growth in earnings and cash flow as our pre-pandemic plans, offsetting the pandemic-induced delays.",0.9392455220222472
XOM_2021-Q3,XOM,2021-Q3,remarks,positive,"By year-end, we expect to be well within the debt-to-capital range of 20 to 25%.",0.8776131868362427
XOM_2021-Q3,XOM,2021-Q3,remarks,positive,We look forward to sharing more details with you later this year and into the first quarter of next year.,0.1149383932352066
XOM_2021-Q3,XOM,2021-Q3,qa,positive,"And you've now come out with this updated low carbon, I guess, investment strategy going forward.",0.1008878350257873
XOM_2021-Q3,XOM,2021-Q3,qa,positive,"And what we're focused on there was how do we find these investment opportunities to help drive lower emissions going forward, but do that in a way that's accretive to the shareholders and one that distinguishes us from the rest of the industry.",0.2701462805271148
XOM_2021-Q3,XOM,2021-Q3,qa,positive,"How should we expect your stamp to be on that shareholder return, dividend policy, and so on going forward?",0.0489599741995334
XOM_2021-Q3,XOM,2021-Q3,qa,positive,"But the work that we've been doing and what I've referenced here so far on the call with respect to the opex reductions that we are seeing, and the opportunity frankly that we see going forward, and the capital productivity that we are now demonstrating.",0.3923937082290649
XOM_2021-Q3,XOM,2021-Q3,qa,positive,"And we've built some plans with some pretty wide ranges and were robust to some very low price environments going forward, that won't compromise the capital allocation balance that we've talked about.",0.5481255650520325
XOM_2021-Q3,XOM,2021-Q3,qa,positive,"And we've talked about the fact that as we look at the fourth quarter, we expect to move into a more comfortable zone within that range and further reduce debt in the fourth quarter.",0.9152382016181946
XOM_2021-Q3,XOM,2021-Q3,qa,positive,"And so the work that we did last year and working with our partners allowed us to give them some certainty around work and opportunities going forward, and we're able to lock in some of market factors at that point in time.",0.8335208296775818
XOM_2021-Q3,XOM,2021-Q3,qa,positive,"So a, I would start with by taking a step back and saying we expect double-digit returns across all of our business, and we don't look at this business really any differently.",0.0596001483500003
XOM_2021-Q3,XOM,2021-Q3,qa,hedging,"We give ourselves a little bit of space, recognizing that things are going to move around, very difficult to predict some of the scheduling movement around there.",-0.0094568058848381
XOM_2021-Q3,XOM,2021-Q3,qa,positive,"Which is what we have been driving the organization to do, because we believe ultimately, that underpins the growing TSR, total shareholder return.",0.6073560118675232
XOM_2021-Q4,XOM,2021-Q4,remarks,positive,We expect to conclude the call at 9:30 a.m. Central Time.,0.0041282270103693
XOM_2021-Q4,XOM,2021-Q4,remarks,positive,"In emission reductions, we expect to meet our 2025 reduction plans four years early.",0.726238489151001
XOM_2021-Q4,XOM,2021-Q4,remarks,positive,"Capex was $16.6 billion for the year, which was near the low end of our guidance.",-0.8874925374984741
XOM_2021-Q4,XOM,2021-Q4,remarks,positive,"Now, looking ahead to this year.",0.0793904364109039
XOM_2021-Q4,XOM,2021-Q4,remarks,positive,"In that business, we expect to reach final investment decisions on large-scale carbon capture and storage projects at La Barge, Wyoming, and Rotterdam in the Netherlands.",0.7414301633834839
XOM_2021-Q4,XOM,2021-Q4,remarks,positive,"And finally, we expect to further strengthen our balance sheet and progress our share repurchase program while continuing to retain capital flexibility and optionality to adapt to market conditions and opportunities.",0.9312705397605896
XOM_2021-Q4,XOM,2021-Q4,qa,positive,We will continue to evaluate the program and the pace throughout the year.,0.2154274582862854
XOM_2021-Q4,XOM,2021-Q4,qa,positive,"We expect, as I said this morning earlier, kind of around $2 billion again in 2022 and another $2 billion in 2023, so more than exceeding the level that we thought about and talked about last year.",0.8634101748466492
XOM_2021-Q4,XOM,2021-Q4,qa,positive,"Obviously, as we see the improved overall results at the company, that naturally is starting to impact both of those metrics, which we'll consider -- you know, continue to be considered as the board looks to make decisions going forward.",0.4410398006439209
XOM_2021-Q4,XOM,2021-Q4,qa,positive,"We're bringing the maintenance activities and thinking about the above-site maintenance, how you -- what are the price processes, how do you go about that into that same type of approach, leveraging the best of the corporation, which we expect to see significant improvements in our maintenance and turnaround spend.",0.3365015983581543
XOM_2021-Q4,XOM,2021-Q4,qa,positive,And that -- so the savings that we see going forward are really the result of a lot of different things being applied across a huge scale of our operations to significantly reduce cost.,0.3757983148097992
XOM_2021-Q4,XOM,2021-Q4,qa,positive,We are committed to helping society make that reduction.,0.4956499934196472
XOM_2021-Q4,XOM,2021-Q4,qa,positive,"Whereas, today, I think people recognize the importance they're going to play going forward.",0.1678596138954162
XOM_2021-Q4,XOM,2021-Q4,qa,positive,We expect to be 25% up from 2021.,0.9344065189361572
XOM_2021-Q4,XOM,2021-Q4,qa,positive,"And so, we're going to see, we believe, the same opportunity within the downstream in the chemical portfolio.",0.7693904638290405
XOM_2021-Q4,XOM,2021-Q4,qa,positive,"I'd say, as we look forward in the near term, just the next few years out, we don't really see our U.S. cash kind of tax position changing.",0.0359041765332222
XOM_2022-Q1,XOM,2022-Q1,remarks,positive,We expect to conclude the call by about 9:30 a.m. Central Time.,0.0018059089779853
XOM_2022-Q1,XOM,2022-Q1,remarks,positive,We anticipate the facility will have the capacity to produce up to 1 billion cubic feet of hydrogen per day.,0.6065487861633301
XOM_2022-Q1,XOM,2022-Q1,remarks,positive,We said during our corporate plan update in December that we expect to repurchase $10 billion of our shares.,0.1028858125209808
XOM_2022-Q1,XOM,2022-Q1,remarks,positive,We anticipate an absence of these impacts and strong refining margins will position us very well in the second quarter.,0.927352488040924
XOM_2022-Q1,XOM,2022-Q1,remarks,positive,"One last piece of housekeeping I wanted to mention is that ahead of the segment reporting change next quarter, we plan to provide you annual and quarterly information for the past five years using the new reporting segments to assist you with your modeling.",0.0400291830301284
XOM_2022-Q1,XOM,2022-Q1,remarks,positive,We plan to post the new data on our website around mid-June. [,0.0076892916113138
XOM_2022-Q1,XOM,2022-Q1,qa,positive,"And that's a very important part of our strategy in LNG going forward, is making sure that we've got barrels that we can then move and trade in the marketplace and move across the different regional demand centers.",0.2210388481616974
XOM_2022-Q1,XOM,2022-Q1,qa,positive,"And we'd say that's consistent across our business, but we definitely are looking to play into that going forward.",0.699688732624054
XOM_2022-Q1,XOM,2022-Q1,qa,positive,"And then some of the timing impacts we expect to see unwind, maybe I'll let Kathy just touch on those.",0.0313628800213336
XOM_2022-Q1,XOM,2022-Q1,qa,positive,"I think you touched on, I think, a really important part of our strategy as we look at going forward not only in the plastics and plastics recycling but also in biofuels.",0.3810452222824096
XOM_2022-Q1,XOM,2022-Q1,qa,positive,"And given where the markets are at today and the level of inventories around the world, our expectation is we're not going to see the same level of demand change quarter on quarter, and we tried to indicate that in our outlook to suggest that we will see the same level of seasonality going forward.",0.3057366907596588
XOM_2022-Q1,XOM,2022-Q1,qa,hedging,And what percent is going to be subject to the inflation factor?,-0.0236677229404449
XOM_2022-Q1,XOM,2022-Q1,qa,positive,"To start on the back end of your question, you're right, train one is -- we expect to start up in 2024 and then the remaining trains in 2025.",0.038124643266201
XOM_2022-Q2,XOM,2022-Q2,remarks,positive,"For the full year, in the Permian, we expect to achieve 25% production growth for the second consecutive year.",0.9352340698242188
XOM_2022-Q2,XOM,2022-Q2,remarks,positive,The project remains on track to achieve the first LNG cargo later this year.,0.7527755498886108
XOM_2022-Q2,XOM,2022-Q2,remarks,hedging,"The other two are anticipated to close later this year, subject to regulatory approvals.",0.0980858355760574
XOM_2022-Q2,XOM,2022-Q2,remarks,positive,We expect that these two will pay off in the years ahead for our shareholders and for our environment.,0.9155493974685668
XOM_2022-Q2,XOM,2022-Q2,remarks,positive,We remain on track to achieve more than $9 billion in savings by 2023.,0.903519332408905
XOM_2022-Q2,XOM,2022-Q2,remarks,positive,We will continue to ask analysts on the call to limit themselves to a single question so we can fit in questions from more people.,0.0372521728277206
XOM_2022-Q2,XOM,2022-Q2,qa,positive,"And so, I think going forward and what we're seeing happening today is a, what I'd say, is a broader net being cast with respect to how we think about the transition and how that evolves.",0.0738842338323593
XOM_2022-Q2,XOM,2022-Q2,qa,positive,"And we talked last quarter about the fact that we expect it to build our cash balance to between $20 billion to $30 billion, which gives us both a strong balance sheet and a strong cash balance, which we view as a competitive advantage that provides us flexibility through the cycle.",0.9318198561668396
XOM_2022-Q2,XOM,2022-Q2,qa,positive,"Is this how we should think about your European gas production going forward that for obvious reasons, it's more of a flat line.",-0.0458545163273811
XOM_2022-Q2,XOM,2022-Q2,qa,positive,"And so, I think going forward, obviously, a big question mark will be how the whole landscape and supply picture shapes up in Europe.",0.1460411250591278
XOM_2022-Q2,XOM,2022-Q2,qa,positive,"But when we think about the balances of buybacks, dividend policy and so on, is your objective to reduce that absolute dividend burden to help us kind of calibrate what that might look like going forward?",0.1420211493968963
XOM_2022-Q2,XOM,2022-Q2,qa,positive,"And as we saw on the package, if you look at our tight oil production in the U.S. versus 2017, we expect to end 2022 at three times the level of production.",0.1656405627727508
XOM_2022-Q2,XOM,2022-Q2,qa,positive,"And then, we've got other large projects that where we anticipate incentives coming in either through the market or through policy that we started the planning and development on so that as that policy develops, we'll have a project radian moving into execution.",0.1528213173151016
XOM_2022-Q2,XOM,2022-Q2,qa,positive,"So I'd say really positive vectors in this space, and we feel good about how we're positioned.",0.7293918132781982
XOM_2022-Q2,XOM,2022-Q2,qa,positive,"Well, I would say, Rog, you've got to put what we're doing today and what we've got plan going forward in the context of what we've been doing over the last five years.",0.0543541312217712
XOM_2022-Q2,XOM,2022-Q2,qa,hedging,I know you've had some headwinds in 2Q from both a margin and a volume perspective.,-0.8624594211578369
XOM_2022-Q2,XOM,2022-Q2,qa,positive,"The only thing I would add is, as we look forward, there are more supply coming on in chemicals specifically.",0.3053185641765594
XOM_2022-Q2,XOM,2022-Q2,qa,positive,"And so, I would say that's one constraint that's going to require technical advances to make it more affordable going forward.",0.3463977575302124
XOM_2022-Q3,XOM,2022-Q3,remarks,positive,We continue to expect total upstream production of 3.7 million oil equivalent barrels per day for the year.,0.303904116153717
XOM_2022-Q3,XOM,2022-Q3,remarks,positive,"Looking longer term, we remain on track to grow low-cost production and meet our 2027 plan, with more than 90% of our upstream investments, generating over 10% returns at $35 per barrel.",0.9271357655525208
XOM_2022-Q3,XOM,2022-Q3,remarks,positive,We look forward to sharing more about our progress in developing attractive low-carbon solutions business in December as part of our corporate plan discussions.,0.6076765060424805
XOM_2022-Q3,XOM,2022-Q3,remarks,positive,We expect to publish it online in mid-December.,0.0194341838359832
XOM_2022-Q3,XOM,2022-Q3,remarks,positive,"Please note that we will continue to ask analysts on the call to limit themselves to a single question as a courtesy to the others, so that we can take more questions from our people.",0.0557461082935333
XOM_2022-Q3,XOM,2022-Q3,qa,positive,And so we expect to see benefits out of those areas.,0.927645981311798
XOM_2022-Q3,XOM,2022-Q3,qa,positive,We are on track to get $15 billion of that program done by the end of the year.,0.5235938429832458
XOM_2022-Q3,XOM,2022-Q3,qa,positive,And we will continue conversations with our board about the share repurchase program.,0.2059476822614669
XOM_2022-Q3,XOM,2022-Q3,qa,positive,"For me, personally, for the company, what I would say is I feel like we're well positioned.",0.3624941110610962
XOM_2022-Q3,XOM,2022-Q3,qa,positive,"And if you look more broadly, we expect basically to meet the objectives that we talked about at the beginning of the year on overall production.",0.869430661201477
XOM_2022-Q3,XOM,2022-Q3,qa,positive,"Do you think going forward, in the 8-K, you would expect to be closer to that industry margin?",0.2886845171451568
XOM_2022-Q3,XOM,2022-Q3,qa,positive,Our plans going forward are still very consistent with those ranges.,0.4943795204162597
XOM_2022-Q3,XOM,2022-Q3,qa,positive,So just curious that how we see the company having a somewhat changing the trading strategy going forward?,0.1225231662392616
XOM_2022-Q3,XOM,2022-Q3,qa,positive,"And then the only thing I would add to that is we are trying to also tell you that there's some impacts that over time, we expect to be neutral.",0.0725377053022384
XOM_2022-Q3,XOM,2022-Q3,qa,hedging,"I mean, obviously, we're subject to the same broad market forces that everyone is seeing out there.",0.0830605924129486
XOM_2022-Q3,XOM,2022-Q3,qa,positive,"And so try to enter into contracts that reflected that longer term objective, and that has helped manage some of the inflationary impacts and that we kind of set some contracts back in the downturn with a commitment to continue to spend money going forward.",0.8742256760597229
XOM_2022-Q4,XOM,2022-Q4,remarks,positive,Capex was in line with our guidance.,0.2839621901512146
XOM_2022-Q4,XOM,2022-Q4,remarks,positive,Our latest Sustainability Report describes the 14 focus areas where we believe our company can have the most impact.,0.1790951043367386
XOM_2022-Q4,XOM,2022-Q4,remarks,positive,"We believe our life cycle approach for companies is more aligned with the principles of ESG, better reflects a company's efforts to reduce society's emissions, and avoid the negative consequences of a company-specific Scope 3 target.",0.6744896173477173
XOM_2022-Q4,XOM,2022-Q4,remarks,positive,"Separately, we've updated our outlook for energy, which is our latest view of energy supply and demand through 2050.",0.0770772695541381
XOM_2022-Q4,XOM,2022-Q4,remarks,positive,"In addition to assessing trends in economic development, technology advances and consumer behavior, our outlook seeks to identify potential impacts of climate-related government policies, which often targets specific sectors.",0.0593532770872116
XOM_2022-Q4,XOM,2022-Q4,remarks,positive,"We expect to deliver another $2 billion in structural cost reductions, meeting our target of $9 billion in savings versus 2019.",0.9125086069107056
XOM_2022-Q4,XOM,2022-Q4,remarks,positive,We anticipate 2023 capital and exploration expenses of $23 billion to $25 billion.,0.0717912018299102
XOM_2022-Q4,XOM,2022-Q4,qa,positive,"If you look at the pause that we had to take due to the pandemic, we basically offset any of those costs to maintain the same level of productivity of the spend going forward.",0.6704133152961731
XOM_2022-Q4,XOM,2022-Q4,qa,positive,"And when we talked about our corporate plan in December, we said we expect it to be at about 23 billion to 25 billion in 2023 and that we expect to see a little bit of an increase year over year in part because Payara has been pulled forward.",0.9071259498596193
XOM_2022-Q4,XOM,2022-Q4,qa,positive,"We've got our Baytown, Vistamaxx, and LAO projects, which we anticipate coming on here middle of this year.",0.359989732503891
XOM_2022-Q4,XOM,2022-Q4,qa,positive,"So, I think we're well positioned there.",0.7600366473197937
XOM_2022-Q4,XOM,2022-Q4,qa,positive,I feel pretty good about how we're positioned there as well.,0.7499162554740906
XOM_2022-Q4,XOM,2022-Q4,qa,positive,We anticipate bringing Payara in ahead of schedule.,0.1773046106100082
